intervention,concept,surface,piece_index,token_id,piece,decode_step,probability,rank
baseline,push,push,0,10766,▁push,0,1.8440816518250358e-07,18519
baseline,push,push,0,10766,▁push,1,1.9093362425337546e-05,4940
baseline,push,push,0,10766,▁push,2,6.545137694047298e-06,5839
baseline,push,push,0,10766,▁push,3,7.109919806680409e-06,6832
baseline,push,push,0,10766,▁push,4,2.6524425265961327e-05,1573
baseline,push,push,0,10766,▁push,5,7.318296411540359e-05,1715
baseline,push,push,0,10766,▁push,6,5.031420187151525e-06,4042
baseline,push,push,0,10766,▁push,7,1.1181869922438636e-05,4939
baseline,push,push,0,10766,▁push,8,3.131909397779964e-05,1688
baseline,push,push,0,10766,▁push,9,5.534390584216453e-05,882
baseline,push,push,0,10766,▁push,10,1.741748747008387e-05,1839
baseline,push,push,0,10766,▁push,11,8.177808922482654e-05,976
baseline,push,push,0,10766,▁push,12,0.00010853150160983205,1285
baseline,push,push,0,10766,▁push,13,2.9390079362201504e-05,2151
baseline,push,push,0,10766,▁push,14,2.9536150236708636e-07,2083
baseline,push,push,0,10766,▁push,15,0.00011387030099285766,943
baseline,push,push,0,10766,▁push,16,5.367435278458288e-06,2650
baseline,push,push,0,10766,▁push,17,5.297138159221504e-06,3761
baseline,push,push,0,10766,▁push,18,6.0639515140792355e-05,1345
baseline,push,push,0,10766,▁push,19,7.850358997529838e-06,3176
baseline,push,push,0,10766,▁push,20,4.919348612020258e-06,5719
baseline,push,push,0,10766,▁push,21,1.247671571036335e-05,4148
baseline,push,push,0,10766,▁push,22,3.5663122162077343e-06,4551
baseline,push,push,0,10766,▁push,23,4.722571247839369e-06,4044
baseline,push,pushes,0,26,▁p,0,4.391473703435622e-05,1565
baseline,push,pushes,0,26,▁p,1,0.0015710939187556505,78
baseline,push,pushes,0,26,▁p,2,0.0002411588211543858,420
baseline,push,pushes,0,26,▁p,3,0.0002694062131922692,510
baseline,push,pushes,0,26,▁p,4,0.00046263591502793133,173
baseline,push,pushes,0,26,▁p,5,0.007476075552403927,11
baseline,push,pushes,0,26,▁p,6,0.002010281663388014,38
baseline,push,pushes,0,26,▁p,7,0.003916435409337282,37
baseline,push,pushes,0,26,▁p,8,0.005693385377526283,23
baseline,push,pushes,0,26,▁p,9,0.0009288800647482276,87
baseline,push,pushes,0,26,▁p,10,0.0015683829551562667,71
baseline,push,pushes,0,26,▁p,11,0.0009351641638204455,156
baseline,push,pushes,0,26,▁p,12,0.0026698405854403973,41
baseline,push,pushes,0,26,▁p,13,0.003242989769205451,28
baseline,push,pushes,0,26,▁p,14,1.47987911987002e-05,55
baseline,push,pushes,0,26,▁p,15,0.003153170458972454,23
baseline,push,pushes,0,26,▁p,16,0.0007233275682665408,65
baseline,push,pushes,0,26,▁p,17,0.0010725442552939057,45
baseline,push,pushes,0,26,▁p,18,0.004151227418333292,20
baseline,push,pushes,0,26,▁p,19,0.0017408108105883002,68
baseline,push,pushes,0,26,▁p,20,0.003661779221147299,15
baseline,push,pushes,0,26,▁p,21,0.006505098193883896,15
baseline,push,pushes,0,26,▁p,22,0.0005079116090200841,126
baseline,push,pushes,0,26,▁p,23,0.0014723812928423285,50
baseline,push,pushes,1,74,us,0,3.2220498269452946e-06,5217
baseline,push,pushes,1,74,us,1,1.7314465367235243e-05,5188
baseline,push,pushes,1,74,us,2,2.45840783463791e-05,2629
baseline,push,pushes,1,74,us,3,0.0015366165898740292,80
baseline,push,pushes,1,74,us,4,6.706857220706297e-07,11351
baseline,push,pushes,1,74,us,5,8.147727203322574e-05,1617
baseline,push,pushes,1,74,us,6,9.234855497197714e-06,2819
baseline,push,pushes,1,74,us,7,4.7772773541510105e-06,7565
baseline,push,pushes,1,74,us,8,1.5631108908564784e-05,2580
baseline,push,pushes,1,74,us,9,2.3303086891246494e-06,6593
baseline,push,pushes,1,74,us,10,2.254929825085128e-07,16787
baseline,push,pushes,1,74,us,11,1.2427510682755383e-06,7839
baseline,push,pushes,1,74,us,12,8.324098598677665e-05,1531
baseline,push,pushes,1,74,us,13,3.4371758374618366e-05,1955
baseline,push,pushes,1,74,us,14,1.4576520435127804e-08,12487
baseline,push,pushes,1,74,us,15,2.5042363631655462e-05,2769
baseline,push,pushes,1,74,us,16,3.7821498608536785e-06,3342
baseline,push,pushes,1,74,us,17,2.0780084923899267e-06,6082
baseline,push,pushes,1,74,us,18,6.290913006523624e-06,5039
baseline,push,pushes,1,74,us,19,1.3672832210431807e-05,2281
baseline,push,pushes,1,74,us,20,1.674876330071129e-05,3026
baseline,push,pushes,1,74,us,21,1.8558861484052613e-05,3335
baseline,push,pushes,1,74,us,22,3.282219768152572e-05,1003
baseline,push,pushes,1,74,us,23,2.950004727608757e-06,5318
baseline,push,pushes,2,994,hes,0,2.2912986707979144e-07,16990
baseline,push,pushes,2,994,hes,1,3.0948210678616306e-06,10567
baseline,push,pushes,2,994,hes,2,2.988774951973028e-07,20770
baseline,push,pushes,2,994,hes,3,1.1226115020690486e-05,5251
baseline,push,pushes,2,994,hes,4,1.1837814781756606e-06,8622
baseline,push,pushes,2,994,hes,5,1.0815818285436762e-07,25784
baseline,push,pushes,2,994,hes,6,1.2197026535432087e-06,8637
baseline,push,pushes,2,994,hes,7,5.072459998700651e-07,19180
baseline,push,pushes,2,994,hes,8,5.805823093396612e-07,13598
baseline,push,pushes,2,994,hes,9,1.0723892955866177e-06,9688
baseline,push,pushes,2,994,hes,10,1.9500073733524914e-07,17716
baseline,push,pushes,2,994,hes,11,2.956724756586482e-06,5274
baseline,push,pushes,2,994,hes,12,3.2614224210192333e-07,19204
baseline,push,pushes,2,994,hes,13,5.391786999098258e-07,17717
baseline,push,pushes,2,994,hes,14,1.1133334254509464e-08,14097
baseline,push,pushes,2,994,hes,15,7.863347491365857e-06,5091
baseline,push,pushes,2,994,hes,16,1.9517836335580796e-05,1100
baseline,push,pushes,2,994,hes,17,7.971524382810458e-07,9284
baseline,push,pushes,2,994,hes,18,1.0368198672949802e-06,10956
baseline,push,pushes,2,994,hes,19,1.2684654393524397e-05,2383
baseline,push,pushes,2,994,hes,20,3.3930673453141935e-06,6762
baseline,push,pushes,2,994,hes,21,2.2628757960774237e-06,8992
baseline,push,pushes,2,994,hes,22,1.7398237162069563e-07,20011
baseline,push,pushes,2,994,hes,23,5.447989614992821e-09,30510
baseline,push,pushed,0,17595,▁pushed,0,4.053203497278446e-07,13180
baseline,push,pushed,0,17595,▁pushed,1,2.5173653739329893e-06,11440
baseline,push,pushed,0,17595,▁pushed,2,2.496238812454976e-05,2605
baseline,push,pushed,0,17595,▁pushed,3,1.8194208678323776e-05,3892
baseline,push,pushed,0,17595,▁pushed,4,5.1123122830176726e-05,1020
baseline,push,pushed,0,17595,▁pushed,5,2.236811951661366e-06,8969
baseline,push,pushed,0,17595,▁pushed,6,3.1036340715218103e-06,5269
baseline,push,pushed,0,17595,▁pushed,7,3.1794043025001884e-06,9173
baseline,push,pushed,0,17595,▁pushed,8,1.1352326509950217e-05,3092
baseline,push,pushed,0,17595,▁pushed,9,2.1590127289528027e-05,1752
baseline,push,pushed,0,17595,▁pushed,10,0.00013029709225520492,499
baseline,push,pushed,0,17595,▁pushed,11,0.0002657097647897899,438
baseline,push,pushed,0,17595,▁pushed,12,4.373767296783626e-06,6043
baseline,push,pushed,0,17595,▁pushed,13,1.3650461369252298e-05,3419
baseline,push,pushed,0,17595,▁pushed,14,2.468256923293666e-07,2364
baseline,push,pushed,0,17595,▁pushed,15,9.846090506471228e-06,4561
baseline,push,pushed,0,17595,▁pushed,16,6.17536488789483e-06,2391
baseline,push,pushed,0,17595,▁pushed,17,1.1973296523137833e-06,7765
baseline,push,pushed,0,17595,▁pushed,18,2.0753086573677137e-06,8238
baseline,push,pushed,0,17595,▁pushed,19,8.611915291112382e-06,3001
baseline,push,pushed,0,17595,▁pushed,20,1.0123787888005609e-06,11421
baseline,push,pushed,0,17595,▁pushed,21,9.778028697837726e-07,12757
baseline,push,pushed,0,17595,▁pushed,22,9.185976523440331e-06,2393
baseline,push,pushed,0,17595,▁pushed,23,1.216116470459383e-05,2272
baseline,push,pushing,0,10766,▁push,0,1.8440816518250358e-07,18519
baseline,push,pushing,0,10766,▁push,1,1.9093362425337546e-05,4940
baseline,push,pushing,0,10766,▁push,2,6.545137694047298e-06,5839
baseline,push,pushing,0,10766,▁push,3,7.109919806680409e-06,6832
baseline,push,pushing,0,10766,▁push,4,2.6524425265961327e-05,1573
baseline,push,pushing,0,10766,▁push,5,7.318296411540359e-05,1715
baseline,push,pushing,0,10766,▁push,6,5.031420187151525e-06,4042
baseline,push,pushing,0,10766,▁push,7,1.1181869922438636e-05,4939
baseline,push,pushing,0,10766,▁push,8,3.131909397779964e-05,1688
baseline,push,pushing,0,10766,▁push,9,5.534390584216453e-05,882
baseline,push,pushing,0,10766,▁push,10,1.741748747008387e-05,1839
baseline,push,pushing,0,10766,▁push,11,8.177808922482654e-05,976
baseline,push,pushing,0,10766,▁push,12,0.00010853150160983205,1285
baseline,push,pushing,0,10766,▁push,13,2.9390079362201504e-05,2151
baseline,push,pushing,0,10766,▁push,14,2.9536150236708636e-07,2083
baseline,push,pushing,0,10766,▁push,15,0.00011387030099285766,943
baseline,push,pushing,0,10766,▁push,16,5.367435278458288e-06,2650
baseline,push,pushing,0,10766,▁push,17,5.297138159221504e-06,3761
baseline,push,pushing,0,10766,▁push,18,6.0639515140792355e-05,1345
baseline,push,pushing,0,10766,▁push,19,7.850358997529838e-06,3176
baseline,push,pushing,0,10766,▁push,20,4.919348612020258e-06,5719
baseline,push,pushing,0,10766,▁push,21,1.247671571036335e-05,4148
baseline,push,pushing,0,10766,▁push,22,3.5663122162077343e-06,4551
baseline,push,pushing,0,10766,▁push,23,4.722571247839369e-06,4044
baseline,push,pushing,1,30,ing,0,2.558192591095576e-06,5708
baseline,push,pushing,1,30,ing,1,9.12121493001905e-07,16908
baseline,push,pushing,1,30,ing,2,0.011203868314623833,12
baseline,push,pushing,1,30,ing,3,3.950023165089078e-05,2322
baseline,push,pushing,1,30,ing,4,5.549444267671788e-06,3967
baseline,push,pushing,1,30,ing,5,8.174317372322548e-06,4968
baseline,push,pushing,1,30,ing,6,0.00023618637351319194,247
baseline,push,pushing,1,30,ing,7,1.550054548715707e-05,4074
baseline,push,pushing,1,30,ing,8,5.6145301641663536e-05,1140
baseline,push,pushing,1,30,ing,9,4.145495768170804e-05,1076
baseline,push,pushing,1,30,ing,10,4.606463789968984e-06,3989
baseline,push,pushing,1,30,ing,11,1.1074534995714203e-05,2775
baseline,push,pushing,1,30,ing,12,3.4566796784929466e-06,6740
baseline,push,pushing,1,30,ing,13,0.00013016948651056737,711
baseline,push,pushing,1,30,ing,14,1.220457397721475e-05,66
baseline,push,pushing,1,30,ing,15,2.7265770768281072e-05,2655
baseline,push,pushing,1,30,ing,16,0.08577457070350647,3
baseline,push,pushing,1,30,ing,17,7.65150332426856e-07,9446
baseline,push,pushing,1,30,ing,18,4.338133749115514e-06,5975
baseline,push,pushing,1,30,ing,19,0.0005512525094673038,161
baseline,push,pushing,1,30,ing,20,0.00012779372627846897,693
baseline,push,pushing,1,30,ing,21,1.5125259778869804e-05,3732
baseline,push,pushing,1,30,ing,22,0.00039350707083940506,158
baseline,push,pushing,1,30,ing,23,1.838576645241119e-05,1699
baseline,stone,stone,0,9557,▁stone,0,1.9554754544515163e-05,2461
baseline,stone,stone,0,9557,▁stone,1,0.00047208889736793935,357
baseline,stone,stone,0,9557,▁stone,2,0.00010923605441348627,822
baseline,stone,stone,0,9557,▁stone,3,0.00011284249922027811,1052
baseline,stone,stone,0,9557,▁stone,4,0.0002752279688138515,284
baseline,stone,stone,0,9557,▁stone,5,0.01162292342633009,2
baseline,stone,stone,0,9557,▁stone,6,0.003559819422662258,22
baseline,stone,stone,0,9557,▁stone,7,0.020608849823474884,1
baseline,stone,stone,0,9557,▁stone,8,0.0006174066220410168,179
baseline,stone,stone,0,9557,▁stone,9,0.0002684196806512773,262
baseline,stone,stone,0,9557,▁stone,10,0.00032368884421885014,258
baseline,stone,stone,0,9557,▁stone,11,0.000467664998723194,290
baseline,stone,stone,0,9557,▁stone,12,0.030557475984096527,1
baseline,stone,stone,0,9557,▁stone,13,0.000829980883281678,98
baseline,stone,stone,0,9557,▁stone,14,1.7500985904916888e-06,427
baseline,stone,stone,0,9557,▁stone,15,0.0010364850750193,87
baseline,stone,stone,0,9557,▁stone,16,0.0010292192455381155,50
baseline,stone,stone,0,9557,▁stone,17,0.0025925959926098585,16
baseline,stone,stone,0,9557,▁stone,18,0.002875619102269411,40
baseline,stone,stone,0,9557,▁stone,19,0.0057389261201024055,22
baseline,stone,stone,0,9557,▁stone,20,0.009934529662132263,4
baseline,stone,stone,0,9557,▁stone,21,0.0075254603289067745,11
baseline,stone,stone,0,9557,▁stone,22,0.0013288984773680568,49
baseline,stone,stone,0,9557,▁stone,23,0.003701926674693823,28
baseline,stone,stones,0,19056,▁stones,0,7.488933079002891e-06,3723
baseline,stone,stones,0,19056,▁stones,1,0.0003408438933547586,512
baseline,stone,stones,0,19056,▁stones,2,1.5089525732037146e-05,3592
baseline,stone,stones,0,19056,▁stones,3,3.197502519469708e-05,2691
baseline,stone,stones,0,19056,▁stones,4,3.098267552559264e-05,1414
baseline,stone,stones,0,19056,▁stones,5,8.373370656045154e-05,1592
baseline,stone,stones,0,19056,▁stones,6,1.5737867215648293e-05,2032
baseline,stone,stones,0,19056,▁stones,7,0.0006205663667060435,241
baseline,stone,stones,0,19056,▁stones,8,3.503679181449115e-05,1576
baseline,stone,stones,0,19056,▁stones,9,2.6347510356572457e-05,1532
baseline,stone,stones,0,19056,▁stones,10,7.172702316893265e-05,738
baseline,stone,stones,0,19056,▁stones,11,2.462878910591826e-05,1890
baseline,stone,stones,0,19056,▁stones,12,0.00023738433083053678,727
baseline,stone,stones,0,19056,▁stones,13,1.5891288057900965e-05,3112
baseline,stone,stones,0,19056,▁stones,14,3.2590019571898665e-08,8438
baseline,stone,stones,0,19056,▁stones,15,1.4105339687375817e-05,3824
baseline,stone,stones,0,19056,▁stones,16,0.0002746015088632703,151
baseline,stone,stones,0,19056,▁stones,17,0.0010797565337270498,43
baseline,stone,stones,0,19056,▁stones,18,0.0018611270934343338,68
baseline,stone,stones,0,19056,▁stones,19,0.0004600228276103735,194
baseline,stone,stones,0,19056,▁stones,20,0.002619165228679776,32
baseline,stone,stones,0,19056,▁stones,21,0.0017936964286491275,83
baseline,stone,stones,0,19056,▁stones,22,5.5230982979992405e-05,676
baseline,stone,stones,0,19056,▁stones,23,0.0004905745154246688,131
baseline,stone,rock,0,8500,▁rock,0,1.9158187569701113e-06,6436
baseline,stone,rock,0,8500,▁rock,1,9.394819790031761e-05,1767
baseline,stone,rock,0,8500,▁rock,2,1.0465605555509683e-05,4494
baseline,stone,rock,0,8500,▁rock,3,7.831367838662118e-06,6477
baseline,stone,rock,0,8500,▁rock,4,4.284180249669589e-05,1150
baseline,stone,rock,0,8500,▁rock,5,0.0009487078059464693,209
baseline,stone,rock,0,8500,▁rock,6,8.341719512827694e-05,597
baseline,stone,rock,0,8500,▁rock,7,0.001077010529115796,137
baseline,stone,rock,0,8500,▁rock,8,0.0004214187792968005,243
baseline,stone,rock,0,8500,▁rock,9,0.00014450159505940974,427
baseline,stone,rock,0,8500,▁rock,10,7.266455941135064e-05,733
baseline,stone,rock,0,8500,▁rock,11,8.598514250479639e-05,940
baseline,stone,rock,0,8500,▁rock,12,0.0016968167619779706,90
baseline,stone,rock,0,8500,▁rock,13,0.00015630389680154622,610
baseline,stone,rock,0,8500,▁rock,14,1.5748362613976497e-07,3230
baseline,stone,rock,0,8500,▁rock,15,0.00013266831228975207,824
baseline,stone,rock,0,8500,▁rock,16,0.0001905606040963903,192
baseline,stone,rock,0,8500,▁rock,17,0.0004852514248341322,99
baseline,stone,rock,0,8500,▁rock,18,0.0035087044816464186,26
baseline,stone,rock,0,8500,▁rock,19,0.0009333069901913404,110
baseline,stone,rock,0,8500,▁rock,20,0.0009093863773159683,105
baseline,stone,rock,0,8500,▁rock,21,0.0028723597060889006,49
baseline,stone,rock,0,8500,▁rock,22,0.00013878382742404938,309
baseline,stone,rock,0,8500,▁rock,23,0.00044700433500111103,140
baseline,stone,rocks,0,8500,▁rock,0,1.9158187569701113e-06,6436
baseline,stone,rocks,0,8500,▁rock,1,9.394819790031761e-05,1767
baseline,stone,rocks,0,8500,▁rock,2,1.0465605555509683e-05,4494
baseline,stone,rocks,0,8500,▁rock,3,7.831367838662118e-06,6477
baseline,stone,rocks,0,8500,▁rock,4,4.284180249669589e-05,1150
baseline,stone,rocks,0,8500,▁rock,5,0.0009487078059464693,209
baseline,stone,rocks,0,8500,▁rock,6,8.341719512827694e-05,597
baseline,stone,rocks,0,8500,▁rock,7,0.001077010529115796,137
baseline,stone,rocks,0,8500,▁rock,8,0.0004214187792968005,243
baseline,stone,rocks,0,8500,▁rock,9,0.00014450159505940974,427
baseline,stone,rocks,0,8500,▁rock,10,7.266455941135064e-05,733
baseline,stone,rocks,0,8500,▁rock,11,8.598514250479639e-05,940
baseline,stone,rocks,0,8500,▁rock,12,0.0016968167619779706,90
baseline,stone,rocks,0,8500,▁rock,13,0.00015630389680154622,610
baseline,stone,rocks,0,8500,▁rock,14,1.5748362613976497e-07,3230
baseline,stone,rocks,0,8500,▁rock,15,0.00013266831228975207,824
baseline,stone,rocks,0,8500,▁rock,16,0.0001905606040963903,192
baseline,stone,rocks,0,8500,▁rock,17,0.0004852514248341322,99
baseline,stone,rocks,0,8500,▁rock,18,0.0035087044816464186,26
baseline,stone,rocks,0,8500,▁rock,19,0.0009333069901913404,110
baseline,stone,rocks,0,8500,▁rock,20,0.0009093863773159683,105
baseline,stone,rocks,0,8500,▁rock,21,0.0028723597060889006,49
baseline,stone,rocks,0,8500,▁rock,22,0.00013878382742404938,309
baseline,stone,rocks,0,8500,▁rock,23,0.00044700433500111103,140
baseline,stone,rocks,1,28561,s,0,4.413839997141622e-05,1561
baseline,stone,rocks,1,28561,s,1,0.0003642631636466831,481
baseline,stone,rocks,1,28561,s,2,0.0056700631976127625,29
baseline,stone,rocks,1,28561,s,3,0.0005612702225334942,248
baseline,stone,rocks,1,28561,s,4,3.5314233173266985e-06,5049
baseline,stone,rocks,1,28561,s,5,3.4663980130744676e-08,29177
baseline,stone,rocks,1,28561,s,6,1.5612102288287133e-05,2048
baseline,stone,rocks,1,28561,s,7,0.0009929449297487736,152
baseline,stone,rocks,1,28561,s,8,3.091080725425854e-05,1708
baseline,stone,rocks,1,28561,s,9,5.950112608843483e-05,834
baseline,stone,rocks,1,28561,s,10,0.0010166132124140859,111
baseline,stone,rocks,1,28561,s,11,2.567831688793376e-05,1854
baseline,stone,rocks,1,28561,s,12,5.87437156696069e-08,27721
baseline,stone,rocks,1,28561,s,13,7.394469866994768e-05,1126
baseline,stone,rocks,1,28561,s,14,0.9916824102401733,1
baseline,stone,rocks,1,28561,s,15,1.8853208530345e-05,3280
baseline,stone,rocks,1,28561,s,16,0.0003586281090974808,119
baseline,stone,rocks,1,28561,s,17,4.047189122502459e-06,4324
baseline,stone,rocks,1,28561,s,18,5.3903364459984004e-05,1463
baseline,stone,rocks,1,28561,s,19,0.00011977420217590407,525
baseline,stone,rocks,1,28561,s,20,8.817038906272501e-05,946
baseline,stone,rocks,1,28561,s,21,0.00044057570630684495,359
baseline,stone,rocks,1,28561,s,22,0.010057403706014156,11
baseline,stone,rocks,1,28561,s,23,5.029062231187709e-05,812
baseline,stone,boulder,0,34,▁b,0,0.00012214457092341036,771
baseline,stone,boulder,0,34,▁b,1,0.0011985244927927852,110
baseline,stone,boulder,0,34,▁b,2,0.00014218638534657657,652
baseline,stone,boulder,0,34,▁b,3,0.00019314642122481018,676
baseline,stone,boulder,0,34,▁b,4,0.00023507498553954065,328
baseline,stone,boulder,0,34,▁b,5,0.0031405205372720957,41
baseline,stone,boulder,0,34,▁b,6,0.006415519863367081,15
baseline,stone,boulder,0,34,▁b,7,0.0024178167805075645,68
baseline,stone,boulder,0,34,▁b,8,0.0016807463252916932,74
baseline,stone,boulder,0,34,▁b,9,0.0005057270172983408,162
baseline,stone,boulder,0,34,▁b,10,0.0003532961418386549,244
baseline,stone,boulder,0,34,▁b,11,0.0004947867710143328,277
baseline,stone,boulder,0,34,▁b,12,0.0024555588606745005,46
baseline,stone,boulder,0,34,▁b,13,0.0007816271390765905,110
baseline,stone,boulder,0,34,▁b,14,5.178387709747767e-06,153
baseline,stone,boulder,0,34,▁b,15,0.0010816364083439112,83
baseline,stone,boulder,0,34,▁b,16,0.0007669287733733654,62
baseline,stone,boulder,0,34,▁b,17,0.0005708910757675767,84
baseline,stone,boulder,0,34,▁b,18,0.0017876967322081327,70
baseline,stone,boulder,0,34,▁b,19,0.008819939568638802,13
baseline,stone,boulder,0,34,▁b,20,0.0027910068165510893,31
baseline,stone,boulder,0,34,▁b,21,0.004424981772899628,31
baseline,stone,boulder,0,34,▁b,22,0.001015475601889193,60
baseline,stone,boulder,0,34,▁b,23,0.0017174641834571958,46
baseline,stone,boulder,1,356,ould,0,5.825007747262134e-07,11143
baseline,stone,boulder,1,356,ould,1,6.182131642162858e-07,19246
baseline,stone,boulder,1,356,ould,2,1.2242716138644028e-06,12882
baseline,stone,boulder,1,356,ould,3,4.418178377818549e-06,8794
baseline,stone,boulder,1,356,ould,4,1.0782390518215834e-06,9031
baseline,stone,boulder,1,356,ould,5,1.5364822729679872e-06,10670
baseline,stone,boulder,1,356,ould,6,4.0960841829473793e-07,14299
baseline,stone,boulder,1,356,ould,7,3.8588319739574217e-07,20765
baseline,stone,boulder,1,356,ould,8,5.9547573982854374e-08,25683
baseline,stone,boulder,1,356,ould,9,2.7364162633602973e-06,6076
baseline,stone,boulder,1,356,ould,10,2.173597749788314e-06,5986
baseline,stone,boulder,1,356,ould,11,1.2889692015960463e-06,7703
baseline,stone,boulder,1,356,ould,12,2.4886703613447025e-06,7832
baseline,stone,boulder,1,356,ould,13,7.175360678957077e-07,15817
baseline,stone,boulder,1,356,ould,14,3.9549018282514226e-08,7567
baseline,stone,boulder,1,356,ould,15,2.799680032694596e-06,8475
baseline,stone,boulder,1,356,ould,16,2.2562514345736417e-07,15488
baseline,stone,boulder,1,356,ould,17,2.3778543436492328e-06,5686
baseline,stone,boulder,1,356,ould,18,1.279908588003309e-06,10056
baseline,stone,boulder,1,356,ould,19,7.488283131351636e-07,11313
baseline,stone,boulder,1,356,ould,20,5.199950123824237e-07,15062
baseline,stone,boulder,1,356,ould,21,1.4240291648093262e-06,10861
baseline,stone,boulder,1,356,ould,22,3.0942105695430655e-06,4957
baseline,stone,boulder,1,356,ould,23,5.177012099011336e-07,12377
baseline,stone,boulder,2,8,er,0,3.128733624180313e-06,5286
baseline,stone,boulder,2,8,er,1,2.9560633265646175e-06,10738
baseline,stone,boulder,2,8,er,2,0.003841193625703454,38
baseline,stone,boulder,2,8,er,3,0.00015861410065554082,810
baseline,stone,boulder,2,8,er,4,6.843870181683087e-08,23977
baseline,stone,boulder,2,8,er,5,1.1822548003692646e-05,4193
baseline,stone,boulder,2,8,er,6,2.8286021915846504e-05,1382
baseline,stone,boulder,2,8,er,7,0.000223767216084525,605
baseline,stone,boulder,2,8,er,8,2.112989932356868e-05,2178
baseline,stone,boulder,2,8,er,9,5.159827196621336e-07,13335
baseline,stone,boulder,2,8,er,10,1.0779943977468065e-06,8629
baseline,stone,boulder,2,8,er,11,3.472261767001328e-07,13971
baseline,stone,boulder,2,8,er,12,1.1469876881164964e-05,3937
baseline,stone,boulder,2,8,er,13,6.0402257076930255e-05,1334
baseline,stone,boulder,2,8,er,14,1.6156318451976404e-05,52
baseline,stone,boulder,2,8,er,15,9.855141979642212e-05,1064
baseline,stone,boulder,2,8,er,16,0.00044948101276531816,100
baseline,stone,boulder,2,8,er,17,5.952572337264428e-07,10624
baseline,stone,boulder,2,8,er,18,1.6212568425544305e-06,9133
baseline,stone,boulder,2,8,er,19,2.194514308939688e-05,1699
baseline,stone,boulder,2,8,er,20,2.569472235336434e-05,2375
baseline,stone,boulder,2,8,er,21,4.6180539357010275e-06,6567
baseline,stone,boulder,2,8,er,22,0.0001757480058586225,254
baseline,stone,boulder,2,8,er,23,3.6363708204589784e-05,1036
baseline,stone,boulders,0,34,▁b,0,0.00012214457092341036,771
baseline,stone,boulders,0,34,▁b,1,0.0011985244927927852,110
baseline,stone,boulders,0,34,▁b,2,0.00014218638534657657,652
baseline,stone,boulders,0,34,▁b,3,0.00019314642122481018,676
baseline,stone,boulders,0,34,▁b,4,0.00023507498553954065,328
baseline,stone,boulders,0,34,▁b,5,0.0031405205372720957,41
baseline,stone,boulders,0,34,▁b,6,0.006415519863367081,15
baseline,stone,boulders,0,34,▁b,7,0.0024178167805075645,68
baseline,stone,boulders,0,34,▁b,8,0.0016807463252916932,74
baseline,stone,boulders,0,34,▁b,9,0.0005057270172983408,162
baseline,stone,boulders,0,34,▁b,10,0.0003532961418386549,244
baseline,stone,boulders,0,34,▁b,11,0.0004947867710143328,277
baseline,stone,boulders,0,34,▁b,12,0.0024555588606745005,46
baseline,stone,boulders,0,34,▁b,13,0.0007816271390765905,110
baseline,stone,boulders,0,34,▁b,14,5.178387709747767e-06,153
baseline,stone,boulders,0,34,▁b,15,0.0010816364083439112,83
baseline,stone,boulders,0,34,▁b,16,0.0007669287733733654,62
baseline,stone,boulders,0,34,▁b,17,0.0005708910757675767,84
baseline,stone,boulders,0,34,▁b,18,0.0017876967322081327,70
baseline,stone,boulders,0,34,▁b,19,0.008819939568638802,13
baseline,stone,boulders,0,34,▁b,20,0.0027910068165510893,31
baseline,stone,boulders,0,34,▁b,21,0.004424981772899628,31
baseline,stone,boulders,0,34,▁b,22,0.001015475601889193,60
baseline,stone,boulders,0,34,▁b,23,0.0017174641834571958,46
baseline,stone,boulders,1,356,ould,0,5.825007747262134e-07,11143
baseline,stone,boulders,1,356,ould,1,6.182131642162858e-07,19246
baseline,stone,boulders,1,356,ould,2,1.2242716138644028e-06,12882
baseline,stone,boulders,1,356,ould,3,4.418178377818549e-06,8794
baseline,stone,boulders,1,356,ould,4,1.0782390518215834e-06,9031
baseline,stone,boulders,1,356,ould,5,1.5364822729679872e-06,10670
baseline,stone,boulders,1,356,ould,6,4.0960841829473793e-07,14299
baseline,stone,boulders,1,356,ould,7,3.8588319739574217e-07,20765
baseline,stone,boulders,1,356,ould,8,5.9547573982854374e-08,25683
baseline,stone,boulders,1,356,ould,9,2.7364162633602973e-06,6076
baseline,stone,boulders,1,356,ould,10,2.173597749788314e-06,5986
baseline,stone,boulders,1,356,ould,11,1.2889692015960463e-06,7703
baseline,stone,boulders,1,356,ould,12,2.4886703613447025e-06,7832
baseline,stone,boulders,1,356,ould,13,7.175360678957077e-07,15817
baseline,stone,boulders,1,356,ould,14,3.9549018282514226e-08,7567
baseline,stone,boulders,1,356,ould,15,2.799680032694596e-06,8475
baseline,stone,boulders,1,356,ould,16,2.2562514345736417e-07,15488
baseline,stone,boulders,1,356,ould,17,2.3778543436492328e-06,5686
baseline,stone,boulders,1,356,ould,18,1.279908588003309e-06,10056
baseline,stone,boulders,1,356,ould,19,7.488283131351636e-07,11313
baseline,stone,boulders,1,356,ould,20,5.199950123824237e-07,15062
baseline,stone,boulders,1,356,ould,21,1.4240291648093262e-06,10861
baseline,stone,boulders,1,356,ould,22,3.0942105695430655e-06,4957
baseline,stone,boulders,1,356,ould,23,5.177012099011336e-07,12377
baseline,stone,boulders,2,88,ers,0,2.809576699291938e-06,5494
baseline,stone,boulders,2,88,ers,1,2.129637550751795e-06,12207
baseline,stone,boulders,2,88,ers,2,9.513124678051099e-05,931
baseline,stone,boulders,2,88,ers,3,0.001618616166524589,76
baseline,stone,boulders,2,88,ers,4,5.281948460833519e-07,12503
baseline,stone,boulders,2,88,ers,5,2.5130951541996183e-08,29715
baseline,stone,boulders,2,88,ers,6,2.0176114503556164e-06,6725
baseline,stone,boulders,2,88,ers,7,2.4871465939213522e-05,3084
baseline,stone,boulders,2,88,ers,8,4.4817847992817406e-06,5246
baseline,stone,boulders,2,88,ers,9,7.074863788147923e-07,11712
baseline,stone,boulders,2,88,ers,10,3.525665761117125e-06,4628
baseline,stone,boulders,2,88,ers,11,1.0502607210582937e-06,8466
baseline,stone,boulders,2,88,ers,12,9.489121488570618e-09,30858
baseline,stone,boulders,2,88,ers,13,6.93819572461507e-07,16030
baseline,stone,boulders,2,88,ers,14,3.5654540653240474e-08,8015
baseline,stone,boulders,2,88,ers,15,1.3286739886098076e-07,26210
baseline,stone,boulders,2,88,ers,16,5.5227406846825033e-05,500
baseline,stone,boulders,2,88,ers,17,1.230235113780509e-07,19205
baseline,stone,boulders,2,88,ers,18,1.3379566610183247e-07,22346
baseline,stone,boulders,2,88,ers,19,3.450039730523713e-05,1260
baseline,stone,boulders,2,88,ers,20,2.0890878658974543e-05,2678
baseline,stone,boulders,2,88,ers,21,5.815720669488655e-07,15617
baseline,stone,boulders,2,88,ers,22,0.00035687279887497425,167
baseline,stone,boulders,2,88,ers,23,2.4375062821491156e-06,5854
base-coord0-eps+0.1,push,push,0,10766,▁push,0,1.7864778101284173e-07,18698
base-coord0-eps+0.1,push,push,0,10766,▁push,1,1.935266664077062e-05,4960
base-coord0-eps+0.1,push,push,0,10766,▁push,2,6.5094695855805185e-06,5866
base-coord0-eps+0.1,push,push,0,10766,▁push,3,6.947895144548966e-06,6910
base-coord0-eps+0.1,push,push,0,10766,▁push,4,2.593786848592572e-05,1583
base-coord0-eps+0.1,push,push,0,10766,▁push,5,7.14841517037712e-05,1740
base-coord0-eps+0.1,push,push,0,10766,▁push,6,4.863142294198042e-06,4124
base-coord0-eps+0.1,push,push,0,10766,▁push,7,1.089122179109836e-05,5019
base-coord0-eps+0.1,push,push,0,10766,▁push,8,3.037843998754397e-05,1724
base-coord0-eps+0.1,push,push,0,10766,▁push,9,5.360251452657394e-05,907
base-coord0-eps+0.1,push,push,0,10766,▁push,10,1.672205326030962e-05,1879
base-coord0-eps+0.1,push,push,0,10766,▁push,11,7.927174010546878e-05,994
base-coord0-eps+0.1,push,push,0,10766,▁push,12,0.000105231003544759,1317
base-coord0-eps+0.1,push,push,0,10766,▁push,13,2.8283488063607365e-05,2189
base-coord0-eps+0.1,push,push,0,10766,▁push,14,2.8490862291619123e-07,2127
base-coord0-eps+0.1,push,push,0,10766,▁push,15,0.00010943665984086692,968
base-coord0-eps+0.1,push,push,0,10766,▁push,16,5.161352419236209e-06,2717
base-coord0-eps+0.1,push,push,0,10766,▁push,17,5.169614723854465e-06,3806
base-coord0-eps+0.1,push,push,0,10766,▁push,18,5.824878462590277e-05,1371
base-coord0-eps+0.1,push,push,0,10766,▁push,19,7.699554771534167e-06,3203
base-coord0-eps+0.1,push,push,0,10766,▁push,20,4.820030881091952e-06,5772
base-coord0-eps+0.1,push,push,0,10766,▁push,21,1.2118703125452157e-05,4177
base-coord0-eps+0.1,push,push,0,10766,▁push,22,3.5116813705826644e-06,4587
base-coord0-eps+0.1,push,push,0,10766,▁push,23,4.676434855355183e-06,4075
base-coord0-eps+0.1,push,pushes,0,26,▁p,0,4.3486561480676755e-05,1569
base-coord0-eps+0.1,push,pushes,0,26,▁p,1,0.00160945113748312,76
base-coord0-eps+0.1,push,pushes,0,26,▁p,2,0.000245302653638646,409
base-coord0-eps+0.1,push,pushes,0,26,▁p,3,0.0002725324884522706,507
base-coord0-eps+0.1,push,pushes,0,26,▁p,4,0.00046635992475785315,170
base-coord0-eps+0.1,push,pushes,0,26,▁p,5,0.007556019350886345,9
base-coord0-eps+0.1,push,pushes,0,26,▁p,6,0.0020223883911967278,38
base-coord0-eps+0.1,push,pushes,0,26,▁p,7,0.003961707931011915,37
base-coord0-eps+0.1,push,pushes,0,26,▁p,8,0.005755531135946512,23
base-coord0-eps+0.1,push,pushes,0,26,▁p,9,0.0009342433186247945,86
base-coord0-eps+0.1,push,pushes,0,26,▁p,10,0.001563332392834127,72
base-coord0-eps+0.1,push,pushes,0,26,▁p,11,0.0009412764338776469,154
base-coord0-eps+0.1,push,pushes,0,26,▁p,12,0.0026812751311808825,41
base-coord0-eps+0.1,push,pushes,0,26,▁p,13,0.003233300056308508,26
base-coord0-eps+0.1,push,pushes,0,26,▁p,14,1.4779370758333243e-05,55
base-coord0-eps+0.1,push,pushes,0,26,▁p,15,0.00316513329744339,22
base-coord0-eps+0.1,push,pushes,0,26,▁p,16,0.0007245794404298067,65
base-coord0-eps+0.1,push,pushes,0,26,▁p,17,0.0010692469077184796,44
base-coord0-eps+0.1,push,pushes,0,26,▁p,18,0.004089674446731806,20
base-coord0-eps+0.1,push,pushes,0,26,▁p,19,0.0017308453097939491,68
base-coord0-eps+0.1,push,pushes,0,26,▁p,20,0.0036545658949762583,16
base-coord0-eps+0.1,push,pushes,0,26,▁p,21,0.006427206564694643,15
base-coord0-eps+0.1,push,pushes,0,26,▁p,22,0.0005041405675001442,126
base-coord0-eps+0.1,push,pushes,0,26,▁p,23,0.0014693565899506211,50
base-coord0-eps+0.1,push,pushes,1,74,us,0,3.1448612389795016e-06,5258
base-coord0-eps+0.1,push,pushes,1,74,us,1,1.709967546048574e-05,5254
base-coord0-eps+0.1,push,pushes,1,74,us,2,2.4381624825764447e-05,2649
base-coord0-eps+0.1,push,pushes,1,74,us,3,0.0015394482761621475,81
base-coord0-eps+0.1,push,pushes,1,74,us,4,6.637339993176283e-07,11370
base-coord0-eps+0.1,push,pushes,1,74,us,5,8.113141666399315e-05,1628
base-coord0-eps+0.1,push,pushes,1,74,us,6,9.165304618363734e-06,2827
base-coord0-eps+0.1,push,pushes,1,74,us,7,4.7249836825358216e-06,7590
base-coord0-eps+0.1,push,pushes,1,74,us,8,1.555171184008941e-05,2581
base-coord0-eps+0.1,push,pushes,1,74,us,9,2.3168133793660672e-06,6622
base-coord0-eps+0.1,push,pushes,1,74,us,10,2.2155339252094564e-07,16891
base-coord0-eps+0.1,push,pushes,1,74,us,11,1.2273326319700573e-06,7900
base-coord0-eps+0.1,push,pushes,1,74,us,12,8.285020157927647e-05,1540
base-coord0-eps+0.1,push,pushes,1,74,us,13,3.391831342014484e-05,1964
base-coord0-eps+0.1,push,pushes,1,74,us,14,1.437314622876329e-08,12524
base-coord0-eps+0.1,push,pushes,1,74,us,15,2.4924967874540016e-05,2770
base-coord0-eps+0.1,push,pushes,1,74,us,16,3.773214302782435e-06,3341
base-coord0-eps+0.1,push,pushes,1,74,us,17,2.0696224964922294e-06,6082
base-coord0-eps+0.1,push,pushes,1,74,us,18,6.225321158126462e-06,5035
base-coord0-eps+0.1,push,pushes,1,74,us,19,1.3574130207416601e-05,2295
base-coord0-eps+0.1,push,pushes,1,74,us,20,1.666785465204157e-05,3029
base-coord0-eps+0.1,push,pushes,1,74,us,21,1.8453412849339657e-05,3332
base-coord0-eps+0.1,push,pushes,1,74,us,22,3.2960968383122236e-05,999
base-coord0-eps+0.1,push,pushes,1,74,us,23,2.9637535590154584e-06,5312
base-coord0-eps+0.1,push,pushes,2,994,hes,0,2.240625605054447e-07,17104
base-coord0-eps+0.1,push,pushes,2,994,hes,1,3.0933892958273645e-06,10637
base-coord0-eps+0.1,push,pushes,2,994,hes,2,2.969036643207801e-07,20846
base-coord0-eps+0.1,push,pushes,2,994,hes,3,1.1200833796465304e-05,5261
base-coord0-eps+0.1,push,pushes,2,994,hes,4,1.1903165386684122e-06,8585
base-coord0-eps+0.1,push,pushes,2,994,hes,5,1.0802047256674996e-07,25816
base-coord0-eps+0.1,push,pushes,2,994,hes,6,1.2069076547049917e-06,8695
base-coord0-eps+0.1,push,pushes,2,994,hes,7,5.014682074033772e-07,19227
base-coord0-eps+0.1,push,pushes,2,994,hes,8,5.747155000790372e-07,13643
base-coord0-eps+0.1,push,pushes,2,994,hes,9,1.0548224054218736e-06,9765
base-coord0-eps+0.1,push,pushes,2,994,hes,10,1.897033570230633e-07,17865
base-coord0-eps+0.1,push,pushes,2,994,hes,11,2.919520738942083e-06,5315
base-coord0-eps+0.1,push,pushes,2,994,hes,12,3.224477893581934e-07,19305
base-coord0-eps+0.1,push,pushes,2,994,hes,13,5.30266902387666e-07,17801
base-coord0-eps+0.1,push,pushes,2,994,hes,14,1.0882497569753014e-08,14200
base-coord0-eps+0.1,push,pushes,2,994,hes,15,7.648712198715657e-06,5148
base-coord0-eps+0.1,push,pushes,2,994,hes,16,1.9185203200322576e-05,1107
base-coord0-eps+0.1,push,pushes,2,994,hes,17,7.822112593203201e-07,9342
base-coord0-eps+0.1,push,pushes,2,994,hes,18,1.0058931820822181e-06,11040
base-coord0-eps+0.1,push,pushes,2,994,hes,19,1.2704812434094492e-05,2384
base-coord0-eps+0.1,push,pushes,2,994,hes,20,3.3751439332263544e-06,6767
base-coord0-eps+0.1,push,pushes,2,994,hes,21,2.224614036094863e-06,9024
base-coord0-eps+0.1,push,pushes,2,994,hes,22,1.7198051693867455e-07,20071
base-coord0-eps+0.1,push,pushes,2,994,hes,23,5.431698202329471e-09,30511
base-coord0-eps+0.1,push,pushed,0,17595,▁pushed,0,3.9323080613939965e-07,13317
base-coord0-eps+0.1,push,pushed,0,17595,▁pushed,1,2.4975436190288747e-06,11562
base-coord0-eps+0.1,push,pushed,0,17595,▁pushed,2,2.4390043108724058e-05,2648
base-coord0-eps+0.1,push,pushed,0,17595,▁pushed,3,1.7500604371889494e-05,3997
base-coord0-eps+0.1,push,pushed,0,17595,▁pushed,4,4.976541094947606e-05,1040
base-coord0-eps+0.1,push,pushed,0,17595,▁pushed,5,2.177096348532359e-06,9112
base-coord0-eps+0.1,push,pushed,0,17595,▁pushed,6,2.9947439088573446e-06,5376
base-coord0-eps+0.1,push,pushed,0,17595,▁pushed,7,3.081671366089722e-06,9284
base-coord0-eps+0.1,push,pushed,0,17595,▁pushed,8,1.0941559594357386e-05,3150
base-coord0-eps+0.1,push,pushed,0,17595,▁pushed,9,2.0820942154387012e-05,1788
base-coord0-eps+0.1,push,pushed,0,17595,▁pushed,10,0.00012518961739260703,508
base-coord0-eps+0.1,push,pushed,0,17595,▁pushed,11,0.0002559838176239282,449
base-coord0-eps+0.1,push,pushed,0,17595,▁pushed,12,4.249705852998886e-06,6112
base-coord0-eps+0.1,push,pushed,0,17595,▁pushed,13,1.3146949640940875e-05,3492
base-coord0-eps+0.1,push,pushed,0,17595,▁pushed,14,2.3797926473889675e-07,2429
base-coord0-eps+0.1,push,pushed,0,17595,▁pushed,15,9.403296644450165e-06,4668
base-coord0-eps+0.1,push,pushed,0,17595,▁pushed,16,5.9310173128324095e-06,2457
base-coord0-eps+0.1,push,pushed,0,17595,▁pushed,17,1.1700161621774896e-06,7838
base-coord0-eps+0.1,push,pushed,0,17595,▁pushed,18,1.9906831312255235e-06,8330
base-coord0-eps+0.1,push,pushed,0,17595,▁pushed,19,8.478319614368957e-06,3033
base-coord0-eps+0.1,push,pushed,0,17595,▁pushed,20,9.91065689959214e-07,11514
base-coord0-eps+0.1,push,pushed,0,17595,▁pushed,21,9.487395686846867e-07,12863
base-coord0-eps+0.1,push,pushed,0,17595,▁pushed,22,9.066098755283747e-06,2406
base-coord0-eps+0.1,push,pushed,0,17595,▁pushed,23,1.2025557225570083e-05,2298
base-coord0-eps+0.1,push,pushing,0,10766,▁push,0,1.7864778101284173e-07,18698
base-coord0-eps+0.1,push,pushing,0,10766,▁push,1,1.935266664077062e-05,4960
base-coord0-eps+0.1,push,pushing,0,10766,▁push,2,6.5094695855805185e-06,5866
base-coord0-eps+0.1,push,pushing,0,10766,▁push,3,6.947895144548966e-06,6910
base-coord0-eps+0.1,push,pushing,0,10766,▁push,4,2.593786848592572e-05,1583
base-coord0-eps+0.1,push,pushing,0,10766,▁push,5,7.14841517037712e-05,1740
base-coord0-eps+0.1,push,pushing,0,10766,▁push,6,4.863142294198042e-06,4124
base-coord0-eps+0.1,push,pushing,0,10766,▁push,7,1.089122179109836e-05,5019
base-coord0-eps+0.1,push,pushing,0,10766,▁push,8,3.037843998754397e-05,1724
base-coord0-eps+0.1,push,pushing,0,10766,▁push,9,5.360251452657394e-05,907
base-coord0-eps+0.1,push,pushing,0,10766,▁push,10,1.672205326030962e-05,1879
base-coord0-eps+0.1,push,pushing,0,10766,▁push,11,7.927174010546878e-05,994
base-coord0-eps+0.1,push,pushing,0,10766,▁push,12,0.000105231003544759,1317
base-coord0-eps+0.1,push,pushing,0,10766,▁push,13,2.8283488063607365e-05,2189
base-coord0-eps+0.1,push,pushing,0,10766,▁push,14,2.8490862291619123e-07,2127
base-coord0-eps+0.1,push,pushing,0,10766,▁push,15,0.00010943665984086692,968
base-coord0-eps+0.1,push,pushing,0,10766,▁push,16,5.161352419236209e-06,2717
base-coord0-eps+0.1,push,pushing,0,10766,▁push,17,5.169614723854465e-06,3806
base-coord0-eps+0.1,push,pushing,0,10766,▁push,18,5.824878462590277e-05,1371
base-coord0-eps+0.1,push,pushing,0,10766,▁push,19,7.699554771534167e-06,3203
base-coord0-eps+0.1,push,pushing,0,10766,▁push,20,4.820030881091952e-06,5772
base-coord0-eps+0.1,push,pushing,0,10766,▁push,21,1.2118703125452157e-05,4177
base-coord0-eps+0.1,push,pushing,0,10766,▁push,22,3.5116813705826644e-06,4587
base-coord0-eps+0.1,push,pushing,0,10766,▁push,23,4.676434855355183e-06,4075
base-coord0-eps+0.1,push,pushing,1,30,ing,0,2.5680046746856533e-06,5688
base-coord0-eps+0.1,push,pushing,1,30,ing,1,9.268997018807568e-07,16922
base-coord0-eps+0.1,push,pushing,1,30,ing,2,0.011402118019759655,11
base-coord0-eps+0.1,push,pushing,1,30,ing,3,4.014923615613952e-05,2291
base-coord0-eps+0.1,push,pushing,1,30,ing,4,5.575298018811736e-06,3945
base-coord0-eps+0.1,push,pushing,1,30,ing,5,8.186998456949368e-06,4972
base-coord0-eps+0.1,push,pushing,1,30,ing,6,0.00023175223032012582,252
base-coord0-eps+0.1,push,pushing,1,30,ing,7,1.529937253508251e-05,4104
base-coord0-eps+0.1,push,pushing,1,30,ing,8,5.5448301282012835e-05,1151
base-coord0-eps+0.1,push,pushing,1,30,ing,9,4.142089528613724e-05,1073
base-coord0-eps+0.1,push,pushing,1,30,ing,10,4.510093731369125e-06,4031
base-coord0-eps+0.1,push,pushing,1,30,ing,11,1.0957817721646279e-05,2794
base-coord0-eps+0.1,push,pushing,1,30,ing,12,3.4412869354127906e-06,6753
base-coord0-eps+0.1,push,pushing,1,30,ing,13,0.0001284731988562271,723
base-coord0-eps+0.1,push,pushing,1,30,ing,14,1.2112150216125883e-05,66
base-coord0-eps+0.1,push,pushing,1,30,ing,15,2.688631502678618e-05,2666
base-coord0-eps+0.1,push,pushing,1,30,ing,16,0.08534234017133713,3
base-coord0-eps+0.1,push,pushing,1,30,ing,17,7.616613970640174e-07,9447
base-coord0-eps+0.1,push,pushing,1,30,ing,18,4.243203420628561e-06,6011
base-coord0-eps+0.1,push,pushing,1,30,ing,19,0.000548693526070565,161
base-coord0-eps+0.1,push,pushing,1,30,ing,20,0.00012767352745868266,694
base-coord0-eps+0.1,push,pushing,1,30,ing,21,1.4845018995401915e-05,3756
base-coord0-eps+0.1,push,pushing,1,30,ing,22,0.0003938329464290291,157
base-coord0-eps+0.1,push,pushing,1,30,ing,23,1.831588269851636e-05,1717
base-coord0-eps+0.1,stone,stone,0,9557,▁stone,0,2.0004115867777728e-05,2436
base-coord0-eps+0.1,stone,stone,0,9557,▁stone,1,0.0005033124471083283,335
base-coord0-eps+0.1,stone,stone,0,9557,▁stone,2,0.00011465924035292119,793
base-coord0-eps+0.1,stone,stone,0,9557,▁stone,3,0.00011548065231181681,1029
base-coord0-eps+0.1,stone,stone,0,9557,▁stone,4,0.000278425490250811,282
base-coord0-eps+0.1,stone,stone,0,9557,▁stone,5,0.011916576884686947,1
base-coord0-eps+0.1,stone,stone,0,9557,▁stone,6,0.003609943436458707,22
base-coord0-eps+0.1,stone,stone,0,9557,▁stone,7,0.021046383306384087,1
base-coord0-eps+0.1,stone,stone,0,9557,▁stone,8,0.0006344917346723378,174
base-coord0-eps+0.1,stone,stone,0,9557,▁stone,9,0.00026755660655908287,260
base-coord0-eps+0.1,stone,stone,0,9557,▁stone,10,0.00032219142303802073,257
base-coord0-eps+0.1,stone,stone,0,9557,▁stone,11,0.0004886382375843823,279
base-coord0-eps+0.1,stone,stone,0,9557,▁stone,12,0.03114517219364643,1
base-coord0-eps+0.1,stone,stone,0,9557,▁stone,13,0.0008354268502444029,98
base-coord0-eps+0.1,stone,stone,0,9557,▁stone,14,1.7447694062866503e-06,428
base-coord0-eps+0.1,stone,stone,0,9557,▁stone,15,0.0010562761453911662,86
base-coord0-eps+0.1,stone,stone,0,9557,▁stone,16,0.0010437631281092763,50
base-coord0-eps+0.1,stone,stone,0,9557,▁stone,17,0.002597874728962779,15
base-coord0-eps+0.1,stone,stone,0,9557,▁stone,18,0.00290967570617795,37
base-coord0-eps+0.1,stone,stone,0,9557,▁stone,19,0.005814777221530676,21
base-coord0-eps+0.1,stone,stone,0,9557,▁stone,20,0.010092664510011673,4
base-coord0-eps+0.1,stone,stone,0,9557,▁stone,21,0.007571341935545206,12
base-coord0-eps+0.1,stone,stone,0,9557,▁stone,22,0.0013424651697278023,49
base-coord0-eps+0.1,stone,stone,0,9557,▁stone,23,0.003721425775438547,28
base-coord0-eps+0.1,stone,stones,0,19056,▁stones,0,7.321664725168375e-06,3746
base-coord0-eps+0.1,stone,stones,0,19056,▁stones,1,0.00034218307700939476,516
base-coord0-eps+0.1,stone,stones,0,19056,▁stones,2,1.4996936442912556e-05,3614
base-coord0-eps+0.1,stone,stones,0,19056,▁stones,3,3.1107927497942e-05,2744
base-coord0-eps+0.1,stone,stones,0,19056,▁stones,4,3.0303684980026446e-05,1428
base-coord0-eps+0.1,stone,stones,0,19056,▁stones,5,8.206960774259642e-05,1614
base-coord0-eps+0.1,stone,stones,0,19056,▁stones,6,1.5284214896382764e-05,2072
base-coord0-eps+0.1,stone,stones,0,19056,▁stones,7,0.0006101814797148108,246
base-coord0-eps+0.1,stone,stones,0,19056,▁stones,8,3.472658499958925e-05,1582
base-coord0-eps+0.1,stone,stones,0,19056,▁stones,9,2.5483141143922694e-05,1566
base-coord0-eps+0.1,stone,stones,0,19056,▁stones,10,6.893826503073797e-05,755
base-coord0-eps+0.1,stone,stones,0,19056,▁stones,11,2.4789953386061825e-05,1881
base-coord0-eps+0.1,stone,stones,0,19056,▁stones,12,0.0002325070818187669,741
base-coord0-eps+0.1,stone,stones,0,19056,▁stones,13,1.5454945241799578e-05,3153
base-coord0-eps+0.1,stone,stones,0,19056,▁stones,14,3.129000347712463e-08,8595
base-coord0-eps+0.1,stone,stones,0,19056,▁stones,15,1.3890797163185198e-05,3834
base-coord0-eps+0.1,stone,stones,0,19056,▁stones,16,0.0002704411162994802,152
base-coord0-eps+0.1,stone,stones,0,19056,▁stones,17,0.0010595083003863692,45
base-coord0-eps+0.1,stone,stones,0,19056,▁stones,18,0.0018525997875258327,68
base-coord0-eps+0.1,stone,stones,0,19056,▁stones,19,0.00045850087190046906,196
base-coord0-eps+0.1,stone,stones,0,19056,▁stones,20,0.002609562361612916,33
base-coord0-eps+0.1,stone,stones,0,19056,▁stones,21,0.0017814598977565765,83
base-coord0-eps+0.1,stone,stones,0,19056,▁stones,22,5.503171996679157e-05,676
base-coord0-eps+0.1,stone,stones,0,19056,▁stones,23,0.0004884270601905882,132
base-coord0-eps+0.1,stone,rock,0,8500,▁rock,0,1.8705094362303498e-06,6482
base-coord0-eps+0.1,stone,rock,0,8500,▁rock,1,9.711356688058004e-05,1735
base-coord0-eps+0.1,stone,rock,0,8500,▁rock,2,1.0687339454307221e-05,4433
base-coord0-eps+0.1,stone,rock,0,8500,▁rock,3,7.908131010481156e-06,6446
base-coord0-eps+0.1,stone,rock,0,8500,▁rock,4,4.310708027333021e-05,1140
base-coord0-eps+0.1,stone,rock,0,8500,▁rock,5,0.0009421651484444737,213
base-coord0-eps+0.1,stone,rock,0,8500,▁rock,6,8.252536645159125e-05,600
base-coord0-eps+0.1,stone,rock,0,8500,▁rock,7,0.0010860547190532088,136
base-coord0-eps+0.1,stone,rock,0,8500,▁rock,8,0.0004247751785442233,237
base-coord0-eps+0.1,stone,rock,0,8500,▁rock,9,0.00014257953444030136,433
base-coord0-eps+0.1,stone,rock,0,8500,▁rock,10,7.130841549951583e-05,741
base-coord0-eps+0.1,stone,rock,0,8500,▁rock,11,8.704914944246411e-05,933
base-coord0-eps+0.1,stone,rock,0,8500,▁rock,12,0.0016835699789226055,92
base-coord0-eps+0.1,stone,rock,0,8500,▁rock,13,0.00015383510617539287,613
base-coord0-eps+0.1,stone,rock,0,8500,▁rock,14,1.545127759072784e-07,3253
base-coord0-eps+0.1,stone,rock,0,8500,▁rock,15,0.00013177457731217146,823
base-coord0-eps+0.1,stone,rock,0,8500,▁rock,16,0.00018918447312898934,192
base-coord0-eps+0.1,stone,rock,0,8500,▁rock,17,0.0004831357509829104,98
base-coord0-eps+0.1,stone,rock,0,8500,▁rock,18,0.0035056062042713165,27
base-coord0-eps+0.1,stone,rock,0,8500,▁rock,19,0.0009388901526108384,110
base-coord0-eps+0.1,stone,rock,0,8500,▁rock,20,0.0009158176253549755,104
base-coord0-eps+0.1,stone,rock,0,8500,▁rock,21,0.0028750745113939047,49
base-coord0-eps+0.1,stone,rock,0,8500,▁rock,22,0.0001391165133100003,308
base-coord0-eps+0.1,stone,rock,0,8500,▁rock,23,0.0004488643608056009,140
base-coord0-eps+0.1,stone,rocks,0,8500,▁rock,0,1.8705094362303498e-06,6482
base-coord0-eps+0.1,stone,rocks,0,8500,▁rock,1,9.711356688058004e-05,1735
base-coord0-eps+0.1,stone,rocks,0,8500,▁rock,2,1.0687339454307221e-05,4433
base-coord0-eps+0.1,stone,rocks,0,8500,▁rock,3,7.908131010481156e-06,6446
base-coord0-eps+0.1,stone,rocks,0,8500,▁rock,4,4.310708027333021e-05,1140
base-coord0-eps+0.1,stone,rocks,0,8500,▁rock,5,0.0009421651484444737,213
base-coord0-eps+0.1,stone,rocks,0,8500,▁rock,6,8.252536645159125e-05,600
base-coord0-eps+0.1,stone,rocks,0,8500,▁rock,7,0.0010860547190532088,136
base-coord0-eps+0.1,stone,rocks,0,8500,▁rock,8,0.0004247751785442233,237
base-coord0-eps+0.1,stone,rocks,0,8500,▁rock,9,0.00014257953444030136,433
base-coord0-eps+0.1,stone,rocks,0,8500,▁rock,10,7.130841549951583e-05,741
base-coord0-eps+0.1,stone,rocks,0,8500,▁rock,11,8.704914944246411e-05,933
base-coord0-eps+0.1,stone,rocks,0,8500,▁rock,12,0.0016835699789226055,92
base-coord0-eps+0.1,stone,rocks,0,8500,▁rock,13,0.00015383510617539287,613
base-coord0-eps+0.1,stone,rocks,0,8500,▁rock,14,1.545127759072784e-07,3253
base-coord0-eps+0.1,stone,rocks,0,8500,▁rock,15,0.00013177457731217146,823
base-coord0-eps+0.1,stone,rocks,0,8500,▁rock,16,0.00018918447312898934,192
base-coord0-eps+0.1,stone,rocks,0,8500,▁rock,17,0.0004831357509829104,98
base-coord0-eps+0.1,stone,rocks,0,8500,▁rock,18,0.0035056062042713165,27
base-coord0-eps+0.1,stone,rocks,0,8500,▁rock,19,0.0009388901526108384,110
base-coord0-eps+0.1,stone,rocks,0,8500,▁rock,20,0.0009158176253549755,104
base-coord0-eps+0.1,stone,rocks,0,8500,▁rock,21,0.0028750745113939047,49
base-coord0-eps+0.1,stone,rocks,0,8500,▁rock,22,0.0001391165133100003,308
base-coord0-eps+0.1,stone,rocks,0,8500,▁rock,23,0.0004488643608056009,140
base-coord0-eps+0.1,stone,rocks,1,28561,s,0,4.369137604953721e-05,1564
base-coord0-eps+0.1,stone,rocks,1,28561,s,1,0.0003742969420272857,478
base-coord0-eps+0.1,stone,rocks,1,28561,s,2,0.0057218498550355434,29
base-coord0-eps+0.1,stone,rocks,1,28561,s,3,0.0005706609808839858,241
base-coord0-eps+0.1,stone,rocks,1,28561,s,4,3.5449058941594558e-06,5019
base-coord0-eps+0.1,stone,rocks,1,28561,s,5,3.5205765414048074e-08,29151
base-coord0-eps+0.1,stone,rocks,1,28561,s,6,1.571731991134584e-05,2040
base-coord0-eps+0.1,stone,rocks,1,28561,s,7,0.0010022484930232167,151
base-coord0-eps+0.1,stone,rocks,1,28561,s,8,3.1166866392595693e-05,1690
base-coord0-eps+0.1,stone,rocks,1,28561,s,9,5.944879740127362e-05,834
base-coord0-eps+0.1,stone,rocks,1,28561,s,10,0.0010125641711056232,110
base-coord0-eps+0.1,stone,rocks,1,28561,s,11,2.5540201022522524e-05,1862
base-coord0-eps+0.1,stone,rocks,1,28561,s,12,5.914085932090529e-08,27699
base-coord0-eps+0.1,stone,rocks,1,28561,s,13,7.422662747558206e-05,1122
base-coord0-eps+0.1,stone,rocks,1,28561,s,14,0.9917383790016174,1
base-coord0-eps+0.1,stone,rocks,1,28561,s,15,1.846734812716022e-05,3303
base-coord0-eps+0.1,stone,rocks,1,28561,s,16,0.00035603163996711373,119
base-coord0-eps+0.1,stone,rocks,1,28561,s,17,4.023716428491753e-06,4329
base-coord0-eps+0.1,stone,rocks,1,28561,s,18,5.3406918596010655e-05,1464
base-coord0-eps+0.1,stone,rocks,1,28561,s,19,0.00011910716420970857,527
base-coord0-eps+0.1,stone,rocks,1,28561,s,20,8.787091792328283e-05,952
base-coord0-eps+0.1,stone,rocks,1,28561,s,21,0.000437617622083053,361
base-coord0-eps+0.1,stone,rocks,1,28561,s,22,0.010080138221383095,11
base-coord0-eps+0.1,stone,rocks,1,28561,s,23,5.022958794143051e-05,818
base-coord0-eps+0.1,stone,boulder,0,34,▁b,0,0.00012086774950148538,779
base-coord0-eps+0.1,stone,boulder,0,34,▁b,1,0.0012125087669119239,110
base-coord0-eps+0.1,stone,boulder,0,34,▁b,2,0.0001419240579707548,654
base-coord0-eps+0.1,stone,boulder,0,34,▁b,3,0.00019145866099279374,678
base-coord0-eps+0.1,stone,boulder,0,34,▁b,4,0.00023292581317946315,330
base-coord0-eps+0.1,stone,boulder,0,34,▁b,5,0.0031335726380348206,44
base-coord0-eps+0.1,stone,boulder,0,34,▁b,6,0.0063987658359110355,15
base-coord0-eps+0.1,stone,boulder,0,34,▁b,7,0.00240508234128356,69
base-coord0-eps+0.1,stone,boulder,0,34,▁b,8,0.0016704845475032926,70
base-coord0-eps+0.1,stone,boulder,0,34,▁b,9,0.0005027829320169985,162
base-coord0-eps+0.1,stone,boulder,0,34,▁b,10,0.00034937530290335417,244
base-coord0-eps+0.1,stone,boulder,0,34,▁b,11,0.0004964906256645918,275
base-coord0-eps+0.1,stone,boulder,0,34,▁b,12,0.0024485266767442226,46
base-coord0-eps+0.1,stone,boulder,0,34,▁b,13,0.0007737090345472097,112
base-coord0-eps+0.1,stone,boulder,0,34,▁b,14,5.134577804710716e-06,152
base-coord0-eps+0.1,stone,boulder,0,34,▁b,15,0.0010753660462796688,83
base-coord0-eps+0.1,stone,boulder,0,34,▁b,16,0.0007618461386300623,62
base-coord0-eps+0.1,stone,boulder,0,34,▁b,17,0.0005662139155901968,84
base-coord0-eps+0.1,stone,boulder,0,34,▁b,18,0.0017646587220951915,70
base-coord0-eps+0.1,stone,boulder,0,34,▁b,19,0.008813162334263325,13
base-coord0-eps+0.1,stone,boulder,0,34,▁b,20,0.0027855299413204193,31
base-coord0-eps+0.1,stone,boulder,0,34,▁b,21,0.004379433114081621,31
base-coord0-eps+0.1,stone,boulder,0,34,▁b,22,0.0010106811532750726,61
base-coord0-eps+0.1,stone,boulder,0,34,▁b,23,0.0017222793539986014,46
base-coord0-eps+0.1,stone,boulder,1,356,ould,0,5.862733019057487e-07,11057
base-coord0-eps+0.1,stone,boulder,1,356,ould,1,6.327227310976014e-07,19237
base-coord0-eps+0.1,stone,boulder,1,356,ould,2,1.2524213843789767e-06,12788
base-coord0-eps+0.1,stone,boulder,1,356,ould,3,4.510225153353531e-06,8703
base-coord0-eps+0.1,stone,boulder,1,356,ould,4,1.0888282986343256e-06,8958
base-coord0-eps+0.1,stone,boulder,1,356,ould,5,1.5532172028542846e-06,10638
base-coord0-eps+0.1,stone,boulder,1,356,ould,6,4.109442102162575e-07,14299
base-coord0-eps+0.1,stone,boulder,1,356,ould,7,3.8464230556201073e-07,20755
base-coord0-eps+0.1,stone,boulder,1,356,ould,8,5.998509777782601e-08,25631
base-coord0-eps+0.1,stone,boulder,1,356,ould,9,2.7044400212616893e-06,6120
base-coord0-eps+0.1,stone,boulder,1,356,ould,10,2.1527832814172143e-06,6015
base-coord0-eps+0.1,stone,boulder,1,356,ould,11,1.297587004955858e-06,7699
base-coord0-eps+0.1,stone,boulder,1,356,ould,12,2.4776261398073984e-06,7847
base-coord0-eps+0.1,stone,boulder,1,356,ould,13,7.145170002331724e-07,15835
base-coord0-eps+0.1,stone,boulder,1,356,ould,14,3.886653487938929e-08,7608
base-coord0-eps+0.1,stone,boulder,1,356,ould,15,2.7587882414081832e-06,8501
base-coord0-eps+0.1,stone,boulder,1,356,ould,16,2.242510959149513e-07,15509
base-coord0-eps+0.1,stone,boulder,1,356,ould,17,2.345661869185278e-06,5721
base-coord0-eps+0.1,stone,boulder,1,356,ould,18,1.2659972981055034e-06,10053
base-coord0-eps+0.1,stone,boulder,1,356,ould,19,7.416501830448397e-07,11355
base-coord0-eps+0.1,stone,boulder,1,356,ould,20,5.172333885639091e-07,15066
base-coord0-eps+0.1,stone,boulder,1,356,ould,21,1.4104344927545753e-06,10859
base-coord0-eps+0.1,stone,boulder,1,356,ould,22,3.066888893954456e-06,4976
base-coord0-eps+0.1,stone,boulder,1,356,ould,23,5.112823373565334e-07,12444
base-coord0-eps+0.1,stone,boulder,2,8,er,0,3.0998744477983564e-06,5292
base-coord0-eps+0.1,stone,boulder,2,8,er,1,2.973697746710968e-06,10797
base-coord0-eps+0.1,stone,boulder,2,8,er,2,0.0039103273302316666,37
base-coord0-eps+0.1,stone,boulder,2,8,er,3,0.00016091339057311416,798
base-coord0-eps+0.1,stone,boulder,2,8,er,4,6.913463579394374e-08,23913
base-coord0-eps+0.1,stone,boulder,2,8,er,5,1.2053761565766763e-05,4163
base-coord0-eps+0.1,stone,boulder,2,8,er,6,2.8494692742242478e-05,1376
base-coord0-eps+0.1,stone,boulder,2,8,er,7,0.00022330718638841063,602
base-coord0-eps+0.1,stone,boulder,2,8,er,8,2.121406032529194e-05,2167
base-coord0-eps+0.1,stone,boulder,2,8,er,9,5.204140620662656e-07,13290
base-coord0-eps+0.1,stone,boulder,2,8,er,10,1.0829088523678365e-06,8595
base-coord0-eps+0.1,stone,boulder,2,8,er,11,3.518976825489517e-07,13915
base-coord0-eps+0.1,stone,boulder,2,8,er,12,1.1565534805413336e-05,3929
base-coord0-eps+0.1,stone,boulder,2,8,er,13,5.997238986310549e-05,1336
base-coord0-eps+0.1,stone,boulder,2,8,er,14,1.6087147741927765e-05,52
base-coord0-eps+0.1,stone,boulder,2,8,er,15,9.88592000794597e-05,1060
base-coord0-eps+0.1,stone,boulder,2,8,er,16,0.0004522119998000562,100
base-coord0-eps+0.1,stone,boulder,2,8,er,17,5.994482421556313e-07,10565
base-coord0-eps+0.1,stone,boulder,2,8,er,18,1.6014176935641444e-06,9133
base-coord0-eps+0.1,stone,boulder,2,8,er,19,2.1843396098120138e-05,1702
base-coord0-eps+0.1,stone,boulder,2,8,er,20,2.577405575721059e-05,2370
base-coord0-eps+0.1,stone,boulder,2,8,er,21,4.550177436613012e-06,6583
base-coord0-eps+0.1,stone,boulder,2,8,er,22,0.00017564470181241632,253
base-coord0-eps+0.1,stone,boulder,2,8,er,23,3.613057197071612e-05,1043
base-coord0-eps+0.1,stone,boulders,0,34,▁b,0,0.00012086774950148538,779
base-coord0-eps+0.1,stone,boulders,0,34,▁b,1,0.0012125087669119239,110
base-coord0-eps+0.1,stone,boulders,0,34,▁b,2,0.0001419240579707548,654
base-coord0-eps+0.1,stone,boulders,0,34,▁b,3,0.00019145866099279374,678
base-coord0-eps+0.1,stone,boulders,0,34,▁b,4,0.00023292581317946315,330
base-coord0-eps+0.1,stone,boulders,0,34,▁b,5,0.0031335726380348206,44
base-coord0-eps+0.1,stone,boulders,0,34,▁b,6,0.0063987658359110355,15
base-coord0-eps+0.1,stone,boulders,0,34,▁b,7,0.00240508234128356,69
base-coord0-eps+0.1,stone,boulders,0,34,▁b,8,0.0016704845475032926,70
base-coord0-eps+0.1,stone,boulders,0,34,▁b,9,0.0005027829320169985,162
base-coord0-eps+0.1,stone,boulders,0,34,▁b,10,0.00034937530290335417,244
base-coord0-eps+0.1,stone,boulders,0,34,▁b,11,0.0004964906256645918,275
base-coord0-eps+0.1,stone,boulders,0,34,▁b,12,0.0024485266767442226,46
base-coord0-eps+0.1,stone,boulders,0,34,▁b,13,0.0007737090345472097,112
base-coord0-eps+0.1,stone,boulders,0,34,▁b,14,5.134577804710716e-06,152
base-coord0-eps+0.1,stone,boulders,0,34,▁b,15,0.0010753660462796688,83
base-coord0-eps+0.1,stone,boulders,0,34,▁b,16,0.0007618461386300623,62
base-coord0-eps+0.1,stone,boulders,0,34,▁b,17,0.0005662139155901968,84
base-coord0-eps+0.1,stone,boulders,0,34,▁b,18,0.0017646587220951915,70
base-coord0-eps+0.1,stone,boulders,0,34,▁b,19,0.008813162334263325,13
base-coord0-eps+0.1,stone,boulders,0,34,▁b,20,0.0027855299413204193,31
base-coord0-eps+0.1,stone,boulders,0,34,▁b,21,0.004379433114081621,31
base-coord0-eps+0.1,stone,boulders,0,34,▁b,22,0.0010106811532750726,61
base-coord0-eps+0.1,stone,boulders,0,34,▁b,23,0.0017222793539986014,46
base-coord0-eps+0.1,stone,boulders,1,356,ould,0,5.862733019057487e-07,11057
base-coord0-eps+0.1,stone,boulders,1,356,ould,1,6.327227310976014e-07,19237
base-coord0-eps+0.1,stone,boulders,1,356,ould,2,1.2524213843789767e-06,12788
base-coord0-eps+0.1,stone,boulders,1,356,ould,3,4.510225153353531e-06,8703
base-coord0-eps+0.1,stone,boulders,1,356,ould,4,1.0888282986343256e-06,8958
base-coord0-eps+0.1,stone,boulders,1,356,ould,5,1.5532172028542846e-06,10638
base-coord0-eps+0.1,stone,boulders,1,356,ould,6,4.109442102162575e-07,14299
base-coord0-eps+0.1,stone,boulders,1,356,ould,7,3.8464230556201073e-07,20755
base-coord0-eps+0.1,stone,boulders,1,356,ould,8,5.998509777782601e-08,25631
base-coord0-eps+0.1,stone,boulders,1,356,ould,9,2.7044400212616893e-06,6120
base-coord0-eps+0.1,stone,boulders,1,356,ould,10,2.1527832814172143e-06,6015
base-coord0-eps+0.1,stone,boulders,1,356,ould,11,1.297587004955858e-06,7699
base-coord0-eps+0.1,stone,boulders,1,356,ould,12,2.4776261398073984e-06,7847
base-coord0-eps+0.1,stone,boulders,1,356,ould,13,7.145170002331724e-07,15835
base-coord0-eps+0.1,stone,boulders,1,356,ould,14,3.886653487938929e-08,7608
base-coord0-eps+0.1,stone,boulders,1,356,ould,15,2.7587882414081832e-06,8501
base-coord0-eps+0.1,stone,boulders,1,356,ould,16,2.242510959149513e-07,15509
base-coord0-eps+0.1,stone,boulders,1,356,ould,17,2.345661869185278e-06,5721
base-coord0-eps+0.1,stone,boulders,1,356,ould,18,1.2659972981055034e-06,10053
base-coord0-eps+0.1,stone,boulders,1,356,ould,19,7.416501830448397e-07,11355
base-coord0-eps+0.1,stone,boulders,1,356,ould,20,5.172333885639091e-07,15066
base-coord0-eps+0.1,stone,boulders,1,356,ould,21,1.4104344927545753e-06,10859
base-coord0-eps+0.1,stone,boulders,1,356,ould,22,3.066888893954456e-06,4976
base-coord0-eps+0.1,stone,boulders,1,356,ould,23,5.112823373565334e-07,12444
base-coord0-eps+0.1,stone,boulders,2,88,ers,0,2.7871280963154277e-06,5497
base-coord0-eps+0.1,stone,boulders,2,88,ers,1,2.124897946487181e-06,12314
base-coord0-eps+0.1,stone,boulders,2,88,ers,2,9.552139817969874e-05,929
base-coord0-eps+0.1,stone,boulders,2,88,ers,3,0.0016421782784163952,75
base-coord0-eps+0.1,stone,boulders,2,88,ers,4,5.323089453668217e-07,12428
base-coord0-eps+0.1,stone,boulders,2,88,ers,5,2.5443901208177522e-08,29706
base-coord0-eps+0.1,stone,boulders,2,88,ers,6,2.018648956436664e-06,6736
base-coord0-eps+0.1,stone,boulders,2,88,ers,7,2.473572749295272e-05,3090
base-coord0-eps+0.1,stone,boulders,2,88,ers,8,4.456040187506005e-06,5259
base-coord0-eps+0.1,stone,boulders,2,88,ers,9,7.002508937148377e-07,11753
base-coord0-eps+0.1,stone,boulders,2,88,ers,10,3.467202304818784e-06,4653
base-coord0-eps+0.1,stone,boulders,2,88,ers,11,1.047528144226817e-06,8490
base-coord0-eps+0.1,stone,boulders,2,88,ers,12,9.544332435496017e-09,30851
base-coord0-eps+0.1,stone,boulders,2,88,ers,13,6.885769607833936e-07,16066
base-coord0-eps+0.1,stone,boulders,2,88,ers,14,3.542850279814047e-08,8027
base-coord0-eps+0.1,stone,boulders,2,88,ers,15,1.3252378039396717e-07,26185
base-coord0-eps+0.1,stone,boulders,2,88,ers,16,5.469668030855246e-05,501
base-coord0-eps+0.1,stone,boulders,2,88,ers,17,1.2272572291749384e-07,19189
base-coord0-eps+0.1,stone,boulders,2,88,ers,18,1.3217191963121877e-07,22324
base-coord0-eps+0.1,stone,boulders,2,88,ers,19,3.431706500123255e-05,1261
base-coord0-eps+0.1,stone,boulders,2,88,ers,20,2.0915524146403186e-05,2675
base-coord0-eps+0.1,stone,boulders,2,88,ers,21,5.72805561205314e-07,15636
base-coord0-eps+0.1,stone,boulders,2,88,ers,22,0.0003562410129234195,167
base-coord0-eps+0.1,stone,boulders,2,88,ers,23,2.4225766992458375e-06,5877
base-coord28-eps+0.1,push,push,0,10766,▁push,0,1.8467017071088776e-07,18544
base-coord28-eps+0.1,push,push,0,10766,▁push,1,1.8917431589215994e-05,4970
base-coord28-eps+0.1,push,push,0,10766,▁push,2,6.581914021808188e-06,5830
base-coord28-eps+0.1,push,push,0,10766,▁push,3,7.1219546953216195e-06,6829
base-coord28-eps+0.1,push,push,0,10766,▁push,4,2.6918689400190488e-05,1568
base-coord28-eps+0.1,push,push,0,10766,▁push,5,7.378563896054402e-05,1713
base-coord28-eps+0.1,push,push,0,10766,▁push,6,5.055366273154505e-06,4050
base-coord28-eps+0.1,push,push,0,10766,▁push,7,1.1245429050177336e-05,4935
base-coord28-eps+0.1,push,push,0,10766,▁push,8,3.143152571283281e-05,1688
base-coord28-eps+0.1,push,push,0,10766,▁push,9,5.619100920739584e-05,873
base-coord28-eps+0.1,push,push,0,10766,▁push,10,1.7667762222117744e-05,1844
base-coord28-eps+0.1,push,push,0,10766,▁push,11,8.219553274102509e-05,973
base-coord28-eps+0.1,push,push,0,10766,▁push,12,0.00010804180783452466,1294
base-coord28-eps+0.1,push,push,0,10766,▁push,13,2.9510243621189147e-05,2145
base-coord28-eps+0.1,push,push,0,10766,▁push,14,2.9593948625006306e-07,2073
base-coord28-eps+0.1,push,push,0,10766,▁push,15,0.00011570581409614533,946
base-coord28-eps+0.1,push,push,0,10766,▁push,16,5.420477918960387e-06,2659
base-coord28-eps+0.1,push,push,0,10766,▁push,17,5.296137260302203e-06,3772
base-coord28-eps+0.1,push,push,0,10766,▁push,18,5.987237091176212e-05,1360
base-coord28-eps+0.1,push,push,0,10766,▁push,19,7.738894964859355e-06,3191
base-coord28-eps+0.1,push,push,0,10766,▁push,20,4.953892585035646e-06,5715
base-coord28-eps+0.1,push,push,0,10766,▁push,21,1.2476953997975215e-05,4148
base-coord28-eps+0.1,push,push,0,10766,▁push,22,3.55159750142775e-06,4561
base-coord28-eps+0.1,push,push,0,10766,▁push,23,4.753933808387956e-06,4028
base-coord28-eps+0.1,push,pushes,0,26,▁p,0,4.3440541048767045e-05,1575
base-coord28-eps+0.1,push,pushes,0,26,▁p,1,0.0015844048466533422,78
base-coord28-eps+0.1,push,pushes,0,26,▁p,2,0.00024241270148195326,420
base-coord28-eps+0.1,push,pushes,0,26,▁p,3,0.00027172028785571456,509
base-coord28-eps+0.1,push,pushes,0,26,▁p,4,0.0004679225676227361,172
base-coord28-eps+0.1,push,pushes,0,26,▁p,5,0.007510644383728504,11
base-coord28-eps+0.1,push,pushes,0,26,▁p,6,0.002002749592065811,38
base-coord28-eps+0.1,push,pushes,0,26,▁p,7,0.003906113328412175,37
base-coord28-eps+0.1,push,pushes,0,26,▁p,8,0.005710453726351261,23
base-coord28-eps+0.1,push,pushes,0,26,▁p,9,0.0009436887339688838,86
base-coord28-eps+0.1,push,pushes,0,26,▁p,10,0.0016011707484722137,71
base-coord28-eps+0.1,push,pushes,0,26,▁p,11,0.000944180937949568,153
base-coord28-eps+0.1,push,pushes,0,26,▁p,12,0.0026927213184535503,41
base-coord28-eps+0.1,push,pushes,0,26,▁p,13,0.0032542338594794273,28
base-coord28-eps+0.1,push,pushes,0,26,▁p,14,1.4710813957208302e-05,55
base-coord28-eps+0.1,push,pushes,0,26,▁p,15,0.0031978448387235403,23
base-coord28-eps+0.1,push,pushes,0,26,▁p,16,0.0007272994262166321,64
base-coord28-eps+0.1,push,pushes,0,26,▁p,17,0.001073611550964415,44
base-coord28-eps+0.1,push,pushes,0,26,▁p,18,0.004136429168283939,20
base-coord28-eps+0.1,push,pushes,0,26,▁p,19,0.0017312751151621342,68
base-coord28-eps+0.1,push,pushes,0,26,▁p,20,0.003659710520878434,15
base-coord28-eps+0.1,push,pushes,0,26,▁p,21,0.006497109774500132,15
base-coord28-eps+0.1,push,pushes,0,26,▁p,22,0.0005076894885860384,127
base-coord28-eps+0.1,push,pushes,0,26,▁p,23,0.0014636459527537227,51
base-coord28-eps+0.1,push,pushes,1,74,us,0,3.2614696010568878e-06,5201
base-coord28-eps+0.1,push,pushes,1,74,us,1,1.7418551578884944e-05,5173
base-coord28-eps+0.1,push,pushes,1,74,us,2,2.4961682356661186e-05,2606
base-coord28-eps+0.1,push,pushes,1,74,us,3,0.001559494179673493,80
base-coord28-eps+0.1,push,pushes,1,74,us,4,6.794717819502694e-07,11318
base-coord28-eps+0.1,push,pushes,1,74,us,5,8.085433364612982e-05,1633
base-coord28-eps+0.1,push,pushes,1,74,us,6,9.304593731940258e-06,2816
base-coord28-eps+0.1,push,pushes,1,74,us,7,4.746090780827217e-06,7598
base-coord28-eps+0.1,push,pushes,1,74,us,8,1.5696567061240785e-05,2578
base-coord28-eps+0.1,push,pushes,1,74,us,9,2.3465966023650253e-06,6593
base-coord28-eps+0.1,push,pushes,1,74,us,10,2.2872789884331723e-07,16836
base-coord28-eps+0.1,push,pushes,1,74,us,11,1.2453581348381704e-06,7858
base-coord28-eps+0.1,push,pushes,1,74,us,12,8.267373050330207e-05,1541
base-coord28-eps+0.1,push,pushes,1,74,us,13,3.4311968192923814e-05,1965
base-coord28-eps+0.1,push,pushes,1,74,us,14,1.4484131227732178e-08,12524
base-coord28-eps+0.1,push,pushes,1,74,us,15,2.529734410927631e-05,2800
base-coord28-eps+0.1,push,pushes,1,74,us,16,3.811921033047838e-06,3356
base-coord28-eps+0.1,push,pushes,1,74,us,17,2.0580514501489233e-06,6134
base-coord28-eps+0.1,push,pushes,1,74,us,18,6.184026460687164e-06,5090
base-coord28-eps+0.1,push,pushes,1,74,us,19,1.3681335985893384e-05,2278
base-coord28-eps+0.1,push,pushes,1,74,us,20,1.6675900042173453e-05,3044
base-coord28-eps+0.1,push,pushes,1,74,us,21,1.8314802218810655e-05,3363
base-coord28-eps+0.1,push,pushes,1,74,us,22,3.236242264392786e-05,1014
base-coord28-eps+0.1,push,pushes,1,74,us,23,2.932010602307855e-06,5342
base-coord28-eps+0.1,push,pushes,2,994,hes,0,2.2909398467163555e-07,17028
base-coord28-eps+0.1,push,pushes,2,994,hes,1,3.076325356232701e-06,10598
base-coord28-eps+0.1,push,pushes,2,994,hes,2,3.0535835549017065e-07,20696
base-coord28-eps+0.1,push,pushes,2,994,hes,3,1.1224919944652356e-05,5264
base-coord28-eps+0.1,push,pushes,2,994,hes,4,1.168905214399274e-06,8709
base-coord28-eps+0.1,push,pushes,2,994,hes,5,1.0775579539767932e-07,25842
base-coord28-eps+0.1,push,pushes,2,994,hes,6,1.209728225148865e-06,8706
base-coord28-eps+0.1,push,pushes,2,994,hes,7,4.997302767151268e-07,19296
base-coord28-eps+0.1,push,pushes,2,994,hes,8,5.759174541708489e-07,13680
base-coord28-eps+0.1,push,pushes,2,994,hes,9,1.0733916724348092e-06,9727
base-coord28-eps+0.1,push,pushes,2,994,hes,10,1.975450487634589e-07,17759
base-coord28-eps+0.1,push,pushes,2,994,hes,11,2.922306748587289e-06,5311
base-coord28-eps+0.1,push,pushes,2,994,hes,12,3.2384667747464846e-07,19293
base-coord28-eps+0.1,push,pushes,2,994,hes,13,5.345821705304843e-07,17820
base-coord28-eps+0.1,push,pushes,2,994,hes,14,1.1087716522695246e-08,14118
base-coord28-eps+0.1,push,pushes,2,994,hes,15,8.145148967741989e-06,5064
base-coord28-eps+0.1,push,pushes,2,994,hes,16,1.9726550817722455e-05,1100
base-coord28-eps+0.1,push,pushes,2,994,hes,17,8.139600140566472e-07,9222
base-coord28-eps+0.1,push,pushes,2,994,hes,18,1.021101752485265e-06,11028
base-coord28-eps+0.1,push,pushes,2,994,hes,19,1.2448173947632313e-05,2422
base-coord28-eps+0.1,push,pushes,2,994,hes,20,3.372119635969284e-06,6800
base-coord28-eps+0.1,push,pushes,2,994,hes,21,2.217912424384849e-06,9087
base-coord28-eps+0.1,push,pushes,2,994,hes,22,1.7138775376679405e-07,20126
base-coord28-eps+0.1,push,pushes,2,994,hes,23,5.392815527471839e-09,30520
base-coord28-eps+0.1,push,pushed,0,17595,▁pushed,0,4.052533597587171e-07,13200
base-coord28-eps+0.1,push,pushed,0,17595,▁pushed,1,2.5001643280120334e-06,11489
base-coord28-eps+0.1,push,pushed,0,17595,▁pushed,2,2.5140239813481458e-05,2597
base-coord28-eps+0.1,push,pushed,0,17595,▁pushed,3,1.837940544646699e-05,3882
base-coord28-eps+0.1,push,pushed,0,17595,▁pushed,4,5.151781806489453e-05,1018
base-coord28-eps+0.1,push,pushed,0,17595,▁pushed,5,2.242054279122385e-06,8985
base-coord28-eps+0.1,push,pushed,0,17595,▁pushed,6,3.086899596382864e-06,5300
base-coord28-eps+0.1,push,pushed,0,17595,▁pushed,7,3.1665176720707677e-06,9211
base-coord28-eps+0.1,push,pushed,0,17595,▁pushed,8,1.1297362107143272e-05,3105
base-coord28-eps+0.1,push,pushed,0,17595,▁pushed,9,2.1739600924775004e-05,1751
base-coord28-eps+0.1,push,pushed,0,17595,▁pushed,10,0.00013153253530617803,501
base-coord28-eps+0.1,push,pushed,0,17595,▁pushed,11,0.00026676891138777137,434
base-coord28-eps+0.1,push,pushed,0,17595,▁pushed,12,4.339940005593235e-06,6071
base-coord28-eps+0.1,push,pushed,0,17595,▁pushed,13,1.3593851690529846e-05,3445
base-coord28-eps+0.1,push,pushed,0,17595,▁pushed,14,2.455523997468845e-07,2376
base-coord28-eps+0.1,push,pushed,0,17595,▁pushed,15,9.996353583119344e-06,4582
base-coord28-eps+0.1,push,pushed,0,17595,▁pushed,16,6.208951617736602e-06,2405
base-coord28-eps+0.1,push,pushed,0,17595,▁pushed,17,1.1984639058937319e-06,7797
base-coord28-eps+0.1,push,pushed,0,17595,▁pushed,18,2.0380505247885594e-06,8305
base-coord28-eps+0.1,push,pushed,0,17595,▁pushed,19,8.442365469818469e-06,3036
base-coord28-eps+0.1,push,pushed,0,17595,▁pushed,20,1.0133295518244267e-06,11448
base-coord28-eps+0.1,push,pushed,0,17595,▁pushed,21,9.65956019172154e-07,12843
base-coord28-eps+0.1,push,pushed,0,17595,▁pushed,22,9.09652044356335e-06,2403
base-coord28-eps+0.1,push,pushed,0,17595,▁pushed,23,1.2175166375527624e-05,2276
base-coord28-eps+0.1,push,pushing,0,10766,▁push,0,1.8467017071088776e-07,18544
base-coord28-eps+0.1,push,pushing,0,10766,▁push,1,1.8917431589215994e-05,4970
base-coord28-eps+0.1,push,pushing,0,10766,▁push,2,6.581914021808188e-06,5830
base-coord28-eps+0.1,push,pushing,0,10766,▁push,3,7.1219546953216195e-06,6829
base-coord28-eps+0.1,push,pushing,0,10766,▁push,4,2.6918689400190488e-05,1568
base-coord28-eps+0.1,push,pushing,0,10766,▁push,5,7.378563896054402e-05,1713
base-coord28-eps+0.1,push,pushing,0,10766,▁push,6,5.055366273154505e-06,4050
base-coord28-eps+0.1,push,pushing,0,10766,▁push,7,1.1245429050177336e-05,4935
base-coord28-eps+0.1,push,pushing,0,10766,▁push,8,3.143152571283281e-05,1688
base-coord28-eps+0.1,push,pushing,0,10766,▁push,9,5.619100920739584e-05,873
base-coord28-eps+0.1,push,pushing,0,10766,▁push,10,1.7667762222117744e-05,1844
base-coord28-eps+0.1,push,pushing,0,10766,▁push,11,8.219553274102509e-05,973
base-coord28-eps+0.1,push,pushing,0,10766,▁push,12,0.00010804180783452466,1294
base-coord28-eps+0.1,push,pushing,0,10766,▁push,13,2.9510243621189147e-05,2145
base-coord28-eps+0.1,push,pushing,0,10766,▁push,14,2.9593948625006306e-07,2073
base-coord28-eps+0.1,push,pushing,0,10766,▁push,15,0.00011570581409614533,946
base-coord28-eps+0.1,push,pushing,0,10766,▁push,16,5.420477918960387e-06,2659
base-coord28-eps+0.1,push,pushing,0,10766,▁push,17,5.296137260302203e-06,3772
base-coord28-eps+0.1,push,pushing,0,10766,▁push,18,5.987237091176212e-05,1360
base-coord28-eps+0.1,push,pushing,0,10766,▁push,19,7.738894964859355e-06,3191
base-coord28-eps+0.1,push,pushing,0,10766,▁push,20,4.953892585035646e-06,5715
base-coord28-eps+0.1,push,pushing,0,10766,▁push,21,1.2476953997975215e-05,4148
base-coord28-eps+0.1,push,pushing,0,10766,▁push,22,3.55159750142775e-06,4561
base-coord28-eps+0.1,push,pushing,0,10766,▁push,23,4.753933808387956e-06,4028
base-coord28-eps+0.1,push,pushing,1,30,ing,0,2.5947633730538655e-06,5682
base-coord28-eps+0.1,push,pushing,1,30,ing,1,9.210247071678168e-07,16873
base-coord28-eps+0.1,push,pushing,1,30,ing,2,0.011385887861251831,12
base-coord28-eps+0.1,push,pushing,1,30,ing,3,3.9847065636422485e-05,2311
base-coord28-eps+0.1,push,pushing,1,30,ing,4,5.573180715146009e-06,3969
base-coord28-eps+0.1,push,pushing,1,30,ing,5,8.084561159193981e-06,5007
base-coord28-eps+0.1,push,pushing,1,30,ing,6,0.00023902099928818643,241
base-coord28-eps+0.1,push,pushing,1,30,ing,7,1.549013177282177e-05,4093
base-coord28-eps+0.1,push,pushing,1,30,ing,8,5.654443521052599e-05,1141
base-coord28-eps+0.1,push,pushing,1,30,ing,9,4.1159764805343e-05,1085
base-coord28-eps+0.1,push,pushing,1,30,ing,10,4.7497205741819926e-06,3961
base-coord28-eps+0.1,push,pushing,1,30,ing,11,1.1177119631611276e-05,2772
base-coord28-eps+0.1,push,pushing,1,30,ing,12,3.4617946766957175e-06,6763
base-coord28-eps+0.1,push,pushing,1,30,ing,13,0.00013287483307067305,699
base-coord28-eps+0.1,push,pushing,1,30,ing,14,1.2279348084121011e-05,66
base-coord28-eps+0.1,push,pushing,1,30,ing,15,2.789888094412163e-05,2654
base-coord28-eps+0.1,push,pushing,1,30,ing,16,0.08812220394611359,3
base-coord28-eps+0.1,push,pushing,1,30,ing,17,7.676835025449691e-07,9477
base-coord28-eps+0.1,push,pushing,1,30,ing,18,4.293279289413476e-06,6015
base-coord28-eps+0.1,push,pushing,1,30,ing,19,0.0005616445560008287,159
base-coord28-eps+0.1,push,pushing,1,30,ing,20,0.00012854757369495928,689
base-coord28-eps+0.1,push,pushing,1,30,ing,21,1.5050753972900566e-05,3757
base-coord28-eps+0.1,push,pushing,1,30,ing,22,0.0003967368393205106,157
base-coord28-eps+0.1,push,pushing,1,30,ing,23,1.852866989793256e-05,1691
base-coord28-eps+0.1,stone,stone,0,9557,▁stone,0,1.971859273908194e-05,2450
base-coord28-eps+0.1,stone,stone,0,9557,▁stone,1,0.00048292498104274273,350
base-coord28-eps+0.1,stone,stone,0,9557,▁stone,2,0.00011030481255147606,816
base-coord28-eps+0.1,stone,stone,0,9557,▁stone,3,0.00011513813660712913,1033
base-coord28-eps+0.1,stone,stone,0,9557,▁stone,4,0.00027816518559120595,282
base-coord28-eps+0.1,stone,stone,0,9557,▁stone,5,0.011828044429421425,1
base-coord28-eps+0.1,stone,stone,0,9557,▁stone,6,0.0035526605788618326,22
base-coord28-eps+0.1,stone,stone,0,9557,▁stone,7,0.020839739590883255,1
base-coord28-eps+0.1,stone,stone,0,9557,▁stone,8,0.0006222341326065361,177
base-coord28-eps+0.1,stone,stone,0,9557,▁stone,9,0.00027055529062636197,262
base-coord28-eps+0.1,stone,stone,0,9557,▁stone,10,0.00033025123411789536,258
base-coord28-eps+0.1,stone,stone,0,9557,▁stone,11,0.0004736582632176578,288
base-coord28-eps+0.1,stone,stone,0,9557,▁stone,12,0.030353974550962448,1
base-coord28-eps+0.1,stone,stone,0,9557,▁stone,13,0.000819287437479943,102
base-coord28-eps+0.1,stone,stone,0,9557,▁stone,14,1.7137572285719216e-06,432
base-coord28-eps+0.1,stone,stone,0,9557,▁stone,15,0.001036587986163795,87
base-coord28-eps+0.1,stone,stone,0,9557,▁stone,16,0.0010250243358314037,51
base-coord28-eps+0.1,stone,stone,0,9557,▁stone,17,0.002595712896436453,17
base-coord28-eps+0.1,stone,stone,0,9557,▁stone,18,0.0029234783723950386,37
base-coord28-eps+0.1,stone,stone,0,9557,▁stone,19,0.005803125910460949,21
base-coord28-eps+0.1,stone,stone,0,9557,▁stone,20,0.010015537030994892,4
base-coord28-eps+0.1,stone,stone,0,9557,▁stone,21,0.007650124840438366,11
base-coord28-eps+0.1,stone,stone,0,9557,▁stone,22,0.0013449155958369374,49
base-coord28-eps+0.1,stone,stone,0,9557,▁stone,23,0.00373307173140347,28
base-coord28-eps+0.1,stone,stones,0,19056,▁stones,0,7.645002369827125e-06,3697
base-coord28-eps+0.1,stone,stones,0,19056,▁stones,1,0.00034550376585684717,503
base-coord28-eps+0.1,stone,stones,0,19056,▁stones,2,1.5243484995153267e-05,3572
base-coord28-eps+0.1,stone,stones,0,19056,▁stones,3,3.286618448328227e-05,2647
base-coord28-eps+0.1,stone,stones,0,19056,▁stones,4,3.1364557798951864e-05,1406
base-coord28-eps+0.1,stone,stones,0,19056,▁stones,5,8.567409531679004e-05,1576
base-coord28-eps+0.1,stone,stones,0,19056,▁stones,6,1.5690478903707117e-05,2044
base-coord28-eps+0.1,stone,stones,0,19056,▁stones,7,0.0006220653303898871,241
base-coord28-eps+0.1,stone,stones,0,19056,▁stones,8,3.511487739160657e-05,1578
base-coord28-eps+0.1,stone,stones,0,19056,▁stones,9,2.656706601555925e-05,1526
base-coord28-eps+0.1,stone,stones,0,19056,▁stones,10,7.294095848919824e-05,740
base-coord28-eps+0.1,stone,stones,0,19056,▁stones,11,2.4909824787755497e-05,1888
base-coord28-eps+0.1,stone,stones,0,19056,▁stones,12,0.0002384938852628693,726
base-coord28-eps+0.1,stone,stones,0,19056,▁stones,13,1.5656039977329783e-05,3150
base-coord28-eps+0.1,stone,stones,0,19056,▁stones,14,3.2438226327258235e-08,8457
base-coord28-eps+0.1,stone,stones,0,19056,▁stones,15,1.429887652193429e-05,3837
base-coord28-eps+0.1,stone,stones,0,19056,▁stones,16,0.0002746129175648093,151
base-coord28-eps+0.1,stone,stones,0,19056,▁stones,17,0.001077844761312008,43
base-coord28-eps+0.1,stone,stones,0,19056,▁stones,18,0.0018765325658023357,67
base-coord28-eps+0.1,stone,stones,0,19056,▁stones,19,0.0004626171721611172,191
base-coord28-eps+0.1,stone,stones,0,19056,▁stones,20,0.002624297048896551,32
base-coord28-eps+0.1,stone,stones,0,19056,▁stones,21,0.0018085682531818748,81
base-coord28-eps+0.1,stone,stones,0,19056,▁stones,22,5.576430703513324e-05,672
base-coord28-eps+0.1,stone,stones,0,19056,▁stones,23,0.0004963887622579932,130
base-coord28-eps+0.1,stone,rock,0,8500,▁rock,0,1.941504024216556e-06,6407
base-coord28-eps+0.1,stone,rock,0,8500,▁rock,1,9.491476521361619e-05,1754
base-coord28-eps+0.1,stone,rock,0,8500,▁rock,2,1.0510459105717018e-05,4488
base-coord28-eps+0.1,stone,rock,0,8500,▁rock,3,7.931018444651272e-06,6444
base-coord28-eps+0.1,stone,rock,0,8500,▁rock,4,4.359960075817071e-05,1142
base-coord28-eps+0.1,stone,rock,0,8500,▁rock,5,0.0009692952153272927,203
base-coord28-eps+0.1,stone,rock,0,8500,▁rock,6,8.317394531331956e-05,597
base-coord28-eps+0.1,stone,rock,0,8500,▁rock,7,0.0010817553848028183,136
base-coord28-eps+0.1,stone,rock,0,8500,▁rock,8,0.00042043186840601265,242
base-coord28-eps+0.1,stone,rock,0,8500,▁rock,9,0.00014616722182836384,428
base-coord28-eps+0.1,stone,rock,0,8500,▁rock,10,7.360247400356457e-05,737
base-coord28-eps+0.1,stone,rock,0,8500,▁rock,11,8.718053868506104e-05,937
base-coord28-eps+0.1,stone,rock,0,8500,▁rock,12,0.0017010415904223919,89
base-coord28-eps+0.1,stone,rock,0,8500,▁rock,13,0.00015456497203558683,610
base-coord28-eps+0.1,stone,rock,0,8500,▁rock,14,1.545473509168005e-07,3262
base-coord28-eps+0.1,stone,rock,0,8500,▁rock,15,0.00013214188220445067,840
base-coord28-eps+0.1,stone,rock,0,8500,▁rock,16,0.00018932308012153953,192
base-coord28-eps+0.1,stone,rock,0,8500,▁rock,17,0.0004896263126283884,99
base-coord28-eps+0.1,stone,rock,0,8500,▁rock,18,0.0035526512656360865,26
base-coord28-eps+0.1,stone,rock,0,8500,▁rock,19,0.0009361330885440111,111
base-coord28-eps+0.1,stone,rock,0,8500,▁rock,20,0.0009184766677208245,105
base-coord28-eps+0.1,stone,rock,0,8500,▁rock,21,0.002918533282354474,49
base-coord28-eps+0.1,stone,rock,0,8500,▁rock,22,0.00014018136425875127,305
base-coord28-eps+0.1,stone,rock,0,8500,▁rock,23,0.00045150096411816776,140
base-coord28-eps+0.1,stone,rocks,0,8500,▁rock,0,1.941504024216556e-06,6407
base-coord28-eps+0.1,stone,rocks,0,8500,▁rock,1,9.491476521361619e-05,1754
base-coord28-eps+0.1,stone,rocks,0,8500,▁rock,2,1.0510459105717018e-05,4488
base-coord28-eps+0.1,stone,rocks,0,8500,▁rock,3,7.931018444651272e-06,6444
base-coord28-eps+0.1,stone,rocks,0,8500,▁rock,4,4.359960075817071e-05,1142
base-coord28-eps+0.1,stone,rocks,0,8500,▁rock,5,0.0009692952153272927,203
base-coord28-eps+0.1,stone,rocks,0,8500,▁rock,6,8.317394531331956e-05,597
base-coord28-eps+0.1,stone,rocks,0,8500,▁rock,7,0.0010817553848028183,136
base-coord28-eps+0.1,stone,rocks,0,8500,▁rock,8,0.00042043186840601265,242
base-coord28-eps+0.1,stone,rocks,0,8500,▁rock,9,0.00014616722182836384,428
base-coord28-eps+0.1,stone,rocks,0,8500,▁rock,10,7.360247400356457e-05,737
base-coord28-eps+0.1,stone,rocks,0,8500,▁rock,11,8.718053868506104e-05,937
base-coord28-eps+0.1,stone,rocks,0,8500,▁rock,12,0.0017010415904223919,89
base-coord28-eps+0.1,stone,rocks,0,8500,▁rock,13,0.00015456497203558683,610
base-coord28-eps+0.1,stone,rocks,0,8500,▁rock,14,1.545473509168005e-07,3262
base-coord28-eps+0.1,stone,rocks,0,8500,▁rock,15,0.00013214188220445067,840
base-coord28-eps+0.1,stone,rocks,0,8500,▁rock,16,0.00018932308012153953,192
base-coord28-eps+0.1,stone,rocks,0,8500,▁rock,17,0.0004896263126283884,99
base-coord28-eps+0.1,stone,rocks,0,8500,▁rock,18,0.0035526512656360865,26
base-coord28-eps+0.1,stone,rocks,0,8500,▁rock,19,0.0009361330885440111,111
base-coord28-eps+0.1,stone,rocks,0,8500,▁rock,20,0.0009184766677208245,105
base-coord28-eps+0.1,stone,rocks,0,8500,▁rock,21,0.002918533282354474,49
base-coord28-eps+0.1,stone,rocks,0,8500,▁rock,22,0.00014018136425875127,305
base-coord28-eps+0.1,stone,rocks,0,8500,▁rock,23,0.00045150096411816776,140
base-coord28-eps+0.1,stone,rocks,1,28561,s,0,4.447278115549125e-05,1548
base-coord28-eps+0.1,stone,rocks,1,28561,s,1,0.00037183158565312624,474
base-coord28-eps+0.1,stone,rocks,1,28561,s,2,0.005755072459578514,28
base-coord28-eps+0.1,stone,rocks,1,28561,s,3,0.0005652583786286414,246
base-coord28-eps+0.1,stone,rocks,1,28561,s,4,3.5687951367435744e-06,5031
base-coord28-eps+0.1,stone,rocks,1,28561,s,5,3.4249183045176324e-08,29213
base-coord28-eps+0.1,stone,rocks,1,28561,s,6,1.5785108189447783e-05,2032
base-coord28-eps+0.1,stone,rocks,1,28561,s,7,0.001001774799078703,150
base-coord28-eps+0.1,stone,rocks,1,28561,s,8,3.1141022191150114e-05,1702
base-coord28-eps+0.1,stone,rocks,1,28561,s,9,6.0419817600632086e-05,834
base-coord28-eps+0.1,stone,rocks,1,28561,s,10,0.0010410326067358255,107
base-coord28-eps+0.1,stone,rocks,1,28561,s,11,2.6036970666609704e-05,1850
base-coord28-eps+0.1,stone,rocks,1,28561,s,12,5.798858637717785e-08,27794
base-coord28-eps+0.1,stone,rocks,1,28561,s,13,7.393425767077133e-05,1134
base-coord28-eps+0.1,stone,rocks,1,28561,s,14,0.9917380213737488,1
base-coord28-eps+0.1,stone,rocks,1,28561,s,15,1.9418523152126e-05,3263
base-coord28-eps+0.1,stone,rocks,1,28561,s,16,0.00036653471761383116,119
base-coord28-eps+0.1,stone,rocks,1,28561,s,17,4.08993173550698e-06,4324
base-coord28-eps+0.1,stone,rocks,1,28561,s,18,5.4001186072127894e-05,1459
base-coord28-eps+0.1,stone,rocks,1,28561,s,19,0.0001195067452499643,524
base-coord28-eps+0.1,stone,rocks,1,28561,s,20,8.70696094352752e-05,961
base-coord28-eps+0.1,stone,rocks,1,28561,s,21,0.00043860095320269465,361
base-coord28-eps+0.1,stone,rocks,1,28561,s,22,0.010082823224365711,11
base-coord28-eps+0.1,stone,rocks,1,28561,s,23,5.064241850050166e-05,804
base-coord28-eps+0.1,stone,boulder,0,34,▁b,0,0.0001206050073960796,780
base-coord28-eps+0.1,stone,boulder,0,34,▁b,1,0.00119676161557436,111
base-coord28-eps+0.1,stone,boulder,0,34,▁b,2,0.00014136430399958044,656
base-coord28-eps+0.1,stone,boulder,0,34,▁b,3,0.00019311628420837224,673
base-coord28-eps+0.1,stone,boulder,0,34,▁b,4,0.00023691824753768742,328
base-coord28-eps+0.1,stone,boulder,0,34,▁b,5,0.0031472400296479464,42
base-coord28-eps+0.1,stone,boulder,0,34,▁b,6,0.00640388298779726,15
base-coord28-eps+0.1,stone,boulder,0,34,▁b,7,0.0024274797178804874,68
base-coord28-eps+0.1,stone,boulder,0,34,▁b,8,0.001681939116679132,72
base-coord28-eps+0.1,stone,boulder,0,34,▁b,9,0.0005136930267326534,158
base-coord28-eps+0.1,stone,boulder,0,34,▁b,10,0.0003597854811232537,246
base-coord28-eps+0.1,stone,boulder,0,34,▁b,11,0.000494407198857516,278
base-coord28-eps+0.1,stone,boulder,0,34,▁b,12,0.0024688986595720053,46
base-coord28-eps+0.1,stone,boulder,0,34,▁b,13,0.0007853215211071074,110
base-coord28-eps+0.1,stone,boulder,0,34,▁b,14,5.153831352799898e-06,151
base-coord28-eps+0.1,stone,boulder,0,34,▁b,15,0.0010980763472616673,83
base-coord28-eps+0.1,stone,boulder,0,34,▁b,16,0.0007703587180003524,62
base-coord28-eps+0.1,stone,boulder,0,34,▁b,17,0.0005716281593777239,84
base-coord28-eps+0.1,stone,boulder,0,34,▁b,18,0.0017774762818589807,70
base-coord28-eps+0.1,stone,boulder,0,34,▁b,19,0.00868941843509674,13
base-coord28-eps+0.1,stone,boulder,0,34,▁b,20,0.0027892994694411755,31
base-coord28-eps+0.1,stone,boulder,0,34,▁b,21,0.004401857499033213,31
base-coord28-eps+0.1,stone,boulder,0,34,▁b,22,0.001008473103865981,60
base-coord28-eps+0.1,stone,boulder,0,34,▁b,23,0.0017069786554202437,46
base-coord28-eps+0.1,stone,boulder,1,356,ould,0,5.805761702504242e-07,11170
base-coord28-eps+0.1,stone,boulder,1,356,ould,1,6.290362080108025e-07,19180
base-coord28-eps+0.1,stone,boulder,1,356,ould,2,1.2270761544641573e-06,12914
base-coord28-eps+0.1,stone,boulder,1,356,ould,3,4.476660706131952e-06,8753
base-coord28-eps+0.1,stone,boulder,1,356,ould,4,1.0837248964890023e-06,9029
base-coord28-eps+0.1,stone,boulder,1,356,ould,5,1.554491177557793e-06,10636
base-coord28-eps+0.1,stone,boulder,1,356,ould,6,4.164509448401077e-07,14245
base-coord28-eps+0.1,stone,boulder,1,356,ould,7,3.8993928797026456e-07,20741
base-coord28-eps+0.1,stone,boulder,1,356,ould,8,6.051028833553573e-08,25653
base-coord28-eps+0.1,stone,boulder,1,356,ould,9,2.7294431674818043e-06,6120
base-coord28-eps+0.1,stone,boulder,1,356,ould,10,2.1975590698275482e-06,6026
base-coord28-eps+0.1,stone,boulder,1,356,ould,11,1.3158811498215073e-06,7653
base-coord28-eps+0.1,stone,boulder,1,356,ould,12,2.52074642048683e-06,7806
base-coord28-eps+0.1,stone,boulder,1,356,ould,13,7.222453177746502e-07,15821
base-coord28-eps+0.1,stone,boulder,1,356,ould,14,3.9850949207220765e-08,7527
base-coord28-eps+0.1,stone,boulder,1,356,ould,15,2.917606252594851e-06,8400
base-coord28-eps+0.1,stone,boulder,1,356,ould,16,2.304042538980866e-07,15470
base-coord28-eps+0.1,stone,boulder,1,356,ould,17,2.42442479247984e-06,5661
base-coord28-eps+0.1,stone,boulder,1,356,ould,18,1.2828706985601457e-06,10064
base-coord28-eps+0.1,stone,boulder,1,356,ould,19,7.485390938199998e-07,11306
base-coord28-eps+0.1,stone,boulder,1,356,ould,20,5.236923357188061e-07,15067
base-coord28-eps+0.1,stone,boulder,1,356,ould,21,1.4060556168260518e-06,10928
base-coord28-eps+0.1,stone,boulder,1,356,ould,22,3.0996970963315107e-06,4947
base-coord28-eps+0.1,stone,boulder,1,356,ould,23,5.225242034612165e-07,12335
base-coord28-eps+0.1,stone,boulder,2,8,er,0,3.131124003630248e-06,5293
base-coord28-eps+0.1,stone,boulder,2,8,er,1,3.022623559445492e-06,10678
base-coord28-eps+0.1,stone,boulder,2,8,er,2,0.003933521453291178,38
base-coord28-eps+0.1,stone,boulder,2,8,er,3,0.00016202894039452076,796
base-coord28-eps+0.1,stone,boulder,2,8,er,4,6.900505411522317e-08,23968
base-coord28-eps+0.1,stone,boulder,2,8,er,5,1.1879400517500471e-05,4194
base-coord28-eps+0.1,stone,boulder,2,8,er,6,2.9270875529618934e-05,1348
base-coord28-eps+0.1,stone,boulder,2,8,er,7,0.0002269444230478257,595
base-coord28-eps+0.1,stone,boulder,2,8,er,8,2.1601848857244477e-05,2154
base-coord28-eps+0.1,stone,boulder,2,8,er,9,5.196714027988492e-07,13354
base-coord28-eps+0.1,stone,boulder,2,8,er,10,1.12572217858542e-06,8532
base-coord28-eps+0.1,stone,boulder,2,8,er,11,3.514201694088115e-07,13944
base-coord28-eps+0.1,stone,boulder,2,8,er,12,1.1637986062851269e-05,3921
base-coord28-eps+0.1,stone,boulder,2,8,er,13,6.235753244254738e-05,1300
base-coord28-eps+0.1,stone,boulder,2,8,er,14,1.6510311979800463e-05,52
base-coord28-eps+0.1,stone,boulder,2,8,er,15,0.00010245503654005006,1048
base-coord28-eps+0.1,stone,boulder,2,8,er,16,0.00046034649130888283,98
base-coord28-eps+0.1,stone,boulder,2,8,er,17,5.960296789453423e-07,10668
base-coord28-eps+0.1,stone,boulder,2,8,er,18,1.6155753428392927e-06,9163
base-coord28-eps+0.1,stone,boulder,2,8,er,19,2.2410988094634376e-05,1681
base-coord28-eps+0.1,stone,boulder,2,8,er,20,2.5808418286032975e-05,2378
base-coord28-eps+0.1,stone,boulder,2,8,er,21,4.650883965950925e-06,6558
base-coord28-eps+0.1,stone,boulder,2,8,er,22,0.00017538318934384733,254
base-coord28-eps+0.1,stone,boulder,2,8,er,23,3.653673411463387e-05,1034
base-coord28-eps+0.1,stone,boulders,0,34,▁b,0,0.0001206050073960796,780
base-coord28-eps+0.1,stone,boulders,0,34,▁b,1,0.00119676161557436,111
base-coord28-eps+0.1,stone,boulders,0,34,▁b,2,0.00014136430399958044,656
base-coord28-eps+0.1,stone,boulders,0,34,▁b,3,0.00019311628420837224,673
base-coord28-eps+0.1,stone,boulders,0,34,▁b,4,0.00023691824753768742,328
base-coord28-eps+0.1,stone,boulders,0,34,▁b,5,0.0031472400296479464,42
base-coord28-eps+0.1,stone,boulders,0,34,▁b,6,0.00640388298779726,15
base-coord28-eps+0.1,stone,boulders,0,34,▁b,7,0.0024274797178804874,68
base-coord28-eps+0.1,stone,boulders,0,34,▁b,8,0.001681939116679132,72
base-coord28-eps+0.1,stone,boulders,0,34,▁b,9,0.0005136930267326534,158
base-coord28-eps+0.1,stone,boulders,0,34,▁b,10,0.0003597854811232537,246
base-coord28-eps+0.1,stone,boulders,0,34,▁b,11,0.000494407198857516,278
base-coord28-eps+0.1,stone,boulders,0,34,▁b,12,0.0024688986595720053,46
base-coord28-eps+0.1,stone,boulders,0,34,▁b,13,0.0007853215211071074,110
base-coord28-eps+0.1,stone,boulders,0,34,▁b,14,5.153831352799898e-06,151
base-coord28-eps+0.1,stone,boulders,0,34,▁b,15,0.0010980763472616673,83
base-coord28-eps+0.1,stone,boulders,0,34,▁b,16,0.0007703587180003524,62
base-coord28-eps+0.1,stone,boulders,0,34,▁b,17,0.0005716281593777239,84
base-coord28-eps+0.1,stone,boulders,0,34,▁b,18,0.0017774762818589807,70
base-coord28-eps+0.1,stone,boulders,0,34,▁b,19,0.00868941843509674,13
base-coord28-eps+0.1,stone,boulders,0,34,▁b,20,0.0027892994694411755,31
base-coord28-eps+0.1,stone,boulders,0,34,▁b,21,0.004401857499033213,31
base-coord28-eps+0.1,stone,boulders,0,34,▁b,22,0.001008473103865981,60
base-coord28-eps+0.1,stone,boulders,0,34,▁b,23,0.0017069786554202437,46
base-coord28-eps+0.1,stone,boulders,1,356,ould,0,5.805761702504242e-07,11170
base-coord28-eps+0.1,stone,boulders,1,356,ould,1,6.290362080108025e-07,19180
base-coord28-eps+0.1,stone,boulders,1,356,ould,2,1.2270761544641573e-06,12914
base-coord28-eps+0.1,stone,boulders,1,356,ould,3,4.476660706131952e-06,8753
base-coord28-eps+0.1,stone,boulders,1,356,ould,4,1.0837248964890023e-06,9029
base-coord28-eps+0.1,stone,boulders,1,356,ould,5,1.554491177557793e-06,10636
base-coord28-eps+0.1,stone,boulders,1,356,ould,6,4.164509448401077e-07,14245
base-coord28-eps+0.1,stone,boulders,1,356,ould,7,3.8993928797026456e-07,20741
base-coord28-eps+0.1,stone,boulders,1,356,ould,8,6.051028833553573e-08,25653
base-coord28-eps+0.1,stone,boulders,1,356,ould,9,2.7294431674818043e-06,6120
base-coord28-eps+0.1,stone,boulders,1,356,ould,10,2.1975590698275482e-06,6026
base-coord28-eps+0.1,stone,boulders,1,356,ould,11,1.3158811498215073e-06,7653
base-coord28-eps+0.1,stone,boulders,1,356,ould,12,2.52074642048683e-06,7806
base-coord28-eps+0.1,stone,boulders,1,356,ould,13,7.222453177746502e-07,15821
base-coord28-eps+0.1,stone,boulders,1,356,ould,14,3.9850949207220765e-08,7527
base-coord28-eps+0.1,stone,boulders,1,356,ould,15,2.917606252594851e-06,8400
base-coord28-eps+0.1,stone,boulders,1,356,ould,16,2.304042538980866e-07,15470
base-coord28-eps+0.1,stone,boulders,1,356,ould,17,2.42442479247984e-06,5661
base-coord28-eps+0.1,stone,boulders,1,356,ould,18,1.2828706985601457e-06,10064
base-coord28-eps+0.1,stone,boulders,1,356,ould,19,7.485390938199998e-07,11306
base-coord28-eps+0.1,stone,boulders,1,356,ould,20,5.236923357188061e-07,15067
base-coord28-eps+0.1,stone,boulders,1,356,ould,21,1.4060556168260518e-06,10928
base-coord28-eps+0.1,stone,boulders,1,356,ould,22,3.0996970963315107e-06,4947
base-coord28-eps+0.1,stone,boulders,1,356,ould,23,5.225242034612165e-07,12335
base-coord28-eps+0.1,stone,boulders,2,88,ers,0,2.8260358249099227e-06,5499
base-coord28-eps+0.1,stone,boulders,2,88,ers,1,2.1782461772090755e-06,12130
base-coord28-eps+0.1,stone,boulders,2,88,ers,2,9.705366392154247e-05,920
base-coord28-eps+0.1,stone,boulders,2,88,ers,3,0.0016294600209221244,77
base-coord28-eps+0.1,stone,boulders,2,88,ers,4,5.330322210284066e-07,12498
base-coord28-eps+0.1,stone,boulders,2,88,ers,5,2.497042927984694e-08,29743
base-coord28-eps+0.1,stone,boulders,2,88,ers,6,2.0394675175339216e-06,6707
base-coord28-eps+0.1,stone,boulders,2,88,ers,7,2.4962699171737768e-05,3091
base-coord28-eps+0.1,stone,boulders,2,88,ers,8,4.567003088595811e-06,5200
base-coord28-eps+0.1,stone,boulders,2,88,ers,9,7.200955565167533e-07,11666
base-coord28-eps+0.1,stone,boulders,2,88,ers,10,3.6530316265270812e-06,4579
base-coord28-eps+0.1,stone,boulders,2,88,ers,11,1.0702822237362852e-06,8420
base-coord28-eps+0.1,stone,boulders,2,88,ers,12,9.574364412401337e-09,30858
base-coord28-eps+0.1,stone,boulders,2,88,ers,13,7.079800070641795e-07,15953
base-coord28-eps+0.1,stone,boulders,2,88,ers,14,3.6100733069588387e-08,7961
base-coord28-eps+0.1,stone,boulders,2,88,ers,15,1.392622408502575e-07,26141
base-coord28-eps+0.1,stone,boulders,2,88,ers,16,5.7219487644033507e-05,489
base-coord28-eps+0.1,stone,boulders,2,88,ers,17,1.2275991423393862e-07,19278
base-coord28-eps+0.1,stone,boulders,2,88,ers,18,1.334699106791959e-07,22400
base-coord28-eps+0.1,stone,boulders,2,88,ers,19,3.471873060334474e-05,1250
base-coord28-eps+0.1,stone,boulders,2,88,ers,20,2.0836647308897227e-05,2688
base-coord28-eps+0.1,stone,boulders,2,88,ers,21,5.854093956259021e-07,15602
base-coord28-eps+0.1,stone,boulders,2,88,ers,22,0.00035823098733089864,167
base-coord28-eps+0.1,stone,boulders,2,88,ers,23,2.4650948944326956e-06,5825
extra-coord0-eps+0.1,push,push,0,10766,▁push,0,1.8439760651745019e-07,18519
extra-coord0-eps+0.1,push,push,0,10766,▁push,1,1.9092229194939137e-05,4940
extra-coord0-eps+0.1,push,push,0,10766,▁push,2,6.544204097735928e-06,5841
extra-coord0-eps+0.1,push,push,0,10766,▁push,3,7.109593752829824e-06,6833
extra-coord0-eps+0.1,push,push,0,10766,▁push,4,2.652230250532739e-05,1573
extra-coord0-eps+0.1,push,push,0,10766,▁push,5,7.315989205380902e-05,1716
extra-coord0-eps+0.1,push,push,0,10766,▁push,6,5.032722583564464e-06,4043
extra-coord0-eps+0.1,push,push,0,10766,▁push,7,1.118555519497022e-05,4939
extra-coord0-eps+0.1,push,push,0,10766,▁push,8,3.131695484626107e-05,1688
extra-coord0-eps+0.1,push,push,0,10766,▁push,9,5.533561488846317e-05,882
extra-coord0-eps+0.1,push,push,0,10766,▁push,10,1.7412319721188396e-05,1839
extra-coord0-eps+0.1,push,push,0,10766,▁push,11,8.175280527211726e-05,976
extra-coord0-eps+0.1,push,push,0,10766,▁push,12,0.00010849688987946138,1287
extra-coord0-eps+0.1,push,push,0,10766,▁push,13,2.9389344490482472e-05,2152
extra-coord0-eps+0.1,push,push,0,10766,▁push,14,2.9548479574259545e-07,2083
extra-coord0-eps+0.1,push,push,0,10766,▁push,15,0.00011395931505830958,943
extra-coord0-eps+0.1,push,push,0,10766,▁push,16,5.3648418543161824e-06,2650
extra-coord0-eps+0.1,push,push,0,10766,▁push,17,5.298383257468231e-06,3761
extra-coord0-eps+0.1,push,push,0,10766,▁push,18,6.067045978852548e-05,1343
extra-coord0-eps+0.1,push,push,0,10766,▁push,19,7.852824637666345e-06,3175
extra-coord0-eps+0.1,push,push,0,10766,▁push,20,4.922056632494787e-06,5718
extra-coord0-eps+0.1,push,push,0,10766,▁push,21,1.2482833881222177e-05,4147
extra-coord0-eps+0.1,push,push,0,10766,▁push,22,3.566201712601469e-06,4551
extra-coord0-eps+0.1,push,push,0,10766,▁push,23,4.72272040497046e-06,4044
extra-coord0-eps+0.1,push,pushes,0,26,▁p,0,4.391490074340254e-05,1565
extra-coord0-eps+0.1,push,pushes,0,26,▁p,1,0.0015708451392129064,78
extra-coord0-eps+0.1,push,pushes,0,26,▁p,2,0.00024121122260112315,420
extra-coord0-eps+0.1,push,pushes,0,26,▁p,3,0.0002694393624551594,510
extra-coord0-eps+0.1,push,pushes,0,26,▁p,4,0.00046267121797427535,173
extra-coord0-eps+0.1,push,pushes,0,26,▁p,5,0.007475579157471657,11
extra-coord0-eps+0.1,push,pushes,0,26,▁p,6,0.0020108798053115606,38
extra-coord0-eps+0.1,push,pushes,0,26,▁p,7,0.003918034955859184,37
extra-coord0-eps+0.1,push,pushes,0,26,▁p,8,0.005694784689694643,23
extra-coord0-eps+0.1,push,pushes,0,26,▁p,9,0.0009288747096434236,87
extra-coord0-eps+0.1,push,pushes,0,26,▁p,10,0.0015686405822634697,71
extra-coord0-eps+0.1,push,pushes,0,26,▁p,11,0.0009356389055028558,156
extra-coord0-eps+0.1,push,pushes,0,26,▁p,12,0.0026710107922554016,41
extra-coord0-eps+0.1,push,pushes,0,26,▁p,13,0.0032435038592666388,28
extra-coord0-eps+0.1,push,pushes,0,26,▁p,14,1.4805912542215083e-05,55
extra-coord0-eps+0.1,push,pushes,0,26,▁p,15,0.0031553988810628653,23
extra-coord0-eps+0.1,push,pushes,0,26,▁p,16,0.0007232390926219523,65
extra-coord0-eps+0.1,push,pushes,0,26,▁p,17,0.0010729031637310982,45
extra-coord0-eps+0.1,push,pushes,0,26,▁p,18,0.004152939189225435,20
extra-coord0-eps+0.1,push,pushes,0,26,▁p,19,0.0017411564476788044,68
extra-coord0-eps+0.1,push,pushes,0,26,▁p,20,0.0036621931940317154,15
extra-coord0-eps+0.1,push,pushes,0,26,▁p,21,0.006505721714347601,15
extra-coord0-eps+0.1,push,pushes,0,26,▁p,22,0.0005077809910289943,126
extra-coord0-eps+0.1,push,pushes,0,26,▁p,23,0.0014725900255143642,50
extra-coord0-eps+0.1,push,pushes,1,74,us,0,3.2224218102783198e-06,5217
extra-coord0-eps+0.1,push,pushes,1,74,us,1,1.731730480969418e-05,5188
extra-coord0-eps+0.1,push,pushes,1,74,us,2,2.459121787978802e-05,2629
extra-coord0-eps+0.1,push,pushes,1,74,us,3,0.0015365227591246367,80
extra-coord0-eps+0.1,push,pushes,1,74,us,4,6.705366786263767e-07,11354
extra-coord0-eps+0.1,push,pushes,1,74,us,5,8.14578597783111e-05,1617
extra-coord0-eps+0.1,push,pushes,1,74,us,6,9.244534339813981e-06,2818
extra-coord0-eps+0.1,push,pushes,1,74,us,7,4.780627932632342e-06,7562
extra-coord0-eps+0.1,push,pushes,1,74,us,8,1.563168734719511e-05,2581
extra-coord0-eps+0.1,push,pushes,1,74,us,9,2.3309899006562773e-06,6592
extra-coord0-eps+0.1,push,pushes,1,74,us,10,2.255432747233499e-07,16788
extra-coord0-eps+0.1,push,pushes,1,74,us,11,1.2428640729922336e-06,7839
extra-coord0-eps+0.1,push,pushes,1,74,us,12,8.322684880113229e-05,1531
extra-coord0-eps+0.1,push,pushes,1,74,us,13,3.4385619073873386e-05,1955
extra-coord0-eps+0.1,push,pushes,1,74,us,14,1.4595890718283044e-08,12485
extra-coord0-eps+0.1,push,pushes,1,74,us,15,2.5075256417039782e-05,2768
extra-coord0-eps+0.1,push,pushes,1,74,us,16,3.781335408348241e-06,3342
extra-coord0-eps+0.1,push,pushes,1,74,us,17,2.074886651826091e-06,6084
extra-coord0-eps+0.1,push,pushes,1,74,us,18,6.290984401857713e-06,5039
extra-coord0-eps+0.1,push,pushes,1,74,us,19,1.367275672237156e-05,2281
extra-coord0-eps+0.1,push,pushes,1,74,us,20,1.675313978921622e-05,3027
extra-coord0-eps+0.1,push,pushes,1,74,us,21,1.8549715605331585e-05,3336
extra-coord0-eps+0.1,push,pushes,1,74,us,22,3.2831700082169846e-05,1003
extra-coord0-eps+0.1,push,pushes,1,74,us,23,2.949872396129649e-06,5319
extra-coord0-eps+0.1,push,pushes,2,994,hes,0,2.2913445718586445e-07,16991
extra-coord0-eps+0.1,push,pushes,2,994,hes,1,3.095239890171797e-06,10567
extra-coord0-eps+0.1,push,pushes,2,994,hes,2,2.99086906352386e-07,20767
extra-coord0-eps+0.1,push,pushes,2,994,hes,3,1.1223749424971174e-05,5251
extra-coord0-eps+0.1,push,pushes,2,994,hes,4,1.183969970952603e-06,8622
extra-coord0-eps+0.1,push,pushes,2,994,hes,5,1.0822532914289695e-07,25782
extra-coord0-eps+0.1,push,pushes,2,994,hes,6,1.2207028703414835e-06,8636
extra-coord0-eps+0.1,push,pushes,2,994,hes,7,5.073069928585028e-07,19180
extra-coord0-eps+0.1,push,pushes,2,994,hes,8,5.810746301904146e-07,13593
extra-coord0-eps+0.1,push,pushes,2,994,hes,9,1.0722241086114082e-06,9689
extra-coord0-eps+0.1,push,pushes,2,994,hes,10,1.9504626891375665e-07,17714
extra-coord0-eps+0.1,push,pushes,2,994,hes,11,2.9576444831036497e-06,5273
extra-coord0-eps+0.1,push,pushes,2,994,hes,12,3.2629998258926207e-07,19200
extra-coord0-eps+0.1,push,pushes,2,994,hes,13,5.397712925514497e-07,17712
extra-coord0-eps+0.1,push,pushes,2,994,hes,14,1.1142198275138071e-08,14097
extra-coord0-eps+0.1,push,pushes,2,994,hes,15,7.871152774896473e-06,5091
extra-coord0-eps+0.1,push,pushes,2,994,hes,16,1.9519380657584406e-05,1100
extra-coord0-eps+0.1,push,pushes,2,994,hes,17,7.977527616276348e-07,9282
extra-coord0-eps+0.1,push,pushes,2,994,hes,18,1.0382466371083865e-06,10952
extra-coord0-eps+0.1,push,pushes,2,994,hes,19,1.2692569725913927e-05,2383
extra-coord0-eps+0.1,push,pushes,2,994,hes,20,3.394274244783446e-06,6760
extra-coord0-eps+0.1,push,pushes,2,994,hes,21,2.2635947516391752e-06,8994
extra-coord0-eps+0.1,push,pushes,2,994,hes,22,1.7400088836438954e-07,20014
extra-coord0-eps+0.1,push,pushes,2,994,hes,23,5.44831735282969e-09,30510
extra-coord0-eps+0.1,push,pushed,0,17595,▁pushed,0,4.0527237388232606e-07,13180
extra-coord0-eps+0.1,push,pushed,0,17595,▁pushed,1,2.5170145363517804e-06,11442
extra-coord0-eps+0.1,push,pushed,0,17595,▁pushed,2,2.4963354007923044e-05,2606
extra-coord0-eps+0.1,push,pushed,0,17595,▁pushed,3,1.8199430996901356e-05,3892
extra-coord0-eps+0.1,push,pushed,0,17595,▁pushed,4,5.114721352583729e-05,1019
extra-coord0-eps+0.1,push,pushed,0,17595,▁pushed,5,2.236550926681957e-06,8967
extra-coord0-eps+0.1,push,pushed,0,17595,▁pushed,6,3.1046831736603053e-06,5268
extra-coord0-eps+0.1,push,pushed,0,17595,▁pushed,7,3.1797048904991243e-06,9173
extra-coord0-eps+0.1,push,pushed,0,17595,▁pushed,8,1.1344996892148629e-05,3092
extra-coord0-eps+0.1,push,pushed,0,17595,▁pushed,9,2.1592937628156506e-05,1752
extra-coord0-eps+0.1,push,pushed,0,17595,▁pushed,10,0.00013027459499426186,499
extra-coord0-eps+0.1,push,pushed,0,17595,▁pushed,11,0.00026566218002699316,438
extra-coord0-eps+0.1,push,pushed,0,17595,▁pushed,12,4.372070179670118e-06,6043
extra-coord0-eps+0.1,push,pushed,0,17595,▁pushed,13,1.3648936146637425e-05,3419
extra-coord0-eps+0.1,push,pushed,0,17595,▁pushed,14,2.470220010764024e-07,2364
extra-coord0-eps+0.1,push,pushed,0,17595,▁pushed,15,9.8528480521054e-06,4561
extra-coord0-eps+0.1,push,pushed,0,17595,▁pushed,16,6.173640485940268e-06,2391
extra-coord0-eps+0.1,push,pushed,0,17595,▁pushed,17,1.1973381788266124e-06,7764
extra-coord0-eps+0.1,push,pushed,0,17595,▁pushed,18,2.0754132492584176e-06,8238
extra-coord0-eps+0.1,push,pushed,0,17595,▁pushed,19,8.613337740825955e-06,3001
extra-coord0-eps+0.1,push,pushed,0,17595,▁pushed,20,1.0123853826371487e-06,11425
extra-coord0-eps+0.1,push,pushed,0,17595,▁pushed,21,9.779016636457527e-07,12755
extra-coord0-eps+0.1,push,pushed,0,17595,▁pushed,22,9.186576789943501e-06,2393
extra-coord0-eps+0.1,push,pushed,0,17595,▁pushed,23,1.2159890502516646e-05,2272
extra-coord0-eps+0.1,push,pushing,0,10766,▁push,0,1.8439760651745019e-07,18519
extra-coord0-eps+0.1,push,pushing,0,10766,▁push,1,1.9092229194939137e-05,4940
extra-coord0-eps+0.1,push,pushing,0,10766,▁push,2,6.544204097735928e-06,5841
extra-coord0-eps+0.1,push,pushing,0,10766,▁push,3,7.109593752829824e-06,6833
extra-coord0-eps+0.1,push,pushing,0,10766,▁push,4,2.652230250532739e-05,1573
extra-coord0-eps+0.1,push,pushing,0,10766,▁push,5,7.315989205380902e-05,1716
extra-coord0-eps+0.1,push,pushing,0,10766,▁push,6,5.032722583564464e-06,4043
extra-coord0-eps+0.1,push,pushing,0,10766,▁push,7,1.118555519497022e-05,4939
extra-coord0-eps+0.1,push,pushing,0,10766,▁push,8,3.131695484626107e-05,1688
extra-coord0-eps+0.1,push,pushing,0,10766,▁push,9,5.533561488846317e-05,882
extra-coord0-eps+0.1,push,pushing,0,10766,▁push,10,1.7412319721188396e-05,1839
extra-coord0-eps+0.1,push,pushing,0,10766,▁push,11,8.175280527211726e-05,976
extra-coord0-eps+0.1,push,pushing,0,10766,▁push,12,0.00010849688987946138,1287
extra-coord0-eps+0.1,push,pushing,0,10766,▁push,13,2.9389344490482472e-05,2152
extra-coord0-eps+0.1,push,pushing,0,10766,▁push,14,2.9548479574259545e-07,2083
extra-coord0-eps+0.1,push,pushing,0,10766,▁push,15,0.00011395931505830958,943
extra-coord0-eps+0.1,push,pushing,0,10766,▁push,16,5.3648418543161824e-06,2650
extra-coord0-eps+0.1,push,pushing,0,10766,▁push,17,5.298383257468231e-06,3761
extra-coord0-eps+0.1,push,pushing,0,10766,▁push,18,6.067045978852548e-05,1343
extra-coord0-eps+0.1,push,pushing,0,10766,▁push,19,7.852824637666345e-06,3175
extra-coord0-eps+0.1,push,pushing,0,10766,▁push,20,4.922056632494787e-06,5718
extra-coord0-eps+0.1,push,pushing,0,10766,▁push,21,1.2482833881222177e-05,4147
extra-coord0-eps+0.1,push,pushing,0,10766,▁push,22,3.566201712601469e-06,4551
extra-coord0-eps+0.1,push,pushing,0,10766,▁push,23,4.72272040497046e-06,4044
extra-coord0-eps+0.1,push,pushing,1,30,ing,0,2.5585463845345657e-06,5708
extra-coord0-eps+0.1,push,pushing,1,30,ing,1,9.122188657784136e-07,16909
extra-coord0-eps+0.1,push,pushing,1,30,ing,2,0.01120749581605196,12
extra-coord0-eps+0.1,push,pushing,1,30,ing,3,3.9498590922448784e-05,2322
extra-coord0-eps+0.1,push,pushing,1,30,ing,4,5.549698471440934e-06,3966
extra-coord0-eps+0.1,push,pushing,1,30,ing,5,8.17466207081452e-06,4969
extra-coord0-eps+0.1,push,pushing,1,30,ing,6,0.00023632007651031017,247
extra-coord0-eps+0.1,push,pushing,1,30,ing,7,1.5494817489525303e-05,4075
extra-coord0-eps+0.1,push,pushing,1,30,ing,8,5.616863927571103e-05,1140
extra-coord0-eps+0.1,push,pushing,1,30,ing,9,4.145023558521643e-05,1076
extra-coord0-eps+0.1,push,pushing,1,30,ing,10,4.607381470123073e-06,3988
extra-coord0-eps+0.1,push,pushing,1,30,ing,11,1.1075085240008775e-05,2775
extra-coord0-eps+0.1,push,pushing,1,30,ing,12,3.457517095739604e-06,6739
extra-coord0-eps+0.1,push,pushing,1,30,ing,13,0.00013022596249356866,711
extra-coord0-eps+0.1,push,pushing,1,30,ing,14,1.2211728062538896e-05,66
extra-coord0-eps+0.1,push,pushing,1,30,ing,15,2.728351864789147e-05,2655
extra-coord0-eps+0.1,push,pushing,1,30,ing,16,0.0857306644320488,3
extra-coord0-eps+0.1,push,pushing,1,30,ing,17,7.650505722267553e-07,9447
extra-coord0-eps+0.1,push,pushing,1,30,ing,18,4.337400696385885e-06,5975
extra-coord0-eps+0.1,push,pushing,1,30,ing,19,0.0005511858034878969,161
extra-coord0-eps+0.1,push,pushing,1,30,ing,20,0.00012774887727573514,693
extra-coord0-eps+0.1,push,pushing,1,30,ing,21,1.512469862063881e-05,3733
extra-coord0-eps+0.1,push,pushing,1,30,ing,22,0.00039353317697532475,158
extra-coord0-eps+0.1,push,pushing,1,30,ing,23,1.838622301875148e-05,1699
extra-coord0-eps+0.1,stone,stone,0,9557,▁stone,0,1.9557217456167564e-05,2461
extra-coord0-eps+0.1,stone,stone,0,9557,▁stone,1,0.0004721595032606274,357
extra-coord0-eps+0.1,stone,stone,0,9557,▁stone,2,0.00010930018470389768,822
extra-coord0-eps+0.1,stone,stone,0,9557,▁stone,3,0.00011290262045804411,1052
extra-coord0-eps+0.1,stone,stone,0,9557,▁stone,4,0.0002752563450485468,284
extra-coord0-eps+0.1,stone,stone,0,9557,▁stone,5,0.011623653583228588,2
extra-coord0-eps+0.1,stone,stone,0,9557,▁stone,6,0.003562202909961343,22
extra-coord0-eps+0.1,stone,stone,0,9557,▁stone,7,0.02060631662607193,1
extra-coord0-eps+0.1,stone,stone,0,9557,▁stone,8,0.0006175001035444438,179
extra-coord0-eps+0.1,stone,stone,0,9557,▁stone,9,0.0002685051877051592,262
extra-coord0-eps+0.1,stone,stone,0,9557,▁stone,10,0.00032372429268434644,258
extra-coord0-eps+0.1,stone,stone,0,9557,▁stone,11,0.00046752108028158545,290
extra-coord0-eps+0.1,stone,stone,0,9557,▁stone,12,0.030553949996829033,1
extra-coord0-eps+0.1,stone,stone,0,9557,▁stone,13,0.0008302158094011247,98
extra-coord0-eps+0.1,stone,stone,0,9557,▁stone,14,1.7511379155621398e-06,427
extra-coord0-eps+0.1,stone,stone,0,9557,▁stone,15,0.001036861096508801,87
extra-coord0-eps+0.1,stone,stone,0,9557,▁stone,16,0.0010294795501977205,50
extra-coord0-eps+0.1,stone,stone,0,9557,▁stone,17,0.0025917573366314173,16
extra-coord0-eps+0.1,stone,stone,0,9557,▁stone,18,0.0028759439010173082,40
extra-coord0-eps+0.1,stone,stone,0,9557,▁stone,19,0.005739135667681694,22
extra-coord0-eps+0.1,stone,stone,0,9557,▁stone,20,0.009935136884450912,4
extra-coord0-eps+0.1,stone,stone,0,9557,▁stone,21,0.00752682751044631,11
extra-coord0-eps+0.1,stone,stone,0,9557,▁stone,22,0.0013291103532537818,49
extra-coord0-eps+0.1,stone,stone,0,9557,▁stone,23,0.003703028429299593,28
extra-coord0-eps+0.1,stone,stones,0,19056,▁stones,0,7.489404197258409e-06,3723
extra-coord0-eps+0.1,stone,stones,0,19056,▁stones,1,0.0003408628690522164,512
extra-coord0-eps+0.1,stone,stones,0,19056,▁stones,2,1.5093389265530277e-05,3593
extra-coord0-eps+0.1,stone,stones,0,19056,▁stones,3,3.1949952244758606e-05,2691
extra-coord0-eps+0.1,stone,stones,0,19056,▁stones,4,3.097582157352008e-05,1413
extra-coord0-eps+0.1,stone,stones,0,19056,▁stones,5,8.374087337870151e-05,1592
extra-coord0-eps+0.1,stone,stones,0,19056,▁stones,6,1.5748111763969064e-05,2033
extra-coord0-eps+0.1,stone,stones,0,19056,▁stones,7,0.0006207464612089097,241
extra-coord0-eps+0.1,stone,stones,0,19056,▁stones,8,3.503347761579789e-05,1576
extra-coord0-eps+0.1,stone,stones,0,19056,▁stones,9,2.633654366945848e-05,1533
extra-coord0-eps+0.1,stone,stones,0,19056,▁stones,10,7.16986323823221e-05,740
extra-coord0-eps+0.1,stone,stones,0,19056,▁stones,11,2.4629100153106265e-05,1890
extra-coord0-eps+0.1,stone,stones,0,19056,▁stones,12,0.00023736758157610893,727
extra-coord0-eps+0.1,stone,stones,0,19056,▁stones,13,1.5900091966614127e-05,3111
extra-coord0-eps+0.1,stone,stones,0,19056,▁stones,14,3.2603402644326707e-08,8441
extra-coord0-eps+0.1,stone,stones,0,19056,▁stones,15,1.4113417819316965e-05,3825
extra-coord0-eps+0.1,stone,stones,0,19056,▁stones,16,0.00027468643384054303,151
extra-coord0-eps+0.1,stone,stones,0,19056,▁stones,17,0.001079574110917747,43
extra-coord0-eps+0.1,stone,stones,0,19056,▁stones,18,0.001861299853771925,68
extra-coord0-eps+0.1,stone,stones,0,19056,▁stones,19,0.0004602695698849857,194
extra-coord0-eps+0.1,stone,stones,0,19056,▁stones,20,0.002619024133309722,32
extra-coord0-eps+0.1,stone,stones,0,19056,▁stones,21,0.0017937427619472146,83
extra-coord0-eps+0.1,stone,stones,0,19056,▁stones,22,5.5233442253666e-05,676
extra-coord0-eps+0.1,stone,stones,0,19056,▁stones,23,0.000490489648655057,131
extra-coord0-eps+0.1,stone,rock,0,8500,▁rock,0,1.9159722342010355e-06,6435
extra-coord0-eps+0.1,stone,rock,0,8500,▁rock,1,9.396029054187238e-05,1767
extra-coord0-eps+0.1,stone,rock,0,8500,▁rock,2,1.0465079867572058e-05,4494
extra-coord0-eps+0.1,stone,rock,0,8500,▁rock,3,7.83032282924978e-06,6479
extra-coord0-eps+0.1,stone,rock,0,8500,▁rock,4,4.283608723198995e-05,1150
extra-coord0-eps+0.1,stone,rock,0,8500,▁rock,5,0.0009486812632530928,209
extra-coord0-eps+0.1,stone,rock,0,8500,▁rock,6,8.34683160064742e-05,597
extra-coord0-eps+0.1,stone,rock,0,8500,▁rock,7,0.001077056280337274,137
extra-coord0-eps+0.1,stone,rock,0,8500,▁rock,8,0.00042130015208385885,243
extra-coord0-eps+0.1,stone,rock,0,8500,▁rock,9,0.0001444833178538829,427
extra-coord0-eps+0.1,stone,rock,0,8500,▁rock,10,7.266475586220622e-05,733
extra-coord0-eps+0.1,stone,rock,0,8500,▁rock,11,8.600242290413007e-05,940
extra-coord0-eps+0.1,stone,rock,0,8500,▁rock,12,0.0016966210678219795,90
extra-coord0-eps+0.1,stone,rock,0,8500,▁rock,13,0.00015632958093192428,609
extra-coord0-eps+0.1,stone,rock,0,8500,▁rock,14,1.5759547977722832e-07,3232
extra-coord0-eps+0.1,stone,rock,0,8500,▁rock,15,0.00013276377285365015,824
extra-coord0-eps+0.1,stone,rock,0,8500,▁rock,16,0.00019055427401326597,192
extra-coord0-eps+0.1,stone,rock,0,8500,▁rock,17,0.00048498326214030385,100
extra-coord0-eps+0.1,stone,rock,0,8500,▁rock,18,0.003508784109726548,26
extra-coord0-eps+0.1,stone,rock,0,8500,▁rock,19,0.0009333030902780592,110
extra-coord0-eps+0.1,stone,rock,0,8500,▁rock,20,0.0009093678090721369,105
extra-coord0-eps+0.1,stone,rock,0,8500,▁rock,21,0.0028721296694129705,49
extra-coord0-eps+0.1,stone,rock,0,8500,▁rock,22,0.00013882493658456951,309
extra-coord0-eps+0.1,stone,rock,0,8500,▁rock,23,0.000446916907094419,140
extra-coord0-eps+0.1,stone,rocks,0,8500,▁rock,0,1.9159722342010355e-06,6435
extra-coord0-eps+0.1,stone,rocks,0,8500,▁rock,1,9.396029054187238e-05,1767
extra-coord0-eps+0.1,stone,rocks,0,8500,▁rock,2,1.0465079867572058e-05,4494
extra-coord0-eps+0.1,stone,rocks,0,8500,▁rock,3,7.83032282924978e-06,6479
extra-coord0-eps+0.1,stone,rocks,0,8500,▁rock,4,4.283608723198995e-05,1150
extra-coord0-eps+0.1,stone,rocks,0,8500,▁rock,5,0.0009486812632530928,209
extra-coord0-eps+0.1,stone,rocks,0,8500,▁rock,6,8.34683160064742e-05,597
extra-coord0-eps+0.1,stone,rocks,0,8500,▁rock,7,0.001077056280337274,137
extra-coord0-eps+0.1,stone,rocks,0,8500,▁rock,8,0.00042130015208385885,243
extra-coord0-eps+0.1,stone,rocks,0,8500,▁rock,9,0.0001444833178538829,427
extra-coord0-eps+0.1,stone,rocks,0,8500,▁rock,10,7.266475586220622e-05,733
extra-coord0-eps+0.1,stone,rocks,0,8500,▁rock,11,8.600242290413007e-05,940
extra-coord0-eps+0.1,stone,rocks,0,8500,▁rock,12,0.0016966210678219795,90
extra-coord0-eps+0.1,stone,rocks,0,8500,▁rock,13,0.00015632958093192428,609
extra-coord0-eps+0.1,stone,rocks,0,8500,▁rock,14,1.5759547977722832e-07,3232
extra-coord0-eps+0.1,stone,rocks,0,8500,▁rock,15,0.00013276377285365015,824
extra-coord0-eps+0.1,stone,rocks,0,8500,▁rock,16,0.00019055427401326597,192
extra-coord0-eps+0.1,stone,rocks,0,8500,▁rock,17,0.00048498326214030385,100
extra-coord0-eps+0.1,stone,rocks,0,8500,▁rock,18,0.003508784109726548,26
extra-coord0-eps+0.1,stone,rocks,0,8500,▁rock,19,0.0009333030902780592,110
extra-coord0-eps+0.1,stone,rocks,0,8500,▁rock,20,0.0009093678090721369,105
extra-coord0-eps+0.1,stone,rocks,0,8500,▁rock,21,0.0028721296694129705,49
extra-coord0-eps+0.1,stone,rocks,0,8500,▁rock,22,0.00013882493658456951,309
extra-coord0-eps+0.1,stone,rocks,0,8500,▁rock,23,0.000446916907094419,140
extra-coord0-eps+0.1,stone,rocks,1,28561,s,0,4.414012437337078e-05,1560
extra-coord0-eps+0.1,stone,rocks,1,28561,s,1,0.0003642197116278112,481
extra-coord0-eps+0.1,stone,rocks,1,28561,s,2,0.005668021738529205,29
extra-coord0-eps+0.1,stone,rocks,1,28561,s,3,0.0005610120133496821,248
extra-coord0-eps+0.1,stone,rocks,1,28561,s,4,3.5295479392516427e-06,5049
extra-coord0-eps+0.1,stone,rocks,1,28561,s,5,3.465845210826046e-08,29177
extra-coord0-eps+0.1,stone,rocks,1,28561,s,6,1.560960845381487e-05,2048
extra-coord0-eps+0.1,stone,rocks,1,28561,s,7,0.0009923665784299374,153
extra-coord0-eps+0.1,stone,rocks,1,28561,s,8,3.089931851718575e-05,1709
extra-coord0-eps+0.1,stone,rocks,1,28561,s,9,5.946541568846442e-05,834
extra-coord0-eps+0.1,stone,rocks,1,28561,s,10,0.0010162910912185907,111
extra-coord0-eps+0.1,stone,rocks,1,28561,s,11,2.567033880040981e-05,1854
extra-coord0-eps+0.1,stone,rocks,1,28561,s,12,5.8723440332641985e-08,27722
extra-coord0-eps+0.1,stone,rocks,1,28561,s,13,7.393908163066953e-05,1126
extra-coord0-eps+0.1,stone,rocks,1,28561,s,14,0.9916791319847107,1
extra-coord0-eps+0.1,stone,rocks,1,28561,s,15,1.8864004232455045e-05,3280
extra-coord0-eps+0.1,stone,rocks,1,28561,s,16,0.0003586536622606218,119
extra-coord0-eps+0.1,stone,rocks,1,28561,s,17,4.045566129207145e-06,4325
extra-coord0-eps+0.1,stone,rocks,1,28561,s,18,5.38957683602348e-05,1463
extra-coord0-eps+0.1,stone,rocks,1,28561,s,19,0.0001197726815007627,525
extra-coord0-eps+0.1,stone,rocks,1,28561,s,20,8.813558088149875e-05,946
extra-coord0-eps+0.1,stone,rocks,1,28561,s,21,0.00044046982657164335,360
extra-coord0-eps+0.1,stone,rocks,1,28561,s,22,0.010057021863758564,11
extra-coord0-eps+0.1,stone,rocks,1,28561,s,23,5.0300794100621715e-05,811
extra-coord0-eps+0.1,stone,boulder,0,34,▁b,0,0.00012213396257720888,771
extra-coord0-eps+0.1,stone,boulder,0,34,▁b,1,0.001198310754261911,110
extra-coord0-eps+0.1,stone,boulder,0,34,▁b,2,0.00014217112038750201,653
extra-coord0-eps+0.1,stone,boulder,0,34,▁b,3,0.00019308186892885715,677
extra-coord0-eps+0.1,stone,boulder,0,34,▁b,4,0.00023516512010246515,328
extra-coord0-eps+0.1,stone,boulder,0,34,▁b,5,0.00314060365781188,41
extra-coord0-eps+0.1,stone,boulder,0,34,▁b,6,0.0064186775125563145,15
extra-coord0-eps+0.1,stone,boulder,0,34,▁b,7,0.0024187383241951466,68
extra-coord0-eps+0.1,stone,boulder,0,34,▁b,8,0.0016807259526103735,74
extra-coord0-eps+0.1,stone,boulder,0,34,▁b,9,0.0005055143847130239,162
extra-coord0-eps+0.1,stone,boulder,0,34,▁b,10,0.00035326997749507427,244
extra-coord0-eps+0.1,stone,boulder,0,34,▁b,11,0.0004948316491208971,277
extra-coord0-eps+0.1,stone,boulder,0,34,▁b,12,0.002455550478771329,46
extra-coord0-eps+0.1,stone,boulder,0,34,▁b,13,0.0007816419238224626,110
extra-coord0-eps+0.1,stone,boulder,0,34,▁b,14,5.179516392672667e-06,153
extra-coord0-eps+0.1,stone,boulder,0,34,▁b,15,0.0010821730829775333,83
extra-coord0-eps+0.1,stone,boulder,0,34,▁b,16,0.0007671450730413198,62
extra-coord0-eps+0.1,stone,boulder,0,34,▁b,17,0.0005707802483811975,84
extra-coord0-eps+0.1,stone,boulder,0,34,▁b,18,0.0017883870750665665,70
extra-coord0-eps+0.1,stone,boulder,0,34,▁b,19,0.008819990791380405,13
extra-coord0-eps+0.1,stone,boulder,0,34,▁b,20,0.0027911171782761812,31
extra-coord0-eps+0.1,stone,boulder,0,34,▁b,21,0.004425948020070791,31
extra-coord0-eps+0.1,stone,boulder,0,34,▁b,22,0.001015100977383554,60
extra-coord0-eps+0.1,stone,boulder,0,34,▁b,23,0.0017178140114992857,46
extra-coord0-eps+0.1,stone,boulder,1,356,ould,0,5.825696121064539e-07,11141
extra-coord0-eps+0.1,stone,boulder,1,356,ould,1,6.182449965308479e-07,19245
extra-coord0-eps+0.1,stone,boulder,1,356,ould,2,1.2248279972482123e-06,12879
extra-coord0-eps+0.1,stone,boulder,1,356,ould,3,4.4176440496812575e-06,8793
extra-coord0-eps+0.1,stone,boulder,1,356,ould,4,1.0785074664454442e-06,9031
extra-coord0-eps+0.1,stone,boulder,1,356,ould,5,1.5359369172074366e-06,10673
extra-coord0-eps+0.1,stone,boulder,1,356,ould,6,4.0963982428365853e-07,14303
extra-coord0-eps+0.1,stone,boulder,1,356,ould,7,3.857496437831287e-07,20766
extra-coord0-eps+0.1,stone,boulder,1,356,ould,8,5.954437654054345e-08,25683
extra-coord0-eps+0.1,stone,boulder,1,356,ould,9,2.7357755243428983e-06,6076
extra-coord0-eps+0.1,stone,boulder,1,356,ould,10,2.173929033233435e-06,5986
extra-coord0-eps+0.1,stone,boulder,1,356,ould,11,1.2884925126854796e-06,7705
extra-coord0-eps+0.1,stone,boulder,1,356,ould,12,2.4872872472769814e-06,7834
extra-coord0-eps+0.1,stone,boulder,1,356,ould,13,7.174155030043039e-07,15820
extra-coord0-eps+0.1,stone,boulder,1,356,ould,14,3.957069338866859e-08,7570
extra-coord0-eps+0.1,stone,boulder,1,356,ould,15,2.8004553769278573e-06,8475
extra-coord0-eps+0.1,stone,boulder,1,356,ould,16,2.2579953906642913e-07,15485
extra-coord0-eps+0.1,stone,boulder,1,356,ould,17,2.376238626311533e-06,5690
extra-coord0-eps+0.1,stone,boulder,1,356,ould,18,1.2801525599570596e-06,10056
extra-coord0-eps+0.1,stone,boulder,1,356,ould,19,7.496487341995817e-07,11307
extra-coord0-eps+0.1,stone,boulder,1,356,ould,20,5.198521648708265e-07,15065
extra-coord0-eps+0.1,stone,boulder,1,356,ould,21,1.4241148846849683e-06,10863
extra-coord0-eps+0.1,stone,boulder,1,356,ould,22,3.0956525733927265e-06,4956
extra-coord0-eps+0.1,stone,boulder,1,356,ould,23,5.17792102527892e-07,12378
extra-coord0-eps+0.1,stone,boulder,2,8,er,0,3.1287934234569548e-06,5286
extra-coord0-eps+0.1,stone,boulder,2,8,er,1,2.9560428629338276e-06,10739
extra-coord0-eps+0.1,stone,boulder,2,8,er,2,0.0038415337912738323,38
extra-coord0-eps+0.1,stone,boulder,2,8,er,3,0.0001587001170264557,810
extra-coord0-eps+0.1,stone,boulder,2,8,er,4,6.845385058795728e-08,23978
extra-coord0-eps+0.1,stone,boulder,2,8,er,5,1.1823695786006283e-05,4193
extra-coord0-eps+0.1,stone,boulder,2,8,er,6,2.8311727874097414e-05,1382
extra-coord0-eps+0.1,stone,boulder,2,8,er,7,0.00022381919552572072,605
extra-coord0-eps+0.1,stone,boulder,2,8,er,8,2.1135256247362122e-05,2177
extra-coord0-eps+0.1,stone,boulder,2,8,er,9,5.160749765309447e-07,13336
extra-coord0-eps+0.1,stone,boulder,2,8,er,10,1.0783757034005248e-06,8629
extra-coord0-eps+0.1,stone,boulder,2,8,er,11,3.4714545904535044e-07,13973
extra-coord0-eps+0.1,stone,boulder,2,8,er,12,1.1470560821180698e-05,3937
extra-coord0-eps+0.1,stone,boulder,2,8,er,13,6.042166569386609e-05,1334
extra-coord0-eps+0.1,stone,boulder,2,8,er,14,1.6174177289940417e-05,52
extra-coord0-eps+0.1,stone,boulder,2,8,er,15,9.860992577159777e-05,1064
extra-coord0-eps+0.1,stone,boulder,2,8,er,16,0.00044969268492423,100
extra-coord0-eps+0.1,stone,boulder,2,8,er,17,5.950309400759579e-07,10626
extra-coord0-eps+0.1,stone,boulder,2,8,er,18,1.6212736682064133e-06,9134
extra-coord0-eps+0.1,stone,boulder,2,8,er,19,2.1942300008959137e-05,1700
extra-coord0-eps+0.1,stone,boulder,2,8,er,20,2.569739444879815e-05,2375
extra-coord0-eps+0.1,stone,boulder,2,8,er,21,4.6203849706216715e-06,6564
extra-coord0-eps+0.1,stone,boulder,2,8,er,22,0.00017578565166331828,254
extra-coord0-eps+0.1,stone,boulder,2,8,er,23,3.634235690697096e-05,1036
extra-coord0-eps+0.1,stone,boulders,0,34,▁b,0,0.00012213396257720888,771
extra-coord0-eps+0.1,stone,boulders,0,34,▁b,1,0.001198310754261911,110
extra-coord0-eps+0.1,stone,boulders,0,34,▁b,2,0.00014217112038750201,653
extra-coord0-eps+0.1,stone,boulders,0,34,▁b,3,0.00019308186892885715,677
extra-coord0-eps+0.1,stone,boulders,0,34,▁b,4,0.00023516512010246515,328
extra-coord0-eps+0.1,stone,boulders,0,34,▁b,5,0.00314060365781188,41
extra-coord0-eps+0.1,stone,boulders,0,34,▁b,6,0.0064186775125563145,15
extra-coord0-eps+0.1,stone,boulders,0,34,▁b,7,0.0024187383241951466,68
extra-coord0-eps+0.1,stone,boulders,0,34,▁b,8,0.0016807259526103735,74
extra-coord0-eps+0.1,stone,boulders,0,34,▁b,9,0.0005055143847130239,162
extra-coord0-eps+0.1,stone,boulders,0,34,▁b,10,0.00035326997749507427,244
extra-coord0-eps+0.1,stone,boulders,0,34,▁b,11,0.0004948316491208971,277
extra-coord0-eps+0.1,stone,boulders,0,34,▁b,12,0.002455550478771329,46
extra-coord0-eps+0.1,stone,boulders,0,34,▁b,13,0.0007816419238224626,110
extra-coord0-eps+0.1,stone,boulders,0,34,▁b,14,5.179516392672667e-06,153
extra-coord0-eps+0.1,stone,boulders,0,34,▁b,15,0.0010821730829775333,83
extra-coord0-eps+0.1,stone,boulders,0,34,▁b,16,0.0007671450730413198,62
extra-coord0-eps+0.1,stone,boulders,0,34,▁b,17,0.0005707802483811975,84
extra-coord0-eps+0.1,stone,boulders,0,34,▁b,18,0.0017883870750665665,70
extra-coord0-eps+0.1,stone,boulders,0,34,▁b,19,0.008819990791380405,13
extra-coord0-eps+0.1,stone,boulders,0,34,▁b,20,0.0027911171782761812,31
extra-coord0-eps+0.1,stone,boulders,0,34,▁b,21,0.004425948020070791,31
extra-coord0-eps+0.1,stone,boulders,0,34,▁b,22,0.001015100977383554,60
extra-coord0-eps+0.1,stone,boulders,0,34,▁b,23,0.0017178140114992857,46
extra-coord0-eps+0.1,stone,boulders,1,356,ould,0,5.825696121064539e-07,11141
extra-coord0-eps+0.1,stone,boulders,1,356,ould,1,6.182449965308479e-07,19245
extra-coord0-eps+0.1,stone,boulders,1,356,ould,2,1.2248279972482123e-06,12879
extra-coord0-eps+0.1,stone,boulders,1,356,ould,3,4.4176440496812575e-06,8793
extra-coord0-eps+0.1,stone,boulders,1,356,ould,4,1.0785074664454442e-06,9031
extra-coord0-eps+0.1,stone,boulders,1,356,ould,5,1.5359369172074366e-06,10673
extra-coord0-eps+0.1,stone,boulders,1,356,ould,6,4.0963982428365853e-07,14303
extra-coord0-eps+0.1,stone,boulders,1,356,ould,7,3.857496437831287e-07,20766
extra-coord0-eps+0.1,stone,boulders,1,356,ould,8,5.954437654054345e-08,25683
extra-coord0-eps+0.1,stone,boulders,1,356,ould,9,2.7357755243428983e-06,6076
extra-coord0-eps+0.1,stone,boulders,1,356,ould,10,2.173929033233435e-06,5986
extra-coord0-eps+0.1,stone,boulders,1,356,ould,11,1.2884925126854796e-06,7705
extra-coord0-eps+0.1,stone,boulders,1,356,ould,12,2.4872872472769814e-06,7834
extra-coord0-eps+0.1,stone,boulders,1,356,ould,13,7.174155030043039e-07,15820
extra-coord0-eps+0.1,stone,boulders,1,356,ould,14,3.957069338866859e-08,7570
extra-coord0-eps+0.1,stone,boulders,1,356,ould,15,2.8004553769278573e-06,8475
extra-coord0-eps+0.1,stone,boulders,1,356,ould,16,2.2579953906642913e-07,15485
extra-coord0-eps+0.1,stone,boulders,1,356,ould,17,2.376238626311533e-06,5690
extra-coord0-eps+0.1,stone,boulders,1,356,ould,18,1.2801525599570596e-06,10056
extra-coord0-eps+0.1,stone,boulders,1,356,ould,19,7.496487341995817e-07,11307
extra-coord0-eps+0.1,stone,boulders,1,356,ould,20,5.198521648708265e-07,15065
extra-coord0-eps+0.1,stone,boulders,1,356,ould,21,1.4241148846849683e-06,10863
extra-coord0-eps+0.1,stone,boulders,1,356,ould,22,3.0956525733927265e-06,4956
extra-coord0-eps+0.1,stone,boulders,1,356,ould,23,5.17792102527892e-07,12378
extra-coord0-eps+0.1,stone,boulders,2,88,ers,0,2.8095416837459197e-06,5494
extra-coord0-eps+0.1,stone,boulders,2,88,ers,1,2.1292612473189365e-06,12209
extra-coord0-eps+0.1,stone,boulders,2,88,ers,2,9.51398687902838e-05,930
extra-coord0-eps+0.1,stone,boulders,2,88,ers,3,0.0016184996347874403,76
extra-coord0-eps+0.1,stone,boulders,2,88,ers,4,5.286817099658947e-07,12502
extra-coord0-eps+0.1,stone,boulders,2,88,ers,5,2.5143890525214374e-08,29715
extra-coord0-eps+0.1,stone,boulders,2,88,ers,6,2.017824044742156e-06,6727
extra-coord0-eps+0.1,stone,boulders,2,88,ers,7,2.4849809051374905e-05,3087
extra-coord0-eps+0.1,stone,boulders,2,88,ers,8,4.48072796643828e-06,5246
extra-coord0-eps+0.1,stone,boulders,2,88,ers,9,7.071676577652397e-07,11716
extra-coord0-eps+0.1,stone,boulders,2,88,ers,10,3.524787643982563e-06,4628
extra-coord0-eps+0.1,stone,boulders,2,88,ers,11,1.049876345859957e-06,8467
extra-coord0-eps+0.1,stone,boulders,2,88,ers,12,9.486534224834031e-09,30858
extra-coord0-eps+0.1,stone,boulders,2,88,ers,13,6.936460863471439e-07,16032
extra-coord0-eps+0.1,stone,boulders,2,88,ers,14,3.566809070321142e-08,8017
extra-coord0-eps+0.1,stone,boulders,2,88,ers,15,1.3297734824391227e-07,26211
extra-coord0-eps+0.1,stone,boulders,2,88,ers,16,5.5239263019757345e-05,500
extra-coord0-eps+0.1,stone,boulders,2,88,ers,17,1.2306627183988894e-07,19203
extra-coord0-eps+0.1,stone,boulders,2,88,ers,18,1.3389265518526372e-07,22343
extra-coord0-eps+0.1,stone,boulders,2,88,ers,19,3.4509059332776815e-05,1260
extra-coord0-eps+0.1,stone,boulders,2,88,ers,20,2.0869889340247028e-05,2681
extra-coord0-eps+0.1,stone,boulders,2,88,ers,21,5.81264373522572e-07,15619
extra-coord0-eps+0.1,stone,boulders,2,88,ers,22,0.0003566679952200502,167
extra-coord0-eps+0.1,stone,boulders,2,88,ers,23,2.438492401779513e-06,5853
extra-coord28-eps+0.1,push,push,0,10766,▁push,0,1.844028503228401e-07,18523
extra-coord28-eps+0.1,push,push,0,10766,▁push,1,1.9081351638305932e-05,4942
extra-coord28-eps+0.1,push,push,0,10766,▁push,2,6.540159120049793e-06,5843
extra-coord28-eps+0.1,push,push,0,10766,▁push,3,7.109216767275939e-06,6835
extra-coord28-eps+0.1,push,push,0,10766,▁push,4,2.6515735953580588e-05,1573
extra-coord28-eps+0.1,push,push,0,10766,▁push,5,7.307848864002153e-05,1721
extra-coord28-eps+0.1,push,push,0,10766,▁push,6,5.038315521233017e-06,4046
extra-coord28-eps+0.1,push,push,0,10766,▁push,7,1.1194962098670658e-05,4937
extra-coord28-eps+0.1,push,push,0,10766,▁push,8,3.130057666567154e-05,1689
extra-coord28-eps+0.1,push,push,0,10766,▁push,9,5.531152419280261e-05,884
extra-coord28-eps+0.1,push,push,0,10766,▁push,10,1.7399846910848282e-05,1839
extra-coord28-eps+0.1,push,push,0,10766,▁push,11,8.167701162165031e-05,977
extra-coord28-eps+0.1,push,push,0,10766,▁push,12,0.00010837791342055425,1288
extra-coord28-eps+0.1,push,push,0,10766,▁push,13,2.938708712463267e-05,2152
extra-coord28-eps+0.1,push,push,0,10766,▁push,14,2.959057781026786e-07,2083
extra-coord28-eps+0.1,push,push,0,10766,▁push,15,0.00011415269545977935,944
extra-coord28-eps+0.1,push,push,0,10766,▁push,16,5.358547696232563e-06,2653
extra-coord28-eps+0.1,push,push,0,10766,▁push,17,5.3018256949144416e-06,3758
extra-coord28-eps+0.1,push,push,0,10766,▁push,18,6.071019743103534e-05,1343
extra-coord28-eps+0.1,push,push,0,10766,▁push,19,7.85811153036775e-06,3171
extra-coord28-eps+0.1,push,push,0,10766,▁push,20,4.928635462420061e-06,5717
extra-coord28-eps+0.1,push,push,0,10766,▁push,21,1.2489674190874211e-05,4146
extra-coord28-eps+0.1,push,push,0,10766,▁push,22,3.564515509424382e-06,4554
extra-coord28-eps+0.1,push,push,0,10766,▁push,23,4.722610356111545e-06,4046
extra-coord28-eps+0.1,push,pushes,0,26,▁p,0,4.391049878904596e-05,1566
extra-coord28-eps+0.1,push,pushes,0,26,▁p,1,0.0015691723674535751,78
extra-coord28-eps+0.1,push,pushes,0,26,▁p,2,0.00024128836230374873,420
extra-coord28-eps+0.1,push,pushes,0,26,▁p,3,0.0002694682334549725,510
extra-coord28-eps+0.1,push,pushes,0,26,▁p,4,0.00046260477392934263,173
extra-coord28-eps+0.1,push,pushes,0,26,▁p,5,0.007470082491636276,11
extra-coord28-eps+0.1,push,pushes,0,26,▁p,6,0.0020127170719206333,38
extra-coord28-eps+0.1,push,pushes,0,26,▁p,7,0.003921298310160637,37
extra-coord28-eps+0.1,push,pushes,0,26,▁p,8,0.005696398206055164,23
extra-coord28-eps+0.1,push,pushes,0,26,▁p,9,0.0009285092819482088,87
extra-coord28-eps+0.1,push,pushes,0,26,▁p,10,0.0015685443067923188,71
extra-coord28-eps+0.1,push,pushes,0,26,▁p,11,0.0009366268059238791,156
extra-coord28-eps+0.1,push,pushes,0,26,▁p,12,0.0026728124357759953,41
extra-coord28-eps+0.1,push,pushes,0,26,▁p,13,0.0032445727847516537,28
extra-coord28-eps+0.1,push,pushes,0,26,▁p,14,1.482227071392117e-05,55
extra-coord28-eps+0.1,push,pushes,0,26,▁p,15,0.003158524865284562,23
extra-coord28-eps+0.1,push,pushes,0,26,▁p,16,0.0007229439215734601,65
extra-coord28-eps+0.1,push,pushes,0,26,▁p,17,0.0010738056153059006,45
extra-coord28-eps+0.1,push,pushes,0,26,▁p,18,0.004154082853347063,20
extra-coord28-eps+0.1,push,pushes,0,26,▁p,19,0.0017414531903341413,68
extra-coord28-eps+0.1,push,pushes,0,26,▁p,20,0.003662385977804661,15
extra-coord28-eps+0.1,push,pushes,0,26,▁p,21,0.006504372227936983,15
extra-coord28-eps+0.1,push,pushes,0,26,▁p,22,0.0005071553750894964,126
extra-coord28-eps+0.1,push,pushes,0,26,▁p,23,0.0014730283292010427,50
extra-coord28-eps+0.1,push,pushes,1,74,us,0,3.2242346605926286e-06,5218
extra-coord28-eps+0.1,push,pushes,1,74,us,1,1.7331467461190186e-05,5187
extra-coord28-eps+0.1,push,pushes,1,74,us,2,2.4624790967209265e-05,2628
extra-coord28-eps+0.1,push,pushes,1,74,us,3,0.0015370730543509126,80
extra-coord28-eps+0.1,push,pushes,1,74,us,4,6.70186580009613e-07,11358
extra-coord28-eps+0.1,push,pushes,1,74,us,5,8.13981969258748e-05,1618
extra-coord28-eps+0.1,push,pushes,1,74,us,6,9.27960718399845e-06,2814
extra-coord28-eps+0.1,push,pushes,1,74,us,7,4.7920048018568195e-06,7556
extra-coord28-eps+0.1,push,pushes,1,74,us,8,1.563160003570374e-05,2581
extra-coord28-eps+0.1,push,pushes,1,74,us,9,2.3338197934208438e-06,6587
extra-coord28-eps+0.1,push,pushes,1,74,us,10,2.2571401814275305e-07,16785
extra-coord28-eps+0.1,push,pushes,1,74,us,11,1.2431402183210594e-06,7836
extra-coord28-eps+0.1,push,pushes,1,74,us,12,8.318189793499187e-05,1533
extra-coord28-eps+0.1,push,pushes,1,74,us,13,3.442648448981345e-05,1954
extra-coord28-eps+0.1,push,pushes,1,74,us,14,1.4656074576180345e-08,12473
extra-coord28-eps+0.1,push,pushes,1,74,us,15,2.5159210053971037e-05,2766
extra-coord28-eps+0.1,push,pushes,1,74,us,16,3.7812417303939583e-06,3342
extra-coord28-eps+0.1,push,pushes,1,74,us,17,2.0678244254668243e-06,6095
extra-coord28-eps+0.1,push,pushes,1,74,us,18,6.291561021498637e-06,5039
extra-coord28-eps+0.1,push,pushes,1,74,us,19,1.367138247587718e-05,2282
extra-coord28-eps+0.1,push,pushes,1,74,us,20,1.6766960470704362e-05,3028
extra-coord28-eps+0.1,push,pushes,1,74,us,21,1.8530246961745434e-05,3340
extra-coord28-eps+0.1,push,pushes,1,74,us,22,3.286352875875309e-05,1001
extra-coord28-eps+0.1,push,pushes,1,74,us,23,2.9490784072550014e-06,5318
extra-coord28-eps+0.1,push,pushes,2,994,hes,0,2.293235183969955e-07,16989
extra-coord28-eps+0.1,push,pushes,2,994,hes,1,3.0991543553682277e-06,10563
extra-coord28-eps+0.1,push,pushes,2,994,hes,2,2.999909440859483e-07,20756
extra-coord28-eps+0.1,push,pushes,2,994,hes,3,1.1221836757613346e-05,5254
extra-coord28-eps+0.1,push,pushes,2,994,hes,4,1.184965640277369e-06,8621
extra-coord28-eps+0.1,push,pushes,2,994,hes,5,1.0845839426565362e-07,25772
extra-coord28-eps+0.1,push,pushes,2,994,hes,6,1.2242790035088547e-06,8633
extra-coord28-eps+0.1,push,pushes,2,994,hes,7,5.077966420685698e-07,19177
extra-coord28-eps+0.1,push,pushes,2,994,hes,8,5.827295126437093e-07,13576
extra-coord28-eps+0.1,push,pushes,2,994,hes,9,1.0724586445576278e-06,9691
extra-coord28-eps+0.1,push,pushes,2,994,hes,10,1.9533064232746256e-07,17712
extra-coord28-eps+0.1,push,pushes,2,994,hes,11,2.9614070626848843e-06,5271
extra-coord28-eps+0.1,push,pushes,2,994,hes,12,3.2690095963516796e-07,19190
extra-coord28-eps+0.1,push,pushes,2,994,hes,13,5.41697090739035e-07,17694
extra-coord28-eps+0.1,push,pushes,2,994,hes,14,1.1174791758605807e-08,14095
extra-coord28-eps+0.1,push,pushes,2,994,hes,15,7.896225724834949e-06,5089
extra-coord28-eps+0.1,push,pushes,2,994,hes,16,1.953489481820725e-05,1099
extra-coord28-eps+0.1,push,pushes,2,994,hes,17,7.999774425115902e-07,9266
extra-coord28-eps+0.1,push,pushes,2,994,hes,18,1.0417487601444009e-06,10943
extra-coord28-eps+0.1,push,pushes,2,994,hes,19,1.2719309779640753e-05,2381
extra-coord28-eps+0.1,push,pushes,2,994,hes,20,3.3996479942288715e-06,6756
extra-coord28-eps+0.1,push,pushes,2,994,hes,21,2.2657770841760794e-06,8989
extra-coord28-eps+0.1,push,pushes,2,994,hes,22,1.7422273401734856e-07,20010
extra-coord28-eps+0.1,push,pushes,2,994,hes,23,5.451204820872135e-09,30509
extra-coord28-eps+0.1,push,pushed,0,17595,▁pushed,0,4.052947701893572e-07,13182
extra-coord28-eps+0.1,push,pushed,0,17595,▁pushed,1,2.5160168206639355e-06,11446
extra-coord28-eps+0.1,push,pushed,0,17595,▁pushed,2,2.4965558623080142e-05,2607
extra-coord28-eps+0.1,push,pushed,0,17595,▁pushed,3,1.8216995158581994e-05,3891
extra-coord28-eps+0.1,push,pushed,0,17595,▁pushed,4,5.122426227899268e-05,1019
extra-coord28-eps+0.1,push,pushed,0,17595,▁pushed,5,2.235786951132468e-06,8974
extra-coord28-eps+0.1,push,pushed,0,17595,▁pushed,6,3.109230192421819e-06,5268
extra-coord28-eps+0.1,push,pushed,0,17595,▁pushed,7,3.1803524507267866e-06,9173
extra-coord28-eps+0.1,push,pushed,0,17595,▁pushed,8,1.1325993000355083e-05,3096
extra-coord28-eps+0.1,push,pushed,0,17595,▁pushed,9,2.160633448511362e-05,1752
extra-coord28-eps+0.1,push,pushed,0,17595,▁pushed,10,0.00013024179497733712,499
extra-coord28-eps+0.1,push,pushed,0,17595,▁pushed,11,0.0002655480639077723,438
extra-coord28-eps+0.1,push,pushed,0,17595,▁pushed,12,4.366650955489604e-06,6044
extra-coord28-eps+0.1,push,pushed,0,17595,▁pushed,13,1.3646156730828807e-05,3423
extra-coord28-eps+0.1,push,pushed,0,17595,▁pushed,14,2.476118083905021e-07,2364
extra-coord28-eps+0.1,push,pushed,0,17595,▁pushed,15,9.870695976132993e-06,4562
extra-coord28-eps+0.1,push,pushed,0,17595,▁pushed,16,6.169521384435939e-06,2394
extra-coord28-eps+0.1,push,pushed,0,17595,▁pushed,17,1.1975163261013222e-06,7768
extra-coord28-eps+0.1,push,pushed,0,17595,▁pushed,18,2.07586072065169e-06,8238
extra-coord28-eps+0.1,push,pushed,0,17595,▁pushed,19,8.620198059361428e-06,3002
extra-coord28-eps+0.1,push,pushed,0,17595,▁pushed,20,1.012555117085867e-06,11426
extra-coord28-eps+0.1,push,pushed,0,17595,▁pushed,21,9.7829399692273e-07,12758
extra-coord28-eps+0.1,push,pushed,0,17595,▁pushed,22,9.190617674903478e-06,2393
extra-coord28-eps+0.1,push,pushed,0,17595,▁pushed,23,1.2156478078395594e-05,2272
extra-coord28-eps+0.1,push,pushing,0,10766,▁push,0,1.844028503228401e-07,18523
extra-coord28-eps+0.1,push,pushing,0,10766,▁push,1,1.9081351638305932e-05,4942
extra-coord28-eps+0.1,push,pushing,0,10766,▁push,2,6.540159120049793e-06,5843
extra-coord28-eps+0.1,push,pushing,0,10766,▁push,3,7.109216767275939e-06,6835
extra-coord28-eps+0.1,push,pushing,0,10766,▁push,4,2.6515735953580588e-05,1573
extra-coord28-eps+0.1,push,pushing,0,10766,▁push,5,7.307848864002153e-05,1721
extra-coord28-eps+0.1,push,pushing,0,10766,▁push,6,5.038315521233017e-06,4046
extra-coord28-eps+0.1,push,pushing,0,10766,▁push,7,1.1194962098670658e-05,4937
extra-coord28-eps+0.1,push,pushing,0,10766,▁push,8,3.130057666567154e-05,1689
extra-coord28-eps+0.1,push,pushing,0,10766,▁push,9,5.531152419280261e-05,884
extra-coord28-eps+0.1,push,pushing,0,10766,▁push,10,1.7399846910848282e-05,1839
extra-coord28-eps+0.1,push,pushing,0,10766,▁push,11,8.167701162165031e-05,977
extra-coord28-eps+0.1,push,pushing,0,10766,▁push,12,0.00010837791342055425,1288
extra-coord28-eps+0.1,push,pushing,0,10766,▁push,13,2.938708712463267e-05,2152
extra-coord28-eps+0.1,push,pushing,0,10766,▁push,14,2.959057781026786e-07,2083
extra-coord28-eps+0.1,push,pushing,0,10766,▁push,15,0.00011415269545977935,944
extra-coord28-eps+0.1,push,pushing,0,10766,▁push,16,5.358547696232563e-06,2653
extra-coord28-eps+0.1,push,pushing,0,10766,▁push,17,5.3018256949144416e-06,3758
extra-coord28-eps+0.1,push,pushing,0,10766,▁push,18,6.071019743103534e-05,1343
extra-coord28-eps+0.1,push,pushing,0,10766,▁push,19,7.85811153036775e-06,3171
extra-coord28-eps+0.1,push,pushing,0,10766,▁push,20,4.928635462420061e-06,5717
extra-coord28-eps+0.1,push,pushing,0,10766,▁push,21,1.2489674190874211e-05,4146
extra-coord28-eps+0.1,push,pushing,0,10766,▁push,22,3.564515509424382e-06,4554
extra-coord28-eps+0.1,push,pushing,0,10766,▁push,23,4.722610356111545e-06,4046
extra-coord28-eps+0.1,push,pushing,1,30,ing,0,2.5600349999876926e-06,5706
extra-coord28-eps+0.1,push,pushing,1,30,ing,1,9.123486961470917e-07,16912
extra-coord28-eps+0.1,push,pushing,1,30,ing,2,0.011219105683267117,12
extra-coord28-eps+0.1,push,pushing,1,30,ing,3,3.9498925616499037e-05,2322
extra-coord28-eps+0.1,push,pushing,1,30,ing,4,5.551722551899729e-06,3967
extra-coord28-eps+0.1,push,pushing,1,30,ing,5,8.177310519386083e-06,4967
extra-coord28-eps+0.1,push,pushing,1,30,ing,6,0.00023678288562223315,247
extra-coord28-eps+0.1,push,pushing,1,30,ing,7,1.5482624803553335e-05,4078
extra-coord28-eps+0.1,push,pushing,1,30,ing,8,5.6257285905303434e-05,1140
extra-coord28-eps+0.1,push,pushing,1,30,ing,9,4.144700142205693e-05,1076
extra-coord28-eps+0.1,push,pushing,1,30,ing,10,4.6114369069982786e-06,3987
extra-coord28-eps+0.1,push,pushing,1,30,ing,11,1.1075202564825304e-05,2777
extra-coord28-eps+0.1,push,pushing,1,30,ing,12,3.460220113993273e-06,6738
extra-coord28-eps+0.1,push,pushing,1,30,ing,13,0.00013041641796007752,711
extra-coord28-eps+0.1,push,pushing,1,30,ing,14,1.223431718244683e-05,66
extra-coord28-eps+0.1,push,pushing,1,30,ing,15,2.7330439479555935e-05,2654
extra-coord28-eps+0.1,push,pushing,1,30,ing,16,0.0856829434633255,3
extra-coord28-eps+0.1,push,pushing,1,30,ing,17,7.651885312043305e-07,9445
extra-coord28-eps+0.1,push,pushing,1,30,ing,18,4.338401595305186e-06,5976
extra-coord28-eps+0.1,push,pushing,1,30,ing,19,0.0005513723008334637,161
extra-coord28-eps+0.1,push,pushing,1,30,ing,20,0.0001276825205422938,693
extra-coord28-eps+0.1,push,pushing,1,30,ing,21,1.512770450062817e-05,3736
extra-coord28-eps+0.1,push,pushing,1,30,ing,22,0.0003937883011531085,158
extra-coord28-eps+0.1,push,pushing,1,30,ing,23,1.839526703406591e-05,1698
extra-coord28-eps+0.1,stone,stone,0,9557,▁stone,0,1.9577890270738862e-05,2461
extra-coord28-eps+0.1,stone,stone,0,9557,▁stone,1,0.0004725907929241657,357
extra-coord28-eps+0.1,stone,stone,0,9557,▁stone,2,0.0001095866464311257,821
extra-coord28-eps+0.1,stone,stone,0,9557,▁stone,3,0.00011313719733152539,1050
extra-coord28-eps+0.1,stone,stone,0,9557,▁stone,4,0.0002754825400188565,284
extra-coord28-eps+0.1,stone,stone,0,9557,▁stone,5,0.011630312539637089,2
extra-coord28-eps+0.1,stone,stone,0,9557,▁stone,6,0.0035720195155590773,22
extra-coord28-eps+0.1,stone,stone,0,9557,▁stone,7,0.02060220018029213,1
extra-coord28-eps+0.1,stone,stone,0,9557,▁stone,8,0.0006183404475450516,179
extra-coord28-eps+0.1,stone,stone,0,9557,▁stone,9,0.0002688226231839508,261
extra-coord28-eps+0.1,stone,stone,0,9557,▁stone,10,0.0003240458609070629,258
extra-coord28-eps+0.1,stone,stone,0,9557,▁stone,11,0.00046746694715693593,290
extra-coord28-eps+0.1,stone,stone,0,9557,▁stone,12,0.03055393509566784,1
extra-coord28-eps+0.1,stone,stone,0,9557,▁stone,13,0.0008313142461702228,98
extra-coord28-eps+0.1,stone,stone,0,9557,▁stone,14,1.7546198023410398e-06,427
extra-coord28-eps+0.1,stone,stone,0,9557,▁stone,15,0.001038180897012353,87
extra-coord28-eps+0.1,stone,stone,0,9557,▁stone,16,0.00103085208684206,50
extra-coord28-eps+0.1,stone,stone,0,9557,▁stone,17,0.0025902963243424892,16
extra-coord28-eps+0.1,stone,stone,0,9557,▁stone,18,0.002877376275137067,40
extra-coord28-eps+0.1,stone,stone,0,9557,▁stone,19,0.005742186214774847,22
extra-coord28-eps+0.1,stone,stone,0,9557,▁stone,20,0.009939853101968765,4
extra-coord28-eps+0.1,stone,stone,0,9557,▁stone,21,0.0075336601585149765,11
extra-coord28-eps+0.1,stone,stone,0,9557,▁stone,22,0.0013304253807291389,49
extra-coord28-eps+0.1,stone,stone,0,9557,▁stone,23,0.0037079050671309233,28
extra-coord28-eps+0.1,stone,stones,0,19056,▁stones,0,7.49601213101414e-06,3723
extra-coord28-eps+0.1,stone,stones,0,19056,▁stones,1,0.00034104197402484715,512
extra-coord28-eps+0.1,stone,stones,0,19056,▁stones,2,1.5113736480998341e-05,3594
extra-coord28-eps+0.1,stone,stones,0,19056,▁stones,3,3.1879964808467776e-05,2694
extra-coord28-eps+0.1,stone,stones,0,19056,▁stones,4,3.095811189268716e-05,1413
extra-coord28-eps+0.1,stone,stones,0,19056,▁stones,5,8.377591439057142e-05,1592
extra-coord28-eps+0.1,stone,stones,0,19056,▁stones,6,1.5788064047228545e-05,2035
extra-coord28-eps+0.1,stone,stones,0,19056,▁stones,7,0.0006213508895598352,241
extra-coord28-eps+0.1,stone,stones,0,19056,▁stones,8,3.50464106304571e-05,1575
extra-coord28-eps+0.1,stone,stones,0,19056,▁stones,9,2.631147435749881e-05,1535
extra-coord28-eps+0.1,stone,stones,0,19056,▁stones,10,7.166196155594662e-05,740
extra-coord28-eps+0.1,stone,stones,0,19056,▁stones,11,2.4638933609821834e-05,1891
extra-coord28-eps+0.1,stone,stones,0,19056,▁stones,12,0.0002373114402871579,727
extra-coord28-eps+0.1,stone,stones,0,19056,▁stones,13,1.592817534401547e-05,3110
extra-coord28-eps+0.1,stone,stones,0,19056,▁stones,14,3.2652842207880894e-08,8446
extra-coord28-eps+0.1,stone,stones,0,19056,▁stones,15,1.4133404874883126e-05,3825
extra-coord28-eps+0.1,stone,stones,0,19056,▁stones,16,0.0002748906263150275,151
extra-coord28-eps+0.1,stone,stones,0,19056,▁stones,17,0.0010791788809001446,42
extra-coord28-eps+0.1,stone,stones,0,19056,▁stones,18,0.001861665747128427,68
extra-coord28-eps+0.1,stone,stones,0,19056,▁stones,19,0.00046099911560304463,194
extra-coord28-eps+0.1,stone,stones,0,19056,▁stones,20,0.002618472557514906,32
extra-coord28-eps+0.1,stone,stones,0,19056,▁stones,21,0.001793512492440641,83
extra-coord28-eps+0.1,stone,stones,0,19056,▁stones,22,5.5255939514609054e-05,676
extra-coord28-eps+0.1,stone,stones,0,19056,▁stones,23,0.0004903199151158333,131
extra-coord28-eps+0.1,stone,rock,0,8500,▁rock,0,1.917567487907945e-06,6434
extra-coord28-eps+0.1,stone,rock,0,8500,▁rock,1,9.403354488313198e-05,1767
extra-coord28-eps+0.1,stone,rock,0,8500,▁rock,2,1.046565557771828e-05,4493
extra-coord28-eps+0.1,stone,rock,0,8500,▁rock,3,7.829653441149276e-06,6481
extra-coord28-eps+0.1,stone,rock,0,8500,▁rock,4,4.282838199287653e-05,1151
extra-coord28-eps+0.1,stone,rock,0,8500,▁rock,5,0.0009489976800978184,209
extra-coord28-eps+0.1,stone,rock,0,8500,▁rock,6,8.365364192286506e-05,597
extra-coord28-eps+0.1,stone,rock,0,8500,▁rock,7,0.0010774492984637618,137
extra-coord28-eps+0.1,stone,rock,0,8500,▁rock,8,0.00042124412721022964,242
extra-coord28-eps+0.1,stone,rock,0,8500,▁rock,9,0.00014445175474975258,427
extra-coord28-eps+0.1,stone,rock,0,8500,▁rock,10,7.269072375493124e-05,733
extra-coord28-eps+0.1,stone,rock,0,8500,▁rock,11,8.606879418948665e-05,939
extra-coord28-eps+0.1,stone,rock,0,8500,▁rock,12,0.0016961931250989437,90
extra-coord28-eps+0.1,stone,rock,0,8500,▁rock,13,0.00015640749188605696,609
extra-coord28-eps+0.1,stone,rock,0,8500,▁rock,14,1.5799318475728796e-07,3228
extra-coord28-eps+0.1,stone,rock,0,8500,▁rock,15,0.00013303238665685058,824
extra-coord28-eps+0.1,stone,rock,0,8500,▁rock,16,0.0001905487442854792,192
extra-coord28-eps+0.1,stone,rock,0,8500,▁rock,17,0.000484308460727334,100
extra-coord28-eps+0.1,stone,rock,0,8500,▁rock,18,0.0035094907507300377,26
extra-coord28-eps+0.1,stone,rock,0,8500,▁rock,19,0.0009337355149909854,110
extra-coord28-eps+0.1,stone,rock,0,8500,▁rock,20,0.0009095292771235108,105
extra-coord28-eps+0.1,stone,rock,0,8500,▁rock,21,0.002872359473258257,49
extra-coord28-eps+0.1,stone,rock,0,8500,▁rock,22,0.00013896144810132682,308
extra-coord28-eps+0.1,stone,rock,0,8500,▁rock,23,0.0004466975515242666,140
extra-coord28-eps+0.1,stone,rocks,0,8500,▁rock,0,1.917567487907945e-06,6434
extra-coord28-eps+0.1,stone,rocks,0,8500,▁rock,1,9.403354488313198e-05,1767
extra-coord28-eps+0.1,stone,rocks,0,8500,▁rock,2,1.046565557771828e-05,4493
extra-coord28-eps+0.1,stone,rocks,0,8500,▁rock,3,7.829653441149276e-06,6481
extra-coord28-eps+0.1,stone,rocks,0,8500,▁rock,4,4.282838199287653e-05,1151
extra-coord28-eps+0.1,stone,rocks,0,8500,▁rock,5,0.0009489976800978184,209
extra-coord28-eps+0.1,stone,rocks,0,8500,▁rock,6,8.365364192286506e-05,597
extra-coord28-eps+0.1,stone,rocks,0,8500,▁rock,7,0.0010774492984637618,137
extra-coord28-eps+0.1,stone,rocks,0,8500,▁rock,8,0.00042124412721022964,242
extra-coord28-eps+0.1,stone,rocks,0,8500,▁rock,9,0.00014445175474975258,427
extra-coord28-eps+0.1,stone,rocks,0,8500,▁rock,10,7.269072375493124e-05,733
extra-coord28-eps+0.1,stone,rocks,0,8500,▁rock,11,8.606879418948665e-05,939
extra-coord28-eps+0.1,stone,rocks,0,8500,▁rock,12,0.0016961931250989437,90
extra-coord28-eps+0.1,stone,rocks,0,8500,▁rock,13,0.00015640749188605696,609
extra-coord28-eps+0.1,stone,rocks,0,8500,▁rock,14,1.5799318475728796e-07,3228
extra-coord28-eps+0.1,stone,rocks,0,8500,▁rock,15,0.00013303238665685058,824
extra-coord28-eps+0.1,stone,rocks,0,8500,▁rock,16,0.0001905487442854792,192
extra-coord28-eps+0.1,stone,rocks,0,8500,▁rock,17,0.000484308460727334,100
extra-coord28-eps+0.1,stone,rocks,0,8500,▁rock,18,0.0035094907507300377,26
extra-coord28-eps+0.1,stone,rocks,0,8500,▁rock,19,0.0009337355149909854,110
extra-coord28-eps+0.1,stone,rocks,0,8500,▁rock,20,0.0009095292771235108,105
extra-coord28-eps+0.1,stone,rocks,0,8500,▁rock,21,0.002872359473258257,49
extra-coord28-eps+0.1,stone,rocks,0,8500,▁rock,22,0.00013896144810132682,308
extra-coord28-eps+0.1,stone,rocks,0,8500,▁rock,23,0.0004466975515242666,140
extra-coord28-eps+0.1,stone,rocks,1,28561,s,0,4.414824434206821e-05,1561
extra-coord28-eps+0.1,stone,rocks,1,28561,s,1,0.00036400865064933896,481
extra-coord28-eps+0.1,stone,rocks,1,28561,s,2,0.005660390015691519,29
extra-coord28-eps+0.1,stone,rocks,1,28561,s,3,0.0005601690500043333,249
extra-coord28-eps+0.1,stone,rocks,1,28561,s,4,3.5232601476309355e-06,5055
extra-coord28-eps+0.1,stone,rocks,1,28561,s,5,3.464198528035922e-08,29178
extra-coord28-eps+0.1,stone,rocks,1,28561,s,6,1.5600986444042064e-05,2052
extra-coord28-eps+0.1,stone,rocks,1,28561,s,7,0.0009903348982334137,154
extra-coord28-eps+0.1,stone,rocks,1,28561,s,8,3.0871738999849185e-05,1710
extra-coord28-eps+0.1,stone,rocks,1,28561,s,9,5.935232184128836e-05,836
extra-coord28-eps+0.1,stone,rocks,1,28561,s,10,0.0010154532501474023,111
extra-coord28-eps+0.1,stone,rocks,1,28561,s,11,2.564214082667604e-05,1855
extra-coord28-eps+0.1,stone,rocks,1,28561,s,12,5.866502661433515e-08,27731
extra-coord28-eps+0.1,stone,rocks,1,28561,s,13,7.391151302726939e-05,1127
extra-coord28-eps+0.1,stone,rocks,1,28561,s,14,0.9916685819625854,1
extra-coord28-eps+0.1,stone,rocks,1,28561,s,15,1.8889366401708685e-05,3284
extra-coord28-eps+0.1,stone,rocks,1,28561,s,16,0.0003585915837902576,119
extra-coord28-eps+0.1,stone,rocks,1,28561,s,17,4.0416484807792585e-06,4325
extra-coord28-eps+0.1,stone,rocks,1,28561,s,18,5.387707278714515e-05,1463
extra-coord28-eps+0.1,stone,rocks,1,28561,s,19,0.0001197826350107789,525
extra-coord28-eps+0.1,stone,rocks,1,28561,s,20,8.800696377875283e-05,952
extra-coord28-eps+0.1,stone,rocks,1,28561,s,21,0.0004400197067297995,361
extra-coord28-eps+0.1,stone,rocks,1,28561,s,22,0.010056743398308754,11
extra-coord28-eps+0.1,stone,rocks,1,28561,s,23,5.031914770370349e-05,811
extra-coord28-eps+0.1,stone,boulder,0,34,▁b,0,0.00012208911357447505,771
extra-coord28-eps+0.1,stone,boulder,0,34,▁b,1,0.001197317847982049,110
extra-coord28-eps+0.1,stone,boulder,0,34,▁b,2,0.00014208066568244249,653
extra-coord28-eps+0.1,stone,boulder,0,34,▁b,3,0.00019282035646028817,678
extra-coord28-eps+0.1,stone,boulder,0,34,▁b,4,0.00023538476671092212,328
extra-coord28-eps+0.1,stone,boulder,0,34,▁b,5,0.0031396248377859592,41
extra-coord28-eps+0.1,stone,boulder,0,34,▁b,6,0.006428209599107504,15
extra-coord28-eps+0.1,stone,boulder,0,34,▁b,7,0.0024207967799156904,68
extra-coord28-eps+0.1,stone,boulder,0,34,▁b,8,0.0016802347963675857,74
extra-coord28-eps+0.1,stone,boulder,0,34,▁b,9,0.0005049852188676596,162
extra-coord28-eps+0.1,stone,boulder,0,34,▁b,10,0.00035316156572662294,244
extra-coord28-eps+0.1,stone,boulder,0,34,▁b,11,0.0004948705900460482,277
extra-coord28-eps+0.1,stone,boulder,0,34,▁b,12,0.0024549502413719893,46
extra-coord28-eps+0.1,stone,boulder,0,34,▁b,13,0.0007815364515408874,110
extra-coord28-eps+0.1,stone,boulder,0,34,▁b,14,5.183290795685025e-06,154
extra-coord28-eps+0.1,stone,boulder,0,34,▁b,15,0.0010831343242898583,83
extra-coord28-eps+0.1,stone,boulder,0,34,▁b,16,0.0007673371583223343,62
extra-coord28-eps+0.1,stone,boulder,0,34,▁b,17,0.0005703645874746144,84
extra-coord28-eps+0.1,stone,boulder,0,34,▁b,18,0.0017888989532366395,70
extra-coord28-eps+0.1,stone,boulder,0,34,▁b,19,0.008817906491458416,13
extra-coord28-eps+0.1,stone,boulder,0,34,▁b,20,0.0027904908638447523,31
extra-coord28-eps+0.1,stone,boulder,0,34,▁b,21,0.00442675594240427,31
extra-coord28-eps+0.1,stone,boulder,0,34,▁b,22,0.0010139901423826814,60
extra-coord28-eps+0.1,stone,boulder,0,34,▁b,23,0.001718398998491466,46
extra-coord28-eps+0.1,stone,boulder,1,356,ould,0,5.835387355546118e-07,11133
extra-coord28-eps+0.1,stone,boulder,1,356,ould,1,6.190068120304204e-07,19243
extra-coord28-eps+0.1,stone,boulder,1,356,ould,2,1.2278414942556992e-06,12874
extra-coord28-eps+0.1,stone,boulder,1,356,ould,3,4.417822310642805e-06,8794
extra-coord28-eps+0.1,stone,boulder,1,356,ould,4,1.0794328773044981e-06,9031
extra-coord28-eps+0.1,stone,boulder,1,356,ould,5,1.5349083923865692e-06,10682
extra-coord28-eps+0.1,stone,boulder,1,356,ould,6,4.1002385842148215e-07,14306
extra-coord28-eps+0.1,stone,boulder,1,356,ould,7,3.8549904957108083e-07,20775
extra-coord28-eps+0.1,stone,boulder,1,356,ould,8,5.959641669051052e-08,25682
extra-coord28-eps+0.1,stone,boulder,1,356,ould,9,2.7355858946975786e-06,6081
extra-coord28-eps+0.1,stone,boulder,1,356,ould,10,2.176614998461446e-06,5986
extra-coord28-eps+0.1,stone,boulder,1,356,ould,11,1.288269004362519e-06,7709
extra-coord28-eps+0.1,stone,boulder,1,356,ould,12,2.4847988697729306e-06,7839
extra-coord28-eps+0.1,stone,boulder,1,356,ould,13,7.174896836659173e-07,15824
extra-coord28-eps+0.1,stone,boulder,1,356,ould,14,3.9648089256161256e-08,7574
extra-coord28-eps+0.1,stone,boulder,1,356,ould,15,2.804458517857711e-06,8476
extra-coord28-eps+0.1,stone,boulder,1,356,ould,16,2.2645254205144738e-07,15464
extra-coord28-eps+0.1,stone,boulder,1,356,ould,17,2.3731702185614267e-06,5695
extra-coord28-eps+0.1,stone,boulder,1,356,ould,18,1.2813484318030532e-06,10056
extra-coord28-eps+0.1,stone,boulder,1,356,ould,19,7.523995009250939e-07,11291
extra-coord28-eps+0.1,stone,boulder,1,356,ould,20,5.198455710342387e-07,15071
extra-coord28-eps+0.1,stone,boulder,1,356,ould,21,1.425374875907437e-06,10859
extra-coord28-eps+0.1,stone,boulder,1,356,ould,22,3.1021040740597527e-06,4953
extra-coord28-eps+0.1,stone,boulder,1,356,ould,23,5.181569235901407e-07,12373
extra-coord28-eps+0.1,stone,boulder,2,8,er,0,3.131112180199125e-06,5284
extra-coord28-eps+0.1,stone,boulder,2,8,er,1,2.956653133878717e-06,10740
extra-coord28-eps+0.1,stone,boulder,2,8,er,2,0.003843747777864337,38
extra-coord28-eps+0.1,stone,boulder,2,8,er,3,0.00015894540410954505,808
extra-coord28-eps+0.1,stone,boulder,2,8,er,4,6.850579126194134e-08,23979
extra-coord28-eps+0.1,stone,boulder,2,8,er,5,1.1827525668195449e-05,4192
extra-coord28-eps+0.1,stone,boulder,2,8,er,6,2.8399901566444896e-05,1382
extra-coord28-eps+0.1,stone,boulder,2,8,er,7,0.00022394485131371766,604
extra-coord28-eps+0.1,stone,boulder,2,8,er,8,2.115582537953742e-05,2176
extra-coord28-eps+0.1,stone,boulder,2,8,er,9,5.163217906556383e-07,13337
extra-coord28-eps+0.1,stone,boulder,2,8,er,10,1.0799664096339257e-06,8627
extra-coord28-eps+0.1,stone,boulder,2,8,er,11,3.4698760487117397e-07,13986
extra-coord28-eps+0.1,stone,boulder,2,8,er,12,1.147363491327269e-05,3937
extra-coord28-eps+0.1,stone,boulder,2,8,er,13,6.0499987739603966e-05,1334
extra-coord28-eps+0.1,stone,boulder,2,8,er,14,1.622826857783366e-05,52
extra-coord28-eps+0.1,stone,boulder,2,8,er,15,9.876520198304206e-05,1065
extra-coord28-eps+0.1,stone,boulder,2,8,er,16,0.00045061958371661603,100
extra-coord28-eps+0.1,stone,boulder,2,8,er,17,5.945715315647249e-07,10633
extra-coord28-eps+0.1,stone,boulder,2,8,er,18,1.6214298739214428e-06,9135
extra-coord28-eps+0.1,stone,boulder,2,8,er,19,2.1944868421996944e-05,1701
extra-coord28-eps+0.1,stone,boulder,2,8,er,20,2.5704077415866777e-05,2375
extra-coord28-eps+0.1,stone,boulder,2,8,er,21,4.627455382433254e-06,6563
extra-coord28-eps+0.1,stone,boulder,2,8,er,22,0.0001759173028403893,254
extra-coord28-eps+0.1,stone,boulder,2,8,er,23,3.6290079151513055e-05,1037
extra-coord28-eps+0.1,stone,boulders,0,34,▁b,0,0.00012208911357447505,771
extra-coord28-eps+0.1,stone,boulders,0,34,▁b,1,0.001197317847982049,110
extra-coord28-eps+0.1,stone,boulders,0,34,▁b,2,0.00014208066568244249,653
extra-coord28-eps+0.1,stone,boulders,0,34,▁b,3,0.00019282035646028817,678
extra-coord28-eps+0.1,stone,boulders,0,34,▁b,4,0.00023538476671092212,328
extra-coord28-eps+0.1,stone,boulders,0,34,▁b,5,0.0031396248377859592,41
extra-coord28-eps+0.1,stone,boulders,0,34,▁b,6,0.006428209599107504,15
extra-coord28-eps+0.1,stone,boulders,0,34,▁b,7,0.0024207967799156904,68
extra-coord28-eps+0.1,stone,boulders,0,34,▁b,8,0.0016802347963675857,74
extra-coord28-eps+0.1,stone,boulders,0,34,▁b,9,0.0005049852188676596,162
extra-coord28-eps+0.1,stone,boulders,0,34,▁b,10,0.00035316156572662294,244
extra-coord28-eps+0.1,stone,boulders,0,34,▁b,11,0.0004948705900460482,277
extra-coord28-eps+0.1,stone,boulders,0,34,▁b,12,0.0024549502413719893,46
extra-coord28-eps+0.1,stone,boulders,0,34,▁b,13,0.0007815364515408874,110
extra-coord28-eps+0.1,stone,boulders,0,34,▁b,14,5.183290795685025e-06,154
extra-coord28-eps+0.1,stone,boulders,0,34,▁b,15,0.0010831343242898583,83
extra-coord28-eps+0.1,stone,boulders,0,34,▁b,16,0.0007673371583223343,62
extra-coord28-eps+0.1,stone,boulders,0,34,▁b,17,0.0005703645874746144,84
extra-coord28-eps+0.1,stone,boulders,0,34,▁b,18,0.0017888989532366395,70
extra-coord28-eps+0.1,stone,boulders,0,34,▁b,19,0.008817906491458416,13
extra-coord28-eps+0.1,stone,boulders,0,34,▁b,20,0.0027904908638447523,31
extra-coord28-eps+0.1,stone,boulders,0,34,▁b,21,0.00442675594240427,31
extra-coord28-eps+0.1,stone,boulders,0,34,▁b,22,0.0010139901423826814,60
extra-coord28-eps+0.1,stone,boulders,0,34,▁b,23,0.001718398998491466,46
extra-coord28-eps+0.1,stone,boulders,1,356,ould,0,5.835387355546118e-07,11133
extra-coord28-eps+0.1,stone,boulders,1,356,ould,1,6.190068120304204e-07,19243
extra-coord28-eps+0.1,stone,boulders,1,356,ould,2,1.2278414942556992e-06,12874
extra-coord28-eps+0.1,stone,boulders,1,356,ould,3,4.417822310642805e-06,8794
extra-coord28-eps+0.1,stone,boulders,1,356,ould,4,1.0794328773044981e-06,9031
extra-coord28-eps+0.1,stone,boulders,1,356,ould,5,1.5349083923865692e-06,10682
extra-coord28-eps+0.1,stone,boulders,1,356,ould,6,4.1002385842148215e-07,14306
extra-coord28-eps+0.1,stone,boulders,1,356,ould,7,3.8549904957108083e-07,20775
extra-coord28-eps+0.1,stone,boulders,1,356,ould,8,5.959641669051052e-08,25682
extra-coord28-eps+0.1,stone,boulders,1,356,ould,9,2.7355858946975786e-06,6081
extra-coord28-eps+0.1,stone,boulders,1,356,ould,10,2.176614998461446e-06,5986
extra-coord28-eps+0.1,stone,boulders,1,356,ould,11,1.288269004362519e-06,7709
extra-coord28-eps+0.1,stone,boulders,1,356,ould,12,2.4847988697729306e-06,7839
extra-coord28-eps+0.1,stone,boulders,1,356,ould,13,7.174896836659173e-07,15824
extra-coord28-eps+0.1,stone,boulders,1,356,ould,14,3.9648089256161256e-08,7574
extra-coord28-eps+0.1,stone,boulders,1,356,ould,15,2.804458517857711e-06,8476
extra-coord28-eps+0.1,stone,boulders,1,356,ould,16,2.2645254205144738e-07,15464
extra-coord28-eps+0.1,stone,boulders,1,356,ould,17,2.3731702185614267e-06,5695
extra-coord28-eps+0.1,stone,boulders,1,356,ould,18,1.2813484318030532e-06,10056
extra-coord28-eps+0.1,stone,boulders,1,356,ould,19,7.523995009250939e-07,11291
extra-coord28-eps+0.1,stone,boulders,1,356,ould,20,5.198455710342387e-07,15071
extra-coord28-eps+0.1,stone,boulders,1,356,ould,21,1.425374875907437e-06,10859
extra-coord28-eps+0.1,stone,boulders,1,356,ould,22,3.1021040740597527e-06,4953
extra-coord28-eps+0.1,stone,boulders,1,356,ould,23,5.181569235901407e-07,12373
extra-coord28-eps+0.1,stone,boulders,2,88,ers,0,2.8099566407036036e-06,5494
extra-coord28-eps+0.1,stone,boulders,2,88,ers,1,2.1270518573146546e-06,12217
extra-coord28-eps+0.1,stone,boulders,2,88,ers,2,9.513216355117038e-05,930
extra-coord28-eps+0.1,stone,boulders,2,88,ers,3,0.0016180250095203519,77
extra-coord28-eps+0.1,stone,boulders,2,88,ers,4,5.303994043970306e-07,12491
extra-coord28-eps+0.1,stone,boulders,2,88,ers,5,2.5183719998267406e-08,29711
extra-coord28-eps+0.1,stone,boulders,2,88,ers,6,2.0188570033496944e-06,6737
extra-coord28-eps+0.1,stone,boulders,2,88,ers,7,2.478612987033557e-05,3090
extra-coord28-eps+0.1,stone,boulders,2,88,ers,8,4.479839844861999e-06,5250
extra-coord28-eps+0.1,stone,boulders,2,88,ers,9,7.065173690534721e-07,11718
extra-coord28-eps+0.1,stone,boulders,2,88,ers,10,3.5227567423135042e-06,4632
extra-coord28-eps+0.1,stone,boulders,2,88,ers,11,1.0493217814655509e-06,8472
extra-coord28-eps+0.1,stone,boulders,2,88,ers,12,9.479609985874049e-09,30859
extra-coord28-eps+0.1,stone,boulders,2,88,ers,13,6.931907137186499e-07,16043
extra-coord28-eps+0.1,stone,boulders,2,88,ers,14,3.571713946826094e-08,8025
extra-coord28-eps+0.1,stone,boulders,2,88,ers,15,1.3328394743439276e-07,26212
extra-coord28-eps+0.1,stone,boulders,2,88,ers,16,5.5280481319641694e-05,497
extra-coord28-eps+0.1,stone,boulders,2,88,ers,17,1.2314387731748866e-07,19194
extra-coord28-eps+0.1,stone,boulders,2,88,ers,18,1.3406400967141963e-07,22339
extra-coord28-eps+0.1,stone,boulders,2,88,ers,19,3.452527744229883e-05,1260
extra-coord28-eps+0.1,stone,boulders,2,88,ers,20,2.08148831006838e-05,2685
extra-coord28-eps+0.1,stone,boulders,2,88,ers,21,5.806019203191681e-07,15628
extra-coord28-eps+0.1,stone,boulders,2,88,ers,22,0.0003560642362572253,167
extra-coord28-eps+0.1,stone,boulders,2,88,ers,23,2.440855269014719e-06,5851
