specimen,source,label,family,coords,coordinate_count,active_count,amplitude_u,per_node_gain,filter_l2,push_coverage,push_best_rank,push_best_probability,push_best_token_id,push_best_step,fixed_logit_max_abs_delta,hard_push_hit,free_text
push-single,推。,baseline,baseline,,0,1,0.0,1.0,0.0,0.0004577040672302246,43,0.00022965345124248415,30,5,0.0,0,The following is the example.
push-single,推。,uniform-all-u-4,uniform-all,0,1,1,-4.0,0.6668479883562345,4.0,0.0003331899642944336,49,0.00017550871416460723,30,5,2.2243781089782715,0,The right hand
push-single,推。,fine-jump-m0n0-u-4,fine-jump,0,1,1,-4.0,0.6668479883562345,4.0,0.0003331899642944336,49,0.00017550871416460723,30,5,2.2243781089782715,0,The right hand
push-single,推。,uniform-all-u-2,uniform-all,0,1,1,-2.0,0.6764616329823152,2.0,0.0003356337547302246,49,0.00017685125931166112,30,5,2.1842527389526367,0,The right hand
push-single,推。,fine-jump-m0n0-u-2,fine-jump,0,1,1,-2.0,0.6764616329823152,2.0,0.0003356337547302246,49,0.00017685125931166112,30,5,2.1842527389526367,0,The right hand
push-single,推。,uniform-all-u-1,uniform-all,0,1,1,-1.0,0.7343277260358962,1.0,0.000353395938873291,47,0.00018509334768168628,30,5,1.9073476791381836,0,The right hand
push-single,推。,fine-jump-m0n0-u-1,fine-jump,0,1,1,-1.0,0.7343277260358962,1.0,0.000353395938873291,47,0.00018509334768168628,30,5,1.9073476791381836,0,The right hand
push-single,推。,uniform-all-u-0.5,uniform-all,0,1,1,-0.5,0.8291349230351314,0.5,0.00038999319076538086,47,0.00019972206791862845,30,5,1.2806649208068848,0,The right hand.
push-single,推。,fine-jump-m0n0-u-0.5,fine-jump,0,1,1,-0.5,0.8291349230351314,0.5,0.00038999319076538086,47,0.00019972206791862845,30,5,1.2806649208068848,0,The right hand.
push-single,推。,uniform-all-u+0.5,uniform-all,0,1,1,0.5,1.206076323910468,0.5,0.0004911422729492188,43,0.00026320182951167226,30,5,1.218336820602417,0,The following is the example.
push-single,推。,fine-jump-m0n0-u+0.5,fine-jump,0,1,1,0.5,1.206076323910468,0.5,0.0004911422729492188,43,0.00026320182951167226,30,5,1.218336820602417,0,The following is the example.
push-single,推。,uniform-all-u+1,uniform-all,0,1,1,1.0,1.361789790232048,1.0,0.0004855990409851074,43,0.00028440976166166365,30,5,1.9366908073425293,0,The following is the example.
push-single,推。,fine-jump-m0n0-u+1,fine-jump,0,1,1,1.0,1.361789790232048,1.0,0.0004855990409851074,43,0.00028440976166166365,30,5,1.9366908073425293,0,The following is the example.
push-single,推。,uniform-all-u+2,uniform-all,0,1,1,2.0,1.4782804393374118,2.0,0.0004704594612121582,40,0.00029979232931509614,30,5,2.3394663333892822,0,The following is the example.
push-single,推。,fine-jump-m0n0-u+2,fine-jump,0,1,1,2.0,1.4782804393374118,2.0,0.0004704594612121582,40,0.00029979232931509614,30,5,2.3394663333892822,0,The following is the example.
push-single,推。,uniform-all-u+4,uniform-all,0,1,1,4.0,1.4995921371300496,4.0,0.0004673004150390625,40,0.0003026128397323191,30,5,2.4015486240386963,0,The following is the example.
push-single,推。,fine-jump-m0n0-u+4,fine-jump,0,1,1,4.0,1.4995921371300496,4.0,0.0004673004150390625,40,0.0003026128397323191,30,5,2.4015486240386963,0,The following is the example.
push-repeat8,推，推，推，推，推，推，推，推。,baseline,baseline,,0,15,0.0,1.0,0.0,0.9999999403953552,1,0.969887912273407,10766,3,0.0,1,"For example, pushing push push push push push push push push push push push"
push-repeat8,推，推，推，推，推，推，推，推。,uniform-all-u-4,uniform-all,"0,1,2,3,4,5,6,7,16,17,18,19,24,25,28",15,15,-4.0,0.6668479883562345,15.491933384829668,0.9996978044509888,1,0.8609812259674072,10766,3,5.342045783996582,1,"For more, pushing push, push push, push, push, push,"
push-repeat8,推，推，推，推，推，推，推，推。,fine-jump-m0n0-u-4,fine-jump,0,1,15,-4.0,0.6668479883562345,4.0,0.9999999403953552,1,0.9651156663894653,10766,3,0.6202883720397949,1,"For example, pushing push push push push push push push push push push push"
push-repeat8,推，推，推，推，推，推，推，推。,fine-jump-m0n1-u-4,fine-jump,1,1,15,-4.0,0.6668479883562345,4.0,0.9999999403953552,1,0.9731935262680054,10766,3,0.8293395042419434,1,"For example, push push push push push push push push push push push push push"
push-repeat8,推，推，推，推，推，推，推，推。,fine-jump-m0n2-u-4,fine-jump,2,1,15,-4.0,0.6668479883562345,4.0,0.9999999403953552,1,0.970164954662323,10766,3,0.5427799820899963,1,"For example, push push push push push push push push push push push push push"
push-repeat8,推，推，推，推，推，推，推，推。,fine-jump-m0n3-u-4,fine-jump,3,1,15,-4.0,0.6668479883562345,4.0,0.9999999403953552,1,0.9686463475227356,10766,3,0.5380875468254089,1,"For example, push push push push push push push push push push push push push"
push-repeat8,推，推，推，推，推，推，推，推。,fine-jump-m0n4-u-4,fine-jump,4,1,15,-4.0,0.6668479883562345,4.0,0.9999999403953552,1,0.9654268026351929,10766,3,0.4734687805175781,1,"For example, pushing push push push push push push push push push push push"
push-repeat8,推，推，推，推，推，推，推，推。,fine-jump-m0n5-u-4,fine-jump,5,1,15,-4.0,0.6668479883562345,4.0,0.9999999403953552,1,0.9649503827095032,10766,3,0.38219594955444336,1,"For example, pushing push push push push push push push push push push push"
push-repeat8,推，推，推，推，推，推，推，推。,fine-jump-m0n6-u-4,fine-jump,6,1,15,-4.0,0.6668479883562345,4.0,0.9999999403953552,1,0.9669180512428284,10766,3,0.32469820976257324,1,"For example, pushing push push push push push push push push push push push"
push-repeat8,推，推，推，推，推，推，推，推。,fine-jump-m0n7-u-4,fine-jump,7,1,15,-4.0,0.6668479883562345,4.0,0.9999999403953552,1,0.9669083952903748,10766,3,0.28920507431030273,1,"For example, pushing push push push push push push push push push push push"
push-repeat8,推，推，推，推，推，推，推，推。,upper-jump-m1n0-u-4,upper-jump,16,1,15,-4.0,0.6668479883562345,4.0,0.9999999403953552,1,0.9700608253479004,10766,3,0.9181027412414551,1,"For example, push push push push push push push push push push push push push"
push-repeat8,推，推，推，推，推，推，推，推。,upper-jump-m1n1-u-4,upper-jump,17,1,15,-4.0,0.6668479883562345,4.0,0.9999999403953552,1,0.9691562056541443,10766,3,0.8241045475006104,1,"For example, push push push push push push push push push push push push push"
push-repeat8,推，推，推，推，推，推，推，推。,upper-jump-m1n2-u-4,upper-jump,18,1,15,-4.0,0.6668479883562345,4.0,0.9999999403953552,1,0.958653450012207,10766,3,0.8428411483764648,1,"For example, pushing push push push push push push push push push push push"
push-repeat8,推，推，推，推，推，推，推，推。,upper-jump-m1n3-u-4,upper-jump,19,1,15,-4.0,0.6668479883562345,4.0,0.9999999403953552,1,0.9631994366645813,10766,3,0.7792739868164062,1,"For example, pushing push push push push push push push push push push push"
push-repeat8,推，推，推，推，推，推，推，推。,upper-jump-m2n0-u-4,upper-jump,24,1,15,-4.0,0.6668479883562345,4.0,0.9999999403953552,1,0.9681992530822754,10766,3,1.1079990863800049,1,"For example, push push push push push push push push push push push push push"
push-repeat8,推，推，推，推，推，推，推，推。,upper-jump-m2n1-u-4,upper-jump,25,1,15,-4.0,0.6668479883562345,4.0,0.9999999403953552,1,0.9490687251091003,10766,3,1.5202417373657227,1,"For example, pushing push push push push push push push push push push push"
push-repeat8,推，推，推，推，推，推，推，推。,upper-jump-m3n0-u-4,upper-jump,28,1,15,-4.0,0.6668479883562345,4.0,0.9999999403953552,1,0.9579905867576599,10766,3,1.3253397941589355,1,"For example, pushing push push push push push push push push push push push"
push-repeat8,推，推，推，推，推，推，推，推。,ancestor-chain-seed0-u-4,ancestor-chain,"0,16,24,28",4,15,-4.0,0.6668479883562345,8.0,0.9999999403953552,1,0.9504603147506714,10766,3,2.4565792083740234,1,"For example, push push push push push push push push push push push push push"
push-repeat8,推，推，推，推，推，推，推，推。,off-path-seed0-u-4,off-path-matched,"1,2,3,4",4,15,-4.0,0.6668479883562345,8.0,0.9999999403953552,1,0.9634783267974854,10766,3,1.5283207893371582,1,"For example, push push, push push push push push push push push push push"
push-repeat8,推，推，推，推，推，推，推，推。,ancestor-chain-seed1-u-4,ancestor-chain,"1,16,24,28",4,15,-4.0,0.6668479883562345,8.0,0.9999998807907104,1,0.9617614150047302,10766,3,2.398277759552002,1,"For example, push push push push push push push push push push push push push"
push-repeat8,推，推，推，推，推，推，推，推。,off-path-seed1-u-4,off-path-matched,"0,2,3,4",4,15,-4.0,0.6668479883562345,8.0,0.9999999403953552,1,0.9537340402603149,10766,3,1.2195520401000977,1,"For example, push push, push push push push push push push push push push"
push-repeat8,推，推，推，推，推，推，推，推。,ancestor-chain-seed2-u-4,ancestor-chain,"2,17,24,28",4,15,-4.0,0.6668479883562345,8.0,0.9999999403953552,1,0.950457751750946,10766,3,2.1446926593780518,1,"For example, push push push push push push push push push push push push push"
push-repeat8,推，推，推，推，推，推，推，推。,off-path-seed2-u-4,off-path-matched,"0,1,3,4",4,15,-4.0,0.6668479883562345,8.0,0.9999998211860657,1,0.9559088945388794,10766,3,1.3427374362945557,1,"For example, push push, push push push push push push push push push push"
push-repeat8,推，推，推，推，推，推，推，推。,ancestor-chain-seed3-u-4,ancestor-chain,"3,17,24,28",4,15,-4.0,0.6668479883562345,8.0,0.9999999403953552,1,0.947539210319519,10766,3,2.1643781661987305,1,"For example, push push push push push push push push push push push push push"
push-repeat8,推，推，推，推，推，推，推，推。,off-path-seed3-u-4,off-path-matched,"0,1,2,4",4,15,-4.0,0.6668479883562345,8.0,0.9999999403953552,1,0.9600534439086914,10766,3,1.2610722780227661,1,"For example, push push, push push push push push push push push push push"
push-repeat8,推，推，推，推，推，推，推，推。,ancestor-chain-seed4-u-4,ancestor-chain,"4,18,25,28",4,15,-4.0,0.6668479883562345,8.0,0.9999997615814209,1,0.9068440794944763,10766,3,3.0907726287841797,1,"For more details, push push push push push push push push push push push push"
push-repeat8,推，推，推，推，推，推，推，推。,off-path-seed4-u-4,off-path-matched,"0,1,2,3",4,15,-4.0,0.6668479883562345,8.0,0.9999998807907104,1,0.9577080607414246,10766,3,1.5643832683563232,1,"For example, push push, push push push push push push push push push push"
push-repeat8,推，推，推，推，推，推，推，推。,ancestor-chain-seed5-u-4,ancestor-chain,"5,18,25,28",4,15,-4.0,0.6668479883562345,8.0,0.9999998211860657,1,0.9066779613494873,10766,3,3.044069290161133,1,"For more details, push push push push push push push push push push push push"
push-repeat8,推，推，推，推，推，推，推，推。,off-path-seed5-u-4,off-path-matched,"0,1,2,3",4,15,-4.0,0.6668479883562345,8.0,0.9999998807907104,1,0.9577080607414246,10766,3,1.5643832683563232,1,"For example, push push, push push push push push push push push push push"
push-repeat8,推，推，推，推，推，推，推，推。,ancestor-chain-seed6-u-4,ancestor-chain,"6,19,25,28",4,15,-4.0,0.6668479883562345,8.0,0.9999992251396179,1,0.9152064323425293,10766,3,3.0027341842651367,1,"For more details, push push push push push push push push push push push push"
push-repeat8,推，推，推，推，推，推，推，推。,off-path-seed6-u-4,off-path-matched,"0,1,2,3",4,15,-4.0,0.6668479883562345,8.0,0.9999998807907104,1,0.9577080607414246,10766,3,1.5643832683563232,1,"For example, push push, push push push push push push push push push push"
push-repeat8,推，推，推，推，推，推，推，推。,ancestor-chain-seed7-u-4,ancestor-chain,"7,19,25,28",4,15,-4.0,0.6668479883562345,8.0,0.9999990463256836,1,0.9177870154380798,10766,3,2.9511356353759766,1,"For more details, push push push push push push push push push push push push"
push-repeat8,推，推，推，推，推，推，推，推。,off-path-seed7-u-4,off-path-matched,"0,1,2,3",4,15,-4.0,0.6668479883562345,8.0,0.9999998807907104,1,0.9577080607414246,10766,3,1.5643832683563232,1,"For example, push push, push push push push push push push push push push"
push-repeat8,推，推，推，推，推，推，推，推。,uniform-all-u-2,uniform-all,"0,1,2,3,4,5,6,7,16,17,18,19,24,25,28",15,15,-2.0,0.6764616329823152,7.745966692414834,0.9997603893280029,1,0.8595126271247864,10766,3,5.270662307739258,1,"For more, pushing push, push push, push, push, push,"
push-repeat8,推，推，推，推，推，推，推，推。,fine-jump-m0n0-u-2,fine-jump,0,1,15,-2.0,0.6764616329823152,2.0,0.9999999403953552,1,0.9652300477027893,10766,3,0.6021928787231445,1,"For example, pushing push push push push push push push push push push push"
push-repeat8,推，推，推，推，推，推，推，推。,fine-jump-m0n1-u-2,fine-jump,1,1,15,-2.0,0.6764616329823152,2.0,0.9999999403953552,1,0.9730993509292603,10766,3,0.8023715019226074,1,"For example, push push push push push push push push push push push push push"
push-repeat8,推，推，推，推，推，推，推，推。,fine-jump-m0n2-u-2,fine-jump,2,1,15,-2.0,0.6764616329823152,2.0,0.9999999403953552,1,0.9701851606369019,10766,3,0.526827871799469,1,"For example, push push push push push push push push push push push push push"
push-repeat8,推，推，推，推，推，推，推，推。,fine-jump-m0n3-u-2,fine-jump,3,1,15,-2.0,0.6764616329823152,2.0,0.9999999403953552,1,0.9686873555183411,10766,3,0.5242809653282166,1,"For example, push push push push push push push push push push push push push"
push-repeat8,推，推，推，推，推，推，推，推。,fine-jump-m0n4-u-2,fine-jump,4,1,15,-2.0,0.6764616329823152,2.0,0.9999999403953552,1,0.9655927419662476,10766,3,0.4589056968688965,1,"For example, pushing push push push push push push push push push push push"
push-repeat8,推，推，推，推，推，推，推，推。,fine-jump-m0n5-u-2,fine-jump,5,1,15,-2.0,0.6764616329823152,2.0,0.9999999403953552,1,0.9651013612747192,10766,3,0.37194252014160156,1,"For example, pushing push push push push push push push push push push push"
push-repeat8,推，推，推，推，推，推，推，推。,fine-jump-m0n6-u-2,fine-jump,6,1,15,-2.0,0.6764616329823152,2.0,0.9999999403953552,1,0.9670349955558777,10766,3,0.31580376625061035,1,"For example, pushing push push push push push push push push push push push"
push-repeat8,推，推，推，推，推，推，推，推。,fine-jump-m0n7-u-2,fine-jump,7,1,15,-2.0,0.6764616329823152,2.0,0.9999999403953552,1,0.9670430421829224,10766,3,0.2794346809387207,1,"For example, pushing push push push push push push push push push push push"
push-repeat8,推，推，推，推，推，推，推，推。,upper-jump-m1n0-u-2,upper-jump,16,1,15,-2.0,0.6764616329823152,2.0,0.9999999403953552,1,0.969999372959137,10766,3,0.8802652359008789,1,"For example, push push push push push push push push push push push push push"
push-repeat8,推，推，推，推，推，推，推，推。,upper-jump-m1n1-u-2,upper-jump,17,1,15,-2.0,0.6764616329823152,2.0,0.9999999403953552,1,0.9692744612693787,10766,3,0.799065351486206,1,"For example, push push push push push push push push push push push push push"
push-repeat8,推，推，推，推，推，推，推，推。,upper-jump-m1n2-u-2,upper-jump,18,1,15,-2.0,0.6764616329823152,2.0,0.9999999403953552,1,0.9590540528297424,10766,3,0.8175449371337891,1,"For example, pushing push push push push push push push push push push push"
push-repeat8,推，推，推，推，推，推，推，推。,upper-jump-m1n3-u-2,upper-jump,19,1,15,-2.0,0.6764616329823152,2.0,0.9999999403953552,1,0.9635259509086609,10766,3,0.7542130947113037,1,"For example, pushing push push push push push push push push push push push"
push-repeat8,推，推，推，推，推，推，推，推。,upper-jump-m2n0-u-2,upper-jump,24,1,15,-2.0,0.6764616329823152,2.0,0.9999999403953552,1,0.968187153339386,10766,3,1.074648380279541,1,"For example, push push push push push push push push push push push push push"
push-repeat8,推，推，推，推，推，推，推，推。,upper-jump-m2n1-u-2,upper-jump,25,1,15,-2.0,0.6764616329823152,2.0,0.9999999403953552,1,0.9500707387924194,10766,3,1.4687248468399048,1,"For example, pushing push push push push push push push push push push push"
push-repeat8,推，推，推，推，推，推，推，推。,upper-jump-m3n0-u-2,upper-jump,28,1,15,-2.0,0.6764616329823152,2.0,0.9999999403953552,1,0.9586672782897949,10766,3,1.2710530757904053,1,"For example, pushing push push push push push push push push push push push"
push-repeat8,推，推，推，推，推，推，推，推。,ancestor-chain-seed0-u-2,ancestor-chain,"0,16,24,28",4,15,-2.0,0.6764616329823152,4.0,0.9999999403953552,1,0.9508565068244934,10766,3,2.4075074195861816,1,"For example, push push push push push push push push push push push push push"
push-repeat8,推，推，推，推，推，推，推，推。,off-path-seed0-u-2,off-path-matched,"1,2,3,4",4,15,-2.0,0.6764616329823152,4.0,0.9999999403953552,1,0.963764488697052,10766,3,1.48024320602417,1,"For example, push push, push push push push push push push push push push"
push-repeat8,推，推，推，推，推，推，推，推。,ancestor-chain-seed1-u-2,ancestor-chain,"1,16,24,28",4,15,-2.0,0.6764616329823152,4.0,0.9999999403953552,1,0.9617296457290649,10766,3,2.358206272125244,1,"For example, push push push push push push push push push push push push push"
push-repeat8,推，推，推，推，推，推，推，推。,off-path-seed1-u-2,off-path-matched,"0,2,3,4",4,15,-2.0,0.6764616329823152,4.0,0.9999999403953552,1,0.9545727968215942,10766,3,1.1754894256591797,1,"For example, push push, push push push push push push push push push push"
push-repeat8,推，推，推，推，推，推，推，推。,ancestor-chain-seed2-u-2,ancestor-chain,"2,17,24,28",4,15,-2.0,0.6764616329823152,4.0,0.9999999403953552,1,0.950814425945282,10766,3,2.0815834999084473,1,"For example, push push push push push push push push push push push push push"
push-repeat8,推，推，推，推，推，推，推，推。,off-path-seed2-u-2,off-path-matched,"0,1,3,4",4,15,-2.0,0.6764616329823152,4.0,0.9999998211860657,1,0.9565061926841736,10766,3,1.3054393529891968,1,"For example, push push, push push push push push push push push push push"
push-repeat8,推，推，推，推，推，推，推，推。,ancestor-chain-seed3-u-2,ancestor-chain,"3,17,24,28",4,15,-2.0,0.6764616329823152,4.0,0.9999999403953552,1,0.9478123784065247,10766,3,2.119983673095703,1,"For example, push push push push push push push push push push push push push"
push-repeat8,推，推，推，推，推，推，推，推。,off-path-seed3-u-2,off-path-matched,"0,1,2,4",4,15,-2.0,0.6764616329823152,4.0,0.9999999403953552,1,0.9604431986808777,10766,3,1.2267183065414429,1,"For example, push push, push push push push push push push push push push"
push-repeat8,推，推，推，推，推，推，推，推。,ancestor-chain-seed4-u-2,ancestor-chain,"4,18,25,28",4,15,-2.0,0.6764616329823152,4.0,0.9999998211860657,1,0.9091142416000366,10766,3,3.0162220001220703,1,"For more details, push push push push push push push push push push push push"
push-repeat8,推，推，推，推，推，推，推，推。,off-path-seed4-u-2,off-path-matched,"0,1,2,3",4,15,-2.0,0.6764616329823152,4.0,0.9999998807907104,1,0.9579879641532898,10766,3,1.5067293643951416,1,"For example, push push, push push push push push push push push push push"
push-repeat8,推，推，推，推，推，推，推，推。,ancestor-chain-seed5-u-2,ancestor-chain,"5,18,25,28",4,15,-2.0,0.6764616329823152,4.0,0.9999998211860657,1,0.9088460206985474,10766,3,2.9643354415893555,1,"For more details, push push push push push push push push push push push push"
push-repeat8,推，推，推，推，推，推，推，推。,off-path-seed5-u-2,off-path-matched,"0,1,2,3",4,15,-2.0,0.6764616329823152,4.0,0.9999998807907104,1,0.9579879641532898,10766,3,1.5067293643951416,1,"For example, push push, push push push push push push push push push push"
push-repeat8,推，推，推，推，推，推，推，推。,ancestor-chain-seed6-u-2,ancestor-chain,"6,19,25,28",4,15,-2.0,0.6764616329823152,4.0,0.9999993443489075,1,0.9172976613044739,10766,3,2.9293622970581055,1,"For more details, push push push push push push push push push push push push"
push-repeat8,推，推，推，推，推，推，推，推。,off-path-seed6-u-2,off-path-matched,"0,1,2,3",4,15,-2.0,0.6764616329823152,4.0,0.9999998807907104,1,0.9579879641532898,10766,3,1.5067293643951416,1,"For example, push push, push push push push push push push push push push"
push-repeat8,推，推，推，推，推，推，推，推。,ancestor-chain-seed7-u-2,ancestor-chain,"7,19,25,28",4,15,-2.0,0.6764616329823152,4.0,0.9999991655349731,1,0.9194931983947754,10766,3,2.888582944869995,1,"For more details, push push push push push push push push push push push push"
push-repeat8,推，推，推，推，推，推，推，推。,off-path-seed7-u-2,off-path-matched,"0,1,2,3",4,15,-2.0,0.6764616329823152,4.0,0.9999998807907104,1,0.9579879641532898,10766,3,1.5067293643951416,1,"For example, push push, push push push push push push push push push push"
push-repeat8,推，推，推，推，推，推，推，推。,uniform-all-u-1,uniform-all,"0,1,2,3,4,5,6,7,16,17,18,19,24,25,28",15,15,-1.0,0.7343277260358962,3.872983346207417,0.9999265074729919,1,0.8527129292488098,10766,3,4.718425750732422,1,"For more, pushing push, push push, push push, push, push"
push-repeat8,推，推，推，推，推，推，推，推。,fine-jump-m0n0-u-1,fine-jump,0,1,15,-1.0,0.7343277260358962,1.0,0.9999999403953552,1,0.9659359455108643,10766,3,0.49570369720458984,1,"For example, pushing push push push push push push push push push push push"
push-repeat8,推，推，推，推，推，推，推，推。,fine-jump-m0n1-u-1,fine-jump,1,1,15,-1.0,0.7343277260358962,1.0,0.9999999403953552,1,0.9725384712219238,10766,3,0.6485886573791504,1,"For example, push push push push push push push push push push push push push"
push-repeat8,推，推，推，推，推，推，推，推。,fine-jump-m0n2-u-1,fine-jump,2,1,15,-1.0,0.7343277260358962,1.0,0.9999999403953552,1,0.970250129699707,10766,3,0.43031734228134155,1,"For example, push push push push push push push push push push push push push"
push-repeat8,推，推，推，推，推，推，推，推。,fine-jump-m0n3-u-1,fine-jump,3,1,15,-1.0,0.7343277260358962,1.0,0.9999999403953552,1,0.968882143497467,10766,3,0.43992307782173157,1,"For example, push push push push push push push push push push push push push"
push-repeat8,推，推，推，推，推，推，推，推。,fine-jump-m0n4-u-1,fine-jump,4,1,15,-1.0,0.7343277260358962,1.0,0.9999999403953552,1,0.9665283560752869,10766,3,0.37212276458740234,1,"For example, pushing push push push push push push push push push push push"
push-repeat8,推，推，推，推，推，推，推，推。,fine-jump-m0n5-u-1,fine-jump,5,1,15,-1.0,0.7343277260358962,1.0,0.9999999403953552,1,0.965993344783783,10766,3,0.3104825019836426,1,"For example, pushing push push push push push push push push push push push"
push-repeat8,推，推，推，推，推，推，推，推。,fine-jump-m0n6-u-1,fine-jump,6,1,15,-1.0,0.7343277260358962,1.0,0.9999999403953552,1,0.9676783084869385,10766,3,0.2617483139038086,1,"For example, pushing push push push push push push push push push push push"
push-repeat8,推，推，推，推，推，推，推，推。,fine-jump-m0n7-u-1,fine-jump,7,1,15,-1.0,0.7343277260358962,1.0,0.9999999403953552,1,0.9678011536598206,10766,3,0.22322678565979004,1,"For example, pushing push push push push push push push push push push push"
push-repeat8,推，推，推，推，推，推，推，推。,upper-jump-m1n0-u-1,upper-jump,16,1,15,-1.0,0.7343277260358962,1.0,0.9999999403953552,1,0.9697450399398804,10766,3,0.6717324256896973,1,"For example, push push push push push push push push push push push push push"
push-repeat8,推，推，推，推，推，推，推，推。,upper-jump-m1n1-u-1,upper-jump,17,1,15,-1.0,0.7343277260358962,1.0,0.9999999403953552,1,0.9696308374404907,10766,3,0.6413085460662842,1,"For example, push push push push push push push push push push push push push"
push-repeat8,推，推，推，推，推，推，推，推。,upper-jump-m1n2-u-1,upper-jump,18,1,15,-1.0,0.7343277260358962,1.0,0.9999999403953552,1,0.9613522887229919,10766,3,0.6655349731445312,1,"For example, pushing push push push push push push push push push push push"
push-repeat8,推，推，推，推，推，推，推，推。,upper-jump-m1n3-u-1,upper-jump,19,1,15,-1.0,0.7343277260358962,1.0,0.9999999403953552,1,0.9652054309844971,10766,3,0.6062362194061279,1,"For example, pushing push push push push push push push push push push push"
push-repeat8,推，推，推，推，推，推，推，推。,upper-jump-m2n0-u-1,upper-jump,24,1,15,-1.0,0.7343277260358962,1.0,0.9999999403953552,1,0.9685454368591309,10766,3,0.8739111423492432,1,"For example, push push push push push push push push push push push push push"
push-repeat8,推，推，推，推，推，推，推，推。,upper-jump-m2n1-u-1,upper-jump,25,1,15,-1.0,0.7343277260358962,1.0,0.9999999403953552,1,0.9554466009140015,10766,3,1.1543898582458496,1,"For example, pushing push push push push push push push push push push push"
push-repeat8,推，推，推，推，推，推，推，推。,upper-jump-m3n0-u-1,upper-jump,28,1,15,-1.0,0.7343277260358962,1.0,0.9999999403953552,1,0.9621340036392212,10766,3,0.9661245346069336,1,"For example, pushing push push push push push push push push push push push"
push-repeat8,推，推，推，推，推，推，推，推。,ancestor-chain-seed0-u-1,ancestor-chain,"0,16,24,28",4,15,-1.0,0.7343277260358962,2.0,0.9999999403953552,1,0.9534554481506348,10766,3,2.031158924102783,1,"For example, push push push push push push push push push push push push push"
push-repeat8,推，推，推，推，推，推，推，推。,off-path-seed0-u-1,off-path-matched,"1,2,3,4",4,15,-1.0,0.7343277260358962,2.0,0.9999999403953552,1,0.9654282331466675,10766,3,1.2004547119140625,1,"For example, push push, push push push push push push push push push push"
push-repeat8,推，推，推，推，推，推，推，推。,ancestor-chain-seed1-u-1,ancestor-chain,"1,16,24,28",4,15,-1.0,0.7343277260358962,2.0,0.9999999403953552,1,0.9621649384498596,10766,3,2.061100482940674,1,"For example, push push push push push push push push push push push push push"
push-repeat8,推，推，推，推，推，推，推，推。,off-path-seed1-u-1,off-path-matched,"0,2,3,4",4,15,-1.0,0.7343277260358962,2.0,0.9999999403953552,1,0.9587941765785217,10766,3,0.9408841133117676,1,"For example, push push, push push push push push push push push push push"
push-repeat8,推，推，推，推，推，推，推，推。,ancestor-chain-seed2-u-1,ancestor-chain,"2,17,24,28",4,15,-1.0,0.7343277260358962,2.0,0.9999999403953552,1,0.9539585709571838,10766,3,1.7673981189727783,1,"For example, push push push push push push push push push push push push push"
push-repeat8,推，推，推，推，推，推，推，推。,off-path-seed2-u-1,off-path-matched,"0,1,3,4",4,15,-1.0,0.7343277260358962,2.0,0.9999998807907104,1,0.9599024057388306,10766,3,1.0698693990707397,1,"For example, push push, push push push push push push push push push push"
push-repeat8,推，推，推，推，推，推，推，推。,ancestor-chain-seed3-u-1,ancestor-chain,"3,17,24,28",4,15,-1.0,0.7343277260358962,2.0,0.9999999403953552,1,0.9512109756469727,10766,3,1.8089301586151123,1,"For example, push push push push push push push push push push push push push"
push-repeat8,推，推，推，推，推，推，推，推。,off-path-seed3-u-1,off-path-matched,"0,1,2,4",4,15,-1.0,0.7343277260358962,2.0,0.9999999403953552,1,0.9626193642616272,10766,3,1.0122771263122559,1,"For example, push push push push push push push push push push push push push"
push-repeat8,推，推，推，推，推，推，推，推。,ancestor-chain-seed4-u-1,ancestor-chain,"4,18,25,28",4,15,-1.0,0.7343277260358962,2.0,0.9999998807907104,1,0.9209384322166443,10766,3,2.513143539428711,1,"For more details, push push push push push push push push push push push push"
push-repeat8,推，推，推，推，推，推，推，推。,off-path-seed4-u-1,off-path-matched,"0,1,2,3",4,15,-1.0,0.7343277260358962,2.0,0.9999999403953552,1,0.9604415893554688,10766,3,1.2146453857421875,1,"For example, push push, push push push push push push push push push push"
push-repeat8,推，推，推，推，推，推，推，推。,ancestor-chain-seed5-u-1,ancestor-chain,"5,18,25,28",4,15,-1.0,0.7343277260358962,2.0,0.9999998807907104,1,0.9202176928520203,10766,3,2.4635696411132812,1,"For more details, push push push push push push push push push push push push"
push-repeat8,推，推，推，推，推，推，推，推。,off-path-seed5-u-1,off-path-matched,"0,1,2,3",4,15,-1.0,0.7343277260358962,2.0,0.9999999403953552,1,0.9604415893554688,10766,3,1.2146453857421875,1,"For example, push push, push push push push push push push push push push"
push-repeat8,推，推，推，推，推，推，推，推。,ancestor-chain-seed6-u-1,ancestor-chain,"6,19,25,28",4,15,-1.0,0.7343277260358962,2.0,0.9999997615814209,1,0.9302630424499512,10766,3,2.716975450515747,1,"For more details, push push push push push push push push push push push push"
push-repeat8,推，推，推，推，推，推，推，推。,off-path-seed6-u-1,off-path-matched,"0,1,2,3",4,15,-1.0,0.7343277260358962,2.0,0.9999999403953552,1,0.9604415893554688,10766,3,1.2146453857421875,1,"For example, push push, push push push push push push push push push push"
push-repeat8,推，推，推，推，推，推，推，推。,ancestor-chain-seed7-u-1,ancestor-chain,"7,19,25,28",4,15,-1.0,0.7343277260358962,2.0,0.9999997019767761,1,0.9306110739707947,10766,3,2.7112793922424316,1,"For more details, push push push push push push push push push push push push"
push-repeat8,推，推，推，推，推，推，推，推。,off-path-seed7-u-1,off-path-matched,"0,1,2,3",4,15,-1.0,0.7343277260358962,2.0,0.9999999403953552,1,0.9604415893554688,10766,3,1.2146453857421875,1,"For example, push push, push push push push push push push push push push"
push-repeat8,推，推，推，推，推，推，推，推。,uniform-all-u-0.5,uniform-all,"0,1,2,3,4,5,6,7,16,17,18,19,24,25,28",15,15,-0.5,0.8291349230351314,1.9364916731037085,0.9999957084655762,1,0.8859644532203674,10766,3,3.427103042602539,1,"For more, pushing push push push push push push push push push push push"
push-repeat8,推，推，推，推，推，推，推，推。,fine-jump-m0n0-u-0.5,fine-jump,0,1,15,-0.5,0.8291349230351314,0.5,0.9999999403953552,1,0.967192530632019,10766,3,0.3196573257446289,1,"For example, pushing push push push push push push push push push push push"
push-repeat8,推，推，推，推，推，推，推，推。,fine-jump-m0n1-u-0.5,fine-jump,1,1,15,-0.5,0.8291349230351314,0.5,0.9999999403953552,1,0.9715906977653503,10766,3,0.41393470764160156,1,"For example, push push push push push push push push push push push push push"
push-repeat8,推，推，推，推，推，推，推，推。,fine-jump-m0n2-u-0.5,fine-jump,2,1,15,-0.5,0.8291349230351314,0.5,0.9999999403953552,1,0.9701728224754333,10766,3,0.27309250831604004,1,"For example, push push push push push push push push push push push push push"
push-repeat8,推，推，推，推，推，推，推，推。,fine-jump-m0n3-u-0.5,fine-jump,3,1,15,-0.5,0.8291349230351314,0.5,0.9999999403953552,1,0.9690009355545044,10766,3,0.29474538564682007,1,"For example, push push push push push push push push push push push push push"
push-repeat8,推，推，推，推，推，推，推，推。,fine-jump-m0n4-u-0.5,fine-jump,4,1,15,-0.5,0.8291349230351314,0.5,0.9999999403953552,1,0.9678556323051453,10766,3,0.23430728912353516,1,"For example, pushing push push push push push push push push push push push"
push-repeat8,推，推，推，推，推，推，推，推。,fine-jump-m0n5-u-0.5,fine-jump,5,1,15,-0.5,0.8291349230351314,0.5,0.9999999403953552,1,0.9674277901649475,10766,3,0.20608234405517578,1,"For example, pushing push push push push push push push push push push push"
push-repeat8,推，推，推，推，推，推，推，推。,fine-jump-m0n6-u-0.5,fine-jump,6,1,15,-0.5,0.8291349230351314,0.5,0.9999999403953552,1,0.9685566425323486,10766,3,0.17186903953552246,1,"For example, pushing push push push push push push push push push push push"
push-repeat8,推，推，推，推，推，推，推，推。,fine-jump-m0n7-u-0.5,fine-jump,7,1,15,-0.5,0.8291349230351314,0.5,0.9999999403953552,1,0.9688311219215393,10766,3,0.13344311714172363,1,"For example, pushing push push push push push push push push push push push"
push-repeat8,推，推，推，推，推，推，推，推。,upper-jump-m1n0-u-0.5,upper-jump,16,1,15,-0.5,0.8291349230351314,0.5,0.9999999403953552,1,0.9697306156158447,10766,3,0.41756772994995117,1,"For example, push push push push push push push push push push push push push"
push-repeat8,推，推，推，推，推，推，推，推。,upper-jump-m1n1-u-0.5,upper-jump,17,1,15,-0.5,0.8291349230351314,0.5,0.9999999403953552,1,0.9696159362792969,10766,3,0.4057213068008423,1,"For example, push push push push push push push push push push push push push"
push-repeat8,推，推，推，推，推，推，推，推。,upper-jump-m1n2-u-0.5,upper-jump,18,1,15,-0.5,0.8291349230351314,0.5,0.9999999403953552,1,0.964760959148407,10766,3,0.41893815994262695,1,"For example, pushing push push push push push push push push push push push"
push-repeat8,推，推，推，推，推，推，推，推。,upper-jump-m1n3-u-0.5,upper-jump,19,1,15,-0.5,0.8291349230351314,0.5,0.9999999403953552,1,0.9673305153846741,10766,3,0.378071665763855,1,"For example, pushing push push push push push push push push push push push"
push-repeat8,推，推，推，推，推，推，推，推。,upper-jump-m2n0-u-0.5,upper-jump,24,1,15,-0.5,0.8291349230351314,0.5,0.9999999403953552,1,0.9697727560997009,10766,3,0.5633411407470703,1,"For example, push push push push push push push push push push push push push"
push-repeat8,推，推，推，推，推，推，推，推。,upper-jump-m2n1-u-0.5,upper-jump,25,1,15,-0.5,0.8291349230351314,0.5,0.9999999403953552,1,0.9618707895278931,10766,3,0.6885266304016113,1,"For example, pushing push push push push push push push push push push push"
push-repeat8,推，推，推，推，推，推，推，推。,upper-jump-m3n0-u-0.5,upper-jump,28,1,15,-0.5,0.8291349230351314,0.5,0.9999999403953552,1,0.9661170840263367,10766,3,0.5515575408935547,1,"For example, pushing push push push push push push push push push push push"
push-repeat8,推，推，推，推，推，推，推，推。,ancestor-chain-seed0-u-0.5,ancestor-chain,"0,16,24,28",4,15,-0.5,0.8291349230351314,1.0,0.9999999403953552,1,0.95987468957901,10766,3,1.207399845123291,1,"For example, push push push push push push push push push push push push push"
push-repeat8,推，推，推，推，推，推，推，推。,off-path-seed0-u-0.5,off-path-matched,"1,2,3,4",4,15,-0.5,0.8291349230351314,1.0,0.9999999403953552,1,0.967726469039917,10766,3,0.7599935531616211,1,"For example, push push push push push push push push push push push push push"
push-repeat8,推，推，推，推，推，推，推，推。,ancestor-chain-seed1-u-0.5,ancestor-chain,"1,16,24,28",4,15,-0.5,0.8291349230351314,1.0,0.9999999403953552,1,0.9641469717025757,10766,3,1.3369951248168945,1,"For example, push push push push push push push push push push push push push"
push-repeat8,推，推，推，推，推，推，推，推。,off-path-seed1-u-0.5,off-path-matched,"0,2,3,4",4,15,-0.5,0.8291349230351314,1.0,0.9999999403953552,1,0.963527262210846,10766,3,0.5923061370849609,1,"For example, push push push push push push push push push push push push push"
push-repeat8,推，推，推，推，推，推，推，推。,ancestor-chain-seed2-u-0.5,ancestor-chain,"2,17,24,28",4,15,-0.5,0.8291349230351314,1.0,0.9999999403953552,1,0.9615311026573181,10766,3,1.1856861114501953,1,"For example, push push push push push push push push push push push push push"
push-repeat8,推，推，推，推，推，推，推，推。,off-path-seed2-u-0.5,off-path-matched,"0,1,3,4",4,15,-0.5,0.8291349230351314,1.0,0.9999999403953552,1,0.964213490486145,10766,3,0.6806850433349609,1,"For example, push push push push push push push push push push push push push"
push-repeat8,推，推，推，推，推，推，推，推。,ancestor-chain-seed3-u-0.5,ancestor-chain,"3,17,24,28",4,15,-0.5,0.8291349230351314,1.0,0.9999999403953552,1,0.9604827165603638,10766,3,1.188267707824707,1,"For example, push push push push push push push push push push push push push"
push-repeat8,推，推，推，推，推，推，推，推。,off-path-seed3-u-0.5,off-path-matched,"0,1,2,4",4,15,-0.5,0.8291349230351314,1.0,0.9999999403953552,1,0.9659013748168945,10766,3,0.6652507781982422,1,"For example, push push push push push push push push push push push push push"
push-repeat8,推，推，推，推，推，推，推，推。,ancestor-chain-seed4-u-0.5,ancestor-chain,"4,18,25,28",4,15,-0.5,0.8291349230351314,1.0,0.9999999403953552,1,0.9434471130371094,10766,3,1.5919666290283203,1,"For example, pushing push push push push push push push push push push push"
push-repeat8,推，推，推，推，推，推，推，推。,off-path-seed4-u-0.5,off-path-matched,"0,1,2,3",4,15,-0.5,0.8291349230351314,1.0,0.9999999403953552,1,0.9652281999588013,10766,3,0.8166694641113281,1,"For example, push push push push push push push push push push push push push"
push-repeat8,推，推，推，推，推，推，推，推。,ancestor-chain-seed5-u-0.5,ancestor-chain,"5,18,25,28",4,15,-0.5,0.8291349230351314,1.0,0.9999999403953552,1,0.9429188966751099,10766,3,1.5385961532592773,1,"For example, pushing push push push push push push push push push push push"
push-repeat8,推，推，推，推，推，推，推，推。,off-path-seed5-u-0.5,off-path-matched,"0,1,2,3",4,15,-0.5,0.8291349230351314,1.0,0.9999999403953552,1,0.9652281999588013,10766,3,0.8166694641113281,1,"For example, push push push push push push push push push push push push push"
push-repeat8,推，推，推，推，推，推，推，推。,ancestor-chain-seed6-u-0.5,ancestor-chain,"6,19,25,28",4,15,-0.5,0.8291349230351314,1.0,0.9999999403953552,1,0.9500490427017212,10766,3,1.8106427192687988,1,"For example, pushing push push push push push push push push push push push"
push-repeat8,推，推，推，推，推，推，推，推。,off-path-seed6-u-0.5,off-path-matched,"0,1,2,3",4,15,-0.5,0.8291349230351314,1.0,0.9999999403953552,1,0.9652281999588013,10766,3,0.8166694641113281,1,"For example, push push push push push push push push push push push push push"
push-repeat8,推，推，推，推，推，推，推，推。,ancestor-chain-seed7-u-0.5,ancestor-chain,"7,19,25,28",4,15,-0.5,0.8291349230351314,1.0,0.9999999403953552,1,0.9501379132270813,10766,3,1.7858905792236328,1,"For example, pushing push push push push push push push push push push push"
push-repeat8,推，推，推，推，推，推，推，推。,off-path-seed7-u-0.5,off-path-matched,"0,1,2,3",4,15,-0.5,0.8291349230351314,1.0,0.9999999403953552,1,0.9652281999588013,10766,3,0.8166694641113281,1,"For example, push push push push push push push push push push push push push"
push-repeat8,推，推，推，推，推，推，推，推。,uniform-all-u+0.5,uniform-all,"0,1,2,3,4,5,6,7,16,17,18,19,24,25,28",15,15,0.5,1.206076323910468,1.9364916731037085,0.9999999403953552,1,0.9776474237442017,10766,3,3.2511024475097656,1,"For example, pushing push push push push push push push push push push push"
push-repeat8,推，推，推，推，推，推，推，推。,fine-jump-m0n0-u+0.5,fine-jump,0,1,15,0.5,1.206076323910468,0.5,0.9999999403953552,1,0.9731671214103699,10766,3,0.3568582534790039,1,"For example, pushing push push push push push push push push push push push"
push-repeat8,推，推，推，推，推，推，推，推。,fine-jump-m0n1-u+0.5,fine-jump,1,1,15,0.5,1.206076323910468,0.5,0.9999999403953552,1,0.9690029621124268,10766,3,0.4791393280029297,1,"For example, pushing push push push push push push push push push push push"
push-repeat8,推，推，推，推，推，推，推，推。,fine-jump-m0n2-u+0.5,fine-jump,2,1,15,0.5,1.206076323910468,0.5,0.9999999403953552,1,0.9703968167304993,10766,3,0.298488974571228,1,"For example, pushing push push push push push push push push push push push"
push-repeat8,推，推，推，推，推，推，推，推。,fine-jump-m0n3-u+0.5,fine-jump,3,1,15,0.5,1.206076323910468,0.5,0.9999999403953552,1,0.9717409014701843,10766,3,0.3198173940181732,1,"For example, pushing push push push push push push push push push push push"
push-repeat8,推，推，推，推，推，推，推，推。,fine-jump-m0n4-u+0.5,fine-jump,4,1,15,0.5,1.206076323910468,0.5,0.9999999403953552,1,0.9722342491149902,10766,3,0.2651638984680176,1,"For example, push push push push push push push push push push push push push"
push-repeat8,推，推，推，推，推，推，推，推。,fine-jump-m0n5-u+0.5,fine-jump,5,1,15,0.5,1.206076323910468,0.5,0.9999999403953552,1,0.9721913933753967,10766,3,0.2536616325378418,1,"For example, push push push push push push push push push push push push push"
push-repeat8,推，推，推，推，推，推，推，推。,fine-jump-m0n6-u+0.5,fine-jump,6,1,15,0.5,1.206076323910468,0.5,0.9999999403953552,1,0.9716530442237854,10766,3,0.26189231872558594,1,"For example, push push push push push push push push push push push push push"
push-repeat8,推，推，推，推，推，推，推，推。,fine-jump-m0n7-u+0.5,fine-jump,7,1,15,0.5,1.206076323910468,0.5,0.9999999403953552,1,0.9715141654014587,10766,3,0.20812177658081055,1,"For example, pushing push push push push push push push push push push push"
push-repeat8,推，推，推，推，推，推，推，推。,upper-jump-m1n0-u+0.5,upper-jump,16,1,15,0.5,1.206076323910468,0.5,0.9999999403953552,1,0.9702135324478149,10766,3,0.4444565773010254,1,"For example, pushing push push push push push push push push push push push"
push-repeat8,推，推，推，推，推，推，推，推。,upper-jump-m1n1-u+0.5,upper-jump,17,1,15,0.5,1.206076323910468,0.5,0.9999999403953552,1,0.9715363383293152,10766,3,0.45197793841362,1,"For example, pushing push push push push push push push push push push push"
push-repeat8,推，推，推，推，推，推，推，推。,upper-jump-m1n2-u+0.5,upper-jump,18,1,15,0.5,1.206076323910468,0.5,0.9999999403953552,1,0.9741742014884949,10766,3,0.46860361099243164,1,"For example, push push push push push push push push push push push push push"
push-repeat8,推，推，推，推，推，推，推，推。,upper-jump-m1n3-u+0.5,upper-jump,19,1,15,0.5,1.206076323910468,0.5,0.9999999403953552,1,0.9723806381225586,10766,3,0.42771363258361816,1,"For example, push push push push push push push push push push push push push"
push-repeat8,推，推，推，推，推，推，推，推。,upper-jump-m2n0-u+0.5,upper-jump,24,1,15,0.5,1.206076323910468,0.5,0.9999999403953552,1,0.9675514101982117,10766,3,0.9541540145874023,1,"For example, pushing push push push push push push push push push push push"
push-repeat8,推，推，推，推，推，推，推，推。,upper-jump-m2n1-u+0.5,upper-jump,25,1,15,0.5,1.206076323910468,0.5,0.9999999403953552,1,0.9746038317680359,10766,3,0.7361855506896973,1,"For example, push push push push push push push push push push push push push"
push-repeat8,推，推，推，推，推，推，推，推。,upper-jump-m3n0-u+0.5,upper-jump,28,1,15,0.5,1.206076323910468,0.5,0.9999999403953552,1,0.9712440967559814,10766,3,0.4944953918457031,1,"For example, pushing push push push push push push push push push push push"
push-repeat8,推，推，推，推，推，推，推，推。,ancestor-chain-seed0-u+0.5,ancestor-chain,"0,16,24,28",4,15,0.5,1.206076323910468,1.0,0.9999999403953552,1,0.9708027839660645,10766,3,1.6712360382080078,1,"For example, pushing push push push push push push push push push push push"
push-repeat8,推，推，推，推，推，推，推，推。,off-path-seed0-u+0.5,off-path-matched,"1,2,3,4",4,15,0.5,1.206076323910468,1.0,0.9999999403953552,1,0.9728713035583496,10766,3,0.8668766021728516,1,"For example, pushing push push push push push push push push push push push"
push-repeat8,推，推，推，推，推，推，推，推。,ancestor-chain-seed1-u+0.5,ancestor-chain,"1,16,24,28",4,15,0.5,1.206076323910468,1.0,0.9999999403953552,1,0.9658584594726562,10766,3,1.8423423767089844,1,"For example, pushing push push push push push push push push push push push"
push-repeat8,推，推，推，推，推，推，推，推。,off-path-seed1-u+0.5,off-path-matched,"0,2,3,4",4,15,0.5,1.206076323910468,1.0,0.9999999403953552,1,0.9769006967544556,10766,3,0.6976585388183594,1,"For example, pushing push push push push push push push push push push push"
push-repeat8,推，推，推，推，推，推，推，推。,ancestor-chain-seed2-u+0.5,ancestor-chain,"2,17,24,28",4,15,0.5,1.206076323910468,1.0,0.9999999403953552,1,0.9669118523597717,10766,3,1.6935644149780273,1,"For example, pushing push push push push push push push push push push push"
push-repeat8,推，推，推，推，推，推，推，推。,off-path-seed2-u+0.5,off-path-matched,"0,1,3,4",4,15,0.5,1.206076323910468,1.0,0.9999999403953552,1,0.9750940203666687,10766,3,0.7957448959350586,1,"For example, pushing push push push push push push push push push push push"
push-repeat8,推，推，推，推，推，推，推，推。,ancestor-chain-seed3-u+0.5,ancestor-chain,"3,17,24,28",4,15,0.5,1.206076323910468,1.0,0.9999999403953552,1,0.9666552543640137,10766,3,1.84228515625,1,"For example, pushing push push push push push push push push push push push"
push-repeat8,推，推，推，推，推，推，推，推。,off-path-seed3-u+0.5,off-path-matched,"0,1,2,4",4,15,0.5,1.206076323910468,1.0,0.9999999403953552,1,0.9740346074104309,10766,3,0.754307746887207,1,"For example, pushing push push push push push push push push push push push"
push-repeat8,推，推，推，推，推，推，推，推。,ancestor-chain-seed4-u+0.5,ancestor-chain,"4,18,25,28",4,15,0.5,1.206076323910468,1.0,0.9999999403953552,1,0.9772025942802429,10766,3,1.7651152610778809,1,"For example, push push push push push push push push push push push push push"
push-repeat8,推，推，推，推，推，推，推，推。,off-path-seed4-u+0.5,off-path-matched,"0,1,2,3",4,15,0.5,1.206076323910468,1.0,0.9999999403953552,1,0.9730907082557678,10766,3,1.0015039443969727,1,"For example, pushing push push push push push push push push push push push"
push-repeat8,推，推，推，推，推，推，推，推。,ancestor-chain-seed5-u+0.5,ancestor-chain,"5,18,25,28",4,15,0.5,1.206076323910468,1.0,0.9999999403953552,1,0.976731538772583,10766,3,1.7347137928009033,1,"For example, push push push push push push push push push push push push push"
push-repeat8,推，推，推，推，推，推，推，推。,off-path-seed5-u+0.5,off-path-matched,"0,1,2,3",4,15,0.5,1.206076323910468,1.0,0.9999999403953552,1,0.9730907082557678,10766,3,1.0015039443969727,1,"For example, pushing push push push push push push push push push push push"
push-repeat8,推，推，推，推，推，推，推，推。,ancestor-chain-seed6-u+0.5,ancestor-chain,"6,19,25,28",4,15,0.5,1.206076323910468,1.0,0.9999999403953552,1,0.9755648374557495,10766,3,1.8153676986694336,1,"For example, push push push push push push push push push push push push push"
push-repeat8,推，推，推，推，推，推，推，推。,off-path-seed6-u+0.5,off-path-matched,"0,1,2,3",4,15,0.5,1.206076323910468,1.0,0.9999999403953552,1,0.9730907082557678,10766,3,1.0015039443969727,1,"For example, pushing push push push push push push push push push push push"
push-repeat8,推，推，推，推，推，推，推，推。,ancestor-chain-seed7-u+0.5,ancestor-chain,"7,19,25,28",4,15,0.5,1.206076323910468,1.0,0.9999999403953552,1,0.9756130576133728,10766,3,1.7681164741516113,1,"For example, push push push push push push push push push push push push push"
push-repeat8,推，推，推，推，推，推，推，推。,off-path-seed7-u+0.5,off-path-matched,"0,1,2,3",4,15,0.5,1.206076323910468,1.0,0.9999999403953552,1,0.9730907082557678,10766,3,1.0015039443969727,1,"For example, pushing push push push push push push push push push push push"
push-repeat8,推，推，推，推，推，推，推，推。,uniform-all-u+1,uniform-all,"0,1,2,3,4,5,6,7,16,17,18,19,24,25,28",15,15,1.0,1.361789790232048,3.872983346207417,0.9999979734420776,1,0.9768110513687134,10766,3,5.425982475280762,1," ⁇   ⁇ , ⁇ , push, push push, push push, push"
push-repeat8,推，推，推，推，推，推，推，推。,fine-jump-m0n0-u+1,fine-jump,0,1,15,1.0,1.361789790232048,1.0,0.9999999403953552,1,0.9750322699546814,10766,3,0.6143355369567871,1,"For example, pushing push push push push push push push push push push push"
push-repeat8,推，推，推，推，推，推，推，推。,fine-jump-m0n1-u+1,fine-jump,1,1,15,1.0,1.361789790232048,1.0,0.9999999403953552,1,0.9694145917892456,10766,3,0.8069601058959961,1,"For example, pushing push push push push push push push push push push push"
push-repeat8,推，推，推，推，推，推，推，推。,fine-jump-m0n2-u+1,fine-jump,2,1,15,1.0,1.361789790232048,1.0,0.9999999403953552,1,0.9712831974029541,10766,3,0.5024658441543579,1,"For example, pushing push push push push push push push push push push push"
push-repeat8,推，推，推，推，推，推，推，推。,fine-jump-m0n3-u+1,fine-jump,3,1,15,1.0,1.361789790232048,1.0,0.9999999403953552,1,0.9721825122833252,10766,3,0.5533057451248169,1,"For example, pushing push push push push push push push push push push push"
push-repeat8,推，推，推，推，推，推，推，推。,fine-jump-m0n4-u+1,fine-jump,4,1,15,1.0,1.361789790232048,1.0,0.9999999403953552,1,0.9737362265586853,10766,3,0.45451831817626953,1,"For example, push push push push push push push push push push push push push"
push-repeat8,推，推，推，推，推，推，推，推。,fine-jump-m0n5-u+1,fine-jump,5,1,15,1.0,1.361789790232048,1.0,0.9999999403953552,1,0.9734162092208862,10766,3,0.42822694778442383,1,"For example, push push push push push push push push push push push push push"
push-repeat8,推，推，推，推，推，推，推，推。,fine-jump-m0n6-u+1,fine-jump,6,1,15,1.0,1.361789790232048,1.0,0.9999999403953552,1,0.9727208018302917,10766,3,0.429370641708374,1,"For example, push push push push push push push push push push push push push"
push-repeat8,推，推，推，推，推，推，推，推。,fine-jump-m0n7-u+1,fine-jump,7,1,15,1.0,1.361789790232048,1.0,0.9999999403953552,1,0.9727005958557129,10766,3,0.3632371425628662,1,"For example, push push push push push push push push push push push push push"
push-repeat8,推，推，推，推，推，推，推，推。,upper-jump-m1n0-u+1,upper-jump,16,1,15,1.0,1.361789790232048,1.0,0.9999999403953552,1,0.9709850549697876,10766,3,0.7701587677001953,1,"For example, pushing push push push push push push push push push push push"
push-repeat8,推，推，推，推，推，推，推，推。,upper-jump-m1n1-u+1,upper-jump,17,1,15,1.0,1.361789790232048,1.0,0.9999999403953552,1,0.9721521139144897,10766,3,0.7911165952682495,1,"For example, pushing push push push push push push push push push push push"
push-repeat8,推，推，推，推，推，推，推，推。,upper-jump-m1n2-u+1,upper-jump,18,1,15,1.0,1.361789790232048,1.0,0.9999999403953552,1,0.9759930968284607,10766,3,0.7932262420654297,1,"For example, push push push push push push push push push push push push push"
push-repeat8,推，推，推，推，推，推，推，推。,upper-jump-m1n3-u+1,upper-jump,19,1,15,1.0,1.361789790232048,1.0,0.9999999403953552,1,0.9738926887512207,10766,3,0.7312681674957275,1,"For example, push push push push push push push push push push push push push"
push-repeat8,推，推，推，推，推，推，推，推。,upper-jump-m2n0-u+1,upper-jump,24,1,15,1.0,1.361789790232048,1.0,0.9999999403953552,1,0.9655548334121704,10766,3,1.6248645782470703,1,"For example, pushing push push push push push push push push push push push"
push-repeat8,推，推，推，推，推，推，推，推。,upper-jump-m2n1-u+1,upper-jump,25,1,15,1.0,1.361789790232048,1.0,0.9999999403953552,1,0.9762104749679565,10766,3,1.1873598098754883,1,"For example, push push push push push push push push push push push push push"
push-repeat8,推，推，推，推，推，推，推，推。,upper-jump-m3n0-u+1,upper-jump,28,1,15,1.0,1.361789790232048,1.0,0.9999999403953552,1,0.97107994556427,10766,3,0.8154740333557129,1,"For example, pushing push push push push push push push push push push push"
push-repeat8,推，推，推，推，推，推，推，推。,ancestor-chain-seed0-u+1,ancestor-chain,"0,16,24,28",4,15,1.0,1.361789790232048,2.0,1.0,1,0.969934344291687,10766,3,3.10056209564209,1,"For more details, push push push push push push push push push push push push"
push-repeat8,推，推，推，推，推，推，推，推。,off-path-seed0-u+1,off-path-matched,"1,2,3,4",4,15,1.0,1.361789790232048,2.0,0.9999999403953552,1,0.9742003083229065,10766,3,1.507002830505371,1,"For example, pushing push push push push push push push push push push push"
push-repeat8,推，推，推，推，推，推，推，推。,ancestor-chain-seed1-u+1,ancestor-chain,"1,16,24,28",4,15,1.0,1.361789790232048,2.0,1.0,1,0.9622630476951599,10766,3,3.3718607425689697,1," ⁇ , ⁇ , push, push push push push push push push push push"
push-repeat8,推，推，推，推，推，推，推，推。,off-path-seed1-u+1,off-path-matched,"0,2,3,4",4,15,1.0,1.361789790232048,2.0,0.9999999403953552,1,0.9799855947494507,10766,3,1.1765155792236328,1,"For example, pushing push push push push push push push push push push push"
push-repeat8,推，推，推，推，推，推，推，推。,ancestor-chain-seed2-u+1,ancestor-chain,"2,17,24,28",4,15,1.0,1.361789790232048,2.0,1.0,1,0.9684857130050659,10766,3,3.0489068031311035,1," ⁇ , ⁇ , push, push push push push push push push push push"
push-repeat8,推，推，推，推，推，推，推，推。,off-path-seed2-u+1,off-path-matched,"0,1,3,4",4,15,1.0,1.361789790232048,2.0,0.9999999403953552,1,0.977882981300354,10766,3,1.2974233627319336,1,"For example, pushing push push push push push push push push push push push"
push-repeat8,推，推，推，推，推，推，推，推。,ancestor-chain-seed3-u+1,ancestor-chain,"3,17,24,28",4,15,1.0,1.361789790232048,2.0,1.0,1,0.9650042057037354,10766,3,3.287869930267334,1," ⁇ , ⁇ , push, push push push push push push push push push"
push-repeat8,推，推，推，推，推，推，推，推。,off-path-seed3-u+1,off-path-matched,"0,1,2,4",4,15,1.0,1.361789790232048,2.0,0.9999999403953552,1,0.9773597121238708,10766,3,1.2849504947662354,1,"For example, pushing push push push push push push push push push push push"
push-repeat8,推，推，推，推，推，推，推，推。,ancestor-chain-seed4-u+1,ancestor-chain,"4,18,25,28",4,15,1.0,1.361789790232048,2.0,0.9999999403953552,1,0.975600004196167,10766,3,2.6126208305358887,1,"For example, push push, push push push push push push push push push push"
push-repeat8,推，推，推，推，推，推，推，推。,off-path-seed4-u+1,off-path-matched,"0,1,2,3",4,15,1.0,1.361789790232048,2.0,0.9999999403953552,1,0.9750780463218689,10766,3,1.6494865417480469,1,"For example, pushing push push push push push push push push push push push"
push-repeat8,推，推，推，推，推，推，推，推。,ancestor-chain-seed5-u+1,ancestor-chain,"5,18,25,28",4,15,1.0,1.361789790232048,2.0,0.9999999403953552,1,0.9745967984199524,10766,3,2.6866698265075684,1,"For example, push push, push push push push push push push push push push"
push-repeat8,推，推，推，推，推，推，推，推。,off-path-seed5-u+1,off-path-matched,"0,1,2,3",4,15,1.0,1.361789790232048,2.0,0.9999999403953552,1,0.9750780463218689,10766,3,1.6494865417480469,1,"For example, pushing push push push push push push push push push push push"
push-repeat8,推，推，推，推，推，推，推，推。,ancestor-chain-seed6-u+1,ancestor-chain,"6,19,25,28",4,15,1.0,1.361789790232048,2.0,0.9999999403953552,1,0.9721282124519348,10766,3,2.771732807159424,1,"For example, push push, push push push push push push push push push push"
push-repeat8,推，推，推，推，推，推，推，推。,off-path-seed6-u+1,off-path-matched,"0,1,2,3",4,15,1.0,1.361789790232048,2.0,0.9999999403953552,1,0.9750780463218689,10766,3,1.6494865417480469,1,"For example, pushing push push push push push push push push push push push"
push-repeat8,推，推，推，推，推，推，推，推。,ancestor-chain-seed7-u+1,ancestor-chain,"7,19,25,28",4,15,1.0,1.361789790232048,2.0,0.9999999403953552,1,0.9720287322998047,10766,3,2.7392139434814453,1,"For example, push push, push push push push push push push push push push"
push-repeat8,推，推，推，推，推，推，推，推。,off-path-seed7-u+1,off-path-matched,"0,1,2,3",4,15,1.0,1.361789790232048,2.0,0.9999999403953552,1,0.9750780463218689,10766,3,1.6494865417480469,1,"For example, pushing push push push push push push push push push push push"
push-repeat8,推，推，推，推，推，推，推，推。,uniform-all-u+2,uniform-all,"0,1,2,3,4,5,6,7,16,17,18,19,24,25,28",15,15,2.0,1.4782804393374118,7.745966692414834,0.9999051690101624,1,0.9589409232139587,10766,3,7.536740303039551,1,"For example, pushing push push, push push, push push, push push"
push-repeat8,推，推，推，推，推，推，推，推。,fine-jump-m0n0-u+2,fine-jump,0,1,15,2.0,1.4782804393374118,2.0,0.9999999403953552,1,0.9761376976966858,10766,3,0.7997097969055176,1,"For example, pushing push push push push push push push push push push push"
push-repeat8,推，推，推，推，推，推，推，推。,fine-jump-m0n1-u+2,fine-jump,1,1,15,2.0,1.4782804393374118,2.0,0.9999999403953552,1,0.9699010252952576,10766,3,1.044400691986084,1,"For example, pushing push push push push push push push push push push push"
push-repeat8,推，推，推，推，推，推，推，推。,fine-jump-m0n2-u+2,fine-jump,2,1,15,2.0,1.4782804393374118,2.0,0.9999999403953552,1,0.9718263745307922,10766,3,0.643438994884491,1,"For example, pushing push push push push push push push push push push push"
push-repeat8,推，推，推，推，推，推，推，推。,fine-jump-m0n3-u+2,fine-jump,3,1,15,2.0,1.4782804393374118,2.0,0.9999999403953552,1,0.9725220799446106,10766,3,0.7204627990722656,1,"For example, pushing push push push push push push push push push push push"
push-repeat8,推，推，推，推，推，推，推，推。,fine-jump-m0n4-u+2,fine-jump,4,1,15,2.0,1.4782804393374118,2.0,0.9999999403953552,1,0.9745913743972778,10766,3,0.5895204544067383,1,"For example, push push push push push push push push push push push push push"
push-repeat8,推，推，推，推，推，推，推，推。,fine-jump-m0n5-u+2,fine-jump,5,1,15,2.0,1.4782804393374118,2.0,0.9999999403953552,1,0.9741314053535461,10766,3,0.5460677146911621,1,"For example, push push push push push push push push push push push push push"
push-repeat8,推，推，推，推，推，推，推，推。,fine-jump-m0n6-u+2,fine-jump,6,1,15,2.0,1.4782804393374118,2.0,0.9999999403953552,1,0.9734700918197632,10766,3,0.5469238758087158,1,"For example, push push push push push push push push push push push push push"
push-repeat8,推，推，推，推，推，推，推，推。,fine-jump-m0n7-u+2,fine-jump,7,1,15,2.0,1.4782804393374118,2.0,0.9999999403953552,1,0.9734658002853394,10766,3,0.47891879081726074,1,"For example, push push push push push push push push push push push push push"
push-repeat8,推，推，推，推，推，推，推，推。,upper-jump-m1n0-u+2,upper-jump,16,1,15,2.0,1.4782804393374118,2.0,0.9999999403953552,1,0.9713953733444214,10766,3,1.029062271118164,1,"For example, pushing push push push push push push push push push push push"
push-repeat8,推，推，推，推，推，推，推，推。,upper-jump-m1n1-u+2,upper-jump,17,1,15,2.0,1.4782804393374118,2.0,0.9999999403953552,1,0.9721928834915161,10766,3,1.010176658630371,1,"For example, pushing push push push push push push push push push push push"
push-repeat8,推，推，推，推，推，推，推，推。,upper-jump-m1n2-u+2,upper-jump,18,1,15,2.0,1.4782804393374118,2.0,0.9999999403953552,1,0.9768072962760925,10766,3,1.020730972290039,1,"For example, push push push push push push push push push push push push push"
push-repeat8,推，推，推，推，推，推，推，推。,upper-jump-m1n3-u+2,upper-jump,19,1,15,2.0,1.4782804393374118,2.0,0.9999999403953552,1,0.9747382402420044,10766,3,0.9539611339569092,1,"For example, push push push push push push push push push push push push push"
push-repeat8,推，推，推，推，推，推，推，推。,upper-jump-m2n0-u+2,upper-jump,24,1,15,2.0,1.4782804393374118,2.0,0.9999999403953552,1,0.9633780717849731,10766,3,2.1719045639038086,1,"For example, pushing push push push push push push push push push push push"
push-repeat8,推，推，推，推，推，推，推，推。,upper-jump-m2n1-u+2,upper-jump,25,1,15,2.0,1.4782804393374118,2.0,0.9999999403953552,1,0.9769957065582275,10766,3,1.4828171730041504,1,"For example, push push push push push push push push push push push push push"
push-repeat8,推，推，推，推，推，推，推，推。,upper-jump-m3n0-u+2,upper-jump,28,1,15,2.0,1.4782804393374118,2.0,0.9999999403953552,1,0.9705672860145569,10766,3,1.0176987648010254,1,"For example, pushing push push push push push push push push push push push"
push-repeat8,推，推，推，推，推，推，推，推。,ancestor-chain-seed0-u+2,ancestor-chain,"0,16,24,28",4,15,2.0,1.4782804393374118,4.0,1.0,1,0.972797155380249,10766,3,4.3853840827941895,1,"For more details, push push push push push push push push push push push push"
push-repeat8,推，推，推，推，推，推，推，推。,off-path-seed0-u+2,off-path-matched,"1,2,3,4",4,15,2.0,1.4782804393374118,4.0,0.9999999403953552,1,0.9745171070098877,10766,3,1.9456775188446045,1,"For example, pushing push push push push push push push push push push push"
push-repeat8,推，推，推，推，推，推，推，推。,ancestor-chain-seed1-u+2,ancestor-chain,"1,16,24,28",4,15,2.0,1.4782804393374118,4.0,1.0,1,0.9624633193016052,10766,3,4.146550178527832,1," ⁇   ⁇ , ⁇ , push, push push push push push push push"
push-repeat8,推，推，推，推，推，推，推，推。,off-path-seed1-u+2,off-path-matched,"0,2,3,4",4,15,2.0,1.4782804393374118,4.0,0.9999999403953552,1,0.9814708828926086,10766,3,1.5461273193359375,1,"For example, pushing push push push push push push push push push push push"
push-repeat8,推，推，推，推，推，推，推，推。,ancestor-chain-seed2-u+2,ancestor-chain,"2,17,24,28",4,15,2.0,1.4782804393374118,4.0,1.0,1,0.9718173742294312,10766,3,4.259582996368408,1," ⁇   ⁇ , ⁇ , push, push push push push push push push"
push-repeat8,推，推，推，推，推，推，推，推。,off-path-seed2-u+2,off-path-matched,"0,1,3,4",4,15,2.0,1.4782804393374118,4.0,0.9999999403953552,1,0.9796550869941711,10766,3,1.6500978469848633,1,"For example, pushing push push push push push push push push push push push"
push-repeat8,推，推，推，推，推，推，推，推。,ancestor-chain-seed3-u+2,ancestor-chain,"3,17,24,28",4,15,2.0,1.4782804393374118,4.0,1.0,1,0.9657394289970398,10766,3,4.7053022384643555,1," ⁇   ⁇ , ⁇ , push, push push push push push push push"
push-repeat8,推，推，推，推，推，推，推，推。,off-path-seed3-u+2,off-path-matched,"0,1,2,4",4,15,2.0,1.4782804393374118,4.0,0.9999999403953552,1,0.9793415665626526,10766,3,1.7275257110595703,1,"For example, pushing push push push push push push push push push push push"
push-repeat8,推，推，推，推，推，推，推，推。,ancestor-chain-seed4-u+2,ancestor-chain,"4,18,25,28",4,15,2.0,1.4782804393374118,4.0,0.9999998211860657,1,0.9720999002456665,10766,3,2.995012044906616,1,"For example, push push, push push push push push push push push push push"
push-repeat8,推，推，推，推，推，推，推，推。,off-path-seed4-u+2,off-path-matched,"0,1,2,3",4,15,2.0,1.4782804393374118,4.0,0.9999999403953552,1,0.9761867523193359,10766,3,2.1414575576782227,1,"For more details, push push push push push push push push push push push push"
push-repeat8,推，推，推，推，推，推，推，推。,ancestor-chain-seed5-u+2,ancestor-chain,"5,18,25,28",4,15,2.0,1.4782804393374118,4.0,0.9999998211860657,1,0.9712391495704651,10766,3,2.972072124481201,1,"For example, push push, push push push push push push push push push push"
push-repeat8,推，推，推，推，推，推，推，推。,off-path-seed5-u+2,off-path-matched,"0,1,2,3",4,15,2.0,1.4782804393374118,4.0,0.9999999403953552,1,0.9761867523193359,10766,3,2.1414575576782227,1,"For more details, push push push push push push push push push push push push"
push-repeat8,推，推，推，推，推，推，推，推。,ancestor-chain-seed6-u+2,ancestor-chain,"6,19,25,28",4,15,2.0,1.4782804393374118,4.0,0.9999998211860657,1,0.9665883779525757,10766,3,2.897683620452881,1,"For example, push push, push push push push push push push push push push"
push-repeat8,推，推，推，推，推，推，推，推。,off-path-seed6-u+2,off-path-matched,"0,1,2,3",4,15,2.0,1.4782804393374118,4.0,0.9999999403953552,1,0.9761867523193359,10766,3,2.1414575576782227,1,"For more details, push push push push push push push push push push push push"
push-repeat8,推，推，推，推，推，推，推，推。,ancestor-chain-seed7-u+2,ancestor-chain,"7,19,25,28",4,15,2.0,1.4782804393374118,4.0,0.9999998211860657,1,0.966910719871521,10766,3,2.8800320625305176,1,"For example, push push, push push push push push push push push push push"
push-repeat8,推，推，推，推，推，推，推，推。,off-path-seed7-u+2,off-path-matched,"0,1,2,3",4,15,2.0,1.4782804393374118,4.0,0.9999999403953552,1,0.9761867523193359,10766,3,2.1414575576782227,1,"For more details, push push push push push push push push push push push push"
push-repeat8,推，推，推，推，推，推，推，推。,uniform-all-u+4,uniform-all,"0,1,2,3,4,5,6,7,16,17,18,19,24,25,28",15,15,4.0,1.4995921371300496,15.491933384829668,0.9998336434364319,1,0.9556378126144409,10766,3,7.750622749328613,1,"For example, pushing push push, push push, push push, push push"
push-repeat8,推，推，推，推，推，推，推，推。,fine-jump-m0n0-u+4,fine-jump,0,1,15,4.0,1.4995921371300496,4.0,0.9999999403953552,1,0.9763162732124329,10766,3,0.8322591781616211,1,"For example, pushing push push push push push push push push push push push"
push-repeat8,推，推，推，推，推，推，推，推。,fine-jump-m0n1-u+4,fine-jump,1,1,15,4.0,1.4995921371300496,4.0,0.9999999403953552,1,0.9699940085411072,10766,3,1.088731288909912,1,"For example, pushing push push push push push push push push push push push"
push-repeat8,推，推，推，推，推，推，推，推。,fine-jump-m0n2-u+4,fine-jump,2,1,15,4.0,1.4995921371300496,4.0,0.9999999403953552,1,0.9719105958938599,10766,3,0.6686426401138306,1,"For example, pushing push push push push push push push push push push push"
push-repeat8,推，推，推，推，推，推，推，推。,fine-jump-m0n3-u+4,fine-jump,3,1,15,4.0,1.4995921371300496,4.0,0.9999999403953552,1,0.972598671913147,10766,3,0.74953293800354,1,"For example, pushing push push push push push push push push push push push"
push-repeat8,推，推，推，推，推，推，推，推。,fine-jump-m0n4-u+4,fine-jump,4,1,15,4.0,1.4995921371300496,4.0,0.9999999403953552,1,0.9747240543365479,10766,3,0.6135959625244141,1,"For example, push push push push push push push push push push push push push"
push-repeat8,推，推，推，推，推，推，推，推。,fine-jump-m0n5-u+4,fine-jump,5,1,15,4.0,1.4995921371300496,4.0,0.9999999403953552,1,0.9742442965507507,10766,3,0.5663771629333496,1,"For example, push push push push push push push push push push push push push"
push-repeat8,推，推，推，推，推，推，推，推。,fine-jump-m0n6-u+4,fine-jump,6,1,15,4.0,1.4995921371300496,4.0,0.9999999403953552,1,0.9736018180847168,10766,3,0.5676648616790771,1,"For example, push push push push push push push push push push push push push"
push-repeat8,推，推，推，推，推，推，推，推。,fine-jump-m0n7-u+4,fine-jump,7,1,15,4.0,1.4995921371300496,4.0,0.9999999403953552,1,0.9735956192016602,10766,3,0.5002813339233398,1,"For example, push push push push push push push push push push push push push"
push-repeat8,推，推，推，推，推，推，推，推。,upper-jump-m1n0-u+4,upper-jump,16,1,15,4.0,1.4995921371300496,4.0,0.9999999403953552,1,0.9713894128799438,10766,3,1.076772689819336,1,"For example, pushing push push push push push push push push push push push"
push-repeat8,推，推，推，推，推，推，推，推。,upper-jump-m1n1-u+4,upper-jump,17,1,15,4.0,1.4995921371300496,4.0,0.9999999403953552,1,0.9721909761428833,10766,3,1.0447109937667847,1,"For example, pushing push push push push push push push push push push push"
push-repeat8,推，推，推，推，推，推，推，推。,upper-jump-m1n2-u+4,upper-jump,18,1,15,4.0,1.4995921371300496,4.0,0.9999999403953552,1,0.976925253868103,10766,3,1.0598764419555664,1,"For example, push push push push push push push push push push push push push"
push-repeat8,推，推，推，推，推，推，推，推。,upper-jump-m1n3-u+4,upper-jump,19,1,15,4.0,1.4995921371300496,4.0,0.9999999403953552,1,0.9748691916465759,10766,3,0.9936587810516357,1,"For example, push push push push push push push push push push push push push"
push-repeat8,推，推，推，推，推，推，推，推。,upper-jump-m2n0-u+4,upper-jump,24,1,15,4.0,1.4995921371300496,4.0,0.9999999403953552,1,0.9629125595092773,10766,3,2.274216651916504,1,"For example, pushing push push push push push push push push push push push"
push-repeat8,推，推，推，推，推，推，推，推。,upper-jump-m2n1-u+4,upper-jump,25,1,15,4.0,1.4995921371300496,4.0,0.9999999403953552,1,0.9770992398262024,10766,3,1.5331215858459473,1,"For example, push push push push push push push push push push push push push"
push-repeat8,推，推，推，推，推，推，推，推。,upper-jump-m3n0-u+4,upper-jump,28,1,15,4.0,1.4995921371300496,4.0,0.9999999403953552,1,0.9704466462135315,10766,3,1.0508129596710205,1,"For example, pushing push push push push push push push push push push push"
push-repeat8,推，推，推，推，推，推，推，推。,ancestor-chain-seed0-u+4,ancestor-chain,"0,16,24,28",4,15,4.0,1.4995921371300496,8.0,1.0,1,0.9730592966079712,10766,3,4.619030475616455,1,"For more details, push push push push push push push push push push push push"
push-repeat8,推，推，推，推，推，推，推，推。,off-path-seed0-u+4,off-path-matched,"1,2,3,4",4,15,4.0,1.4995921371300496,8.0,0.9999999403953552,1,0.9745371341705322,10766,3,2.02671480178833,1," ⁇ , ⁇ , push, push push push push push push push push push"
push-repeat8,推，推，推，推，推，推，推，推。,ancestor-chain-seed1-u+4,ancestor-chain,"1,16,24,28",4,15,4.0,1.4995921371300496,8.0,1.0,1,0.9615809321403503,10766,3,4.3262224197387695,1," ⁇   ⁇ , ⁇ , push, push push push push push push push"
push-repeat8,推，推，推，推，推，推，推，推。,off-path-seed1-u+4,off-path-matched,"0,2,3,4",4,15,4.0,1.4995921371300496,8.0,0.9999999403953552,1,0.9816896915435791,10766,3,1.6159727573394775,1,"For example, pushing push push push push push push push push push push push"
push-repeat8,推，推，推，推，推，推，推，推。,ancestor-chain-seed2-u+4,ancestor-chain,"2,17,24,28",4,15,4.0,1.4995921371300496,8.0,1.0,1,0.971164345741272,10766,3,4.603668689727783,1," ⁇   ⁇ , ⁇ , push, push push push push push push push"
push-repeat8,推，推，推，推，推，推，推，推。,off-path-seed2-u+4,off-path-matched,"0,1,3,4",4,15,4.0,1.4995921371300496,8.0,0.9999999403953552,1,0.9799478054046631,10766,3,1.712571144104004,1,"For example, pushing push push push push push push push push push push push"
push-repeat8,推，推，推，推，推，推，推，推。,ancestor-chain-seed3-u+4,ancestor-chain,"3,17,24,28",4,15,4.0,1.4995921371300496,8.0,1.0,1,0.9637783169746399,10766,3,5.077526092529297,1," ⁇   ⁇ , ⁇ , push, push push push push push push push"
push-repeat8,推，推，推，推，推，推，推，推。,off-path-seed3-u+4,off-path-matched,"0,1,2,4",4,15,4.0,1.4995921371300496,8.0,0.9999999403953552,1,0.9796437621116638,10766,3,1.8080017566680908,1,"For example, pushing push push push push push push push push push push push"
push-repeat8,推，推，推，推，推，推，推，推。,ancestor-chain-seed4-u+4,ancestor-chain,"4,18,25,28",4,15,4.0,1.4995921371300496,8.0,0.9999997019767761,1,0.9713799357414246,10766,3,3.151146411895752,1,"For example, push push, push push push push push push push push push push"
push-repeat8,推，推，推，推，推，推，推，推。,off-path-seed4-u+4,off-path-matched,"0,1,2,3",4,15,4.0,1.4995921371300496,8.0,0.9999999403953552,1,0.9763442277908325,10766,3,2.227360725402832,1,"For more details, push push push push push push push push push push push push"
push-repeat8,推，推，推，推，推，推，推，推。,ancestor-chain-seed5-u+4,ancestor-chain,"5,18,25,28",4,15,4.0,1.4995921371300496,8.0,0.9999997615814209,1,0.9705865979194641,10766,3,3.05574369430542,1,"For example, push push, push push push push push push push push push push"
push-repeat8,推，推，推，推，推，推，推，推。,off-path-seed5-u+4,off-path-matched,"0,1,2,3",4,15,4.0,1.4995921371300496,8.0,0.9999999403953552,1,0.9763442277908325,10766,3,2.227360725402832,1,"For more details, push push push push push push push push push push push push"
push-repeat8,推，推，推，推，推，推，推，推。,ancestor-chain-seed6-u+4,ancestor-chain,"6,19,25,28",4,15,4.0,1.4995921371300496,8.0,0.9999997019767761,1,0.9656248688697815,10766,3,2.972287893295288,1,"For example, push push, push push push push push push push push push push"
push-repeat8,推，推，推，推，推，推，推，推。,off-path-seed6-u+4,off-path-matched,"0,1,2,3",4,15,4.0,1.4995921371300496,8.0,0.9999999403953552,1,0.9763442277908325,10766,3,2.227360725402832,1,"For more details, push push push push push push push push push push push push"
push-repeat8,推，推，推，推，推，推，推，推。,ancestor-chain-seed7-u+4,ancestor-chain,"7,19,25,28",4,15,4.0,1.4995921371300496,8.0,0.9999997615814209,1,0.9660376310348511,10766,3,2.94759202003479,1,"For example, push push, push push push push push push push push push push"
push-repeat8,推，推，推，推，推，推，推，推。,off-path-seed7-u+4,off-path-matched,"0,1,2,3",4,15,4.0,1.4995921371300496,8.0,0.9999999403953552,1,0.9763442277908325,10766,3,2.227360725402832,1,"For more details, push push push push push push push push push push push push"
sisyphus-single,西西弗每天都推着石头上山顶。,baseline,baseline,,0,11,0.0,1.0,0.0,0.0011491775512695312,11,0.007476075552403927,26,5,0.0,0,"The Westin is a mountainous stone, which is a stone's throw"
sisyphus-single,西西弗每天都推着石头上山顶。,uniform-all-u-4,uniform-all,"0,1,2,3,4,5,16,17,18,24,28",11,11,-4.0,0.6668479883562345,13.2664991614216,0.00040459632873535156,17,0.00841466523706913,30,2,4.876583576202393,0,The Westin of the Western West is a great place to stay in Rome.
sisyphus-single,西西弗每天都推着石头上山顶。,fine-jump-m0n0-u-4,fine-jump,0,1,11,-4.0,0.6668479883562345,4.0,0.0014031529426574707,13,0.009593112394213676,30,2,0.8859844207763672,0,"The Westin is a mountainous stone for the day of the week, and"
sisyphus-single,西西弗每天都推着石头上山顶。,fine-jump-m0n1-u-4,fine-jump,1,1,11,-4.0,0.6668479883562345,4.0,0.0009646415710449219,6,0.007943901233375072,26,5,0.9361426830291748,0,The Westin is a stone-somega-sale of the mountain
sisyphus-single,西西弗每天都推着石头上山顶。,fine-jump-m0n2-u-4,fine-jump,2,1,11,-4.0,0.6668479883562345,4.0,0.0011559724807739258,12,0.0069420780055224895,26,5,0.36127495765686035,0,"The Westin is a mountainous stone for the day of the week, and"
sisyphus-single,西西弗每天都推着石头上山顶。,fine-jump-m0n3-u-4,fine-jump,3,1,11,-4.0,0.6668479883562345,4.0,0.0010983943939208984,10,0.011740918271243572,30,2,0.6745631694793701,0,"The Westin is a great place to eat in the morning of the mountain,"
sisyphus-single,西西弗每天都推着石头上山顶。,fine-jump-m0n4-u-4,fine-jump,4,1,11,-4.0,0.6668479883562345,4.0,0.0011196136474609375,13,0.010674227960407734,30,2,0.5800094604492188,0,"The Westin is a mountainous stone, which is a stone's throw"
sisyphus-single,西西弗每天都推着石头上山顶。,fine-jump-m0n5-u-4,fine-jump,5,1,11,-4.0,0.6668479883562345,4.0,0.001172482967376709,13,0.010515247471630573,30,2,0.5523233413696289,0,"The Westin is a mountainous stone for the day of the week, and"
sisyphus-single,西西弗每天都推着石头上山顶。,upper-jump-m1n0-u-4,upper-jump,16,1,11,-4.0,0.6668479883562345,4.0,0.0012638568878173828,12,0.0071837459690868855,26,5,0.5772581100463867,0,"The Westin is a mountainous stone, which is a stone's throw"
sisyphus-single,西西弗每天都推着石头上山顶。,upper-jump-m1n1-u-4,upper-jump,17,1,11,-4.0,0.6668479883562345,4.0,0.0011366009712219238,13,0.010947423987090588,30,2,0.6571207046508789,0,"The Westin is a daily necessity for the day of the week, and"
sisyphus-single,西西弗每天都推着石头上山顶。,upper-jump-m1n2-u-4,upper-jump,18,1,11,-4.0,0.6668479883562345,4.0,0.001062154769897461,12,0.01013773214071989,30,2,0.9848499298095703,0,"The Westin is a daily necessity for the day of the week, and"
sisyphus-single,西西弗每天都推着石头上山顶。,upper-jump-m2n0-u-4,upper-jump,24,1,11,-4.0,0.6668479883562345,4.0,0.001160264015197754,11,0.007240536622703075,26,5,0.7944505214691162,0,The Westin is a great place to eat in the morning of the West Mount
sisyphus-single,西西弗每天都推着石头上山顶。,upper-jump-m3n0-u-4,upper-jump,28,1,11,-4.0,0.6668479883562345,4.0,0.0010134577751159668,11,0.006624261382967234,26,5,1.0107841491699219,0,"The Westin is a campsite in the morning of the day of the week,"
sisyphus-single,西西弗每天都推着石头上山顶。,ancestor-chain-seed0-u-4,ancestor-chain,"0,16,24,28",4,11,-4.0,0.6668479883562345,8.0,0.0010252594947814941,14,0.006293571554124355,26,5,2.0257296562194824,0,Westminster Abbey is a great place to spend on the day of the
sisyphus-single,西西弗每天都推着石头上山顶。,off-path-seed0-u-4,off-path-matched,"1,2,3,4",4,11,-4.0,0.6668479883562345,8.0,0.0008428096771240234,14,0.010274828411638737,30,2,1.2085723876953125,0,The Westin is a great place to spend a day in the morning of the
sisyphus-single,西西弗每天都推着石头上山顶。,ancestor-chain-seed1-u-4,ancestor-chain,"1,16,24,28",4,11,-4.0,0.6668479883562345,8.0,0.000849604606628418,11,0.006989650893956423,26,5,2.2308125495910645,0,The Westin is a great place to spend a day in the morning of the
sisyphus-single,西西弗每天都推着石头上山顶。,off-path-seed1-u-4,off-path-matched,"0,2,3,4",4,11,-4.0,0.6668479883562345,8.0,0.0013069510459899902,15,0.008960865437984467,30,2,1.0672492980957031,0,The Westin is a daily necessity for the day of the week of the
sisyphus-single,西西弗每天都推着石头上山顶。,ancestor-chain-seed2-u-4,ancestor-chain,"2,17,24,28",4,11,-4.0,0.6668479883562345,8.0,0.0008074045181274414,17,0.008339747786521912,30,2,2.306321620941162,0,The Westin is a great place to spend a day on the west of the
sisyphus-single,西西弗每天都推着石头上山顶。,off-path-seed2-u-4,off-path-matched,"0,1,3,4",4,11,-4.0,0.6668479883562345,8.0,0.0011186599731445312,12,0.006509174592792988,26,5,1.118520736694336,0,The Westin is a great place to eat in the morning of the West Mount
sisyphus-single,西西弗每天都推着石头上山顶。,ancestor-chain-seed3-u-4,ancestor-chain,"3,17,24,28",4,11,-4.0,0.6668479883562345,8.0,0.000804603099822998,13,0.005679938942193985,26,5,2.5084028244018555,0,The Westin is a great place to spend a day in the morning.
sisyphus-single,西西弗每天都推着石头上山顶。,off-path-seed3-u-4,off-path-matched,"0,1,2,4",4,11,-4.0,0.6668479883562345,8.0,0.0011764168739318848,16,0.005951107945293188,26,5,1.0011811256408691,0,"The Westin is a mountainous stone in the morning, and the way to"
sisyphus-single,西西弗每天都推着石头上山顶。,ancestor-chain-seed4-u-4,ancestor-chain,"4,18,28",3,11,-4.0,0.6668479883562345,6.928203230275509,0.0008633732795715332,16,0.008143297396600246,30,2,1.8842625617980957,0,The Westin is a daily necessity for the day of the week.
sisyphus-single,西西弗每天都推着石头上山顶。,off-path-seed4-u-4,off-path-matched,"0,1,2",3,11,-4.0,0.6668479883562345,6.928203230275509,0.0012503266334533691,14,0.006670285947620869,26,5,0.8914480209350586,0,"The Westin is a mountainous stone, which is a stone's throw"
sisyphus-single,西西弗每天都推着石头上山顶。,ancestor-chain-seed5-u-4,ancestor-chain,"5,18,28",3,11,-4.0,0.6668479883562345,6.928203230275509,0.0009281635284423828,17,0.007790673989802599,30,2,1.9440317153930664,0,The Westin is a daily stroll from the mountain of the West Mount Sin
sisyphus-single,西西弗每天都推着石头上山顶。,off-path-seed5-u-4,off-path-matched,"0,1,2",3,11,-4.0,0.6668479883562345,6.928203230275509,0.0012503266334533691,14,0.006670285947620869,26,5,0.8914480209350586,0,"The Westin is a mountainous stone, which is a stone's throw"
sisyphus-single,西西弗每天都推着石头上山顶。,uniform-all-u-2,uniform-all,"0,1,2,3,4,5,16,17,18,24,28",11,11,-2.0,0.6764616329823152,6.6332495807108,0.0004259943962097168,17,0.00822701957076788,30,2,4.804305553436279,0,The Westin of the Western West is a great place to stay in the world
sisyphus-single,西西弗每天都推着石头上山顶。,fine-jump-m0n0-u-2,fine-jump,0,1,11,-2.0,0.6764616329823152,2.0,0.0013962984085083008,12,0.0068969931453466415,26,5,0.8611288070678711,0,"The Westin is a mountainous stone for the day of the week, and"
sisyphus-single,西西弗每天都推着石头上山顶。,fine-jump-m0n1-u-2,fine-jump,1,1,11,-2.0,0.6764616329823152,2.0,0.0009688735008239746,6,0.007926748134195805,26,5,0.9133045673370361,0,The Westin is a stone-somega-sale of the mountain
sisyphus-single,西西弗每天都推着石头上山顶。,fine-jump-m0n2-u-2,fine-jump,2,1,11,-2.0,0.6764616329823152,2.0,0.001156449317932129,12,0.00695610698312521,26,5,0.3502044677734375,0,"The Westin is a mountainous stone for the day of the week, and"
sisyphus-single,西西弗每天都推着石头上山顶。,fine-jump-m0n3-u-2,fine-jump,3,1,11,-2.0,0.6764616329823152,2.0,0.0011002421379089355,10,0.01173404697328806,30,2,0.6516780853271484,0,"The Westin is a great place to eat in the morning of the mountain,"
sisyphus-single,西西弗每天都推着石头上山顶。,fine-jump-m0n4-u-2,fine-jump,4,1,11,-2.0,0.6764616329823152,2.0,0.0011203885078430176,13,0.010691256262362003,30,2,0.5618047714233398,0,"The Westin is a mountainous stone, which is a stone's throw"
sisyphus-single,西西弗每天都推着石头上山顶。,fine-jump-m0n5-u-2,fine-jump,5,1,11,-2.0,0.6764616329823152,2.0,0.0011707544326782227,13,0.010541391558945179,30,2,0.5311837196350098,0,"The Westin is a mountainous stone for the day of the week, and"
sisyphus-single,西西弗每天都推着石头上山顶。,upper-jump-m1n0-u-2,upper-jump,16,1,11,-2.0,0.6764616329823152,2.0,0.0012617111206054688,12,0.007185464724898338,26,5,0.5627408027648926,0,"The Westin is a mountainous stone, which is a stone's throw"
sisyphus-single,西西弗每天都推着石头上山顶。,upper-jump-m1n1-u-2,upper-jump,17,1,11,-2.0,0.6764616329823152,2.0,0.0011376738548278809,12,0.010969705879688263,30,2,0.6404244899749756,0,"The Westin is a daily necessity for the day of the week, and"
sisyphus-single,西西弗每天都推着石头上山顶。,upper-jump-m1n2-u-2,upper-jump,18,1,11,-2.0,0.6764616329823152,2.0,0.0010653138160705566,12,0.010185256600379944,30,2,0.9517440795898438,0,"The Westin is a daily necessity for the day of the week, and"
sisyphus-single,西西弗每天都推着石头上山顶。,upper-jump-m2n0-u-2,upper-jump,24,1,11,-2.0,0.6764616329823152,2.0,0.0011603236198425293,11,0.007251193281263113,26,5,0.7668965458869934,0,The Westin is a great place to eat in the morning of the West Mount
sisyphus-single,西西弗每天都推着石头上山顶。,upper-jump-m3n0-u-2,upper-jump,28,1,11,-2.0,0.6764616329823152,2.0,0.0010193586349487305,11,0.006653360091149807,26,5,0.9811911582946777,0,"The Westin is a campsite in the morning of the day of the week,"
sisyphus-single,西西弗每天都推着石头上山顶。,ancestor-chain-seed0-u-2,ancestor-chain,"0,16,24,28",4,11,-2.0,0.6764616329823152,4.0,0.0010411739349365234,14,0.0063068196177482605,26,5,1.969522476196289,0,The Westin is a great place to eat in the morning of the West.
sisyphus-single,西西弗每天都推着石头上山顶。,off-path-seed0-u-2,off-path-matched,"1,2,3,4",4,11,-2.0,0.6764616329823152,4.0,0.0008526444435119629,13,0.010308071970939636,30,2,1.1759281158447266,0,The Westin is a great place to spend a day in the morning of the
sisyphus-single,西西弗每天都推着石头上山顶。,ancestor-chain-seed1-u-2,ancestor-chain,"1,16,24,28",4,11,-2.0,0.6764616329823152,4.0,0.0008628964424133301,11,0.006987891159951687,26,5,2.1646921634674072,0,The Westin is a great place to spend a day in the morning of the
sisyphus-single,西西弗每天都推着石头上山顶。,off-path-seed1-u-2,off-path-matched,"0,2,3,4",4,11,-2.0,0.6764616329823152,4.0,0.0013073086738586426,15,0.009018387645483017,30,2,1.0444693565368652,0,The Westin is a daily necessity for the day of the week of the
sisyphus-single,西西弗每天都推着石头上山顶。,ancestor-chain-seed2-u-2,ancestor-chain,"2,17,24,28",4,11,-2.0,0.6764616329823152,4.0,0.0008227825164794922,16,0.008387336507439613,30,2,2.249188184738159,0,The Westin is a great place to spend a day on the west of the
sisyphus-single,西西弗每天都推着石头上山顶。,off-path-seed2-u-2,off-path-matched,"0,1,3,4",4,11,-2.0,0.6764616329823152,4.0,0.0011224746704101562,12,0.006521451286971569,26,5,1.0881705284118652,0,The Westin is a great place to eat in the morning of the West Mount
sisyphus-single,西西弗每天都推着石头上山顶。,ancestor-chain-seed3-u-2,ancestor-chain,"3,17,24,28",4,11,-2.0,0.6764616329823152,4.0,0.0008205771446228027,14,0.005697914864867926,26,5,2.4283688068389893,0,The Westin is a great place to spend a day in the morning.
sisyphus-single,西西弗每天都推着石头上山顶。,off-path-seed3-u-2,off-path-matched,"0,1,2,4",4,11,-2.0,0.6764616329823152,4.0,0.0011785626411437988,16,0.0059968288987874985,26,5,0.9749646186828613,0,"The Westin is a mountainous stone in the morning, and the way to"
sisyphus-single,西西弗每天都推着石头上山顶。,ancestor-chain-seed4-u-2,ancestor-chain,"4,18,28",3,11,-2.0,0.6764616329823152,3.4641016151377544,0.0008747577667236328,16,0.008239747025072575,30,2,1.7868704795837402,0,The Westin is a daily necessity for the day of the week.
sisyphus-single,西西弗每天都推着石头上山顶。,off-path-seed4-u-2,off-path-matched,"0,1,2",3,11,-2.0,0.6764616329823152,3.4641016151377544,0.001248776912689209,14,0.006692809052765369,26,5,0.8680448532104492,0,"The Westin is a mountainous stone, which is a stone's throw"
sisyphus-single,西西弗每天都推着石头上山顶。,ancestor-chain-seed5-u-2,ancestor-chain,"5,18,28",3,11,-2.0,0.6764616329823152,3.4641016151377544,0.0009384751319885254,17,0.007900683209300041,30,2,1.8411879539489746,0,The Westin is a daily stroll from the mountain of the West Mount Sin
sisyphus-single,西西弗每天都推着石头上山顶。,off-path-seed5-u-2,off-path-matched,"0,1,2",3,11,-2.0,0.6764616329823152,3.4641016151377544,0.001248776912689209,14,0.006692809052765369,26,5,0.8680448532104492,0,"The Westin is a mountainous stone, which is a stone's throw"
sisyphus-single,西西弗每天都推着石头上山顶。,uniform-all-u-1,uniform-all,"0,1,2,3,4,5,16,17,18,24,28",11,11,-1.0,0.7343277260358962,3.3166247903554,0.0005543231964111328,18,0.007451163604855537,30,2,4.136099338531494,0,The Westin is a great place to spend on the day of the week.
sisyphus-single,西西弗每天都推着石头上山顶。,fine-jump-m0n0-u-1,fine-jump,0,1,11,-1.0,0.7343277260358962,1.0,0.0013554692268371582,12,0.0070059634745121,26,5,0.7119483947753906,0,"The Westin is a mountainous stone for the day of the week, and"
sisyphus-single,西西弗每天都推着石头上山顶。,fine-jump-m0n1-u-1,fine-jump,1,1,11,-1.0,0.7343277260358962,1.0,0.000996708869934082,6,0.007828472182154655,26,5,0.7688069343566895,0,The Westin is a stone-somega-sale of the mountain
sisyphus-single,西西弗每天都推着石头上山顶。,fine-jump-m0n2-u-1,fine-jump,2,1,11,-1.0,0.7343277260358962,1.0,0.0011585354804992676,11,0.007042581681162119,26,5,0.2844066619873047,0,"The Westin is a mountainous stone, which is a stone's throw"
sisyphus-single,西西弗每天都推着石头上山顶。,fine-jump-m0n3-u-1,fine-jump,3,1,11,-1.0,0.7343277260358962,1.0,0.0011109113693237305,10,0.011677687987685204,30,2,0.5232489705085754,0,"The Westin is a mountainous village of the sixth day, and the"
sisyphus-single,西西弗每天都推着石头上山顶。,fine-jump-m0n4-u-1,fine-jump,4,1,11,-1.0,0.7343277260358962,1.0,0.0011255741119384766,12,0.006856310646981001,26,5,0.45418405532836914,0,"The Westin is a mountainous stone, which is a stone's throw"
sisyphus-single,西西弗每天都推着石头上山顶。,fine-jump-m0n5-u-1,fine-jump,5,1,11,-1.0,0.7343277260358962,1.0,0.0011625289916992188,13,0.010687345638871193,30,2,0.4130134582519531,0,"The Westin is a mountainous stone, which is a stone's throw"
sisyphus-single,西西弗每天都推着石头上山顶。,upper-jump-m1n0-u-1,upper-jump,16,1,11,-1.0,0.7343277260358962,1.0,0.001246333122253418,11,0.007206398993730545,26,5,0.4722161293029785,0,"The Westin is a mountainous stone, which is a stone's throw"
sisyphus-single,西西弗每天都推着石头上山顶。,upper-jump-m1n1-u-1,upper-jump,17,1,11,-1.0,0.7343277260358962,1.0,0.0011417269706726074,12,0.01109297014772892,30,2,0.5399858951568604,0,"The Westin is a daily necessity for the day of the week, and"
sisyphus-single,西西弗每天都推着石头上山顶。,upper-jump-m1n2-u-1,upper-jump,18,1,11,-1.0,0.7343277260358962,1.0,0.001082777976989746,12,0.010450143367052078,30,2,0.7574405670166016,0,"The Westin is a daily necessity for the day of the week, and"
sisyphus-single,西西弗每天都推着石头上山顶。,upper-jump-m2n0-u-1,upper-jump,24,1,11,-1.0,0.7343277260358962,1.0,0.0011616945266723633,11,0.007315751630812883,26,5,0.6172990798950195,0,"The Westin is a mountainous village of the sixth day, and the"
sisyphus-single,西西弗每天都推着石头上山顶。,upper-jump-m3n0-u-1,upper-jump,28,1,11,-1.0,0.7343277260358962,1.0,0.0010515451431274414,11,0.006828272715210915,26,5,0.7935794591903687,0,"The Westin is a mountainous stone for the day of the week, and"
sisyphus-single,西西弗每天都推着石头上山顶。,ancestor-chain-seed0-u-1,ancestor-chain,"0,16,24,28",4,11,-1.0,0.7343277260358962,2.0,0.0011284947395324707,14,0.006368073169142008,26,5,1.6344647407531738,0,"The Westin is a daily necessity for the whole of the mountain, and"
sisyphus-single,西西弗每天都推着石头上山顶。,off-path-seed0-u-1,off-path-matched,"1,2,3,4",4,11,-1.0,0.7343277260358962,2.0,0.000914156436920166,12,0.010502729564905167,30,2,0.9668741226196289,0,The Westin is a great place to spend a day in the morning of the
sisyphus-single,西西弗每天都推着石头上山顶。,ancestor-chain-seed1-u-1,ancestor-chain,"1,16,24,28",4,11,-1.0,0.7343277260358962,2.0,0.0009432435035705566,11,0.00696444371715188,26,5,1.8434722423553467,0,The Westin is a great place to spend a day in the morning of the
sisyphus-single,西西弗每天都推着石头上山顶。,off-path-seed1-u-1,off-path-matched,"0,2,3,4",4,11,-1.0,0.7343277260358962,2.0,0.0013005733489990234,15,0.009376232512295246,30,2,0.8899807929992676,0,The Westin is a daily necessity for the day of the week of the
sisyphus-single,西西弗每天都推着石头上山顶。,ancestor-chain-seed2-u-1,ancestor-chain,"2,17,24,28",4,11,-1.0,0.7343277260358962,2.0,0.0009225606918334961,15,0.008732540532946587,30,2,1.8740286827087402,0,The Westin is a great place to spend a day on the west of the
sisyphus-single,西西弗每天都推着石头上山顶。,off-path-seed2-u-1,off-path-matched,"0,1,3,4",4,11,-1.0,0.7343277260358962,2.0,0.0011417269706726074,12,0.006616382393985987,26,5,0.9024338722229004,0,The Westin is a small-scale hotel in the morning of the sixth
sisyphus-single,西西弗每天都推着石头上山顶。,ancestor-chain-seed3-u-1,ancestor-chain,"3,17,24,28",4,11,-1.0,0.7343277260358962,2.0,0.0009192228317260742,13,0.005850451998412609,26,5,1.9401915073394775,0,The Westin is a campsite in the morning of the day of the week.
sisyphus-single,西西弗每天都推着石头上山顶。,off-path-seed3-u-1,off-path-matched,"0,1,2,4",4,11,-1.0,0.7343277260358962,2.0,0.0011868476867675781,14,0.006267763674259186,26,5,0.8125152587890625,0,"The Westin is a mountainous stone, which is a stone's throw"
sisyphus-single,西西弗每天都推着石头上山顶。,ancestor-chain-seed4-u-1,ancestor-chain,"4,18,28",3,11,-1.0,0.7343277260358962,1.7320508075688772,0.0009437799453735352,16,0.008800198324024677,30,2,1.3225970268249512,0,The Westin is a daily necessity for the day of the week of the
sisyphus-single,西西弗每天都推着石头上山顶。,off-path-seed4-u-1,off-path-matched,"0,1,2",3,11,-1.0,0.7343277260358962,1.7320508075688772,0.0012364387512207031,13,0.00682891346514225,26,5,0.7235910892486572,0,"The Westin is a mountainous stone, which is a stone's throw"
sisyphus-single,西西弗每天都推着石头上山顶。,ancestor-chain-seed5-u-1,ancestor-chain,"5,18,28",3,11,-1.0,0.7343277260358962,1.7320508075688772,0.0009982585906982422,16,0.008550487458705902,30,2,1.4338507652282715,0,The Westin is a daily necessity for the day of the week of the
sisyphus-single,西西弗每天都推着石头上山顶。,off-path-seed5-u-1,off-path-matched,"0,1,2",3,11,-1.0,0.7343277260358962,1.7320508075688772,0.0012364387512207031,13,0.00682891346514225,26,5,0.7235910892486572,0,"The Westin is a mountainous stone, which is a stone's throw"
sisyphus-single,西西弗每天都推着石头上山顶。,uniform-all-u-0.5,uniform-all,"0,1,2,3,4,5,16,17,18,24,28",11,11,-0.5,0.8291349230351314,1.6583123951777,0.0008107423782348633,17,0.00803119782358408,30,2,2.241661548614502,0,The Westin is a great place to spend a day on the west of the
sisyphus-single,西西弗每天都推着石头上山顶。,fine-jump-m0n0-u-0.5,fine-jump,0,1,11,-0.5,0.8291349230351314,0.5,0.0012870430946350098,11,0.007171513047069311,26,5,0.4678678512573242,0,"The Westin is a mountainous stone, which is a stone's throw"
sisyphus-single,西西弗每天都推着石头上山顶。,fine-jump-m0n1-u-0.5,fine-jump,1,1,11,-0.5,0.8291349230351314,0.5,0.0010514259338378906,9,0.007681901566684246,26,5,0.5042099952697754,0,The Westin is a stone-somega-sale of the mountain
sisyphus-single,西西弗每天都推着石头上山顶。,fine-jump-m0n2-u-0.5,fine-jump,2,1,11,-0.5,0.8291349230351314,0.5,0.0011591315269470215,11,0.007189909461885691,26,5,0.18526780605316162,0,"The Westin is a mountainous stone, which is a stone's throw"
sisyphus-single,西西弗每天都推着石头上山顶。,fine-jump-m0n3-u-0.5,fine-jump,3,1,11,-0.5,0.8291349230351314,0.5,0.0011265873908996582,10,0.011527186259627342,30,2,0.3164295554161072,0,"The Westin is a mountainous village of the sixth day, and the"
sisyphus-single,西西弗每天都推着石头上山顶。,fine-jump-m0n4-u-0.5,fine-jump,4,1,11,-0.5,0.8291349230351314,0.5,0.001133739948272705,11,0.007088996469974518,26,5,0.2860231399536133,0,"The Westin is a mountainous stone, which is a stone's throw"
sisyphus-single,西西弗每天都推着石头上山顶。,fine-jump-m0n5-u-0.5,fine-jump,5,1,11,-0.5,0.8291349230351314,0.5,0.0011545419692993164,12,0.007074074354022741,26,5,0.24843168258666992,0,"The Westin is a mountainous stone, which is a stone's throw"
sisyphus-single,西西弗每天都推着石头上山顶。,upper-jump-m1n0-u-0.5,upper-jump,16,1,11,-0.5,0.8291349230351314,0.5,0.0012167096138000488,11,0.0072793434374034405,26,5,0.3120250701904297,0,"The Westin is a mountainous stone, which is a stone's throw"
sisyphus-single,西西弗每天都推着石头上山顶。,upper-jump-m1n1-u-0.5,upper-jump,17,1,11,-0.5,0.8291349230351314,0.5,0.0011458396911621094,11,0.011211900971829891,30,2,0.36208343505859375,0,"The Westin is a mountainous village of the sixth day, and the"
sisyphus-single,西西弗每天都推着石头上山顶。,upper-jump-m1n2-u-0.5,upper-jump,18,1,11,-0.5,0.8291349230351314,0.5,0.0011069774627685547,12,0.01079706009477377,30,2,0.4822654724121094,0,"The Westin is a mountainous stone, which is a stone's throw"
sisyphus-single,西西弗每天都推着石头上山顶。,upper-jump-m2n0-u-0.5,upper-jump,24,1,11,-0.5,0.8291349230351314,0.5,0.0011625289916992188,11,0.0074052270501852036,26,5,0.3908371925354004,0,"The Westin is a mountainous stone, which is a stone's throw"
sisyphus-single,西西弗每天都推着石头上山顶。,upper-jump-m3n0-u-0.5,upper-jump,28,1,11,-0.5,0.8291349230351314,0.5,0.0010954737663269043,10,0.007116826716810465,26,5,0.47229039669036865,0,"The Westin is a mountainous stone, which is a stone's throw"
sisyphus-single,西西弗每天都推着石头上山顶。,ancestor-chain-seed0-u-0.5,ancestor-chain,"0,16,24,28",4,11,-0.5,0.8291349230351314,1.0,0.0012114644050598145,12,0.006562278605997562,26,5,1.0444915294647217,0,"The Westin is a daily necessity for the whole of the mountain, and"
sisyphus-single,西西弗每天都推着石头上山顶。,off-path-seed0-u-0.5,off-path-matched,"1,2,3,4",4,11,-0.5,0.8291349230351314,1.0,0.0010112524032592773,11,0.006746831350028515,26,5,0.6036252975463867,0,"The Westin is a mountainous stone, which is a stone's throw"
sisyphus-single,西西弗每天都推着石头上山顶。,ancestor-chain-seed1-u-0.5,ancestor-chain,"1,16,24,28",4,11,-0.5,0.8291349230351314,1.0,0.0010434985160827637,11,0.006965662818402052,26,5,1.2096238136291504,0,"The Westin is a mountainous stone, which is a stone's throw"
sisyphus-single,西西弗每天都推着石头上山顶。,off-path-seed1-u-0.5,off-path-matched,"0,2,3,4",4,11,-0.5,0.8291349230351314,1.0,0.0012624263763427734,13,0.006350701209157705,26,5,0.5920929908752441,0,"The Westin is a daily necessity for the day of the week, and"
sisyphus-single,西西弗每天都推着石头上山顶。,ancestor-chain-seed2-u-0.5,ancestor-chain,"2,17,24,28",4,11,-0.5,0.8291349230351314,1.0,0.001056373119354248,13,0.006084417924284935,26,5,1.1883249282836914,0,The Westin is a daily necessity for the day of the week of the
sisyphus-single,西西弗每天都推着石头上山顶。,off-path-seed2-u-0.5,off-path-matched,"0,1,3,4",4,11,-0.5,0.8291349230351314,1.0,0.0011578798294067383,11,0.006874732673168182,26,5,0.5905866622924805,0,"The Westin is a mountainous village of the West, and the mountains of"
sisyphus-single,西西弗每天都推着石头上山顶。,ancestor-chain-seed3-u-0.5,ancestor-chain,"3,17,24,28",4,11,-0.5,0.8291349230351314,1.0,0.0010442733764648438,11,0.00631930585950613,26,5,1.1783947944641113,0,"The Westin is a campsite in the morning of the day of the week,"
sisyphus-single,西西弗每天都推着石头上山顶。,off-path-seed3-u-0.5,off-path-matched,"0,1,2,4",4,11,-0.5,0.8291349230351314,1.0,0.0011875629425048828,13,0.00996522605419159,30,2,0.5326347351074219,0,"The Westin is a mountainous stone, which is a stone's throw"
sisyphus-single,西西弗每天都推着石头上山顶。,ancestor-chain-seed4-u-0.5,ancestor-chain,"4,18,28",3,11,-0.5,0.8291349230351314,0.8660254037844386,0.0010339617729187012,14,0.005908170714974403,26,5,0.8370490074157715,0,"The Westin is a daily necessity for the day of the week, and"
sisyphus-single,西西弗每天都推着石头上山顶。,off-path-seed4-u-0.5,off-path-matched,"0,1,2",3,11,-0.5,0.8291349230351314,0.8660254037844386,0.0012124180793762207,13,0.010149707086384296,30,2,0.4753234386444092,0,"The Westin is a mountainous stone, which is a stone's throw"
sisyphus-single,西西弗每天都推着石头上山顶。,ancestor-chain-seed5-u-0.5,ancestor-chain,"5,18,28",3,11,-0.5,0.8291349230351314,0.8660254037844386,0.0010617375373840332,15,0.009587564505636692,30,2,0.8567514419555664,0,"The Westin is a daily necessity for the day of the week, and"
sisyphus-single,西西弗每天都推着石头上山顶。,off-path-seed5-u-0.5,off-path-matched,"0,1,2",3,11,-0.5,0.8291349230351314,0.8660254037844386,0.0012124180793762207,13,0.010149707086384296,30,2,0.4753234386444092,0,"The Westin is a mountainous stone, which is a stone's throw"
sisyphus-single,西西弗每天都推着石头上山顶。,uniform-all-u+0.5,uniform-all,"0,1,2,3,4,5,16,17,18,24,28",11,11,0.5,1.206076323910468,1.6583123951777,0.0006632208824157715,5,0.009428930468857288,26,5,2.0029172897338867,0,The Westin is a stone's throwing from the mountain of the mountain
sisyphus-single,西西弗每天都推着石头上山顶。,fine-jump-m0n0-u+0.5,fine-jump,0,1,11,0.5,1.206076323910468,0.5,0.0009479522705078125,7,0.007931319065392017,26,5,0.6163163185119629,0,The Westin is a stone-somega-sale of the mountain
sisyphus-single,西西弗每天都推着石头上山顶。,fine-jump-m0n1-u+0.5,fine-jump,1,1,11,0.5,1.206076323910468,0.5,0.0012410283088684082,11,0.011135919019579887,30,2,0.6020627021789551,0,"The Westin is a mountainous day of the week, which is the best"
sisyphus-single,西西弗每天都推着石头上山顶。,fine-jump-m0n2-u+0.5,fine-jump,2,1,11,0.5,1.206076323910468,0.5,0.0011123418807983398,8,0.007859873585402966,26,5,0.23881471157073975,0,The Westin is a stone-somega-sale of the mountain
sisyphus-single,西西弗每天都推着石头上山顶。,fine-jump-m0n3-u+0.5,fine-jump,3,1,11,0.5,1.206076323910468,0.5,0.0011692047119140625,10,0.007562495768070221,26,5,0.27779197692871094,0,The Westin is a stone-shaped stone's throw from the mountain
sisyphus-single,西西弗每天都推着石头上山顶。,fine-jump-m0n4-u+0.5,fine-jump,4,1,11,0.5,1.206076323910468,0.5,0.001170039176940918,9,0.007917182520031929,26,5,0.3189711570739746,0,The Westin is a stone-somega-sale of the mountain
sisyphus-single,西西弗每天都推着石头上山顶。,fine-jump-m0n5-u+0.5,fine-jump,5,1,11,0.5,1.206076323910468,0.5,0.001152634620666504,9,0.00790354609489441,26,5,0.28697872161865234,0,The Westin is a stone-somega-sale of the mountain
sisyphus-single,西西弗每天都推着石头上山顶。,upper-jump-m1n0-u+0.5,upper-jump,16,1,11,0.5,1.206076323910468,0.5,0.0010551214218139648,9,0.011913774535059929,30,2,0.3761789798736572,0,The Westin is a stone-somega-sale of the mountain
sisyphus-single,西西弗每天都推着石头上山顶。,upper-jump-m1n1-u+0.5,upper-jump,17,1,11,0.5,1.206076323910468,0.5,0.001125037670135498,9,0.0077999369241297245,26,5,0.4301941394805908,0,The Westin is a stone-shaped stone's throw from the mountain
sisyphus-single,西西弗每天都推着石头上山顶。,upper-jump-m1n2-u+0.5,upper-jump,18,1,11,0.5,1.206076323910468,0.5,0.0012125372886657715,8,0.008177702315151691,26,5,0.5544581413269043,0,The Westin is a stone-somega-sale of the mountain
sisyphus-single,西西弗每天都推着石头上山顶。,upper-jump-m2n0-u+0.5,upper-jump,24,1,11,0.5,1.206076323910468,0.5,0.0011057853698730469,10,0.007447889540344477,26,5,0.4561328887939453,0,The Westin is a stone-shaped stone's throw from the mountain
sisyphus-single,西西弗每天都推着石头上山顶。,upper-jump-m3n0-u+0.5,upper-jump,28,1,11,0.5,1.206076323910468,0.5,0.0011610984802246094,9,0.0121155371889472,30,2,0.36495405435562134,0,The Westin is a stone-shaped stone's throw from the mountain
sisyphus-single,西西弗每天都推着石头上山顶。,ancestor-chain-seed0-u+0.5,ancestor-chain,"0,16,24,28",4,11,0.5,1.206076323910468,1.0,0.0007553696632385254,7,0.008033348247408867,26,5,1.081394910812378,0,The Westin is a stone-somega-sale of the mountain
sisyphus-single,西西弗每天都推着石头上山顶。,off-path-seed0-u+0.5,off-path-matched,"1,2,3,4",4,11,0.5,1.206076323910468,1.0,0.0012035965919494629,8,0.0081328758969903,26,5,0.5969785451889038,0,The Westin is a stone-shaped stone's throw from the mountain
sisyphus-single,西西弗每天都推着石头上山顶。,ancestor-chain-seed1-u+0.5,ancestor-chain,"1,16,24,28",4,11,0.5,1.206076323910468,1.0,0.0010485649108886719,10,0.012699066661298275,30,2,1.2907757759094238,0,The Westin is a stone-shaped stone's throw from the mountain
sisyphus-single,西西弗每天都推着石头上山顶。,off-path-seed1-u+0.5,off-path-matched,"0,2,3,4",4,11,0.5,1.206076323910468,1.0,0.0009511113166809082,6,0.008839820511639118,26,5,0.9664430618286133,0,The Westin is a stone-somega-sale of the mountain
sisyphus-single,西西弗每天都推着石头上山顶。,ancestor-chain-seed2-u+0.5,ancestor-chain,"2,17,24,28",4,11,0.5,1.206076323910468,1.0,0.0009427070617675781,8,0.007956995628774166,26,5,1.0327072143554688,0,The Westinberg is a stone-shaped stone's throw from the
sisyphus-single,西西弗每天都推着石头上山顶。,off-path-seed2-u+0.5,off-path-matched,"0,1,3,4",4,11,0.5,1.206076323910468,1.0,0.0010881423950195312,7,0.0081984493881464,26,5,0.7431504726409912,0,The Westin is a stone-somega-sale of the mountain
sisyphus-single,西西弗每天都推着石头上山顶。,ancestor-chain-seed3-u+0.5,ancestor-chain,"3,17,24,28",4,11,0.5,1.206076323910468,1.0,0.001003861427307129,10,0.0074845654889941216,26,5,1.050046443939209,0,The Westinberg is a stone-shaped stone's throw from the
sisyphus-single,西西弗每天都推着石头上山顶。,off-path-seed3-u+0.5,off-path-matched,"0,1,2,4",4,11,0.5,1.206076323910468,1.0,0.0010311007499694824,5,0.008522293530404568,26,5,0.7416346073150635,0,The Westin is a stone-somega-sale of the mountain
sisyphus-single,西西弗每天都推着石头上山顶。,ancestor-chain-seed4-u+0.5,ancestor-chain,"4,18,28",3,11,0.5,1.206076323910468,0.8660254037844386,0.0011978745460510254,6,0.008371750824153423,26,5,1.009993553161621,0,The Westin is a stone-somega-sale of the mountain
sisyphus-single,西西弗每天都推着石头上山顶。,off-path-seed4-u+0.5,off-path-matched,"0,1,2",3,11,0.5,1.206076323910468,0.8660254037844386,0.0010240674018859863,8,0.00801136251538992,26,5,0.633404016494751,0,The Westin is a stone-somega-sale of the mountain
sisyphus-single,西西弗每天都推着石头上山顶。,ancestor-chain-seed5-u+0.5,ancestor-chain,"5,18,28",3,11,0.5,1.206076323910468,0.8660254037844386,0.0011902451515197754,6,0.008342190645635128,26,5,0.9874892234802246,0,The Westin is a stone-somega-sale of the mountain
sisyphus-single,西西弗每天都推着石头上山顶。,off-path-seed5-u+0.5,off-path-matched,"0,1,2",3,11,0.5,1.206076323910468,0.8660254037844386,0.0010240674018859863,8,0.00801136251538992,26,5,0.633404016494751,0,The Westin is a stone-somega-sale of the mountain
sisyphus-single,西西弗每天都推着石头上山顶。,uniform-all-u+1,uniform-all,"0,1,2,3,4,5,16,17,18,24,28",11,11,1.0,1.361789790232048,3.3166247903554,0.0002313852310180664,5,0.01075653824955225,26,5,4.259038925170898,0,The West is a great place to eat a stone's throwing from the
sisyphus-single,西西弗每天都推着石头上山顶。,fine-jump-m0n0-u+1,fine-jump,0,1,11,1.0,1.361789790232048,1.0,0.0008102059364318848,8,0.012840824201703072,30,2,1.0554065704345703,0,The Westin is a stone-somega-sale of the mountain
sisyphus-single,西西弗每天都推着石头上山顶。,fine-jump-m0n1-u+1,fine-jump,1,1,11,1.0,1.361789790232048,1.0,0.0013098716735839844,11,0.011083997786045074,30,2,1.0717320442199707,0,"The Westin is a daily necessity for the day of the week, and"
sisyphus-single,西西弗每天都推着石头上山顶。,fine-jump-m0n2-u+1,fine-jump,2,1,11,1.0,1.361789790232048,1.0,0.001078784465789795,7,0.008152656257152557,26,5,0.4167502522468567,0,The Westin is a stone-somega-sale of the mountain
sisyphus-single,西西弗每天都推着石头上山顶。,fine-jump-m0n3-u+1,fine-jump,3,1,11,1.0,1.361789790232048,1.0,0.0011799931526184082,10,0.007596632000058889,26,5,0.4466979503631592,0,The Westin is a stone-shaped stone's throw from the mountain
sisyphus-single,西西弗每天都推着石头上山顶。,fine-jump-m0n4-u+1,fine-jump,4,1,11,1.0,1.361789790232048,1.0,0.0011852383613586426,8,0.008198674768209457,26,5,0.5464181900024414,0,The Westin is a stone-somega-sale of the mountain
sisyphus-single,西西弗每天都推着石头上山顶。,fine-jump-m0n5-u+1,fine-jump,5,1,11,1.0,1.361789790232048,1.0,0.0011594295501708984,8,0.008178582414984703,26,5,0.5107874870300293,0,The Westin is a stone-somega-sale of the mountain
sisyphus-single,西西弗每天都推着石头上山顶。,upper-jump-m1n0-u+1,upper-jump,16,1,11,1.0,1.361789790232048,1.0,0.0009785294532775879,8,0.007789443712681532,26,5,0.6638691425323486,0,The Westin is a stone-somega-southwest of the
sisyphus-single,西西弗每天都推着石头上山顶。,upper-jump-m1n1-u+1,upper-jump,17,1,11,1.0,1.361789790232048,1.0,0.0010862350463867188,8,0.008003585040569305,26,5,0.7310638427734375,0,The Westin is a stone-shaped stone's throw from the mountain
sisyphus-single,西西弗每天都推着石头上山顶。,upper-jump-m1n2-u+1,upper-jump,18,1,11,1.0,1.361789790232048,1.0,0.0012521147727966309,7,0.008564106188714504,26,5,0.9733362197875977,0,The Westin is a stone-somega-sale of the mountain
sisyphus-single,西西弗每天都推着石头上山顶。,upper-jump-m2n0-u+1,upper-jump,24,1,11,1.0,1.361789790232048,1.0,0.0010594725608825684,11,0.011647356674075127,30,2,0.8096508979797363,0,The Westin is a stone-shaped stone's throw from the mountain
sisyphus-single,西西弗每天都推着石头上山顶。,upper-jump-m3n0-u+1,upper-jump,28,1,11,1.0,1.361789790232048,1.0,0.0011440515518188477,9,0.012693093158304691,30,2,0.5548639297485352,0,The Westin is a stone-shaped stone's throw from the mountain
sisyphus-single,西西弗每天都推着石头上山顶。,ancestor-chain-seed0-u+1,ancestor-chain,"0,16,24,28",4,11,1.0,1.361789790232048,2.0,0.00048476457595825195,6,0.008657418191432953,26,5,1.8094747066497803,0,"The Westin is a stone's throw from the mountain of the mountain,"
sisyphus-single,西西弗每天都推着石头上山顶。,off-path-seed0-u+1,off-path-matched,"1,2,3,4",4,11,1.0,1.361789790232048,2.0,0.0011936426162719727,7,0.008443466387689114,26,5,0.9449541568756104,0,The Westin is a stone-shaped stone's throw from the mountain
sisyphus-single,西西弗每天都推着石头上山顶。,ancestor-chain-seed1-u+1,ancestor-chain,"1,16,24,28",4,11,1.0,1.361789790232048,2.0,0.0008652806282043457,11,0.013313395902514458,30,2,2.447239637374878,0,"The Westin is a daily necessity for the day of the week, and"
sisyphus-single,西西弗每天都推着石头上山顶。,off-path-seed1-u+1,off-path-matched,"0,2,3,4",4,11,1.0,1.361789790232048,2.0,0.0008027553558349609,5,0.00973411276936531,26,5,1.7077178955078125,0,The Westin is a stone-somega-sale of the mountain
sisyphus-single,西西弗每天都推着石头上山顶。,ancestor-chain-seed2-u+1,ancestor-chain,"2,17,24,28",4,11,1.0,1.361789790232048,2.0,0.0006555914878845215,8,0.008235340006649494,26,5,1.9503579139709473,0,The Westinberg is a stone-shaped stone's throw from the
sisyphus-single,西西弗每天都推着石头上山顶。,off-path-seed2-u+1,off-path-matched,"0,1,3,4",4,11,1.0,1.361789790232048,2.0,0.0010274648666381836,5,0.008622189983725548,26,5,1.2765872478485107,0,The Westin is a stone-somega-sale of the mountain
sisyphus-single,西西弗每天都推着石头上山顶。,ancestor-chain-seed3-u+1,ancestor-chain,"3,17,24,28",4,11,1.0,1.361789790232048,2.0,0.000722348690032959,10,0.01217007264494896,30,2,2.29449200630188,0,"The West is a stone's throw from the mountain of the mountain, and"
sisyphus-single,西西弗每天都推着石头上山顶。,off-path-seed3-u+1,off-path-matched,"0,1,2,4",4,11,1.0,1.361789790232048,2.0,0.0009307861328125,5,0.009265768341720104,26,5,1.292123556137085,0,The Westin is a stone-somega-sale of the mountain
sisyphus-single,西西弗每天都推着石头上山顶。,ancestor-chain-seed4-u+1,ancestor-chain,"4,18,28",3,11,1.0,1.361789790232048,1.7320508075688772,0.0011178255081176758,6,0.014086521230638027,30,2,1.7592273950576782,0,The Westinberg is a stone-somega-sale of the
sisyphus-single,西西弗每天都推着石头上山顶。,off-path-seed4-u+1,off-path-matched,"0,1,2",3,11,1.0,1.361789790232048,1.7320508075688772,0.0009302496910095215,5,0.008347619324922562,26,5,1.106170654296875,0,The Westin is a stone-somega-sale of the mountain
sisyphus-single,西西弗每天都推着石头上山顶。,ancestor-chain-seed5-u+1,ancestor-chain,"5,18,28",3,11,1.0,1.361789790232048,1.7320508075688772,0.0011191368103027344,5,0.008666555397212505,26,5,1.736302375793457,0,The Westinberg is a stone-somega-sale of the
sisyphus-single,西西弗每天都推着石头上山顶。,off-path-seed5-u+1,off-path-matched,"0,1,2",3,11,1.0,1.361789790232048,1.7320508075688772,0.0009302496910095215,5,0.008347619324922562,26,5,1.106170654296875,0,The Westin is a stone-somega-sale of the mountain
sisyphus-single,西西弗每天都推着石头上山顶。,uniform-all-u+2,uniform-all,"0,1,2,3,4,5,16,17,18,24,28",11,11,2.0,1.4782804393374118,6.6332495807108,0.00010091066360473633,4,0.014671857468783855,26,5,6.509317874908447,0,The West is a collection of the most important of the people's courtes
sisyphus-single,西西弗每天都推着石头上山顶。,fine-jump-m0n0-u+2,fine-jump,0,1,11,2.0,1.4782804393374118,2.0,0.0007288455963134766,6,0.008476285263895988,26,5,1.3573741912841797,0,The Westin is a stone-somega-sale of the mountain
sisyphus-single,西西弗每天都推着石头上山顶。,fine-jump-m0n1-u+2,fine-jump,1,1,11,2.0,1.4782804393374118,2.0,0.0013671517372131348,12,0.011050703935325146,30,2,1.4130568504333496,0,"The Westin is a daily necessity for the day of the week, and"
sisyphus-single,西西弗每天都推着石头上山顶。,fine-jump-m0n2-u+2,fine-jump,2,1,11,2.0,1.4782804393374118,2.0,0.0010571479797363281,6,0.008377078920602798,26,5,0.5459946990013123,0,The Westin is a stone-somega-sale of the mountain
sisyphus-single,西西弗每天都推着石头上山顶。,fine-jump-m0n3-u+2,fine-jump,3,1,11,2.0,1.4782804393374118,2.0,0.001183152198791504,10,0.007611789740622044,26,5,0.5718834400177002,0,The Westin is a stone-shaped stone's throw from the mountain
sisyphus-single,西西弗每天都推着石头上山顶。,fine-jump-m0n4-u+2,fine-jump,4,1,11,2.0,1.4782804393374118,2.0,0.0011938810348510742,8,0.008382699452340603,26,5,0.7175905704498291,0,The Westin is a stone-somega-sale of the mountain
sisyphus-single,西西弗每天都推着石头上山顶。,fine-jump-m0n5-u+2,fine-jump,5,1,11,2.0,1.4782804393374118,2.0,0.001163780689239502,8,0.008366502821445465,26,5,0.6759071350097656,0,The Westin is a stone-somega-sale of the mountain
sisyphus-single,西西弗每天都推着石头上山顶。,upper-jump-m1n0-u+2,upper-jump,16,1,11,2.0,1.4782804393374118,2.0,0.0009236335754394531,8,0.007904071360826492,26,5,0.872161865234375,0,The Westin is a stone-somega-southwest of the
sisyphus-single,西西弗每天都推着石头上山顶。,upper-jump-m1n1-u+2,upper-jump,17,1,11,2.0,1.4782804393374118,2.0,0.0010495781898498535,8,0.008154242299497128,26,5,0.9486961364746094,0,The Westin is a stone-shaped stone's throw from the mountain
sisyphus-single,西西弗每天都推着石头上山顶。,upper-jump-m1n2-u+2,upper-jump,18,1,11,2.0,1.4782804393374118,2.0,0.0012677907943725586,6,0.008821258321404457,26,5,1.2656059265136719,0,"The Westin is a tribute to the mountain of the mountain, and the"
sisyphus-single,西西弗每天都推着石头上山顶。,upper-jump-m2n0-u+2,upper-jump,24,1,11,2.0,1.4782804393374118,2.0,0.0010196566581726074,12,0.011725935153663158,30,2,1.0767853260040283,0,"The Westinberg is a daily necessity for the day of the week,"
sisyphus-single,西西弗每天都推着石头上山顶。,upper-jump-m3n0-u+2,upper-jump,28,1,11,2.0,1.4782804393374118,2.0,0.0011227130889892578,9,0.013067533262073994,30,2,0.704460620880127,0,"The Westinberg is a daily necessity for the day of the week,"
sisyphus-single,西西弗每天都推着石头上山顶。,ancestor-chain-seed0-u+2,ancestor-chain,"0,16,24,28",4,11,2.0,1.4782804393374118,4.0,0.0003266334533691406,4,0.009482868015766144,26,5,2.5205671787261963,0,"The West is a stone's throw from the mountain of the mountain, and"
sisyphus-single,西西弗每天都推着石头上山顶。,off-path-seed0-u+2,off-path-matched,"1,2,3,4",4,11,2.0,1.4782804393374118,4.0,0.0011745095252990723,7,0.008570481091737747,26,5,1.2265172004699707,0,The Westin is a stone-shaped stone's throw from the mountain
sisyphus-single,西西弗每天都推着石头上山顶。,ancestor-chain-seed1-u+2,ancestor-chain,"1,16,24,28",4,11,2.0,1.4782804393374118,4.0,0.0006548166275024414,10,0.0138078099116683,30,2,3.4769997596740723,0,"The Westin is a daily necessity for the day of the week, and"
sisyphus-single,西西弗每天都推着石头上山顶。,off-path-seed1-u+2,off-path-matched,"0,2,3,4",4,11,2.0,1.4782804393374118,4.0,0.000710606575012207,4,0.010215924121439457,26,5,2.1579880714416504,0,"The West is a stone's throw from the mountain of the mountain, and"
sisyphus-single,西西弗每天都推着石头上山顶。,ancestor-chain-seed2-u+2,ancestor-chain,"2,17,24,28",4,11,2.0,1.4782804393374118,4.0,0.00040715932846069336,8,0.00826012808829546,26,5,2.890169382095337,0,"The West is a stone's throw from the mountain, and the stone is"
sisyphus-single,西西弗每天都推着石头上山顶。,off-path-seed2-u+2,off-path-matched,"0,1,3,4",4,11,2.0,1.4782804393374118,4.0,0.000980377197265625,4,0.008893614634871483,26,5,1.6516921520233154,0,"The West is a great place to eat a drink in the morning, and the"
sisyphus-single,西西弗每天都推着石头上山顶。,ancestor-chain-seed3-u+2,ancestor-chain,"3,17,24,28",4,11,2.0,1.4782804393374118,4.0,0.0004812479019165039,10,0.007099747657775879,26,5,3.8365211486816406,0,"The West is a stone's throw from the mountain, and the rest of"
sisyphus-single,西西弗每天都推着石头上山顶。,off-path-seed3-u+2,off-path-matched,"0,1,2,4",4,11,2.0,1.4782804393374118,4.0,0.0008597970008850098,3,0.009802556596696377,26,5,1.6795783042907715,0,"The Westin is a tribute to the mountain, which is the most important"
sisyphus-single,西西弗每天都推着石头上山顶。,ancestor-chain-seed4-u+2,ancestor-chain,"4,18,28",3,11,2.0,1.4782804393374118,3.4641016151377544,0.0009900331497192383,4,0.009271747432649136,26,5,2.433773994445801,0,"The Westinberg is a great place to eat a mountain, and the other"
sisyphus-single,西西弗每天都推着石头上山顶。,off-path-seed4-u+2,off-path-matched,"0,1,2",3,11,2.0,1.4782804393374118,3.4641016151377544,0.0008689761161804199,5,0.008574740961194038,26,5,1.429725170135498,0,The Westin is a stone-somega-sale of the mountain
sisyphus-single,西西弗每天都推着石头上山顶。,ancestor-chain-seed5-u+2,ancestor-chain,"5,18,28",3,11,2.0,1.4782804393374118,3.4641016151377544,0.0010007619857788086,4,0.009179269894957542,26,5,2.280407428741455,0,"The Westinberg is a great place to eat a mountain, and the other"
sisyphus-single,西西弗每天都推着石头上山顶。,off-path-seed5-u+2,off-path-matched,"0,1,2",3,11,2.0,1.4782804393374118,3.4641016151377544,0.0008689761161804199,5,0.008574740961194038,26,5,1.429725170135498,0,The Westin is a stone-somega-sale of the mountain
sisyphus-single,西西弗每天都推着石头上山顶。,uniform-all-u+4,uniform-all,"0,1,2,3,4,5,16,17,18,24,28",11,11,4.0,1.4995921371300496,13.2664991614216,9.196996688842773e-05,3,0.015173951163887978,26,5,6.745834827423096,0,The West is a collection of the most important of the people. The original name
sisyphus-single,西西弗每天都推着石头上山顶。,fine-jump-m0n0-u+4,fine-jump,0,1,11,4.0,1.4995921371300496,4.0,0.0007151961326599121,6,0.0085082296282053,26,5,1.4106764793395996,0,The Westin is a stone-somega-sale of the mountain
sisyphus-single,西西弗每天都推着石头上山顶。,fine-jump-m0n1-u+4,fine-jump,1,1,11,4.0,1.4995921371300496,4.0,0.0013783574104309082,12,0.011047630570828915,30,2,1.4732470512390137,0,"The Westin is a daily necessity for the day of the week, and"
sisyphus-single,西西弗每天都推着石头上山顶。,fine-jump-m0n2-u+4,fine-jump,2,1,11,4.0,1.4995921371300496,4.0,0.00105363130569458,6,0.00841866247355938,26,5,0.569232165813446,0,The Westin is a stone-somega-sale of the mountain
sisyphus-single,西西弗每天都推着石头上山顶。,fine-jump-m0n3-u+4,fine-jump,3,1,11,4.0,1.4995921371300496,4.0,0.0011832118034362793,10,0.00761434668675065,26,5,0.5956587791442871,0,The Westin is a stone-shaped stone's throw from the mountain
sisyphus-single,西西弗每天都推着石头上山顶。,fine-jump-m0n4-u+4,fine-jump,4,1,11,4.0,1.4995921371300496,4.0,0.0011951327323913574,8,0.008414781652390957,26,5,0.7489204406738281,0,The Westin is a stone-somega-sale of the mountain
sisyphus-single,西西弗每天都推着石头上山顶。,fine-jump-m0n5-u+4,fine-jump,5,1,11,4.0,1.4995921371300496,4.0,0.0011644959449768066,8,0.008399699814617634,26,5,0.7055923938751221,0,The Westin is a stone-somega-sale of the mountain
sisyphus-single,西西弗每天都推着石头上山顶。,upper-jump-m1n0-u+4,upper-jump,16,1,11,4.0,1.4995921371300496,4.0,0.000914156436920166,8,0.007927142083644867,26,5,0.9095025062561035,0,The Westin is a stone-somega-southwest of the
sisyphus-single,西西弗每天都推着石头上山顶。,upper-jump-m1n1-u+4,upper-jump,17,1,11,4.0,1.4995921371300496,4.0,0.0010422468185424805,8,0.008181764744222164,26,5,0.9882369041442871,0,The Westin is a stone-shaped stone's throw from the mountain
sisyphus-single,西西弗每天都推着石头上山顶。,upper-jump-m1n2-u+4,upper-jump,18,1,11,4.0,1.4995921371300496,4.0,0.0012698769569396973,5,0.00886804610490799,26,5,1.3162102699279785,0,"The Westin is a tribute to the mountain of the mountain, and the"
sisyphus-single,西西弗每天都推着石头上山顶。,upper-jump-m2n0-u+4,upper-jump,24,1,11,4.0,1.4995921371300496,4.0,0.001011967658996582,12,0.0117380665615201,30,2,1.1258740425109863,0,"The Westinberg is a daily necessity for the day of the week,"
sisyphus-single,西西弗每天都推着石头上山顶。,upper-jump-m3n0-u+4,upper-jump,28,1,11,4.0,1.4995921371300496,4.0,0.0011182427406311035,9,0.013131378218531609,30,2,0.7283511161804199,0,"The Westinberg is a daily necessity for the day of the week,"
sisyphus-single,西西弗每天都推着石头上山顶。,ancestor-chain-seed0-u+4,ancestor-chain,"0,16,24,28",4,11,4.0,1.4995921371300496,8.0,0.0003014802932739258,4,0.009594324044883251,26,5,2.664376974105835,0,"The West is a stone's throw from the mountain of the mountain, and"
sisyphus-single,西西弗每天都推着石头上山顶。,off-path-seed0-u+4,off-path-matched,"1,2,3,4",4,11,4.0,1.4995921371300496,8.0,0.0011701583862304688,6,0.008587638847529888,26,5,1.2764010429382324,0,The Westin is a stone-shaped stone's throw from the mountain
sisyphus-single,西西弗每天都推着石头上山顶。,ancestor-chain-seed1-u+4,ancestor-chain,"1,16,24,28",4,11,4.0,1.4995921371300496,8.0,0.0006164312362670898,10,0.013795563951134682,30,2,3.6748785972595215,0,"The West is a daily necessity for the day of the week, and the"
sisyphus-single,西西弗每天都推着石头上山顶。,off-path-seed1-u+4,off-path-matched,"0,2,3,4",4,11,4.0,1.4995921371300496,8.0,0.0006948709487915039,4,0.010290686041116714,26,5,2.23508882522583,0,"The West is a stone's throw from the mountain of the mountain, and"
sisyphus-single,西西弗每天都推着石头上山顶。,ancestor-chain-seed2-u+4,ancestor-chain,"2,17,24,28",4,11,4.0,1.4995921371300496,8.0,0.00036722421646118164,8,0.008199569769203663,26,5,3.103910207748413,0,"The West is a stone's throw from the mountain, and the stone is"
sisyphus-single,西西弗每天都推着石头上山顶。,off-path-seed2-u+4,off-path-matched,"0,1,3,4",4,11,4.0,1.4995921371300496,8.0,0.0009715557098388672,4,0.008940703235566616,26,5,1.7176628112792969,0,"The West is a great place to eat a drink in the morning, and the"
sisyphus-single,西西弗每天都推着石头上山顶。,ancestor-chain-seed3-u+4,ancestor-chain,"3,17,24,28",4,11,4.0,1.4995921371300496,8.0,0.0004419684410095215,10,0.007046412210911512,26,5,4.1637372970581055,0,"The West is a stone's throw from the mountain, and the rest of"
sisyphus-single,西西弗每天都推着石头上山顶。,off-path-seed3-u+4,off-path-matched,"0,1,2,4",4,11,4.0,1.4995921371300496,8.0,0.0008463263511657715,3,0.009901911951601505,26,5,1.7622780799865723,0,"The Westin is a tribute to the mountain, which is the most important"
sisyphus-single,西西弗每天都推着石头上山顶。,ancestor-chain-seed4-u+4,ancestor-chain,"4,18,28",3,11,4.0,1.4995921371300496,6.928203230275509,0.0009657740592956543,4,0.009427768178284168,26,5,2.552605628967285,0,"The Westinberg is a great place to eat a mountain, and the other"
sisyphus-single,西西弗每天都推着石头上山顶。,off-path-seed4-u+4,off-path-matched,"0,1,2",3,11,4.0,1.4995921371300496,6.928203230275509,0.0008577704429626465,5,0.00861554779112339,26,5,1.4853496551513672,0,The Westin is a stone-somega-sale of the mountain
sisyphus-single,西西弗每天都推着石头上山顶。,ancestor-chain-seed5-u+4,ancestor-chain,"5,18,28",3,11,4.0,1.4995921371300496,6.928203230275509,0.0009789466857910156,5,0.015136091969907284,30,2,2.387899398803711,0,"The Westinberg is a great place to eat a mountain, and the other"
sisyphus-single,西西弗每天都推着石头上山顶。,off-path-seed5-u+4,off-path-matched,"0,1,2",3,11,4.0,1.4995921371300496,6.928203230275509,0.0008577704429626465,5,0.00861554779112339,26,5,1.4853496551513672,0,The Westin is a stone-somega-sale of the mountain
sisyphus-repeat4,西西弗推石头。西西弗推石头。西西弗推石头。西西弗推石头。,baseline,baseline,,0,23,0.0,1.0,0.0,0.0025458931922912598,6,0.006626206450164318,26,15,0.0,0,"The company's name is a new product, which is a kind of a"
sisyphus-repeat4,西西弗推石头。西西弗推石头。西西弗推石头。西西弗推石头。,uniform-all-u-4,uniform-all,"0,1,2,3,4,5,6,7,8,9,10,11,16,17,18,19,20,21,24,25,26,28,30",23,23,-4.0,0.6668479883562345,19.183326093250876,0.0033304691314697266,9,0.005731059703975916,26,15,4.898769378662109,0,The Westin is a good example of a kind of Western medicine.
sisyphus-repeat4,西西弗推石头。西西弗推石头。西西弗推石头。西西弗推石头。,fine-jump-m0n0-u-4,fine-jump,0,1,23,-4.0,0.6668479883562345,4.0,0.0026920437812805176,6,0.006570927798748016,26,15,0.4818997383117676,0,The Westin is a new one-to-one-the-meter
sisyphus-repeat4,西西弗推石头。西西弗推石头。西西弗推石头。西西弗推石头。,fine-jump-m0n1-u-4,fine-jump,1,1,23,-4.0,0.6668479883562345,4.0,0.0023553967475891113,6,0.006680724211037159,26,15,0.24778366088867188,0,The newest of the Westin is a kind of a kind of tit
sisyphus-repeat4,西西弗推石头。西西弗推石头。西西弗推石头。西西弗推石头。,fine-jump-m0n2-u-4,fine-jump,2,1,23,-4.0,0.6668479883562345,4.0,0.0023885369300842285,6,0.00660702446475625,26,15,0.2922825813293457,0,The newest of the Westin is a kind of a kind of tit
sisyphus-repeat4,西西弗推石头。西西弗推石头。西西弗推石头。西西弗推石头。,fine-jump-m0n3-u-4,fine-jump,3,1,23,-4.0,0.6668479883562345,4.0,0.002434074878692627,6,0.006659717299044132,26,15,0.2194509506225586,0,"The company's name is a new product, which is a kind of a"
sisyphus-repeat4,西西弗推石头。西西弗推石头。西西弗推石头。西西弗推石头。,fine-jump-m0n4-u-4,fine-jump,4,1,23,-4.0,0.6668479883562345,4.0,0.0024799704551696777,6,0.006609201431274414,26,15,0.24869728088378906,0,"The company's name is a new product, which is a kind of a"
sisyphus-repeat4,西西弗推石头。西西弗推石头。西西弗推石头。西西弗推石头。,fine-jump-m0n5-u-4,fine-jump,5,1,23,-4.0,0.6668479883562345,4.0,0.0023317337036132812,6,0.006615870166569948,26,15,0.19072866439819336,0,"The company's name is a new product, which is a kind of a"
sisyphus-repeat4,西西弗推石头。西西弗推石头。西西弗推石头。西西弗推石头。,fine-jump-m0n6-u-4,fine-jump,6,1,23,-4.0,0.6668479883562345,4.0,0.0020963549613952637,6,0.006526323966681957,26,15,0.3537788391113281,0,"The company's name is a new product, which is a kind of a"
sisyphus-repeat4,西西弗推石头。西西弗推石头。西西弗推石头。西西弗推石头。,fine-jump-m0n7-u-4,fine-jump,7,1,23,-4.0,0.6668479883562345,4.0,0.0020360350608825684,6,0.00656311959028244,26,15,0.475907564163208,0,"The company's name is a new product, which is a kind of a"
sisyphus-repeat4,西西弗推石头。西西弗推石头。西西弗推石头。西西弗推石头。,fine-jump-m0n8-u-4,fine-jump,8,1,23,-4.0,0.6668479883562345,4.0,0.002728402614593506,5,0.006359749007970095,26,15,0.35044097900390625,0,"The company's name is a new product, which is a kind of a"
sisyphus-repeat4,西西弗推石头。西西弗推石头。西西弗推石头。西西弗推石头。,fine-jump-m0n9-u-4,fine-jump,9,1,23,-4.0,0.6668479883562345,4.0,0.0027407407760620117,5,0.0064654117450118065,26,15,0.3520047664642334,0,The newest of the Westin is a kind of a kind of tit
sisyphus-repeat4,西西弗推石头。西西弗推石头。西西弗推石头。西西弗推石头。,fine-jump-m0n10-u-4,fine-jump,10,1,23,-4.0,0.6668479883562345,4.0,0.0027441978454589844,5,0.006500231102108955,26,15,0.38056206703186035,0,The newest of the Westin is a kind of a kind of tit
sisyphus-repeat4,西西弗推石头。西西弗推石头。西西弗推石头。西西弗推石头。,fine-jump-m0n11-u-4,fine-jump,11,1,23,-4.0,0.6668479883562345,4.0,0.002726435661315918,5,0.00649941386654973,26,15,0.41978979110717773,0,The newest of the Westinberg was the first to know the name of
sisyphus-repeat4,西西弗推石头。西西弗推石头。西西弗推石头。西西弗推石头。,upper-jump-m1n0-u-4,upper-jump,16,1,23,-4.0,0.6668479883562345,4.0,0.002684354782104492,6,0.00667106406763196,26,15,0.489518404006958,0,The Westin is a new one-to-one-the-meter
sisyphus-repeat4,西西弗推石头。西西弗推石头。西西弗推石头。西西弗推石头。,upper-jump-m1n1-u-4,upper-jump,17,1,23,-4.0,0.6668479883562345,4.0,0.0022669434547424316,6,0.0066576674580574036,26,15,0.40445375442504883,0,The newest of the Westin is a kind of a kind of tit
sisyphus-repeat4,西西弗推石头。西西弗推石头。西西弗推石头。西西弗推石头。,upper-jump-m1n2-u-4,upper-jump,18,1,23,-4.0,0.6668479883562345,4.0,0.0022579431533813477,6,0.006591414101421833,26,15,0.327602744102478,0,"The company's name is a new product, which is a kind of a"
sisyphus-repeat4,西西弗推石头。西西弗推石头。西西弗推石头。西西弗推石头。,upper-jump-m1n3-u-4,upper-jump,19,1,23,-4.0,0.6668479883562345,4.0,0.0018326044082641602,6,0.006581115070730448,26,15,0.7427593469619751,0,"The company's name is the world's most famous for its customers,"
sisyphus-repeat4,西西弗推石头。西西弗推石头。西西弗推石头。西西弗推石头。,upper-jump-m1n4-u-4,upper-jump,20,1,23,-4.0,0.6668479883562345,4.0,0.0029991865158081055,5,0.006404490675777197,26,15,0.549647331237793,0,The newest of the Westinberg was the first to know the name of
sisyphus-repeat4,西西弗推石头。西西弗推石头。西西弗推石头。西西弗推石头。,upper-jump-m1n5-u-4,upper-jump,21,1,23,-4.0,0.6668479883562345,4.0,0.0031418800354003906,5,0.006464921869337559,26,15,0.7330560684204102,0,The Westin is a new one-to-one-the-meter
sisyphus-repeat4,西西弗推石头。西西弗推石头。西西弗推石头。西西弗推石头。,upper-jump-m2n0-u-4,upper-jump,24,1,23,-4.0,0.6668479883562345,4.0,0.002492189407348633,6,0.006785102188587189,26,15,0.7100577354431152,0,The newest of the Westin is a kind of a kind of tit
sisyphus-repeat4,西西弗推石头。西西弗推石头。西西弗推石头。西西弗推石头。,upper-jump-m2n1-u-4,upper-jump,25,1,23,-4.0,0.6668479883562345,4.0,0.001765906810760498,6,0.006618397310376167,26,15,0.6958574056625366,0,"The company's name is the world's most famous for its customers,"
sisyphus-repeat4,西西弗推石头。西西弗推石头。西西弗推石头。西西弗推石头。,upper-jump-m2n2-u-4,upper-jump,26,1,23,-4.0,0.6668479883562345,4.0,0.004078686237335205,7,0.006385594140738249,26,15,1.2262349128723145,0,The Westin is a new one-to-one-the-mech
sisyphus-repeat4,西西弗推石头。西西弗推石头。西西弗推石头。西西弗推石头。,upper-jump-m3n0-u-4,upper-jump,28,1,23,-4.0,0.6668479883562345,4.0,0.0017554163932800293,5,0.007047644816339016,26,15,0.8429137468338013,0,"The company's name is a new product, which is a kind of a"
sisyphus-repeat4,西西弗推石头。西西弗推石头。西西弗推石头。西西弗推石头。,upper-jump-m4n0-u-4,upper-jump,30,1,23,-4.0,0.6668479883562345,4.0,0.002588212490081787,5,0.007323611993342638,26,15,0.4017338752746582,0,"The company is a good example of the company's name, the world'"
sisyphus-repeat4,西西弗推石头。西西弗推石头。西西弗推石头。西西弗推石头。,ancestor-chain-seed0-u-4,ancestor-chain,"0,16,24,28,30",5,23,-4.0,0.6668479883562345,8.94427190999916,0.0017554163932800293,5,0.007587549276649952,26,15,2.1698803901672363,0,The Westin is a new one-to-one-the-meter
sisyphus-repeat4,西西弗推石头。西西弗推石头。西西弗推石头。西西弗推石头。,off-path-seed0-u-4,off-path-matched,"1,2,3,4,5",5,23,-4.0,0.6668479883562345,8.94427190999916,0.001973569393157959,6,0.0065716831013560295,26,15,0.7426762580871582,0,The newest of the Westin is a kind of a kind of tit
sisyphus-repeat4,西西弗推石头。西西弗推石头。西西弗推石头。西西弗推石头。,ancestor-chain-seed1-u-4,ancestor-chain,"1,16,24,28,30",5,23,-4.0,0.6668479883562345,8.94427190999916,0.0017737150192260742,5,0.007655779831111431,26,15,1.9704523086547852,0,The Westin is a new one-to-one-the-meter
sisyphus-repeat4,西西弗推石头。西西弗推石头。西西弗推石头。西西弗推石头。,off-path-seed1-u-4,off-path-matched,"0,2,3,4,5",5,23,-4.0,0.6668479883562345,8.94427190999916,0.0021631717681884766,6,0.006448031403124332,26,15,0.9184308052062988,0,The Westin is a new one-to-one-the-meter
sisyphus-repeat4,西西弗推石头。西西弗推石头。西西弗推石头。西西弗推石头。,ancestor-chain-seed2-u-4,ancestor-chain,"2,17,24,28,30",5,23,-4.0,0.6668479883562345,8.94427190999916,0.0016041398048400879,5,0.0074992310255765915,26,15,1.42169189453125,0,The newest of the Westin is a kind of a kind of tit
sisyphus-repeat4,西西弗推石头。西西弗推石头。西西弗推石头。西西弗推石头。,off-path-seed2-u-4,off-path-matched,"0,1,3,4,5",5,23,-4.0,0.6668479883562345,8.94427190999916,0.0021699070930480957,6,0.006594683509320021,26,15,0.7057418823242188,0,The Westin is a new one-to-one-the-meter
sisyphus-repeat4,西西弗推石头。西西弗推石头。西西弗推石头。西西弗推石头。,ancestor-chain-seed3-u-4,ancestor-chain,"3,17,24,28,30",5,23,-4.0,0.6668479883562345,8.94427190999916,0.0015057921409606934,5,0.0075289662927389145,26,15,1.23527193069458,0,The newest of the Westin is a kind of a kind of tit
sisyphus-repeat4,西西弗推石头。西西弗推石头。西西弗推石头。西西弗推石头。,off-path-seed3-u-4,off-path-matched,"0,1,2,4,5",5,23,-4.0,0.6668479883562345,8.94427190999916,0.0021715164184570312,6,0.006534057203680277,26,15,0.8599530458450317,0,The Westin is a new one-to-one-the-meter
sisyphus-repeat4,西西弗推石头。西西弗推石头。西西弗推石头。西西弗推石头。,ancestor-chain-seed4-u-4,ancestor-chain,"4,18,25,28,30",5,23,-4.0,0.6668479883562345,8.94427190999916,0.0012313127517700195,5,0.007513703312724829,26,15,1.219012975692749,0,"The world's largest online travel agency, in the Westinberg, the"
sisyphus-repeat4,西西弗推石头。西西弗推石头。西西弗推石头。西西弗推石头。,off-path-seed4-u-4,off-path-matched,"0,1,2,3,5",5,23,-4.0,0.6668479883562345,8.94427190999916,0.0022393465042114258,6,0.006460219621658325,26,15,1.4572553634643555,0,The Westin is a new one-to-one-the-meter
sisyphus-repeat4,西西弗推石头。西西弗推石头。西西弗推石头。西西弗推石头。,ancestor-chain-seed5-u-4,ancestor-chain,"5,18,25,28,30",5,23,-4.0,0.6668479883562345,8.94427190999916,0.0011929869651794434,5,0.00752647640183568,26,15,1.2397652864456177,0,"The world's largest online travel agency, in the Westinberg, the"
sisyphus-repeat4,西西弗推石头。西西弗推石头。西西弗推石头。西西弗推石头。,off-path-seed5-u-4,off-path-matched,"0,1,2,3,4",5,23,-4.0,0.6668479883562345,8.94427190999916,0.002292811870574951,6,0.006506635807454586,26,15,1.2884092330932617,0,The Westin is a new one-to-one-the-meter
sisyphus-repeat4,西西弗推石头。西西弗推石头。西西弗推石头。西西弗推石头。,ancestor-chain-seed6-u-4,ancestor-chain,"6,19,25,28,30",5,23,-4.0,0.6668479883562345,8.94427190999916,0.0009359121322631836,5,0.007580356206744909,26,15,1.8093206882476807,0,"The world's largest online travel agency, in the world of the city,"
sisyphus-repeat4,西西弗推石头。西西弗推石头。西西弗推石头。西西弗推石头。,off-path-seed6-u-4,off-path-matched,"0,1,2,3,4",5,23,-4.0,0.6668479883562345,8.94427190999916,0.002292811870574951,6,0.006506635807454586,26,15,1.2884092330932617,0,The Westin is a new one-to-one-the-meter
sisyphus-repeat4,西西弗推石头。西西弗推石头。西西弗推石头。西西弗推石头。,ancestor-chain-seed7-u-4,ancestor-chain,"7,19,25,28,30",5,23,-4.0,0.6668479883562345,8.94427190999916,0.0009522438049316406,5,0.007639383897185326,26,15,1.8398008346557617,0,"The world's largest online travel agency, in the world of the city,"
sisyphus-repeat4,西西弗推石头。西西弗推石头。西西弗推石头。西西弗推石头。,off-path-seed7-u-4,off-path-matched,"0,1,2,3,4",5,23,-4.0,0.6668479883562345,8.94427190999916,0.002292811870574951,6,0.006506635807454586,26,15,1.2884092330932617,0,The Westin is a new one-to-one-the-meter
sisyphus-repeat4,西西弗推石头。西西弗推石头。西西弗推石头。西西弗推石头。,ancestor-chain-seed8-u-4,ancestor-chain,"8,20,26,30",4,23,-4.0,0.6668479883562345,8.0,0.004948735237121582,9,0.006607148330658674,26,15,2.012007236480713,0,"The Westin is a new one-piece, and the world's largest"
sisyphus-repeat4,西西弗推石头。西西弗推石头。西西弗推石头。西西弗推石头。,off-path-seed8-u-4,off-path-matched,"0,1,2,3",4,23,-4.0,0.6668479883562345,8.0,0.002403080463409424,6,0.006501820404082537,26,15,1.4092950820922852,0,The Westin is a new one-to-one-the-meter
sisyphus-repeat4,西西弗推石头。西西弗推石头。西西弗推石头。西西弗推石头。,ancestor-chain-seed9-u-4,ancestor-chain,"9,20,26,30",4,23,-4.0,0.6668479883562345,8.0,0.005137741565704346,9,0.006652235519140959,26,15,2.094694137573242,0,"The Westin is a new one-piece, and the world's largest"
sisyphus-repeat4,西西弗推石头。西西弗推石头。西西弗推石头。西西弗推石头。,off-path-seed9-u-4,off-path-matched,"0,1,2,3",4,23,-4.0,0.6668479883562345,8.0,0.002403080463409424,6,0.006501820404082537,26,15,1.4092950820922852,0,The Westin is a new one-to-one-the-meter
sisyphus-repeat4,西西弗推石头。西西弗推石头。西西弗推石头。西西弗推石头。,ancestor-chain-seed10-u-4,ancestor-chain,"10,21,26,30",4,23,-4.0,0.6668479883562345,8.0,0.005676090717315674,9,0.006739642936736345,26,15,2.316251754760742,0,"The Westin is a new one-piece, and the world's largest"
sisyphus-repeat4,西西弗推石头。西西弗推石头。西西弗推石头。西西弗推石头。,off-path-seed10-u-4,off-path-matched,"0,1,2,3",4,23,-4.0,0.6668479883562345,8.0,0.002403080463409424,6,0.006501820404082537,26,15,1.4092950820922852,0,The Westin is a new one-to-one-the-meter
sisyphus-repeat4,西西弗推石头。西西弗推石头。西西弗推石头。西西弗推石头。,ancestor-chain-seed11-u-4,ancestor-chain,"11,21,26,30",4,23,-4.0,0.6668479883562345,8.0,0.00582277774810791,9,0.006774600129574537,26,15,2.3795371055603027,0,"The Westin is a new one-piece, and the world's largest"
sisyphus-repeat4,西西弗推石头。西西弗推石头。西西弗推石头。西西弗推石头。,off-path-seed11-u-4,off-path-matched,"0,1,2,3",4,23,-4.0,0.6668479883562345,8.0,0.002403080463409424,6,0.006501820404082537,26,15,1.4092950820922852,0,The Westin is a new one-to-one-the-meter
sisyphus-repeat4,西西弗推石头。西西弗推石头。西西弗推石头。西西弗推石头。,uniform-all-u-2,uniform-all,"0,1,2,3,4,5,6,7,8,9,10,11,16,17,18,19,20,21,24,25,26,28,30",23,23,-2.0,0.6764616329823152,9.591663046625438,0.003252744674682617,9,0.00588954146951437,26,15,4.743716716766357,0,The Westin is a good example of a kind of Western medicine.
sisyphus-repeat4,西西弗推石头。西西弗推石头。西西弗推石头。西西弗推石头。,fine-jump-m0n0-u-2,fine-jump,0,1,23,-2.0,0.6764616329823152,2.0,0.0026894807815551758,6,0.006573598366230726,26,15,0.46655964851379395,0,The Westin is a new one-to-one-the-meter
sisyphus-repeat4,西西弗推石头。西西弗推石头。西西弗推石头。西西弗推石头。,fine-jump-m0n1-u-2,fine-jump,1,1,23,-2.0,0.6764616329823152,2.0,0.0023609399795532227,6,0.006679747253656387,26,15,0.24080109596252441,0,The newest of the Westin is a kind of a kind of tit
sisyphus-repeat4,西西弗推石头。西西弗推石头。西西弗推石头。西西弗推石头。,fine-jump-m0n2-u-2,fine-jump,2,1,23,-2.0,0.6764616329823152,2.0,0.0023913979530334473,6,0.00660727871581912,26,15,0.28332996368408203,0,The newest of the Westin is a kind of a kind of tit
sisyphus-repeat4,西西弗推石头。西西弗推石头。西西弗推石头。西西弗推石头。,fine-jump-m0n3-u-2,fine-jump,3,1,23,-2.0,0.6764616329823152,2.0,0.0024380087852478027,6,0.006659210193902254,26,15,0.2131800651550293,0,"The company's name is a new product, which is a kind of a"
sisyphus-repeat4,西西弗推石头。西西弗推石头。西西弗推石头。西西弗推石头。,fine-jump-m0n4-u-2,fine-jump,4,1,23,-2.0,0.6764616329823152,2.0,0.0024845004081726074,6,0.0066098859533667564,26,15,0.24090099334716797,0,"The company's name is a new product, which is a kind of a"
sisyphus-repeat4,西西弗推石头。西西弗推石头。西西弗推石头。西西弗推石头。,fine-jump-m0n5-u-2,fine-jump,5,1,23,-2.0,0.6764616329823152,2.0,0.00233536958694458,6,0.006616620346903801,26,15,0.18643808364868164,0,"The company's name is a new product, which is a kind of a"
sisyphus-repeat4,西西弗推石头。西西弗推石头。西西弗推石头。西西弗推石头。,fine-jump-m0n6-u-2,fine-jump,6,1,23,-2.0,0.6764616329823152,2.0,0.002107858657836914,6,0.006528825033456087,26,15,0.3431234359741211,0,"The company's name is a new product, which is a kind of a"
sisyphus-repeat4,西西弗推石头。西西弗推石头。西西弗推石头。西西弗推石头。,fine-jump-m0n7-u-2,fine-jump,7,1,23,-2.0,0.6764616329823152,2.0,0.002046942710876465,6,0.006564197596162558,26,15,0.4663538932800293,0,"The company's name is a new product, which is a kind of a"
sisyphus-repeat4,西西弗推石头。西西弗推石头。西西弗推石头。西西弗推石头。,fine-jump-m0n8-u-2,fine-jump,8,1,23,-2.0,0.6764616329823152,2.0,0.002723991870880127,5,0.006366737652570009,26,15,0.34145450592041016,0,"The company's name is a new product, which is a kind of a"
sisyphus-repeat4,西西弗推石头。西西弗推石头。西西弗推石头。西西弗推石头。,fine-jump-m0n9-u-2,fine-jump,9,1,23,-2.0,0.6764616329823152,2.0,0.002733767032623291,5,0.006468897685408592,26,15,0.34175753593444824,0,The newest of the Westin is a kind of a kind of tit
sisyphus-repeat4,西西弗推石头。西西弗推石头。西西弗推石头。西西弗推石头。,fine-jump-m0n10-u-2,fine-jump,10,1,23,-2.0,0.6764616329823152,2.0,0.0027373433113098145,5,0.0065044816583395,26,15,0.36841511726379395,0,The newest of the Westin is a kind of a kind of tit
sisyphus-repeat4,西西弗推石头。西西弗推石头。西西弗推石头。西西弗推石头。,fine-jump-m0n11-u-2,fine-jump,11,1,23,-2.0,0.6764616329823152,2.0,0.0027167797088623047,5,0.006501928903162479,26,15,0.4043307304382324,0,The newest of the Westinberg was the first to know the name of
sisyphus-repeat4,西西弗推石头。西西弗推石头。西西弗推石头。西西弗推石头。,upper-jump-m1n0-u-2,upper-jump,16,1,23,-2.0,0.6764616329823152,2.0,0.0026784539222717285,6,0.006670717615634203,26,15,0.47122621536254883,0,The Westin is a new one-to-one-the-meter
sisyphus-repeat4,西西弗推石头。西西弗推石头。西西弗推石头。西西弗推石头。,upper-jump-m1n1-u-2,upper-jump,17,1,23,-2.0,0.6764616329823152,2.0,0.0022745132446289062,6,0.006658242084085941,26,15,0.39313507080078125,0,The newest of the Westin is a kind of a kind of tit
sisyphus-repeat4,西西弗推石头。西西弗推石头。西西弗推石头。西西弗推石头。,upper-jump-m1n2-u-2,upper-jump,18,1,23,-2.0,0.6764616329823152,2.0,0.002267301082611084,6,0.006592992227524519,26,15,0.31709325313568115,0,"The company's name is a new product, which is a kind of a"
sisyphus-repeat4,西西弗推石头。西西弗推石头。西西弗推石头。西西弗推石头。,upper-jump-m1n3-u-2,upper-jump,19,1,23,-2.0,0.6764616329823152,2.0,0.0018481612205505371,6,0.006580889690667391,26,15,0.7260069847106934,0,"The company's name is the world's most famous for its customers,"
sisyphus-repeat4,西西弗推石头。西西弗推石头。西西弗推石头。西西弗推石头。,upper-jump-m1n4-u-2,upper-jump,20,1,23,-2.0,0.6764616329823152,2.0,0.002985060214996338,5,0.006407043430954218,26,15,0.5346536636352539,0,The newest of the Westinberg was the first to know the name of
sisyphus-repeat4,西西弗推石头。西西弗推石头。西西弗推石头。西西弗推石头。,upper-jump-m1n5-u-2,upper-jump,21,1,23,-2.0,0.6764616329823152,2.0,0.003118574619293213,5,0.006469849031418562,26,15,0.7082757949829102,0,The Westin is a new one-to-one-the-meter
sisyphus-repeat4,西西弗推石头。西西弗推石头。西西弗推石头。西西弗推石头。,upper-jump-m2n0-u-2,upper-jump,24,1,23,-2.0,0.6764616329823152,2.0,0.002490222454071045,6,0.006783481687307358,26,15,0.6744084358215332,0,The newest of the Westin is a kind of a kind of tit
sisyphus-repeat4,西西弗推石头。西西弗推石头。西西弗推石头。西西弗推石头。,upper-jump-m2n1-u-2,upper-jump,25,1,23,-2.0,0.6764616329823152,2.0,0.0017851591110229492,6,0.006616947241127491,26,15,0.6716629266738892,0,"The company's name is the world's most famous for its customers,"
sisyphus-repeat4,西西弗推石头。西西弗推石头。西西弗推石头。西西弗推石头。,upper-jump-m2n2-u-2,upper-jump,26,1,23,-2.0,0.6764616329823152,2.0,0.004020810127258301,7,0.006393385119736195,26,15,1.1904687881469727,0,The Westin is a new one-to-one-the-mech
sisyphus-repeat4,西西弗推石头。西西弗推石头。西西弗推石头。西西弗推石头。,upper-jump-m3n0-u-2,upper-jump,28,1,23,-2.0,0.6764616329823152,2.0,0.0017807483673095703,5,0.007033649366348982,26,15,0.815527081489563,0,"The company's name is a new product, which is a kind of a"
sisyphus-repeat4,西西弗推石头。西西弗推石头。西西弗推石头。西西弗推石头。,upper-jump-m4n0-u-2,upper-jump,30,1,23,-2.0,0.6764616329823152,2.0,0.0025862455368041992,5,0.007301581557840109,26,15,0.3866748809814453,0,"The company is a good example of the company's name, the world'"
sisyphus-repeat4,西西弗推石头。西西弗推石头。西西弗推石头。西西弗推石头。,ancestor-chain-seed0-u-2,ancestor-chain,"0,16,24,28,30",5,23,-2.0,0.6764616329823152,4.47213595499958,0.0017716288566589355,5,0.007578050717711449,26,15,2.074228286743164,0,The Westin is a new one-to-one-the-meter
sisyphus-repeat4,西西弗推石头。西西弗推石头。西西弗推石头。西西弗推石头。,off-path-seed0-u-2,off-path-matched,"1,2,3,4,5",5,23,-2.0,0.6764616329823152,4.47213595499958,0.0019814372062683105,6,0.0065771229565143585,26,15,0.7197380065917969,0,The newest of the Westin is a kind of a kind of tit
sisyphus-repeat4,西西弗推石头。西西弗推石头。西西弗推石头。西西弗推石头。,ancestor-chain-seed1-u-2,ancestor-chain,"1,16,24,28,30",5,23,-2.0,0.6764616329823152,4.47213595499958,0.0017868280410766602,5,0.00764530198648572,26,15,1.8813056945800781,0,The Westin is a new one-to-one-the-meter
sisyphus-repeat4,西西弗推石头。西西弗推石头。西西弗推石头。西西弗推石头。,off-path-seed1-u-2,off-path-matched,"0,2,3,4,5",5,23,-2.0,0.6764616329823152,4.47213595499958,0.002169668674468994,6,0.006457692943513393,26,15,0.8814263343811035,0,The Westin is a new one-to-one-the-meter
sisyphus-repeat4,西西弗推石头。西西弗推石头。西西弗推石头。西西弗推石头。,ancestor-chain-seed2-u-2,ancestor-chain,"2,17,24,28,30",5,23,-2.0,0.6764616329823152,4.47213595499958,0.0016129016876220703,5,0.007497553247958422,26,15,1.356245517730713,0,The newest of the Westin is a kind of a kind of tit
sisyphus-repeat4,西西弗推石头。西西弗推石头。西西弗推石头。西西弗推石头。,off-path-seed2-u-2,off-path-matched,"0,1,3,4,5",5,23,-2.0,0.6764616329823152,4.47213595499958,0.0021788477897644043,6,0.006599897053092718,26,15,0.6760001182556152,0,The Westin is a new one-to-one-the-meter
sisyphus-repeat4,西西弗推石头。西西弗推石头。西西弗推石头。西西弗推石头。,ancestor-chain-seed3-u-2,ancestor-chain,"3,17,24,28,30",5,23,-2.0,0.6764616329823152,4.47213595499958,0.0015195012092590332,5,0.007526880130171776,26,15,1.1992194652557373,0,The newest of the Westin is a kind of a kind of tit
sisyphus-repeat4,西西弗推石头。西西弗推石头。西西弗推石头。西西弗推石头。,off-path-seed3-u-2,off-path-matched,"0,1,2,4,5",5,23,-2.0,0.6764616329823152,4.47213595499958,0.002176821231842041,6,0.006539948750287294,26,15,0.8234217166900635,0,The Westin is a new one-to-one-the-meter
sisyphus-repeat4,西西弗推石头。西西弗推石头。西西弗推石头。西西弗推石头。,ancestor-chain-seed4-u-2,ancestor-chain,"4,18,25,28,30",5,23,-2.0,0.6764616329823152,4.47213595499958,0.0012516975402832031,5,0.007505643181502819,26,15,1.189326524734497,0,"The world's largest online travel agency, in the Westinberg, the"
sisyphus-repeat4,西西弗推石头。西西弗推石头。西西弗推石头。西西弗推石头。,off-path-seed4-u-2,off-path-matched,"0,1,2,3,5",5,23,-2.0,0.6764616329823152,4.47213595499958,0.002234816551208496,6,0.006472397595643997,26,15,1.3811993598937988,0,The Westin is a new one-to-one-the-meter
sisyphus-repeat4,西西弗推石头。西西弗推石头。西西弗推石头。西西弗推石头。,ancestor-chain-seed5-u-2,ancestor-chain,"5,18,25,28,30",5,23,-2.0,0.6764616329823152,4.47213595499958,0.0012116432189941406,5,0.0075170244090259075,26,15,1.2057292461395264,0,"The world's largest online travel agency, in the Westinberg, the"
sisyphus-repeat4,西西弗推石头。西西弗推石头。西西弗推石头。西西弗推石头。,off-path-seed5-u-2,off-path-matched,"0,1,2,3,4",5,23,-2.0,0.6764616329823152,4.47213595499958,0.00229567289352417,6,0.006515096873044968,26,15,1.2261204719543457,0,The Westin is a new one-to-one-the-meter
sisyphus-repeat4,西西弗推石头。西西弗推石头。西西弗推石头。西西弗推石头。,ancestor-chain-seed6-u-2,ancestor-chain,"6,19,25,28,30",5,23,-2.0,0.6764616329823152,4.47213595499958,0.0009530782699584961,5,0.007570956833660603,26,15,1.778940200805664,0,"The world's largest online travel agency, in the world of the city,"
sisyphus-repeat4,西西弗推石头。西西弗推石头。西西弗推石头。西西弗推石头。,off-path-seed6-u-2,off-path-matched,"0,1,2,3,4",5,23,-2.0,0.6764616329823152,4.47213595499958,0.00229567289352417,6,0.006515096873044968,26,15,1.2261204719543457,0,The Westin is a new one-to-one-the-meter
sisyphus-repeat4,西西弗推石头。西西弗推石头。西西弗推石头。西西弗推石头。,ancestor-chain-seed7-u-2,ancestor-chain,"7,19,25,28,30",5,23,-2.0,0.6764616329823152,4.47213595499958,0.0009667873382568359,5,0.007629509083926678,26,15,1.820271372795105,0,"The world's largest online travel agency, in the world of the American-"
sisyphus-repeat4,西西弗推石头。西西弗推石头。西西弗推石头。西西弗推石头。,off-path-seed7-u-2,off-path-matched,"0,1,2,3,4",5,23,-2.0,0.6764616329823152,4.47213595499958,0.00229567289352417,6,0.006515096873044968,26,15,1.2261204719543457,0,The Westin is a new one-to-one-the-meter
sisyphus-repeat4,西西弗推石头。西西弗推石头。西西弗推石头。西西弗推石头。,ancestor-chain-seed8-u-2,ancestor-chain,"8,20,26,30",4,23,-2.0,0.6764616329823152,4.0,0.0048487186431884766,9,0.006610577926039696,26,15,1.9613924026489258,0,"The Westin is a new one-piece, and the world's largest"
sisyphus-repeat4,西西弗推石头。西西弗推石头。西西弗推石头。西西弗推石头。,off-path-seed8-u-2,off-path-matched,"0,1,2,3",4,23,-2.0,0.6764616329823152,4.0,0.0024017691612243652,6,0.006511164829134941,26,15,1.3427023887634277,0,The Westin is a new one-to-one-the-meter
sisyphus-repeat4,西西弗推石头。西西弗推石头。西西弗推石头。西西弗推石头。,ancestor-chain-seed9-u-2,ancestor-chain,"9,20,26,30",4,23,-2.0,0.6764616329823152,4.0,0.005024552345275879,9,0.006656416691839695,26,15,2.0397629737854004,0,"The Westin is a new one-piece, and the world's largest"
sisyphus-repeat4,西西弗推石头。西西弗推石头。西西弗推石头。西西弗推石头。,off-path-seed9-u-2,off-path-matched,"0,1,2,3",4,23,-2.0,0.6764616329823152,4.0,0.0024017691612243652,6,0.006511164829134941,26,15,1.3427023887634277,0,The Westin is a new one-to-one-the-meter
sisyphus-repeat4,西西弗推石头。西西弗推石头。西西弗推石头。西西弗推石头。,ancestor-chain-seed10-u-2,ancestor-chain,"10,21,26,30",4,23,-2.0,0.6764616329823152,4.0,0.005524873733520508,9,0.006744816899299622,26,15,2.2585325241088867,0,"The Westin is a new one-piece, and the world's largest"
sisyphus-repeat4,西西弗推石头。西西弗推石头。西西弗推石头。西西弗推石头。,off-path-seed10-u-2,off-path-matched,"0,1,2,3",4,23,-2.0,0.6764616329823152,4.0,0.0024017691612243652,6,0.006511164829134941,26,15,1.3427023887634277,0,The Westin is a new one-to-one-the-meter
sisyphus-repeat4,西西弗推石头。西西弗推石头。西西弗推石头。西西弗推石头。,ancestor-chain-seed11-u-2,ancestor-chain,"11,21,26,30",4,23,-2.0,0.6764616329823152,4.0,0.005647480487823486,9,0.006778837647289038,26,15,2.3143014907836914,0,"The Westin is a new one-piece, and the world's largest"
sisyphus-repeat4,西西弗推石头。西西弗推石头。西西弗推石头。西西弗推石头。,off-path-seed11-u-2,off-path-matched,"0,1,2,3",4,23,-2.0,0.6764616329823152,4.0,0.0024017691612243652,6,0.006511164829134941,26,15,1.3427023887634277,0,The Westin is a new one-to-one-the-meter
sisyphus-repeat4,西西弗推石头。西西弗推石头。西西弗推石头。西西弗推石头。,uniform-all-u-1,uniform-all,"0,1,2,3,4,5,6,7,8,9,10,11,16,17,18,19,20,21,24,25,26,28,30",23,23,-1.0,0.7343277260358962,4.795831523312719,0.002875089645385742,6,0.006347436923533678,26,15,3.818592071533203,0,The Westin is a good example of a kind of interest in the west of
sisyphus-repeat4,西西弗推石头。西西弗推石头。西西弗推石头。西西弗推石头。,fine-jump-m0n0-u-1,fine-jump,0,1,23,-1.0,0.7343277260358962,1.0,0.0026721954345703125,6,0.006588228978216648,26,15,0.3768148422241211,0,The Westin is a new one-to-one-the-meter
sisyphus-repeat4,西西弗推石头。西西弗推石头。西西弗推石头。西西弗推石头。,fine-jump-m0n1-u-1,fine-jump,1,1,23,-1.0,0.7343277260358962,1.0,0.0023940205574035645,6,0.006673301104456186,26,15,0.19835400581359863,0,"The company's name is a new product, which is a kind of a"
sisyphus-repeat4,西西弗推石头。西西弗推石头。西西弗推石头。西西弗推石头。,fine-jump-m0n2-u-1,fine-jump,2,1,23,-1.0,0.7343277260358962,1.0,0.002412259578704834,6,0.0066093625500798225,26,15,0.22995948791503906,0,The newest of the Westin is a kind of a kind of tit
sisyphus-repeat4,西西弗推石头。西西弗推石头。西西弗推石头。西西弗推石头。,fine-jump-m0n3-u-1,fine-jump,3,1,23,-1.0,0.7343277260358962,1.0,0.0024617910385131836,6,0.006655251607298851,26,15,0.17535161972045898,0,"The company's name is a new product, which is a kind of a"
sisyphus-repeat4,西西弗推石头。西西弗推石头。西西弗推石头。西西弗推石头。,fine-jump-m0n4-u-1,fine-jump,4,1,23,-1.0,0.7343277260358962,1.0,0.002508878707885742,6,0.006614154204726219,26,15,0.19475865364074707,0,"The company's name is a new product, which is a kind of a"
sisyphus-repeat4,西西弗推石头。西西弗推石头。西西弗推石头。西西弗推石头。,fine-jump-m0n5-u-1,fine-jump,5,1,23,-1.0,0.7343277260358962,1.0,0.0023610591888427734,6,0.006620563566684723,26,15,0.1585068702697754,0,"The company's name is a new product, which is a kind of a"
sisyphus-repeat4,西西弗推石头。西西弗推石头。西西弗推石头。西西弗推石头。,fine-jump-m0n6-u-1,fine-jump,6,1,23,-1.0,0.7343277260358962,1.0,0.0021796822547912598,6,0.006544612813740969,26,15,0.2791125774383545,0,"The company's name is a new product, which is a kind of a"
sisyphus-repeat4,西西弗推石头。西西弗推石头。西西弗推石头。西西弗推石头。,fine-jump-m0n7-u-1,fine-jump,7,1,23,-1.0,0.7343277260358962,1.0,0.002119600772857666,6,0.006572067737579346,26,15,0.40201497077941895,0,"The company's name is a new product, which is a kind of a"
sisyphus-repeat4,西西弗推石头。西西弗推石头。西西弗推石头。西西弗推石头。,fine-jump-m0n8-u-1,fine-jump,8,1,23,-1.0,0.7343277260358962,1.0,0.002698063850402832,5,0.006410531233996153,26,15,0.28667259216308594,0,"The company's name is a new product, which is a kind of a"
sisyphus-repeat4,西西弗推石头。西西弗推石头。西西弗推石头。西西弗推石头。,fine-jump-m0n9-u-1,fine-jump,9,1,23,-1.0,0.7343277260358962,1.0,0.002695322036743164,5,0.0064916894771158695,26,15,0.2800922393798828,0,The newest of the Westin is a kind of a kind of tit
sisyphus-repeat4,西西弗推石头。西西弗推石头。西西弗推石头。西西弗推石头。,fine-jump-m0n10-u-1,fine-jump,10,1,23,-1.0,0.7343277260358962,1.0,0.0026979446411132812,5,0.0065294234082102776,26,15,0.2976081371307373,0,"The company's name is a new product, which is a kind of a"
sisyphus-repeat4,西西弗推石头。西西弗推石头。西西弗推石头。西西弗推石头。,fine-jump-m0n11-u-1,fine-jump,11,1,23,-1.0,0.7343277260358962,1.0,0.00266873836517334,5,0.006520702503621578,26,15,0.3165702819824219,0,The newest of the Westin is a kind of a kind of tit
sisyphus-repeat4,西西弗推石头。西西弗推石头。西西弗推石头。西西弗推石头。,upper-jump-m1n0-u-1,upper-jump,16,1,23,-1.0,0.7343277260358962,1.0,0.0026468634605407715,6,0.006666983477771282,26,15,0.36905503273010254,0,The newest of the Westin is a kind of a kind of tit
sisyphus-repeat4,西西弗推石头。西西弗推石头。西西弗推石头。西西弗推石头。,upper-jump-m1n1-u-1,upper-jump,17,1,23,-1.0,0.7343277260358962,1.0,0.0023218393325805664,6,0.006660276558250189,26,15,0.32445478439331055,0,The newest of the Westin is a kind of a kind of tit
sisyphus-repeat4,西西弗推石头。西西弗推石头。西西弗推石头。西西弗推石头。,upper-jump-m1n2-u-1,upper-jump,18,1,23,-1.0,0.7343277260358962,1.0,0.002319812774658203,6,0.00660281116142869,26,15,0.2550954818725586,0,"The company's name is a new product, which is a kind of a"
sisyphus-repeat4,西西弗推石头。西西弗推石头。西西弗推石头。西西弗推石头。,upper-jump-m1n3-u-1,upper-jump,19,1,23,-1.0,0.7343277260358962,1.0,0.001944899559020996,6,0.0065809134393930435,26,15,0.6155523061752319,0,"The company's name is the world's most famous for its customers,"
sisyphus-repeat4,西西弗推石头。西西弗推石头。西西弗推石头。西西弗推石头。,upper-jump-m1n4-u-1,upper-jump,20,1,23,-1.0,0.7343277260358962,1.0,0.0029021501541137695,5,0.00642644427716732,26,15,0.4440193176269531,0,The newest of the Westin is a kind of a kind of tit
sisyphus-repeat4,西西弗推石头。西西弗推石头。西西弗推石头。西西弗推石头。,upper-jump-m1n5-u-1,upper-jump,21,1,23,-1.0,0.7343277260358962,1.0,0.00298154354095459,5,0.006499310024082661,26,15,0.5598034858703613,0,The Westin is a new one-to-one-the-meter
sisyphus-repeat4,西西弗推石头。西西弗推石头。西西弗推石头。西西弗推石头。,upper-jump-m2n0-u-1,upper-jump,24,1,23,-1.0,0.7343277260358962,1.0,0.002480804920196533,6,0.00676937447860837,26,15,0.4952411651611328,0,The newest of the Westin is a kind of a kind of tit
sisyphus-repeat4,西西弗推石头。西西弗推石头。西西弗推石头。西西弗推石头。,upper-jump-m2n1-u-1,upper-jump,25,1,23,-1.0,0.7343277260358962,1.0,0.0018984079360961914,6,0.006610996555536985,26,15,0.5360734462738037,0,"The company's name is the world's most famous for its name,"
sisyphus-repeat4,西西弗推石头。西西弗推石头。西西弗推石头。西西弗推石头。,upper-jump-m2n2-u-1,upper-jump,26,1,23,-1.0,0.7343277260358962,1.0,0.003694295883178711,6,0.006440786179155111,26,15,0.9784870147705078,0,The newest of the Westinberg was the first to introduce the new products
sisyphus-repeat4,西西弗推石头。西西弗推石头。西西弗推石头。西西弗推石头。,upper-jump-m3n0-u-1,upper-jump,28,1,23,-1.0,0.7343277260358962,1.0,0.0019306540489196777,5,0.006954311393201351,26,15,0.6552536487579346,0,"The company's name is a new product, which is a kind of a"
sisyphus-repeat4,西西弗推石头。西西弗推石头。西西弗推石头。西西弗推石头。,upper-jump-m4n0-u-1,upper-jump,30,1,23,-1.0,0.7343277260358962,1.0,0.0025777816772460938,5,0.0071719493716955185,26,15,0.3002641201019287,0,"The company is a good example of the company's name, the world'"
sisyphus-repeat4,西西弗推石头。西西弗推石头。西西弗推石头。西西弗推石头。,ancestor-chain-seed0-u-1,ancestor-chain,"0,16,24,28,30",5,23,-1.0,0.7343277260358962,2.23606797749979,0.0018873214721679688,5,0.007460476830601692,26,15,1.5420989990234375,0,The Westin is a new one-to-one-the-meter
sisyphus-repeat4,西西弗推石头。西西弗推石头。西西弗推石头。西西弗推石头。,off-path-seed0-u-1,off-path-matched,"1,2,3,4,5",5,23,-1.0,0.7343277260358962,2.23606797749979,0.00204312801361084,6,0.00661011878401041,26,15,0.5832085609436035,0,The newest of the Westin is a kind of a kind of tit
sisyphus-repeat4,西西弗推石头。西西弗推石头。西西弗推石头。西西弗推石头。,ancestor-chain-seed1-u-1,ancestor-chain,"1,16,24,28,30",5,23,-1.0,0.7343277260358962,2.23606797749979,0.0018798112869262695,5,0.00752114225178957,26,15,1.369072437286377,0,The Westin is a new one-to-one-the-meter
sisyphus-repeat4,西西弗推石头。西西弗推石头。西西弗推石头。西西弗推石头。,off-path-seed1-u-1,off-path-matched,"0,2,3,4,5",5,23,-1.0,0.7343277260358962,2.23606797749979,0.0022188425064086914,6,0.006513211876153946,26,15,0.6840682029724121,0,The Westin is a new one-to-one-the-meter
sisyphus-repeat4,西西弗推石头。西西弗推石头。西西弗推石头。西西弗推石头。,ancestor-chain-seed2-u-1,ancestor-chain,"2,17,24,28,30",5,23,-1.0,0.7343277260358962,2.23606797749979,0.0016944408416748047,5,0.007417807821184397,26,15,1.008376121520996,0,The newest of the Westin is a kind of a kind of tit
sisyphus-repeat4,西西弗推石头。西西弗推石头。西西弗推石头。西西弗推石头。,off-path-seed2-u-1,off-path-matched,"0,1,3,4,5",5,23,-1.0,0.7343277260358962,2.23606797749979,0.0022368431091308594,6,0.006627821829169989,26,15,0.5153045654296875,0,The newest of the Westin is a kind of a kind of tit
sisyphus-repeat4,西西弗推石头。西西弗推石头。西西弗推石头。西西弗推石头。,ancestor-chain-seed3-u-1,ancestor-chain,"3,17,24,28,30",5,23,-1.0,0.7343277260358962,2.23606797749979,0.0016326904296875,5,0.007445697207003832,26,15,1.0109363794326782,0,The newest of the Westin is a kind of a kind of tit
sisyphus-repeat4,西西弗推石头。西西弗推石头。西西弗推石头。西西弗推石头。,off-path-seed3-u-1,off-path-matched,"0,1,2,4,5",5,23,-1.0,0.7343277260358962,2.23606797749979,0.002216637134552002,6,0.006573974154889584,26,15,0.6274975538253784,0,The Westin is a new one-to-one-the-meter
sisyphus-repeat4,西西弗推石头。西西弗推石头。西西弗推石头。西西弗推石头。,ancestor-chain-seed4-u-1,ancestor-chain,"4,18,25,28,30",5,23,-1.0,0.7343277260358962,2.23606797749979,0.0013933777809143066,5,0.007406509947031736,26,15,1.012042760848999,0,"The company's name is the world's most famous for its name,"
sisyphus-repeat4,西西弗推石头。西西弗推石头。西西弗推石头。西西弗推石头。,off-path-seed4-u-1,off-path-matched,"0,1,2,3,5",5,23,-1.0,0.7343277260358962,2.23606797749979,0.002226412296295166,6,0.006539573892951012,26,15,0.9655513763427734,0,The Westin is a new one-to-one-the-meter
sisyphus-repeat4,西西弗推石头。西西弗推石头。西西弗推石头。西西弗推石头。,ancestor-chain-seed5-u-1,ancestor-chain,"5,18,25,28,30",5,23,-1.0,0.7343277260358962,2.23606797749979,0.0013451576232910156,5,0.007410116959363222,26,15,1.0051994323730469,0,"The company's name is the world's most famous for its name,"
sisyphus-repeat4,西西弗推石头。西西弗推石头。西西弗推石头。西西弗推石头。,off-path-seed5-u-1,off-path-matched,"0,1,2,3,4",5,23,-1.0,0.7343277260358962,2.23606797749979,0.0023197531700134277,6,0.00656324764713645,26,15,0.8848748207092285,0,The Westin is a new one-to-one-the-meter
sisyphus-repeat4,西西弗推石头。西西弗推石头。西西弗推石头。西西弗推石头。,ancestor-chain-seed6-u-1,ancestor-chain,"6,19,25,28,30",5,23,-1.0,0.7343277260358962,2.23606797749979,0.0010787248611450195,5,0.007458602078258991,26,15,1.5431389808654785,0,"The world's largest online travel agency, in the Westinberg, the"
sisyphus-repeat4,西西弗推石头。西西弗推石头。西西弗推石头。西西弗推石头。,off-path-seed6-u-1,off-path-matched,"0,1,2,3,4",5,23,-1.0,0.7343277260358962,2.23606797749979,0.0023197531700134277,6,0.00656324764713645,26,15,0.8848748207092285,0,The Westin is a new one-to-one-the-meter
sisyphus-repeat4,西西弗推石头。西西弗推石头。西西弗推石头。西西弗推石头。,ancestor-chain-seed7-u-1,ancestor-chain,"7,19,25,28,30",5,23,-1.0,0.7343277260358962,2.23606797749979,0.0010824799537658691,5,0.007502445951104164,26,15,1.6000909805297852,0,"The world's largest online travel agency, in the Westinberg, the"
sisyphus-repeat4,西西弗推石头。西西弗推石头。西西弗推石头。西西弗推石头。,off-path-seed7-u-1,off-path-matched,"0,1,2,3,4",5,23,-1.0,0.7343277260358962,2.23606797749979,0.0023197531700134277,6,0.00656324764713645,26,15,0.8848748207092285,0,The Westin is a new one-to-one-the-meter
sisyphus-repeat4,西西弗推石头。西西弗推石头。西西弗推石头。西西弗推石头。,ancestor-chain-seed8-u-1,ancestor-chain,"8,20,26,30",4,23,-1.0,0.7343277260358962,2.0,0.0042841434478759766,8,0.006606127601116896,26,15,1.6274518966674805,0,The Westin is a new one-to-one-the-mech
sisyphus-repeat4,西西弗推石头。西西弗推石头。西西弗推石头。西西弗推石头。,off-path-seed8-u-1,off-path-matched,"0,1,2,3",4,23,-1.0,0.7343277260358962,2.0,0.0024001598358154297,6,0.006563343573361635,26,15,0.966087818145752,0,The Westin is a new one-to-one-the-meter
sisyphus-repeat4,西西弗推石头。西西弗推石头。西西弗推石头。西西弗推石头。,ancestor-chain-seed9-u-1,ancestor-chain,"9,20,26,30",4,23,-1.0,0.7343277260358962,2.0,0.004387259483337402,8,0.00664898008108139,26,15,1.6766982078552246,0,The Westin is a new one-to-one-the-mech
sisyphus-repeat4,西西弗推石头。西西弗推石头。西西弗推石头。西西弗推石头。,off-path-seed9-u-1,off-path-matched,"0,1,2,3",4,23,-1.0,0.7343277260358962,2.0,0.0024001598358154297,6,0.006563343573361635,26,15,0.966087818145752,0,The Westin is a new one-to-one-the-meter
sisyphus-repeat4,西西弗推石头。西西弗推石头。西西弗推石头。西西弗推石头。,ancestor-chain-seed10-u-1,ancestor-chain,"10,21,26,30",4,23,-1.0,0.7343277260358962,2.0,0.004726231098175049,9,0.006739848293364048,26,15,1.864363670349121,0,The Westin is a new one-to-one-the-arthen
sisyphus-repeat4,西西弗推石头。西西弗推石头。西西弗推石头。西西弗推石头。,off-path-seed10-u-1,off-path-matched,"0,1,2,3",4,23,-1.0,0.7343277260358962,2.0,0.0024001598358154297,6,0.006563343573361635,26,15,0.966087818145752,0,The Westin is a new one-to-one-the-meter
sisyphus-repeat4,西西弗推石头。西西弗推石头。西西弗推石头。西西弗推石头。,ancestor-chain-seed11-u-1,ancestor-chain,"11,21,26,30",4,23,-1.0,0.7343277260358962,2.0,0.004748523235321045,9,0.006766944192349911,26,15,1.8814568519592285,0,The Westin is a new one-to-one-the-arthen
sisyphus-repeat4,西西弗推石头。西西弗推石头。西西弗推石头。西西弗推石头。,off-path-seed11-u-1,off-path-matched,"0,1,2,3",4,23,-1.0,0.7343277260358962,2.0,0.0024001598358154297,6,0.006563343573361635,26,15,0.966087818145752,0,The Westin is a new one-to-one-the-meter
sisyphus-repeat4,西西弗推石头。西西弗推石头。西西弗推石头。西西弗推石头。,uniform-all-u-0.5,uniform-all,"0,1,2,3,4,5,6,7,8,9,10,11,16,17,18,19,20,21,24,25,26,28,30",23,23,-0.5,0.8291349230351314,2.3979157616563596,0.002287745475769043,9,0.006083224900066853,26,15,2.396512031555176,0,"The Westin is a new one-piece, and a half-century,"
sisyphus-repeat4,西西弗推石头。西西弗推石头。西西弗推石头。西西弗推石头。,fine-jump-m0n0-u-0.5,fine-jump,0,1,23,-0.5,0.8291349230351314,0.5,0.0026370882987976074,6,0.006606540642678738,26,15,0.23953604698181152,0,The newest of the Westin is a kind of a kind of tit
sisyphus-repeat4,西西弗推石头。西西弗推石头。西西弗推石头。西西弗推石头。,fine-jump-m0n1-u-0.5,fine-jump,1,1,23,-0.5,0.8291349230351314,0.5,0.002449631690979004,6,0.006659757811576128,26,15,0.12749838829040527,0,"The company's name is a new product, which is a kind of a"
sisyphus-repeat4,西西弗推石头。西西弗推石头。西西弗推石头。西西弗推石头。,fine-jump-m0n2-u-0.5,fine-jump,2,1,23,-0.5,0.8291349230351314,0.5,0.0024546384811401367,6,0.0066141351126134396,26,15,0.14459609985351562,0,"The company's name is a new product, which is a kind of a"
sisyphus-repeat4,西西弗推石头。西西弗推石头。西西弗推石头。西西弗推石头。,fine-jump-m0n3-u-0.5,fine-jump,3,1,23,-0.5,0.8291349230351314,0.5,0.002496063709259033,6,0.006646144203841686,26,15,0.11289787292480469,0,"The company's name is a new product, which is a kind of a"
sisyphus-repeat4,西西弗推石头。西西弗推石头。西西弗推石头。西西弗推石头。,fine-jump-m0n4-u-0.5,fine-jump,4,1,23,-0.5,0.8291349230351314,0.5,0.002535879611968994,6,0.006620556581765413,26,15,0.12281036376953125,0,"The company's name is a new product, which is a kind of a"
sisyphus-repeat4,西西弗推石头。西西弗推石头。西西弗推石头。西西弗推石头。,fine-jump-m0n5-u-0.5,fine-jump,5,1,23,-0.5,0.8291349230351314,0.5,0.002416074275970459,6,0.006624813657253981,26,15,0.10586023330688477,0,"The company's name is a new product, which is a kind of a"
sisyphus-repeat4,西西弗推石头。西西弗推石头。西西弗推石头。西西弗推石头。,fine-jump-m0n6-u-0.5,fine-jump,6,1,23,-0.5,0.8291349230351314,0.5,0.002304255962371826,6,0.006572595331817865,26,15,0.17560911178588867,0,"The company's name is a new product, which is a kind of a"
sisyphus-repeat4,西西弗推石头。西西弗推石头。西西弗推石头。西西弗推石头。,fine-jump-m0n7-u-0.5,fine-jump,7,1,23,-0.5,0.8291349230351314,0.5,0.0022625327110290527,6,0.006589166820049286,26,15,0.26923131942749023,0,"The company's name is a new product, which is a kind of a"
sisyphus-repeat4,西西弗推石头。西西弗推石头。西西弗推石头。西西弗推石头。,fine-jump-m0n8-u-0.5,fine-jump,8,1,23,-0.5,0.8291349230351314,0.5,0.0026535391807556152,5,0.006486075464636087,26,15,0.19343852996826172,0,"The company's name is a new product, which is a kind of a"
sisyphus-repeat4,西西弗推石头。西西弗推石头。西西弗推石头。西西弗推石头。,fine-jump-m0n9-u-0.5,fine-jump,9,1,23,-0.5,0.8291349230351314,0.5,0.002640366554260254,5,0.00653347373008728,26,15,0.18083977699279785,0,"The company's name is a new product, which is a kind of a"
sisyphus-repeat4,西西弗推石头。西西弗推石头。西西弗推石头。西西弗推石头。,fine-jump-m0n10-u-0.5,fine-jump,10,1,23,-0.5,0.8291349230351314,0.5,0.002643406391143799,5,0.006567050237208605,26,15,0.18930768966674805,0,"The company's name is a new product, which is a kind of a"
sisyphus-repeat4,西西弗推石头。西西弗推石头。西西弗推石头。西西弗推石头。,fine-jump-m0n11-u-0.5,fine-jump,11,1,23,-0.5,0.8291349230351314,0.5,0.0026149749755859375,5,0.006559961941093206,26,15,0.18839406967163086,0,"The company's name is a new product, which is a kind of a"
sisyphus-repeat4,西西弗推石头。西西弗推石头。西西弗推石头。西西弗推石头。,upper-jump-m1n0-u-0.5,upper-jump,16,1,23,-0.5,0.8291349230351314,0.5,0.0026053190231323242,6,0.006655700504779816,26,15,0.22744369506835938,0,The newest of the Westin is a kind of a kind of tit
sisyphus-repeat4,西西弗推石头。西西弗推石头。西西弗推石头。西西弗推石头。,upper-jump-m1n1-u-0.5,upper-jump,17,1,23,-0.5,0.8291349230351314,0.5,0.0024031996726989746,6,0.006655682809650898,26,15,0.2090311050415039,0,"The company's name is a new product, which is a kind of a"
sisyphus-repeat4,西西弗推石头。西西弗推石头。西西弗推石头。西西弗推石头。,upper-jump-m1n2-u-0.5,upper-jump,18,1,23,-0.5,0.8291349230351314,0.5,0.0024015307426452637,6,0.0066176108084619045,26,15,0.15815681219100952,0,"The company's name is a new product, which is a kind of a"
sisyphus-repeat4,西西弗推石头。西西弗推石头。西西弗推石头。西西弗推石头。,upper-jump-m1n3-u-0.5,upper-jump,19,1,23,-0.5,0.8291349230351314,0.5,0.0021320581436157227,6,0.006587345153093338,26,15,0.4022160768508911,0,"The company's name is a new product, which is a kind of a"
sisyphus-repeat4,西西弗推石头。西西弗推石头。西西弗推石头。西西弗推石头。,upper-jump-m1n4-u-0.5,upper-jump,20,1,23,-0.5,0.8291349230351314,0.5,0.0027769804000854492,5,0.006478465627878904,26,15,0.2949972152709961,0,The newest of the Westin is a kind of a kind of tit
sisyphus-repeat4,西西弗推石头。西西弗推石头。西西弗推石头。西西弗推石头。,upper-jump-m1n5-u-0.5,upper-jump,21,1,23,-0.5,0.8291349230351314,0.5,0.0027832984924316406,5,0.006546993274241686,26,15,0.3278236389160156,0,The newest of the Westin is a kind of a kind of tit
sisyphus-repeat4,西西弗推石头。西西弗推石头。西西弗推石头。西西弗推石头。,upper-jump-m2n0-u-0.5,upper-jump,24,1,23,-0.5,0.8291349230351314,0.5,0.002488553524017334,6,0.0067283995449543,26,15,0.31047821044921875,0,The newest of the Westin is a kind of a kind of tit
sisyphus-repeat4,西西弗推石头。西西弗推石头。西西弗推石头。西西弗推石头。,upper-jump-m2n1-u-0.5,upper-jump,25,1,23,-0.5,0.8291349230351314,0.5,0.0020862221717834473,6,0.0066084847785532475,26,15,0.35705482959747314,0,"The company's name is a new product, which is a kind of a"
sisyphus-repeat4,西西弗推石头。西西弗推石头。西西弗推石头。西西弗推石头。,upper-jump-m2n2-u-0.5,upper-jump,26,1,23,-0.5,0.8291349230351314,0.5,0.003230273723602295,5,0.006511548068374395,26,15,0.633204460144043,0,The newest of the Westinberg was the first to the west of the
sisyphus-repeat4,西西弗推石头。西西弗推石头。西西弗推石头。西西弗推石头。,upper-jump-m3n0-u-0.5,upper-jump,28,1,23,-0.5,0.8291349230351314,0.5,0.00215989351272583,6,0.00683822575956583,26,15,0.40600717067718506,0,"The company's name is a new product, which is a kind of a"
sisyphus-repeat4,西西弗推石头。西西弗推石头。西西弗推石头。西西弗推石头。,upper-jump-m4n0-u-0.5,upper-jump,30,1,23,-0.5,0.8291349230351314,0.5,0.002571702003479004,5,0.006968215107917786,26,15,0.18093514442443848,0,"The company's name is a new product, which is a kind of a"
sisyphus-repeat4,西西弗推石头。西西弗推石头。西西弗推石头。西西弗推石头。,ancestor-chain-seed0-u-0.5,ancestor-chain,"0,16,24,28,30",5,23,-0.5,0.8291349230351314,1.118033988749895,0.0021590590476989746,5,0.007185701746493578,26,15,0.8138985633850098,0,The newest of the Westin is a kind of a kind of tit
sisyphus-repeat4,西西弗推石头。西西弗推石头。西西弗推石头。西西弗推石头。,off-path-seed0-u-0.5,off-path-matched,"1,2,3,4,5",5,23,-0.5,0.8291349230351314,1.118033988749895,0.0021938085556030273,6,0.0066493661142885685,26,15,0.3650169372558594,0,The newest of the Westin is a kind of a kind of tit
sisyphus-repeat4,西西弗推石头。西西弗推石头。西西弗推石头。西西弗推石头。,ancestor-chain-seed1-u-0.5,ancestor-chain,"1,16,24,28,30",5,23,-0.5,0.8291349230351314,1.118033988749895,0.0021167397499084473,5,0.007225506007671356,26,15,0.7508814334869385,0,The newest of the Westin is a kind of a kind of tit
sisyphus-repeat4,西西弗推石头。西西弗推石头。西西弗推石头。西西弗推石头。,off-path-seed1-u-0.5,off-path-matched,"0,2,3,4,5",5,23,-0.5,0.8291349230351314,1.118033988749895,0.0023304224014282227,6,0.006585866212844849,26,15,0.4175605773925781,0,The newest of the Westin is a kind of a kind of tit
sisyphus-repeat4,西西弗推石头。西西弗推石头。西西弗推石头。西西弗推石头。,ancestor-chain-seed2-u-0.5,ancestor-chain,"2,17,24,28,30",5,23,-0.5,0.8291349230351314,1.118033988749895,0.0019466876983642578,5,0.007145905867218971,26,15,0.6873102188110352,0,The newest of the Westin is a kind of a kind of tit
sisyphus-repeat4,西西弗推石头。西西弗推石头。西西弗推石头。西西弗推石头。,off-path-seed2-u-0.5,off-path-matched,"0,1,3,4,5",5,23,-0.5,0.8291349230351314,1.118033988749895,0.0023456215858459473,6,0.006653083022683859,26,15,0.3094594478607178,0,The newest of the Westin is a kind of a kind of tit
sisyphus-repeat4,西西弗推石头。西西弗推石头。西西弗推石头。西西弗推石头。,ancestor-chain-seed3-u-0.5,ancestor-chain,"3,17,24,28,30",5,23,-0.5,0.8291349230351314,1.118033988749895,0.0019329190254211426,5,0.0071704271249473095,26,15,0.6968048810958862,0,The newest of the Westin is a kind of a kind of tit
sisyphus-repeat4,西西弗推石头。西西弗推石头。西西弗推石头。西西弗推石头。,off-path-seed3-u-0.5,off-path-matched,"0,1,2,4,5",5,23,-0.5,0.8291349230351314,1.118033988749895,0.002316594123840332,6,0.0066164834424853325,26,15,0.3664875030517578,0,The newest of the Westin is a kind of a kind of tit
sisyphus-repeat4,西西弗推石头。西西弗推石头。西西弗推石头。西西弗推石头。,ancestor-chain-seed4-u-0.5,ancestor-chain,"4,18,25,28,30",5,23,-0.5,0.8291349230351314,1.118033988749895,0.001749873161315918,5,0.00711699528619647,26,15,0.6714950799942017,0,"The company's name is a new product, which is a kind of a"
sisyphus-repeat4,西西弗推石头。西西弗推石头。西西弗推石头。西西弗推石头。,off-path-seed4-u-0.5,off-path-matched,"0,1,2,3,5",5,23,-0.5,0.8291349230351314,1.118033988749895,0.0022841691970825195,6,0.00661721546202898,26,15,0.46728038787841797,0,The Westin is a new one-to-one-the-meter
sisyphus-repeat4,西西弗推石头。西西弗推石头。西西弗推石头。西西弗推石头。,ancestor-chain-seed5-u-0.5,ancestor-chain,"5,18,25,28,30",5,23,-0.5,0.8291349230351314,1.118033988749895,0.001686692237854004,5,0.007115998771041632,26,15,0.6641077995300293,0,"The company's name is a new product, which is a kind of a"
sisyphus-repeat4,西西弗推石头。西西弗推石头。西西弗推石头。西西弗推石头。,off-path-seed5-u-0.5,off-path-matched,"0,1,2,3,4",5,23,-0.5,0.8291349230351314,1.118033988749895,0.0023863911628723145,6,0.0066221170127391815,26,15,0.4567375183105469,0,The newest of the Westin is a kind of a kind of tit
sisyphus-repeat4,西西弗推石头。西西弗推石头。西西弗推石头。西西弗推石头。,ancestor-chain-seed6-u-0.5,ancestor-chain,"6,19,25,28,30",5,23,-0.5,0.8291349230351314,1.118033988749895,0.0014315247535705566,5,0.0071444096975028515,26,15,1.0637389421463013,0,"The company's name is the world's most famous for its customers,"
sisyphus-repeat4,西西弗推石头。西西弗推石头。西西弗推石头。西西弗推石头。,off-path-seed6-u-0.5,off-path-matched,"0,1,2,3,4",5,23,-0.5,0.8291349230351314,1.118033988749895,0.0023863911628723145,6,0.0066221170127391815,26,15,0.4567375183105469,0,The newest of the Westin is a kind of a kind of tit
sisyphus-repeat4,西西弗推石头。西西弗推石头。西西弗推石头。西西弗推石头。,ancestor-chain-seed7-u-0.5,ancestor-chain,"7,19,25,28,30",5,23,-0.5,0.8291349230351314,1.118033988749895,0.0014134049415588379,5,0.007170140277594328,26,15,1.1203255653381348,0,"The company's name is the world's most famous for its customers,"
sisyphus-repeat4,西西弗推石头。西西弗推石头。西西弗推石头。西西弗推石头。,off-path-seed7-u-0.5,off-path-matched,"0,1,2,3,4",5,23,-0.5,0.8291349230351314,1.118033988749895,0.0023863911628723145,6,0.0066221170127391815,26,15,0.4567375183105469,0,The newest of the Westin is a kind of a kind of tit
sisyphus-repeat4,西西弗推石头。西西弗推石头。西西弗推石头。西西弗推石头。,ancestor-chain-seed8-u-0.5,ancestor-chain,"8,20,26,30",4,23,-0.5,0.8291349230351314,1.0,0.003532707691192627,6,0.006558770313858986,26,15,1.03676176071167,0,The newest of the Westinberg was the first to introduce the new products
sisyphus-repeat4,西西弗推石头。西西弗推石头。西西弗推石头。西西弗推石头。,off-path-seed8-u-0.5,off-path-matched,"0,1,2,3",4,23,-0.5,0.8291349230351314,1.0,0.002419590950012207,6,0.006622925866395235,26,15,0.47184085845947266,0,The Westin is a new one-to-one-the-meter
sisyphus-repeat4,西西弗推石头。西西弗推石头。西西弗推石头。西西弗推石头。,ancestor-chain-seed9-u-0.5,ancestor-chain,"9,20,26,30",4,23,-0.5,0.8291349230351314,1.0,0.0035591721534729004,6,0.006583538372069597,26,15,1.0412483215332031,0,The newest of the Westinberg was the first to introduce the new products
sisyphus-repeat4,西西弗推石头。西西弗推石头。西西弗推石头。西西弗推石头。,off-path-seed9-u-0.5,off-path-matched,"0,1,2,3",4,23,-0.5,0.8291349230351314,1.0,0.002419590950012207,6,0.006622925866395235,26,15,0.47184085845947266,0,The Westin is a new one-to-one-the-meter
sisyphus-repeat4,西西弗推石头。西西弗推石头。西西弗推石头。西西弗推石头。,ancestor-chain-seed10-u-0.5,ancestor-chain,"10,21,26,30",4,23,-0.5,0.8291349230351314,1.0,0.0037183761596679688,6,0.006654968485236168,26,15,1.1109108924865723,0,The Westin is a new one-to-one-the-mech
sisyphus-repeat4,西西弗推石头。西西弗推石头。西西弗推石头。西西弗推石头。,off-path-seed10-u-0.5,off-path-matched,"0,1,2,3",4,23,-0.5,0.8291349230351314,1.0,0.002419590950012207,6,0.006622925866395235,26,15,0.47184085845947266,0,The Westin is a new one-to-one-the-meter
sisyphus-repeat4,西西弗推石头。西西弗推石头。西西弗推石头。西西弗推石头。,ancestor-chain-seed11-u-0.5,ancestor-chain,"11,21,26,30",4,23,-0.5,0.8291349230351314,1.0,0.0036855340003967285,6,0.006676246877759695,26,15,1.0991454124450684,0,The Westin is a new one-to-one-the-mech
sisyphus-repeat4,西西弗推石头。西西弗推石头。西西弗推石头。西西弗推石头。,off-path-seed11-u-0.5,off-path-matched,"0,1,2,3",4,23,-0.5,0.8291349230351314,1.0,0.002419590950012207,6,0.006622925866395235,26,15,0.47184085845947266,0,The Westin is a new one-to-one-the-meter
sisyphus-repeat4,西西弗推石头。西西弗推石头。西西弗推石头。西西弗推石头。,uniform-all-u+0.5,uniform-all,"0,1,2,3,4,5,6,7,8,9,10,11,16,17,18,19,20,21,24,25,26,28,30",23,23,0.5,1.206076323910468,2.3979157616563596,0.0024765729904174805,5,0.010305707342922688,26,15,4.171263694763184,0,"The company is a new product. It is a matter of the same, the"
sisyphus-repeat4,西西弗推石头。西西弗推石头。西西弗推石头。西西弗推石头。,fine-jump-m0n0-u+0.5,fine-jump,0,1,23,0.5,1.206076323910468,0.5,0.002387106418609619,6,0.00663704564794898,26,15,0.3128848075866699,0,"The company's name is a new product, which is a kind of a"
sisyphus-repeat4,西西弗推石头。西西弗推石头。西西弗推石头。西西弗推石头。,fine-jump-m0n1-u+0.5,fine-jump,1,1,23,0.5,1.206076323910468,0.5,0.0026307106018066406,6,0.006576661951839924,26,15,0.15239977836608887,0,"The company's name is a new product, which is a kind of a"
sisyphus-repeat4,西西弗推石头。西西弗推石头。西西弗推石头。西西弗推石头。,fine-jump-m0n2-u+0.5,fine-jump,2,1,23,0.5,1.206076323910468,0.5,0.002656996250152588,6,0.0066323964856565,26,15,0.13132953643798828,0,"The company's name is a new product, which is a kind of a"
sisyphus-repeat4,西西弗推石头。西西弗推石头。西西弗推石头。西西弗推石头。,fine-jump-m0n3-u+0.5,fine-jump,3,1,23,0.5,1.206076323910468,0.5,0.002584517002105713,6,0.006594737991690636,26,15,0.13542461395263672,0,"The company's name is a new product, which is a kind of a"
sisyphus-repeat4,西西弗推石头。西西弗推石头。西西弗推石头。西西弗推石头。,fine-jump-m0n4-u+0.5,fine-jump,4,1,23,0.5,1.206076323910468,0.5,0.002553880214691162,6,0.006628649774938822,26,15,0.12994933128356934,0,"The company's name is a new product, which is a kind of a"
sisyphus-repeat4,西西弗推石头。西西弗推石头。西西弗推石头。西西弗推石头。,fine-jump-m0n5-u+0.5,fine-jump,5,1,23,0.5,1.206076323910468,0.5,0.002710878849029541,6,0.006621397566050291,26,15,0.11604785919189453,0,"The company's name is a new product, which is a kind of a"
sisyphus-repeat4,西西弗推石头。西西弗推石头。西西弗推石头。西西弗推石头。,fine-jump-m0n6-u+0.5,fine-jump,6,1,23,0.5,1.206076323910468,0.5,0.002835214138031006,6,0.006690302863717079,26,15,0.1681675910949707,0,"The company's name is a new product, which is a kind of a"
sisyphus-repeat4,西西弗推石头。西西弗推石头。西西弗推石头。西西弗推石头。,fine-jump-m0n7-u+0.5,fine-jump,7,1,23,0.5,1.206076323910468,0.5,0.0028086304664611816,6,0.0066764866933226585,26,15,0.2520287036895752,0,"The company's name is a new product, which is a kind of a"
sisyphus-repeat4,西西弗推石头。西西弗推石头。西西弗推石头。西西弗推石头。,fine-jump-m0n8-u+0.5,fine-jump,8,1,23,0.5,1.206076323910468,0.5,0.002319514751434326,6,0.006817611400038004,26,15,0.3307991027832031,0,"The company's name is a new product, which is a kind of a"
sisyphus-repeat4,西西弗推石头。西西弗推石头。西西弗推石头。西西弗推石头。,fine-jump-m0n9-u+0.5,fine-jump,9,1,23,0.5,1.206076323910468,0.5,0.002366364002227783,6,0.006782128941267729,26,15,0.2783116102218628,0,"The company's name is a new product, which is a kind of a"
sisyphus-repeat4,西西弗推石头。西西弗推石头。西西弗推石头。西西弗推石头。,fine-jump-m0n10-u+0.5,fine-jump,10,1,23,0.5,1.206076323910468,0.5,0.0023576021194458008,6,0.0067177824676036835,26,15,0.30010175704956055,0,"The company's name is a new product, which is a kind of a"
sisyphus-repeat4,西西弗推石头。西西弗推石头。西西弗推石头。西西弗推石头。,fine-jump-m0n11-u+0.5,fine-jump,11,1,23,0.5,1.206076323910468,0.5,0.0024015307426452637,6,0.00676075229421258,26,15,0.27818727493286133,0,"The company's name is a new product, which is a kind of a"
sisyphus-repeat4,西西弗推石头。西西弗推石头。西西弗推石头。西西弗推石头。,upper-jump-m1n0-u+0.5,upper-jump,16,1,23,0.5,1.206076323910468,0.5,0.002405703067779541,6,0.006587150506675243,26,15,0.31685590744018555,0,"The company's name is a new product, which is a kind of a"
sisyphus-repeat4,西西弗推石头。西西弗推石头。西西弗推石头。西西弗推石头。,upper-jump-m1n1-u+0.5,upper-jump,17,1,23,0.5,1.206076323910468,0.5,0.002640664577484131,6,0.006564023904502392,26,15,0.24679899215698242,0,"The company's name is a new product, which is a kind of a"
sisyphus-repeat4,西西弗推石头。西西弗推石头。西西弗推石头。西西弗推石头。,upper-jump-m1n2-u+0.5,upper-jump,18,1,23,0.5,1.206076323910468,0.5,0.0027565956115722656,6,0.0066261072643101215,26,15,0.1634981334209442,0,"The company's name is a new product, which is a kind of a"
sisyphus-repeat4,西西弗推石头。西西弗推石头。西西弗推石头。西西弗推石头。,upper-jump-m1n3-u+0.5,upper-jump,19,1,23,0.5,1.206076323910468,0.5,0.0029282569885253906,6,0.006708964705467224,26,15,0.3612765073776245,0,The newest of the Westin is a kind of a kind of tit
sisyphus-repeat4,西西弗推石头。西西弗推石头。西西弗推石头。西西弗推石头。,upper-jump-m1n4-u+0.5,upper-jump,20,1,23,0.5,1.206076323910468,0.5,0.002146005630493164,6,0.006851836573332548,26,15,0.5261344909667969,0,"The company's name is the world's most famous for its name,"
sisyphus-repeat4,西西弗推石头。西西弗推石头。西西弗推石头。西西弗推石头。,upper-jump-m1n5-u+0.5,upper-jump,21,1,23,0.5,1.206076323910468,0.5,0.002230823040008545,6,0.006781842093914747,26,15,0.47063732147216797,0,"The company's name is the world's most famous for its name,"
sisyphus-repeat4,西西弗推石头。西西弗推石头。西西弗推石头。西西弗推石头。,upper-jump-m2n0-u+0.5,upper-jump,24,1,23,0.5,1.206076323910468,0.5,0.002509772777557373,6,0.006502100732177496,26,15,0.3771400451660156,0,"The company's name is a new product, which is a kind of a"
sisyphus-repeat4,西西弗推石头。西西弗推石头。西西弗推石头。西西弗推石头。,upper-jump-m2n1-u+0.5,upper-jump,25,1,23,0.5,1.206076323910468,0.5,0.003188192844390869,6,0.0067066228948533535,26,15,0.45416057109832764,0,The Westin is a new one-to-one-the-meter
sisyphus-repeat4,西西弗推石头。西西弗推石头。西西弗推石头。西西弗推石头。,upper-jump-m2n2-u+0.5,upper-jump,26,1,23,0.5,1.206076323910468,0.5,0.0018639564514160156,6,0.006735572591423988,26,15,0.8491840362548828,0,The company's name is the world's most famous for its customers.
sisyphus-repeat4,西西弗推石头。西西弗推石头。西西弗推石头。西西弗推石头。,upper-jump-m3n0-u+0.5,upper-jump,28,1,23,0.5,1.206076323910468,0.5,0.003078758716583252,6,0.006461126264184713,26,15,0.5078380107879639,0,"The company is a new product that is in the name of the WestJet,"
sisyphus-repeat4,西西弗推石头。西西弗推石头。西西弗推石头。西西弗推石头。,upper-jump-m4n0-u+0.5,upper-jump,30,1,23,0.5,1.206076323910468,0.5,0.0024070143699645996,6,0.006417851895093918,26,15,0.23418128490447998,0,"The company's name is a new product, which is a kind of a"
sisyphus-repeat4,西西弗推石头。西西弗推石头。西西弗推石头。西西弗推石头。,ancestor-chain-seed0-u+0.5,ancestor-chain,"0,16,24,28,30",5,23,0.5,1.206076323910468,1.118033988749895,0.0026044845581054688,7,0.006394986994564533,26,15,0.9243850708007812,0,The company is a good example of the product that is in the west of the
sisyphus-repeat4,西西弗推石头。西西弗推石头。西西弗推石头。西西弗推石头。,off-path-seed0-u+0.5,off-path-matched,"1,2,3,4,5",5,23,0.5,1.206076323910468,1.118033988749895,0.0029483437538146973,6,0.006566554773598909,26,15,0.4082932472229004,0,"The company is a good example of the company's name, the world'"
sisyphus-repeat4,西西弗推石头。西西弗推石头。西西弗推石头。西西弗推石头。,ancestor-chain-seed1-u+0.5,ancestor-chain,"1,16,24,28,30",5,23,0.5,1.206076323910468,1.118033988749895,0.0030544400215148926,7,0.00633434159681201,26,15,1.0545587539672852,0,The company is a new product that is in the west of the West. It
sisyphus-repeat4,西西弗推石头。西西弗推石头。西西弗推石头。西西弗推石头。,off-path-seed1-u+0.5,off-path-matched,"0,2,3,4,5",5,23,0.5,1.206076323910468,1.118033988749895,0.002639591693878174,5,0.006593707483261824,26,15,0.42940568923950195,0,The company's name is the world's most famous for its customers.
sisyphus-repeat4,西西弗推石头。西西弗推石头。西西弗推石头。西西弗推石头。,ancestor-chain-seed2-u+0.5,ancestor-chain,"2,17,24,28,30",5,23,0.5,1.206076323910468,1.118033988749895,0.0034775137901306152,7,0.0062883044593036175,26,15,1.124079942703247,0,"The company is a new product that has been published in the West Virginia, the"
sisyphus-repeat4,西西弗推石头。西西弗推石头。西西弗推石头。西西弗推石头。,off-path-seed2-u+0.5,off-path-matched,"0,1,3,4,5",5,23,0.5,1.206076323910468,1.118033988749895,0.0026338696479797363,6,0.006564253009855747,26,15,0.36092710494995117,0,"The company's name is a new product, which is a kind of a"
sisyphus-repeat4,西西弗推石头。西西弗推石头。西西弗推石头。西西弗推石头。,ancestor-chain-seed3-u+0.5,ancestor-chain,"3,17,24,28,30",5,23,0.5,1.206076323910468,1.118033988749895,0.003293633460998535,7,0.006273803301155567,26,15,1.1485071182250977,0,"The company is a new product that has been published in the West Virginia, the"
sisyphus-repeat4,西西弗推石头。西西弗推石头。西西弗推石头。西西弗推石头。,off-path-seed3-u+0.5,off-path-matched,"0,1,2,4,5",5,23,0.5,1.206076323910468,1.118033988749895,0.0027095675468444824,6,0.006596324499696493,26,15,0.41739416122436523,0,The company's name is the world's most famous for its customers.
sisyphus-repeat4,西西弗推石头。西西弗推石头。西西弗推石头。西西弗推石头。,ancestor-chain-seed4-u+0.5,ancestor-chain,"4,18,25,28,30",5,23,0.5,1.206076323910468,1.118033988749895,0.004734337329864502,6,0.00662963418290019,26,15,1.4921183586120605,0,The Westin is a new one-to-one-the-meter
sisyphus-repeat4,西西弗推石头。西西弗推石头。西西弗推石头。西西弗推石头。,off-path-seed4-u+0.5,off-path-matched,"0,1,2,3,5",5,23,0.5,1.206076323910468,1.118033988749895,0.002705514430999756,6,0.006549120880663395,26,15,0.4470047950744629,0,"The company's name is the world's most famous for its name,"
sisyphus-repeat4,西西弗推石头。西西弗推石头。西西弗推石头。西西弗推石头。,ancestor-chain-seed5-u+0.5,ancestor-chain,"5,18,25,28,30",5,23,0.5,1.206076323910468,1.118033988749895,0.005239367485046387,6,0.006586254108697176,26,15,1.452812671661377,0,The Westin is a new one-to-one-the-meter
sisyphus-repeat4,西西弗推石头。西西弗推石头。西西弗推石头。西西弗推石头。,off-path-seed5-u+0.5,off-path-matched,"0,1,2,3,4",5,23,0.5,1.206076323910468,1.118033988749895,0.0025690793991088867,6,0.006562977563589811,26,15,0.466733455657959,0,"The company's name is the world's most famous for its name,"
sisyphus-repeat4,西西弗推石头。西西弗推石头。西西弗推石头。西西弗推石头。,ancestor-chain-seed6-u+0.5,ancestor-chain,"6,19,25,28,30",5,23,0.5,1.206076323910468,1.118033988749895,0.004919826984405518,7,0.006931629963219166,26,15,1.4817147254943848,0,The Westin is a new one-to-one-the-mech
sisyphus-repeat4,西西弗推石头。西西弗推石头。西西弗推石头。西西弗推石头。,off-path-seed6-u+0.5,off-path-matched,"0,1,2,3,4",5,23,0.5,1.206076323910468,1.118033988749895,0.0025690793991088867,6,0.006562977563589811,26,15,0.466733455657959,0,"The company's name is the world's most famous for its name,"
sisyphus-repeat4,西西弗推石头。西西弗推石头。西西弗推石头。西西弗推石头。,ancestor-chain-seed7-u+0.5,ancestor-chain,"7,19,25,28,30",5,23,0.5,1.206076323910468,1.118033988749895,0.004806876182556152,7,0.006906598806381226,26,15,1.4860327243804932,0,The Westin is a new one-to-one-the-mech
sisyphus-repeat4,西西弗推石头。西西弗推石头。西西弗推石头。西西弗推石头。,off-path-seed7-u+0.5,off-path-matched,"0,1,2,3,4",5,23,0.5,1.206076323910468,1.118033988749895,0.0025690793991088867,6,0.006562977563589811,26,15,0.466733455657959,0,"The company's name is the world's most famous for its name,"
sisyphus-repeat4,西西弗推石头。西西弗推石头。西西弗推石头。西西弗推石头。,ancestor-chain-seed8-u+0.5,ancestor-chain,"8,20,26,30",4,23,0.5,1.206076323910468,1.0,0.0011032819747924805,5,0.007406608201563358,26,15,2.4766340255737305,0,The company's name is the world's most famous for its customers.
sisyphus-repeat4,西西弗推石头。西西弗推石头。西西弗推石头。西西弗推石头。,off-path-seed8-u+0.5,off-path-matched,"0,1,2,3",4,23,0.5,1.206076323910468,1.0,0.002557039260864258,6,0.0065546222031116486,26,15,0.4609532356262207,0,"The company's name is the world's most famous for its name,"
sisyphus-repeat4,西西弗推石头。西西弗推石头。西西弗推石头。西西弗推石头。,ancestor-chain-seed9-u+0.5,ancestor-chain,"9,20,26,30",4,23,0.5,1.206076323910468,1.0,0.0011377930641174316,5,0.007355059497058392,26,15,2.411343574523926,0,The company's name is the world's most famous for its customers.
sisyphus-repeat4,西西弗推石头。西西弗推石头。西西弗推石头。西西弗推石头。,off-path-seed9-u+0.5,off-path-matched,"0,1,2,3",4,23,0.5,1.206076323910468,1.0,0.002557039260864258,6,0.0065546222031116486,26,15,0.4609532356262207,0,"The company's name is the world's most famous for its name,"
sisyphus-repeat4,西西弗推石头。西西弗推石头。西西弗推石头。西西弗推石头。,ancestor-chain-seed10-u+0.5,ancestor-chain,"10,21,26,30",4,23,0.5,1.206076323910468,1.0,0.0011829733848571777,5,0.0072179632261395454,26,15,2.439671516418457,0,The company's name is the world's most famous for its customers.
sisyphus-repeat4,西西弗推石头。西西弗推石头。西西弗推石头。西西弗推石头。,off-path-seed10-u+0.5,off-path-matched,"0,1,2,3",4,23,0.5,1.206076323910468,1.0,0.002557039260864258,6,0.0065546222031116486,26,15,0.4609532356262207,0,"The company's name is the world's most famous for its name,"
sisyphus-repeat4,西西弗推石头。西西弗推石头。西西弗推石头。西西弗推石头。,ancestor-chain-seed11-u+0.5,ancestor-chain,"11,21,26,30",4,23,0.5,1.206076323910468,1.0,0.001220405101776123,5,0.007237856741994619,26,15,2.311781883239746,0,The company's name is the world's most famous for its customers.
sisyphus-repeat4,西西弗推石头。西西弗推石头。西西弗推石头。西西弗推石头。,off-path-seed11-u+0.5,off-path-matched,"0,1,2,3",4,23,0.5,1.206076323910468,1.0,0.002557039260864258,6,0.0065546222031116486,26,15,0.4609532356262207,0,"The company's name is the world's most famous for its name,"
sisyphus-repeat4,西西弗推石头。西西弗推石头。西西弗推石头。西西弗推石头。,uniform-all-u+1,uniform-all,"0,1,2,3,4,5,6,7,8,9,10,11,16,17,18,19,20,21,24,25,26,28,30",23,23,1.0,1.361789790232048,4.795831523312719,0.002907276153564453,6,0.012030011042952538,26,15,6.814013957977295,0,The number of the people's courtesy of the West. The name
sisyphus-repeat4,西西弗推石头。西西弗推石头。西西弗推石头。西西弗推石头。,fine-jump-m0n0-u+1,fine-jump,0,1,23,1.0,1.361789790232048,1.0,0.0022600293159484863,6,0.006639888510107994,26,15,0.5530180931091309,0,"The company's name is the world's most famous for its name,"
sisyphus-repeat4,西西弗推石头。西西弗推石头。西西弗推石头。西西弗推石头。,fine-jump-m0n1-u+1,fine-jump,1,1,23,1.0,1.361789790232048,1.0,0.0026702284812927246,6,0.006540606264024973,26,15,0.2599649429321289,0,"The company's name is a new product, which is a kind of a"
sisyphus-repeat4,西西弗推石头。西西弗推石头。西西弗推石头。西西弗推石头。,fine-jump-m0n2-u+1,fine-jump,2,1,23,1.0,1.361789790232048,1.0,0.0027260184288024902,6,0.006623731926083565,26,15,0.2186589241027832,0,"The company's name is a new product, which is a kind of a"
sisyphus-repeat4,西西弗推石头。西西弗推石头。西西弗推石头。西西弗推石头。,fine-jump-m0n3-u+1,fine-jump,3,1,23,1.0,1.361789790232048,1.0,0.0025930404663085938,6,0.006565137766301632,26,15,0.23852872848510742,0,"The company's name is a new product, which is a kind of a"
sisyphus-repeat4,西西弗推石头。西西弗推石头。西西弗推石头。西西弗推石头。,fine-jump-m0n4-u+1,fine-jump,4,1,23,1.0,1.361789790232048,1.0,0.0026112794876098633,6,0.006634392309933901,26,15,0.2098386287689209,0,"The company's name is a new product, which is a kind of a"
sisyphus-repeat4,西西弗推石头。西西弗推石头。西西弗推石头。西西弗推石头。,fine-jump-m0n5-u+1,fine-jump,5,1,23,1.0,1.361789790232048,1.0,0.0028353333473205566,6,0.00661893468350172,26,15,0.19286537170410156,0,"The company's name is a new product, which is a kind of a"
sisyphus-repeat4,西西弗推石头。西西弗推石头。西西弗推石头。西西弗推石头。,fine-jump-m0n6-u+1,fine-jump,6,1,23,1.0,1.361789790232048,1.0,0.003037393093109131,6,0.006734329275786877,26,15,0.29973602294921875,0,"The company's name is a new product, which is a kind of a"
sisyphus-repeat4,西西弗推石头。西西弗推石头。西西弗推石头。西西弗推石头。,fine-jump-m0n7-u+1,fine-jump,7,1,23,1.0,1.361789790232048,1.0,0.0029407143592834473,6,0.006724940612912178,26,15,0.3712339401245117,0,The newest of the Westin is a kind of a kind of tit
sisyphus-repeat4,西西弗推石头。西西弗推石头。西西弗推石头。西西弗推石头。,fine-jump-m0n8-u+1,fine-jump,8,1,23,1.0,1.361789790232048,1.0,0.002137899398803711,6,0.006977780722081661,26,15,0.6033821105957031,0,"The company's name is a new product, which is a kind of a"
sisyphus-repeat4,西西弗推石头。西西弗推石头。西西弗推石头。西西弗推石头。,fine-jump-m0n9-u+1,fine-jump,9,1,23,1.0,1.361789790232048,1.0,0.002223491668701172,6,0.0069107552990317345,26,15,0.5001504421234131,0,"The company is a good example of the company's name, the world'"
sisyphus-repeat4,西西弗推石头。西西弗推石头。西西弗推石头。西西弗推石头。,fine-jump-m0n10-u+1,fine-jump,10,1,23,1.0,1.361789790232048,1.0,0.0022484660148620605,6,0.006798121612519026,26,15,0.5186195373535156,0,"The company's name is a new product, which is a kind of a"
sisyphus-repeat4,西西弗推石头。西西弗推石头。西西弗推石头。西西弗推石头。,fine-jump-m0n11-u+1,fine-jump,11,1,23,1.0,1.361789790232048,1.0,0.0022987723350524902,6,0.006891550030559301,26,15,0.47432804107666016,0,"The company's name is a new product, which is a kind of a"
sisyphus-repeat4,西西弗推石头。西西弗推石头。西西弗推石头。西西弗推石头。,upper-jump-m1n0-u+1,upper-jump,16,1,23,1.0,1.361789790232048,1.0,0.002290964126586914,6,0.006560597103089094,26,15,0.5919389724731445,0,The company's name is the world's most famous for its customers.
sisyphus-repeat4,西西弗推石头。西西弗推石头。西西弗推石头。西西弗推石头。,upper-jump-m1n1-u+1,upper-jump,17,1,23,1.0,1.361789790232048,1.0,0.002649843692779541,6,0.006503570359200239,26,15,0.43465089797973633,0,"The company's name is a new product, which is a kind of a"
sisyphus-repeat4,西西弗推石头。西西弗推石头。西西弗推石头。西西弗推石头。,upper-jump-m1n2-u+1,upper-jump,18,1,23,1.0,1.361789790232048,1.0,0.002976059913635254,5,0.006641672924160957,26,15,0.2899901270866394,0,"The company's name is a new product, which is a kind of a"
sisyphus-repeat4,西西弗推石头。西西弗推石头。西西弗推石头。西西弗推石头。,upper-jump-m1n3-u+1,upper-jump,19,1,23,1.0,1.361789790232048,1.0,0.003105461597442627,6,0.006796697620302439,26,15,0.631135106086731,0,The Westin is a new one-to-one-the-meter
sisyphus-repeat4,西西弗推石头。西西弗推石头。西西弗推石头。西西弗推石头。,upper-jump-m1n4-u+1,upper-jump,20,1,23,1.0,1.361789790232048,1.0,0.0019001364707946777,6,0.007032597437500954,26,15,0.9431161880493164,0,The company's name is the world's most famous for its customers.
sisyphus-repeat4,西西弗推石头。西西弗推石头。西西弗推石头。西西弗推石头。,upper-jump-m1n5-u+1,upper-jump,21,1,23,1.0,1.361789790232048,1.0,0.0019950270652770996,6,0.006918021477758884,26,15,0.8974809646606445,0,The company's name is the world's most famous for its customers.
sisyphus-repeat4,西西弗推石头。西西弗推石头。西西弗推石头。西西弗推石头。,upper-jump-m2n0-u+1,upper-jump,24,1,23,1.0,1.361789790232048,1.0,0.002478182315826416,6,0.006428114138543606,26,15,0.6554727554321289,0,The company's name is the world's most famous for its customers.
sisyphus-repeat4,西西弗推石头。西西弗推石头。西西弗推石头。西西弗推石头。,upper-jump-m2n1-u+1,upper-jump,25,1,23,1.0,1.361789790232048,1.0,0.003715693950653076,6,0.006792412605136633,26,15,0.7964202165603638,0,The Westin is a new one-to-one-the-meter
sisyphus-repeat4,西西弗推石头。西西弗推石头。西西弗推石头。西西弗推石头。,upper-jump-m2n2-u+1,upper-jump,26,1,23,1.0,1.361789790232048,1.0,0.0014630556106567383,6,0.006758461706340313,26,15,1.582906723022461,0,The company's name is the world's most famous for its customers.
sisyphus-repeat4,西西弗推石头。西西弗推石头。西西弗推石头。西西弗推石头。,upper-jump-m3n0-u+1,upper-jump,28,1,23,1.0,1.361789790232048,1.0,0.0037517547607421875,6,0.006370382849127054,26,15,0.9828975200653076,0,The Westin is a new one-to-one-the-meter
sisyphus-repeat4,西西弗推石头。西西弗推石头。西西弗推石头。西西弗推石头。,upper-jump-m4n0-u+1,upper-jump,30,1,23,1.0,1.361789790232048,1.0,0.002301335334777832,6,0.006426438223570585,26,15,0.4391646981239319,0,"The company's name is a new product, which is a kind of a"
sisyphus-repeat4,西西弗推石头。西西弗推石头。西西弗推石头。西西弗推石头。,ancestor-chain-seed0-u+1,ancestor-chain,"0,16,24,28,30",5,23,1.0,1.361789790232048,2.23606797749979,0.0024802684783935547,8,0.006699797231703997,26,15,2.767991065979004,0,The company is a new product that is in the west of the West. It
sisyphus-repeat4,西西弗推石头。西西弗推石头。西西弗推石头。西西弗推石头。,off-path-seed0-u+1,off-path-matched,"1,2,3,4,5",5,23,1.0,1.361789790232048,2.23606797749979,0.003319859504699707,6,0.006536843720823526,26,15,0.6954718828201294,0,"The company is a new product that is in the name of the WestJet,"
sisyphus-repeat4,西西弗推石头。西西弗推石头。西西弗推石头。西西弗推石头。,ancestor-chain-seed1-u+1,ancestor-chain,"1,16,24,28,30",5,23,1.0,1.361789790232048,2.23606797749979,0.003837764263153076,8,0.006663176696747541,26,15,2.6996192932128906,0,The company is a new product that is in the west of the West. It
sisyphus-repeat4,西西弗推石头。西西弗推石头。西西弗推石头。西西弗推石头。,off-path-seed1-u+1,off-path-matched,"0,2,3,4,5",5,23,1.0,1.361789790232048,2.23606797749979,0.002760767936706543,5,0.006555334199219942,26,15,0.6535434722900391,0,"The company is a good example of the company's name, the world'"
sisyphus-repeat4,西西弗推石头。西西弗推石头。西西弗推石头。西西弗推石头。,ancestor-chain-seed2-u+1,ancestor-chain,"2,17,24,28,30",5,23,1.0,1.361789790232048,2.23606797749979,0.004987955093383789,8,0.006552913226187229,26,15,2.6997461318969727,0,"The company is a new product in the West Virginia, and the United States of"
sisyphus-repeat4,西西弗推石头。西西弗推石头。西西弗推石头。西西弗推石头。,off-path-seed2-u+1,off-path-matched,"0,1,3,4,5",5,23,1.0,1.361789790232048,2.23606797749979,0.002726733684539795,5,0.006528895813971758,26,15,0.6098403930664062,0,"The company is a good example of the company's name, the world'"
sisyphus-repeat4,西西弗推石头。西西弗推石头。西西弗推石头。西西弗推石头。,ancestor-chain-seed3-u+1,ancestor-chain,"3,17,24,28,30",5,23,1.0,1.361789790232048,2.23606797749979,0.0041959285736083984,8,0.006789085920900106,26,15,2.9661788940429688,0,"The company is a new product in the West Virginia, and the United States of"
sisyphus-repeat4,西西弗推石头。西西弗推石头。西西弗推石头。西西弗推石头。,off-path-seed3-u+1,off-path-matched,"0,1,2,4,5",5,23,1.0,1.361789790232048,2.23606797749979,0.0029014945030212402,6,0.006573343649506569,26,15,0.6441264152526855,0,"The company's name is the world's most famous for its customers,"
sisyphus-repeat4,西西弗推石头。西西弗推石头。西西弗推石头。西西弗推石头。,ancestor-chain-seed4-u+1,ancestor-chain,"4,18,25,28,30",5,23,1.0,1.361789790232048,2.23606797749979,0.008717179298400879,6,0.0073761665262281895,26,15,3.2246174812316895,0,The Westin is a new product in the West. It is a matter of
sisyphus-repeat4,西西弗推石头。西西弗推石头。西西弗推石头。西西弗推石头。,off-path-seed4-u+1,off-path-matched,"0,1,2,3,5",5,23,1.0,1.361789790232048,2.23606797749979,0.002819657325744629,5,0.006478786934167147,26,15,0.7591147422790527,0,"The company is a good example of the company's name, the world'"
sisyphus-repeat4,西西弗推石头。西西弗推石头。西西弗推石头。西西弗推石头。,ancestor-chain-seed5-u+1,ancestor-chain,"5,18,25,28,30",5,23,1.0,1.361789790232048,2.23606797749979,0.012104332447052002,6,0.007253449875861406,26,15,3.3896586894989014,0,The Westin is a new product in the West. It is a matter of
sisyphus-repeat4,西西弗推石头。西西弗推石头。西西弗推石头。西西弗推石头。,off-path-seed5-u+1,off-path-matched,"0,1,2,3,4",5,23,1.0,1.361789790232048,2.23606797749979,0.0026196837425231934,6,0.006511975079774857,26,15,0.7585530281066895,0,"The company is a good example of the company's name, the world'"
sisyphus-repeat4,西西弗推石头。西西弗推石头。西西弗推石头。西西弗推石头。,ancestor-chain-seed6-u+1,ancestor-chain,"6,19,25,28,30",5,23,1.0,1.361789790232048,2.23606797749979,0.0074784159660339355,6,0.008258256129920483,26,15,3.4245424270629883,0,The Westin is a new product in the West. It is a matter of
sisyphus-repeat4,西西弗推石头。西西弗推石头。西西弗推石头。西西弗推石头。,off-path-seed6-u+1,off-path-matched,"0,1,2,3,4",5,23,1.0,1.361789790232048,2.23606797749979,0.0026196837425231934,6,0.006511975079774857,26,15,0.7585530281066895,0,"The company is a good example of the company's name, the world'"
sisyphus-repeat4,西西弗推石头。西西弗推石头。西西弗推石头。西西弗推石头。,ancestor-chain-seed7-u+1,ancestor-chain,"7,19,25,28,30",5,23,1.0,1.361789790232048,2.23606797749979,0.0067369937896728516,7,0.00820105243474245,26,15,3.331542491912842,0,The West is a new product that is not in the name of the West.
sisyphus-repeat4,西西弗推石头。西西弗推石头。西西弗推石头。西西弗推石头。,off-path-seed7-u+1,off-path-matched,"0,1,2,3,4",5,23,1.0,1.361789790232048,2.23606797749979,0.0026196837425231934,6,0.006511975079774857,26,15,0.7585530281066895,0,"The company is a good example of the company's name, the world'"
sisyphus-repeat4,西西弗推石头。西西弗推石头。西西弗推石头。西西弗推石头。,ancestor-chain-seed8-u+1,ancestor-chain,"8,20,26,30",4,23,1.0,1.361789790232048,2.0,0.0005661845207214355,4,0.0093903923407197,26,15,4.693295478820801,0,"The company's name is a new, and a half-century, the"
sisyphus-repeat4,西西弗推石头。西西弗推石头。西西弗推石头。西西弗推石头。,off-path-seed8-u+1,off-path-matched,"0,1,2,3",4,23,1.0,1.361789790232048,2.0,0.0025220513343811035,6,0.00648787384852767,26,15,0.6994647979736328,0,"The company is a good example of the company's name, the world'"
sisyphus-repeat4,西西弗推石头。西西弗推石头。西西弗推石头。西西弗推石头。,ancestor-chain-seed9-u+1,ancestor-chain,"9,20,26,30",4,23,1.0,1.361789790232048,2.0,0.0005919337272644043,4,0.009198039770126343,26,15,4.498622894287109,0,"The company's name is a new, and a half-century, the"
sisyphus-repeat4,西西弗推石头。西西弗推石头。西西弗推石头。西西弗推石头。,off-path-seed9-u+1,off-path-matched,"0,1,2,3",4,23,1.0,1.361789790232048,2.0,0.0025220513343811035,6,0.00648787384852767,26,15,0.6994647979736328,0,"The company is a good example of the company's name, the world'"
sisyphus-repeat4,西西弗推石头。西西弗推石头。西西弗推石头。西西弗推石头。,ancestor-chain-seed10-u+1,ancestor-chain,"10,21,26,30",4,23,1.0,1.361789790232048,2.0,0.000573575496673584,4,0.008764849044382572,26,15,4.639202117919922,0,"The company's name is a new, and a half-century, the"
sisyphus-repeat4,西西弗推石头。西西弗推石头。西西弗推石头。西西弗推石头。,off-path-seed10-u+1,off-path-matched,"0,1,2,3",4,23,1.0,1.361789790232048,2.0,0.0025220513343811035,6,0.00648787384852767,26,15,0.6994647979736328,0,"The company is a good example of the company's name, the world'"
sisyphus-repeat4,西西弗推石头。西西弗推石头。西西弗推石头。西西弗推石头。,ancestor-chain-seed11-u+1,ancestor-chain,"11,21,26,30",4,23,1.0,1.361789790232048,2.0,0.0005946755409240723,5,0.00873386301100254,26,15,4.478850364685059,0,"The company's name is a new, and a half-century, the"
sisyphus-repeat4,西西弗推石头。西西弗推石头。西西弗推石头。西西弗推石头。,off-path-seed11-u+1,off-path-matched,"0,1,2,3",4,23,1.0,1.361789790232048,2.0,0.0025220513343811035,6,0.00648787384852767,26,15,0.6994647979736328,0,"The company is a good example of the company's name, the world'"
sisyphus-repeat4,西西弗推石头。西西弗推石头。西西弗推石头。西西弗推石头。,uniform-all-u+2,uniform-all,"0,1,2,3,4,5,6,7,8,9,10,11,16,17,18,19,20,21,24,25,26,28,30",23,23,2.0,1.4782804393374118,9.591663046625438,0.008781194686889648,6,0.01135769858956337,26,15,7.76709508895874,0,"The name of the West, the west of the Vatican's name"
sisyphus-repeat4,西西弗推石头。西西弗推石头。西西弗推石头。西西弗推石头。,fine-jump-m0n0-u+2,fine-jump,0,1,23,2.0,1.4782804393374118,2.0,0.002156853675842285,6,0.00663710618391633,26,15,0.7309451103210449,0,"The company's name is the world's most famous for its customers,"
sisyphus-repeat4,西西弗推石头。西西弗推石头。西西弗推石头。西西弗推石头。,fine-jump-m0n1-u+2,fine-jump,1,1,23,2.0,1.4782804393374118,2.0,0.00269162654876709,6,0.0065153250470757484,26,15,0.33658379316329956,0,"The company's name is a new product, which is a kind of a"
sisyphus-repeat4,西西弗推石头。西西弗推石头。西西弗推石头。西西弗推石头。,fine-jump-m0n2-u+2,fine-jump,2,1,23,2.0,1.4782804393374118,2.0,0.002770364284515381,6,0.006610793061554432,26,15,0.28293371200561523,0,"The company's name is a new product, which is a kind of a"
sisyphus-repeat4,西西弗推石头。西西弗推石头。西西弗推石头。西西弗推石头。,fine-jump-m0n3-u+2,fine-jump,3,1,23,2.0,1.4782804393374118,2.0,0.0025899410247802734,6,0.006540748756378889,26,15,0.3172287940979004,0,"The company is a good example of the company's name, the world'"
sisyphus-repeat4,西西弗推石头。西西弗推石头。西西弗推石头。西西弗推石头。,fine-jump-m0n4-u+2,fine-jump,4,1,23,2.0,1.4782804393374118,2.0,0.0026741623878479004,6,0.006641266867518425,26,15,0.26293373107910156,0,"The company's name is a new product, which is a kind of a"
sisyphus-repeat4,西西弗推石头。西西弗推石头。西西弗推石头。西西弗推石头。,fine-jump-m0n5-u+2,fine-jump,5,1,23,2.0,1.4782804393374118,2.0,0.0029394030570983887,6,0.0066188424825668335,26,15,0.2506847381591797,0,"The company is a good example of the company's name, the world'"
sisyphus-repeat4,西西弗推石头。西西弗推石头。西西弗推石头。西西弗推石头。,fine-jump-m0n6-u+2,fine-jump,6,1,23,2.0,1.4782804393374118,2.0,0.0031797289848327637,6,0.006766220089048147,26,15,0.40029287338256836,0,The newest of the Westin is a kind of a kind of tit
sisyphus-repeat4,西西弗推石头。西西弗推石头。西西弗推石头。西西弗推石头。,fine-jump-m0n7-u+2,fine-jump,7,1,23,2.0,1.4782804393374118,2.0,0.003021538257598877,6,0.0067763905972242355,26,15,0.45546460151672363,0,The Westin is a new one-to-one-the-meter
sisyphus-repeat4,西西弗推石头。西西弗推石头。西西弗推石头。西西弗推石头。,fine-jump-m0n8-u+2,fine-jump,8,1,23,2.0,1.4782804393374118,2.0,0.002013683319091797,6,0.007107177749276161,26,15,0.8028984069824219,0,"The company is a good example of the company's name, the world'"
sisyphus-repeat4,西西弗推石头。西西弗推石头。西西弗推石头。西西弗推石头。,fine-jump-m0n9-u+2,fine-jump,9,1,23,2.0,1.4782804393374118,2.0,0.002133667469024658,6,0.00700846454128623,26,15,0.6536173820495605,0,"The company is a good example of the company's name, the world'"
sisyphus-repeat4,西西弗推石头。西西弗推石头。西西弗推石头。西西弗推石头。,fine-jump-m0n10-u+2,fine-jump,10,1,23,2.0,1.4782804393374118,2.0,0.0021755099296569824,6,0.006872647907584906,26,15,0.6936206817626953,0,"The company's name is a new product, which is a kind of a"
sisyphus-repeat4,西西弗推石头。西西弗推石头。西西弗推石头。西西弗推石头。,fine-jump-m0n11-u+2,fine-jump,11,1,23,2.0,1.4782804393374118,2.0,0.002220332622528076,6,0.00698021799325943,26,15,0.6229152679443359,0,"The company's name is a new product, which is a kind of a"
sisyphus-repeat4,西西弗推石头。西西弗推石头。西西弗推石头。西西弗推石头。,upper-jump-m1n0-u+2,upper-jump,16,1,23,2.0,1.4782804393374118,2.0,0.0022116899490356445,6,0.006543312221765518,26,15,0.7879776954650879,0,"The company's name is the world's most famous for its customers,"
sisyphus-repeat4,西西弗推石头。西西弗推石头。西西弗推石头。西西弗推石头。,upper-jump-m1n1-u+2,upper-jump,17,1,23,2.0,1.4782804393374118,2.0,0.002634406089782715,6,0.006458844058215618,26,15,0.573397159576416,0,"The company is a good example of the company's name, the world'"
sisyphus-repeat4,西西弗推石头。西西弗推石头。西西弗推石头。西西弗推石头。,upper-jump-m1n2-u+2,upper-jump,18,1,23,2.0,1.4782804393374118,2.0,0.0031825900077819824,5,0.006668247282505035,26,15,0.4119371473789215,0,"The company's name is a new product, which is a kind of a"
sisyphus-repeat4,西西弗推石头。西西弗推石头。西西弗推石头。西西弗推石头。,upper-jump-m1n3-u+2,upper-jump,19,1,23,2.0,1.4782804393374118,2.0,0.0032190680503845215,6,0.006887685041874647,26,15,0.8484249114990234,0,The Westin is a new one-to-one-the-meter
sisyphus-repeat4,西西弗推石头。西西弗推石头。西西弗推石头。西西弗推石头。,upper-jump-m1n4-u+2,upper-jump,20,1,23,2.0,1.4782804393374118,2.0,0.001734614372253418,6,0.007167684379965067,26,15,1.2741937637329102,0,The company's name is the world's most famous for its customers.
sisyphus-repeat4,西西弗推石头。西西弗推石头。西西弗推石头。西西弗推石头。,upper-jump-m1n5-u+2,upper-jump,21,1,23,2.0,1.4782804393374118,2.0,0.001810908317565918,6,0.007026504725217819,26,15,1.270918846130371,0,The company's name is the world's most famous for its customers.
sisyphus-repeat4,西西弗推石头。西西弗推石头。西西弗推石头。西西弗推石头。,upper-jump-m2n0-u+2,upper-jump,24,1,23,2.0,1.4782804393374118,2.0,0.0024752020835876465,5,0.006378589663654566,26,15,0.8576865196228027,0,"The company is a good example of the company's name, the world'"
sisyphus-repeat4,西西弗推石头。西西弗推石头。西西弗推石头。西西弗推石头。,upper-jump-m2n1-u+2,upper-jump,25,1,23,2.0,1.4782804393374118,2.0,0.004125773906707764,5,0.006847715936601162,26,15,1.0614867210388184,0,The Westin is a new one-to-one-the-meter
sisyphus-repeat4,西西弗推石头。西西弗推石头。西西弗推石头。西西弗推石头。,upper-jump-m2n2-u+2,upper-jump,26,1,23,2.0,1.4782804393374118,2.0,0.001210033893585205,5,0.006782121025025845,26,15,2.128082275390625,0,The company's name is the world's most famous for its customers.
sisyphus-repeat4,西西弗推石头。西西弗推石头。西西弗推石头。西西弗推石头。,upper-jump-m3n0-u+2,upper-jump,28,1,23,2.0,1.4782804393374118,2.0,0.00445103645324707,6,0.006323641166090965,26,15,1.356706142425537,0,The Westin is a new one-to-one-the-mech
sisyphus-repeat4,西西弗推石头。西西弗推石头。西西弗推石头。西西弗推石头。,upper-jump-m4n0-u+2,upper-jump,30,1,23,2.0,1.4782804393374118,2.0,0.002239823341369629,6,0.006458105519413948,26,15,0.6102895736694336,0,"The company's name is a new product, which is a kind of a"
sisyphus-repeat4,西西弗推石头。西西弗推石头。西西弗推石头。西西弗推石头。,ancestor-chain-seed0-u+2,ancestor-chain,"0,16,24,28,30",5,23,2.0,1.4782804393374118,4.47213595499958,0.002108156681060791,8,0.007232667412608862,26,15,4.173650741577148,0,"The company is a new product in the West Virginia, which is the most important"
sisyphus-repeat4,西西弗推石头。西西弗推石头。西西弗推石头。西西弗推石头。,off-path-seed0-u+2,off-path-matched,"1,2,3,4,5",5,23,2.0,1.4782804393374118,4.47213595499958,0.0037716031074523926,6,0.00652636494487524,26,15,1.0049291849136353,0,The company is a new product that has been a part of the world's
sisyphus-repeat4,西西弗推石头。西西弗推石头。西西弗推石头。西西弗推石头。,ancestor-chain-seed1-u+2,ancestor-chain,"1,16,24,28,30",5,23,2.0,1.4782804393374118,4.47213595499958,0.0037108659744262695,8,0.007449850905686617,26,15,4.04109001159668,0,The first-evere-degree-predictive of the
sisyphus-repeat4,西西弗推石头。西西弗推石头。西西弗推石头。西西弗推石头。,off-path-seed1-u+2,off-path-matched,"0,2,3,4,5",5,23,2.0,1.4782804393374118,4.47213595499958,0.0029926300048828125,5,0.006535311229526997,26,15,0.8277044296264648,0,"The company is a new product that is in the name of the WestJet,"
sisyphus-repeat4,西西弗推石头。西西弗推石头。西西弗推石头。西西弗推石头。,ancestor-chain-seed2-u+2,ancestor-chain,"2,17,24,28,30",5,23,2.0,1.4782804393374118,4.47213595499958,0.0052721500396728516,8,0.007375685498118401,26,15,4.0263872146606445,0,"The company is a new product in the West Virginia, which is a new product"
sisyphus-repeat4,西西弗推石头。西西弗推石头。西西弗推石头。西西弗推石头。,off-path-seed2-u+2,off-path-matched,"0,1,3,4,5",5,23,2.0,1.4782804393374118,4.47213595499958,0.0029082894325256348,5,0.006515569519251585,26,15,0.7805986404418945,0,"The company is a new product that is in the name of the WestJet,"
sisyphus-repeat4,西西弗推石头。西西弗推石头。西西弗推石头。西西弗推石头。,ancestor-chain-seed3-u+2,ancestor-chain,"3,17,24,28,30",5,23,2.0,1.4782804393374118,4.47213595499958,0.0038634538650512695,8,0.007927167229354382,26,15,4.242250442504883,0,"The company is a new product in the West Virginia, which is a new product"
sisyphus-repeat4,西西弗推石头。西西弗推石头。西西弗推石头。西西弗推石头。,off-path-seed3-u+2,off-path-matched,"0,1,2,4,5",5,23,2.0,1.4782804393374118,4.47213595499958,0.0031821727752685547,5,0.006564509589225054,26,15,0.7900750637054443,0,The company is a new product that has been a part of the world's
sisyphus-repeat4,西西弗推石头。西西弗推石头。西西弗推石头。西西弗推石头。,ancestor-chain-seed4-u+2,ancestor-chain,"4,18,25,28,30",5,23,2.0,1.4782804393374118,4.47213595499958,0.010156452655792236,7,0.008398492820560932,26,15,4.768045425415039,0,The Westinberg has been a part of the world's most prestigious universities
sisyphus-repeat4,西西弗推石头。西西弗推石头。西西弗推石头。西西弗推石头。,off-path-seed4-u+2,off-path-matched,"0,1,2,3,5",5,23,2.0,1.4782804393374118,4.47213595499958,0.0030010342597961426,5,0.006429503671824932,26,15,0.9811816215515137,0,The company is a new product that is in the west of the West. It
sisyphus-repeat4,西西弗推石头。西西弗推石头。西西弗推石头。西西弗推石头。,ancestor-chain-seed5-u+2,ancestor-chain,"5,18,25,28,30",5,23,2.0,1.4782804393374118,4.47213595499958,0.017690658569335938,7,0.008174999617040157,26,15,4.884182929992676,0,The Westinberg has been a part of the world's most prestigious product
sisyphus-repeat4,西西弗推石头。西西弗推石头。西西弗推石头。西西弗推石头。,off-path-seed5-u+2,off-path-matched,"0,1,2,3,4",5,23,2.0,1.4782804393374118,4.47213595499958,0.002715766429901123,5,0.0064763156697154045,26,15,0.9751615524291992,0,The company is a new product that is in the west of the West. It
sisyphus-repeat4,西西弗推石头。西西弗推石头。西西弗推石头。西西弗推石头。,ancestor-chain-seed6-u+2,ancestor-chain,"6,19,25,28,30",5,23,2.0,1.4782804393374118,4.47213595499958,0.009080648422241211,6,0.008866487070918083,26,15,5.32486629486084,0,The Westinformed the westward-circle-Best Western
sisyphus-repeat4,西西弗推石头。西西弗推石头。西西弗推石头。西西弗推石头。,off-path-seed6-u+2,off-path-matched,"0,1,2,3,4",5,23,2.0,1.4782804393374118,4.47213595499958,0.002715766429901123,5,0.0064763156697154045,26,15,0.9751615524291992,0,The company is a new product that is in the west of the West. It
sisyphus-repeat4,西西弗推石头。西西弗推石头。西西弗推石头。西西弗推石头。,ancestor-chain-seed7-u+2,ancestor-chain,"7,19,25,28,30",5,23,2.0,1.4782804393374118,4.47213595499958,0.007892906665802002,6,0.008822277188301086,26,15,5.016267776489258,0,"The West is a new product. The company's name is a new,"
sisyphus-repeat4,西西弗推石头。西西弗推石头。西西弗推石头。西西弗推石头。,off-path-seed7-u+2,off-path-matched,"0,1,2,3,4",5,23,2.0,1.4782804393374118,4.47213595499958,0.002715766429901123,5,0.0064763156697154045,26,15,0.9751615524291992,0,The company is a new product that is in the west of the West. It
sisyphus-repeat4,西西弗推石头。西西弗推石头。西西弗推石头。西西弗推石头。,ancestor-chain-seed8-u+2,ancestor-chain,"8,20,26,30",4,23,2.0,1.4782804393374118,4.0,0.00042450428009033203,5,0.011267141439020634,26,15,6.063867568969727,0,"The company's name is a world-classical, a new, and"
sisyphus-repeat4,西西弗推石头。西西弗推石头。西西弗推石头。西西弗推石头。,off-path-seed8-u+2,off-path-matched,"0,1,2,3",4,23,2.0,1.4782804393374118,4.0,0.0025169849395751953,5,0.006435845512896776,26,15,0.9015002250671387,0,"The company is a good example of the company's name, the world'"
sisyphus-repeat4,西西弗推石头。西西弗推石头。西西弗推石头。西西弗推石头。,ancestor-chain-seed9-u+2,ancestor-chain,"9,20,26,30",4,23,2.0,1.4782804393374118,4.0,0.000444948673248291,5,0.010881097055971622,26,15,5.824390411376953,0,"The company's name is a world-classical, a new, and"
sisyphus-repeat4,西西弗推石头。西西弗推石头。西西弗推石头。西西弗推石头。,off-path-seed9-u+2,off-path-matched,"0,1,2,3",4,23,2.0,1.4782804393374118,4.0,0.0025169849395751953,5,0.006435845512896776,26,15,0.9015002250671387,0,"The company is a good example of the company's name, the world'"
sisyphus-repeat4,西西弗推石头。西西弗推石头。西西弗推石头。西西弗推石头。,ancestor-chain-seed10-u+2,ancestor-chain,"10,21,26,30",4,23,2.0,1.4782804393374118,4.0,0.0004188418388366699,5,0.010312110185623169,26,15,6.010519981384277,0,"The company's name is a world-classical, a new, and"
sisyphus-repeat4,西西弗推石头。西西弗推石头。西西弗推石头。西西弗推石头。,off-path-seed10-u+2,off-path-matched,"0,1,2,3",4,23,2.0,1.4782804393374118,4.0,0.0025169849395751953,5,0.006435845512896776,26,15,0.9015002250671387,0,"The company is a good example of the company's name, the world'"
sisyphus-repeat4,西西弗推石头。西西弗推石头。西西弗推石头。西西弗推石头。,ancestor-chain-seed11-u+2,ancestor-chain,"11,21,26,30",4,23,2.0,1.4782804393374118,4.0,0.0004315376281738281,5,0.010317427106201649,26,15,5.854612350463867,0,"The company's name is a world-classical, a new, and"
sisyphus-repeat4,西西弗推石头。西西弗推石头。西西弗推石头。西西弗推石头。,off-path-seed11-u+2,off-path-matched,"0,1,2,3",4,23,2.0,1.4782804393374118,4.0,0.0025169849395751953,5,0.006435845512896776,26,15,0.9015002250671387,0,"The company is a good example of the company's name, the world'"
sisyphus-repeat4,西西弗推石头。西西弗推石头。西西弗推石头。西西弗推石头。,uniform-all-u+4,uniform-all,"0,1,2,3,4,5,6,7,8,9,10,11,16,17,18,19,20,21,24,25,26,28,30",23,23,4.0,1.4995921371300496,19.183326093250876,0.010547459125518799,6,0.011448276229202747,26,15,7.893579959869385,0,"The name of the West, the west-s of the American-style d"
sisyphus-repeat4,西西弗推石头。西西弗推石头。西西弗推石头。西西弗推石头。,fine-jump-m0n0-u+4,fine-jump,0,1,23,4.0,1.4995921371300496,4.0,0.0021373629570007324,6,0.006636139005422592,26,15,0.7637929916381836,0,"The company's name is the world's most famous for its customers,"
sisyphus-repeat4,西西弗推石头。西西弗推石头。西西弗推石头。西西弗推石头。,fine-jump-m0n1-u+4,fine-jump,1,1,23,4.0,1.4995921371300496,4.0,0.0026949644088745117,6,0.00651090731844306,26,15,0.3504423499107361,0,"The company's name is a new product, which is a kind of a"
sisyphus-repeat4,西西弗推石头。西西弗推石头。西西弗推石头。西西弗推石头。,fine-jump-m0n2-u+4,fine-jump,2,1,23,4.0,1.4995921371300496,4.0,0.0027781128883361816,6,0.006607993971556425,26,15,0.29443883895874023,0,"The company's name is a new product, which is a kind of a"
sisyphus-repeat4,西西弗推石头。西西弗推石头。西西弗推石头。西西弗推石头。,fine-jump-m0n3-u+4,fine-jump,3,1,23,4.0,1.4995921371300496,4.0,0.002588629722595215,6,0.006536210887134075,26,15,0.33177947998046875,0,"The company is a good example of the company's name, the world'"
sisyphus-repeat4,西西弗推石头。西西弗推石头。西西弗推石头。西西弗推石头。,fine-jump-m0n4-u+4,fine-jump,4,1,23,4.0,1.4995921371300496,4.0,0.0026878714561462402,6,0.006642770022153854,26,15,0.2722494602203369,0,"The company's name is a new product, which is a kind of a"
sisyphus-repeat4,西西弗推石头。西西弗推石头。西西弗推石头。西西弗推石头。,fine-jump-m0n5-u+4,fine-jump,5,1,23,4.0,1.4995921371300496,4.0,0.002960205078125,6,0.006618950515985489,26,15,0.26162290573120117,0,"The company is a good example of the company's name, the world'"
sisyphus-repeat4,西西弗推石头。西西弗推石头。西西弗推石头。西西弗推石头。,fine-jump-m0n6-u+4,fine-jump,6,1,23,4.0,1.4995921371300496,4.0,0.003204822540283203,6,0.0067721763625741005,26,15,0.4188241958618164,0,The Westin is a new one-to-one-the-meter
sisyphus-repeat4,西西弗推石头。西西弗推石头。西西弗推石头。西西弗推石头。,fine-jump-m0n7-u+4,fine-jump,7,1,23,4.0,1.4995921371300496,4.0,0.003035426139831543,6,0.006787282880395651,26,15,0.47522902488708496,0,The Westin is a new one-to-one-the-meter
sisyphus-repeat4,西西弗推石头。西西弗推石头。西西弗推石头。西西弗推石头。,fine-jump-m0n8-u+4,fine-jump,8,1,23,4.0,1.4995921371300496,4.0,0.0019921064376831055,6,0.007131657563149929,26,15,0.8388004302978516,0,"The company is a good example of the company's name, the world'"
sisyphus-repeat4,西西弗推石头。西西弗推石头。西西弗推石头。西西弗推石头。,fine-jump-m0n9-u+4,fine-jump,9,1,23,4.0,1.4995921371300496,4.0,0.0021187663078308105,6,0.007026380393654108,26,15,0.680325984954834,0,"The company is a good example of the company's name, the world'"
sisyphus-repeat4,西西弗推石头。西西弗推石头。西西弗推石头。西西弗推石头。,fine-jump-m0n10-u+4,fine-jump,10,1,23,4.0,1.4995921371300496,4.0,0.0021628737449645996,6,0.006888412404805422,26,15,0.7260808944702148,0,"The company's name is a new product, which is a kind of a"
sisyphus-repeat4,西西弗推石头。西西弗推石头。西西弗推石头。西西弗推石头。,fine-jump-m0n11-u+4,fine-jump,11,1,23,4.0,1.4995921371300496,4.0,0.0022057294845581055,6,0.006995899137109518,26,15,0.6506285667419434,0,"The company's name is the world's most famous for its name,"
sisyphus-repeat4,西西弗推石头。西西弗推石头。西西弗推石头。西西弗推石头。,upper-jump-m1n0-u+4,upper-jump,16,1,23,4.0,1.4995921371300496,4.0,0.002199113368988037,6,0.006540630478411913,26,15,0.8200249671936035,0,"The company's name is the world's most famous for its customers,"
sisyphus-repeat4,西西弗推石头。西西弗推石头。西西弗推石头。西西弗推石头。,upper-jump-m1n1-u+4,upper-jump,17,1,23,4.0,1.4995921371300496,4.0,0.002630174160003662,6,0.006450842134654522,26,15,0.5984268188476562,0,"The company is a good example of the company's name, the world'"
sisyphus-repeat4,西西弗推石头。西西弗推石头。西西弗推石头。西西弗推石头。,upper-jump-m1n2-u+4,upper-jump,18,1,23,4.0,1.4995921371300496,4.0,0.0032263994216918945,5,0.006674131844192743,26,15,0.4391825497150421,0,"The company's name is a new product, which is a kind of a"
sisyphus-repeat4,西西弗推石头。西西弗推石头。西西弗推石头。西西弗推石头。,upper-jump-m1n3-u+4,upper-jump,19,1,23,4.0,1.4995921371300496,4.0,0.0032407641410827637,6,0.006906488444656134,26,15,0.8896045684814453,0,The Westin is a new one-to-one-the-meter
sisyphus-repeat4,西西弗推石头。西西弗推石头。西西弗推石头。西西弗推石头。,upper-jump-m1n4-u+4,upper-jump,20,1,23,4.0,1.4995921371300496,4.0,0.0017043352127075195,6,0.0071931686252355576,26,15,1.3379545211791992,0,The company's name is the world's most famous for its customers.
sisyphus-repeat4,西西弗推石头。西西弗推石头。西西弗推石头。西西弗推石头。,upper-jump-m1n5-u+4,upper-jump,21,1,23,4.0,1.4995921371300496,4.0,0.0017775893211364746,6,0.00704603549093008,26,15,1.3432111740112305,0,The company's name is the world's most famous for its customers.
sisyphus-repeat4,西西弗推石头。西西弗推石头。西西弗推石头。西西弗推石头。,upper-jump-m2n0-u+4,upper-jump,24,1,23,4.0,1.4995921371300496,4.0,0.0024757981300354004,5,0.006369595415890217,26,15,0.894444465637207,0,"The company is a good example of the company's name, the world'"
sisyphus-repeat4,西西弗推石头。西西弗推石头。西西弗推石头。西西弗推石头。,upper-jump-m2n1-u+4,upper-jump,25,1,23,4.0,1.4995921371300496,4.0,0.004200339317321777,5,0.0068572526797652245,26,15,1.110090732574463,0,The Westin is a new one-to-one-the-meter
sisyphus-repeat4,西西弗推石头。西西弗推石头。西西弗推石头。西西弗推石头。,upper-jump-m2n2-u+4,upper-jump,26,1,23,4.0,1.4995921371300496,4.0,0.0011678338050842285,5,0.006789482198655605,26,15,2.2229127883911133,0,The company's name is the world's most famous for its customers.
sisyphus-repeat4,西西弗推石头。西西弗推石头。西西弗推石头。西西弗推石头。,upper-jump-m3n0-u+4,upper-jump,28,1,23,4.0,1.4995921371300496,4.0,0.00459742546081543,6,0.006317351013422012,26,15,1.425060510635376,0,The Westin is a new one-to-one-the-mech
sisyphus-repeat4,西西弗推石头。西西弗推石头。西西弗推石头。西西弗推石头。,upper-jump-m4n0-u+4,upper-jump,30,1,23,4.0,1.4995921371300496,4.0,0.002228260040283203,6,0.006464911159127951,26,15,0.6473073959350586,0,"The company's name is a new product, which is a kind of a"
sisyphus-repeat4,西西弗推石头。西西弗推石头。西西弗推石头。西西弗推石头。,ancestor-chain-seed0-u+4,ancestor-chain,"0,16,24,28,30",5,23,4.0,1.4995921371300496,8.94427190999916,0.0020131468772888184,8,0.0073677897453308105,26,15,4.343732833862305,0,"The company is a new product in the West Virginia, which is the most important"
sisyphus-repeat4,西西弗推石头。西西弗推石头。西西弗推石头。西西弗推石头。,off-path-seed0-u+4,off-path-matched,"1,2,3,4,5",5,23,4.0,1.4995921371300496,8.94427190999916,0.0038754940032958984,6,0.006525196135044098,26,15,1.064742088317871,0,The company is a new product that has been a part of the world's
sisyphus-repeat4,西西弗推石头。西西弗推石头。西西弗推石头。西西弗推石头。,ancestor-chain-seed1-u+4,ancestor-chain,"1,16,24,28,30",5,23,4.0,1.4995921371300496,8.94427190999916,0.0035791397094726562,8,0.007710084784775972,26,15,4.162988662719727,0,The first-evere-degree-predictive of the
sisyphus-repeat4,西西弗推石头。西西弗推石头。西西弗推石头。西西弗推石头。,off-path-seed1-u+4,off-path-matched,"0,2,3,4,5",5,23,4.0,1.4995921371300496,8.94427190999916,0.00305020809173584,5,0.006532350089401007,26,15,0.8581075668334961,0,"The company is a new product that is in the name of the WestJet,"
sisyphus-repeat4,西西弗推石头。西西弗推石头。西西弗推石头。西西弗推石头。,ancestor-chain-seed2-u+4,ancestor-chain,"2,17,24,28,30",5,23,4.0,1.4995921371300496,8.94427190999916,0.005315184593200684,8,0.0075592659413814545,26,15,4.156493663787842,0,"The company is a new product in the West Virginia, which is a new product"
sisyphus-repeat4,西西弗推石头。西西弗推石头。西西弗推石头。西西弗推石头。,off-path-seed2-u+4,off-path-matched,"0,1,3,4,5",5,23,4.0,1.4995921371300496,8.94427190999916,0.0029549002647399902,5,0.006514105014503002,26,15,0.8120508193969727,0,"The company is a new product that is in the name of the WestJet,"
sisyphus-repeat4,西西弗推石头。西西弗推石头。西西弗推石头。西西弗推石头。,ancestor-chain-seed3-u+4,ancestor-chain,"3,17,24,28,30",5,23,4.0,1.4995921371300496,8.94427190999916,0.0038121938705444336,8,0.008184239268302917,26,15,4.357964515686035,0,"The company is a new product in the West Virginia, which is a new product"
sisyphus-repeat4,西西弗推石头。西西弗推石头。西西弗推石头。西西弗推石头。,off-path-seed3-u+4,off-path-matched,"0,1,2,4,5",5,23,4.0,1.4995921371300496,8.94427190999916,0.0032492876052856445,5,0.006563608534634113,26,15,0.8178995251655579,0,The company is a new product that has been a part of the world's
sisyphus-repeat4,西西弗推石头。西西弗推石头。西西弗推石头。西西弗推石头。,ancestor-chain-seed4-u+4,ancestor-chain,"4,18,25,28,30",5,23,4.0,1.4995921371300496,8.94427190999916,0.01063692569732666,7,0.008516170084476471,26,15,5.065595626831055,0,The Westinberg has been a part of the world's most prestigious universities
sisyphus-repeat4,西西弗推石头。西西弗推石头。西西弗推石头。西西弗推石头。,off-path-seed4-u+4,off-path-matched,"0,1,2,3,5",5,23,4.0,1.4995921371300496,8.94427190999916,0.0030461549758911133,5,0.006421247031539679,26,15,1.02099609375,0,The company is a new product that is in the west of the West. It
sisyphus-repeat4,西西弗推石头。西西弗推石头。西西弗推石头。西西弗推石头。,ancestor-chain-seed5-u+4,ancestor-chain,"5,18,25,28,30",5,23,4.0,1.4995921371300496,8.94427190999916,0.01923656463623047,7,0.008277952671051025,26,15,5.179278373718262,0,The Westinberg has been a part of the world's most prestigious product
sisyphus-repeat4,西西弗推石头。西西弗推石头。西西弗推石头。西西弗推石头。,off-path-seed5-u+4,off-path-matched,"0,1,2,3,4",5,23,4.0,1.4995921371300496,8.94427190999916,0.0027388334274291992,5,0.00647039245814085,26,15,1.013831615447998,0,The company is a new product that is in the west of the West. It
sisyphus-repeat4,西西弗推石头。西西弗推石头。西西弗推石头。西西弗推石头。,ancestor-chain-seed6-u+4,ancestor-chain,"6,19,25,28,30",5,23,4.0,1.4995921371300496,8.94427190999916,0.009399950504302979,6,0.008916938677430153,26,15,5.57695198059082,0,The Westinformed the westward-circle-Best Western
sisyphus-repeat4,西西弗推石头。西西弗推石头。西西弗推石头。西西弗推石头。,off-path-seed6-u+4,off-path-matched,"0,1,2,3,4",5,23,4.0,1.4995921371300496,8.94427190999916,0.0027388334274291992,5,0.00647039245814085,26,15,1.013831615447998,0,The company is a new product that is in the west of the West. It
sisyphus-repeat4,西西弗推石头。西西弗推石头。西西弗推石头。西西弗推石头。,ancestor-chain-seed7-u+4,ancestor-chain,"7,19,25,28,30",5,23,4.0,1.4995921371300496,8.94427190999916,0.008137881755828857,6,0.008982972241938114,26,15,5.265563011169434,0,"The West is a new product. The company's name is a new,"
sisyphus-repeat4,西西弗推石头。西西弗推石头。西西弗推石头。西西弗推石头。,off-path-seed7-u+4,off-path-matched,"0,1,2,3,4",5,23,4.0,1.4995921371300496,8.94427190999916,0.0027388334274291992,5,0.00647039245814085,26,15,1.013831615447998,0,The company is a new product that is in the west of the West. It
sisyphus-repeat4,西西弗推石头。西西弗推石头。西西弗推石头。西西弗推石头。,ancestor-chain-seed8-u+4,ancestor-chain,"8,20,26,30",4,23,4.0,1.4995921371300496,8.0,0.0004094839096069336,5,0.011522968299686909,26,15,6.238163948059082,0,"The first-sided by the West, the world's largest online-"
sisyphus-repeat4,西西弗推石头。西西弗推石头。西西弗推石头。西西弗推石头。,off-path-seed8-u+4,off-path-matched,"0,1,2,3",4,23,4.0,1.4995921371300496,8.0,0.0025171637535095215,5,0.006426231935620308,26,15,0.9388728141784668,0,"The company is a good example of the company's name, the world'"
sisyphus-repeat4,西西弗推石头。西西弗推石头。西西弗推石头。西西弗推石头。,ancestor-chain-seed9-u+4,ancestor-chain,"9,20,26,30",4,23,4.0,1.4995921371300496,8.0,0.0004290938377380371,5,0.011124322190880775,26,15,6.012775421142578,0,"The first-sided by the West, the world's largest online-"
sisyphus-repeat4,西西弗推石头。西西弗推石头。西西弗推石头。西西弗推石头。,off-path-seed9-u+4,off-path-matched,"0,1,2,3",4,23,4.0,1.4995921371300496,8.0,0.0025171637535095215,5,0.006426231935620308,26,15,0.9388728141784668,0,"The company is a good example of the company's name, the world'"
sisyphus-repeat4,西西弗推石头。西西弗推石头。西西弗推石头。西西弗推石头。,ancestor-chain-seed10-u+4,ancestor-chain,"10,21,26,30",4,23,4.0,1.4995921371300496,8.0,0.0004037022590637207,5,0.010545331984758377,26,15,6.234409332275391,0,"The first-sided by the West, the world's largest online-"
sisyphus-repeat4,西西弗推石头。西西弗推石头。西西弗推石头。西西弗推石头。,off-path-seed10-u+4,off-path-matched,"0,1,2,3",4,23,4.0,1.4995921371300496,8.0,0.0025171637535095215,5,0.006426231935620308,26,15,0.9388728141784668,0,"The company is a good example of the company's name, the world'"
sisyphus-repeat4,西西弗推石头。西西弗推石头。西西弗推石头。西西弗推石头。,ancestor-chain-seed11-u+4,ancestor-chain,"11,21,26,30",4,23,4.0,1.4995921371300496,8.0,0.00041550397872924805,6,0.010552579537034035,26,15,6.082242965698242,0,"The first-sided by the West, the world's largest online-"
sisyphus-repeat4,西西弗推石头。西西弗推石头。西西弗推石头。西西弗推石头。,off-path-seed11-u+4,off-path-matched,"0,1,2,3",4,23,4.0,1.4995921371300496,8.0,0.0025171637535095215,5,0.006426231935620308,26,15,0.9388728141784668,0,"The company is a good example of the company's name, the world'"
