intervention,channel,decode_step,tree_depth,js,max_abs_delta,baseline_argmax,pulse_argmax,branch_flip,baseline_entropy,pulse_entropy
base-coord0-eps+0.1,base,0,0,0.0,0.0,0,0,0,-0.0,-0.0
base-coord0-eps+0.1,base,0,1,0.0,0.0,0,0,0,2.7631020735330303e-11,2.7631020735330303e-11
base-coord0-eps+0.1,base,0,2,3.449444193392992e-06,0.0024756789207458496,0,0,0,0.6373838186264038,0.6390720009803772
base-coord0-eps+0.1,base,0,3,7.607071893289685e-06,0.003887474536895752,0,0,0,0.9930499792098999,0.9958241581916809
base-coord0-eps+0.1,base,0,4,7.661903509870172e-06,0.0032634735107421875,0,0,0,1.5890429019927979,1.592750072479248
base-coord0-eps+0.1,base,0,5,7.940339855849743e-06,0.002744048833847046,0,0,0,2.2367615699768066,2.241168975830078
base-coord0-eps+0.1,base,1,0,0.0,0.0,0,0,0,-0.0,-0.0
base-coord0-eps+0.1,base,1,1,0.0,0.0,0,0,0,2.7631020735330303e-11,2.7631020735330303e-11
base-coord0-eps+0.1,base,1,2,3.566686064004898e-05,0.007792443037033081,0,0,0,0.6139586567878723,0.6202818155288696
base-coord0-eps+0.1,base,1,3,6.530701648443937e-05,0.011398494243621826,0,0,0,0.9895931482315063,0.9981135129928589
base-coord0-eps+0.1,base,1,4,7.430464029312134e-05,0.00929918885231018,0,0,0,1.6770100593566895,1.6861000061035156
base-coord0-eps+0.1,base,1,5,7.450103294104338e-05,0.004799976944923401,2,2,0,2.355576276779175,2.364861488342285
base-coord0-eps+0.1,base,2,0,0.0,0.0,0,0,0,-0.0,-0.0
base-coord0-eps+0.1,base,2,1,0.0,0.0,0,0,0,2.7631020735330303e-11,2.7631020735330303e-11
base-coord0-eps+0.1,base,2,2,3.937631845474243e-05,0.008023500442504883,0,0,0,0.5945155620574951,0.6018692255020142
base-coord0-eps+0.1,base,2,3,7.031671702861786e-05,0.011743426322937012,0,0,0,1.0177161693572998,1.0259425640106201
base-coord0-eps+0.1,base,2,4,7.377710426226258e-05,0.009200602769851685,0,0,0,1.6899428367614746,1.6995049715042114
base-coord0-eps+0.1,base,2,5,7.403333438560367e-05,0.005511045455932617,1,1,0,2.3639636039733887,2.373772382736206
base-coord0-eps+0.1,base,3,0,0.0,0.0,0,0,0,-0.0,-0.0
base-coord0-eps+0.1,base,3,1,0.0,0.0,0,0,0,2.7631020735330303e-11,2.7631020735330303e-11
base-coord0-eps+0.1,base,3,2,3.0135503038764e-05,0.007476508617401123,0,0,0,0.6537303924560547,0.6578935980796814
base-coord0-eps+0.1,base,3,3,5.079875700175762e-05,0.00989040732383728,0,0,0,1.049169898033142,1.0524272918701172
base-coord0-eps+0.1,base,3,4,5.248398520052433e-05,0.0076615214347839355,0,0,0,1.7113738059997559,1.715993881225586
base-coord0-eps+0.1,base,3,5,5.2744930144399405e-05,0.005341857671737671,1,1,0,2.3707430362701416,2.376044273376465
base-coord0-eps+0.1,base,4,0,0.0,0.0,0,0,0,-0.0,-0.0
base-coord0-eps+0.1,base,4,1,0.0,0.0,0,0,0,2.7631020735330303e-11,2.7631020735330303e-11
base-coord0-eps+0.1,base,4,2,1.5665311366319656e-05,0.005187332630157471,0,0,0,0.6177819967269897,0.6219093799591064
base-coord0-eps+0.1,base,4,3,2.628532820381224e-05,0.00713154673576355,0,0,0,1.039624571800232,1.0435254573822021
base-coord0-eps+0.1,base,4,4,2.869014861062169e-05,0.005737602710723877,0,0,0,1.7085907459259033,1.713557481765747
base-coord0-eps+0.1,base,4,5,2.8971961000934243e-05,0.004727810621261597,1,1,0,2.3293819427490234,2.335829496383667
base-coord0-eps+0.1,base,5,0,0.0,0.0,0,0,0,-0.0,-0.0
base-coord0-eps+0.1,base,5,1,0.0,0.0,0,0,0,2.7631020735330303e-11,2.7631020735330303e-11
base-coord0-eps+0.1,base,5,2,3.252783790230751e-05,0.008037328720092773,0,0,0,0.6890344023704529,0.6903650760650635
base-coord0-eps+0.1,base,5,3,4.814846033696085e-05,0.008890151977539062,2,2,0,1.053797960281372,1.051469326019287
base-coord0-eps+0.1,base,5,4,5.461773253045976e-05,0.006182223558425903,1,1,0,1.6563072204589844,1.6541392803192139
base-coord0-eps+0.1,base,5,5,5.473462806548923e-05,0.004529058933258057,2,2,0,2.301750659942627,2.301215648651123
base-coord0-eps+0.1,base,6,0,0.0,0.0,0,0,0,-0.0,-0.0
base-coord0-eps+0.1,base,6,1,0.0,0.0,0,0,0,2.7631020735330303e-11,2.7631020735330303e-11
base-coord0-eps+0.1,base,6,2,3.466499038040638e-05,0.00832444429397583,0,0,0,0.6923111081123352,0.6928534507751465
base-coord0-eps+0.1,base,6,3,5.1405189879005775e-05,0.00832444429397583,2,2,0,1.0525593757629395,1.0469143390655518
base-coord0-eps+0.1,base,6,4,5.986190808471292e-05,0.005731627345085144,5,5,0,1.6711277961730957,1.6656408309936523
base-coord0-eps+0.1,base,6,5,6.0048478189855814e-05,0.0037203431129455566,2,2,0,2.3368308544158936,2.332615375518799
base-coord0-eps+0.1,base,7,0,0.0,0.0,0,0,0,-0.0,-0.0
base-coord0-eps+0.1,base,7,1,0.0,0.0,0,0,0,2.7631020735330303e-11,2.7631020735330303e-11
base-coord0-eps+0.1,base,7,2,1.998874358832836e-05,0.005795150995254517,0,0,0,0.6086922883987427,0.6135928630828857
base-coord0-eps+0.1,base,7,3,3.507663495838642e-05,0.00791129469871521,0,0,0,1.0854361057281494,1.087897539138794
base-coord0-eps+0.1,base,7,4,4.334008553996682e-05,0.0044324398040771484,1,1,0,1.7331006526947021,1.7348084449768066
base-coord0-eps+0.1,base,7,5,4.360056482255459e-05,0.0040164515376091,2,2,0,2.3553595542907715,2.3590004444122314
base-coord0-eps+0.1,base,8,0,0.0,0.0,0,0,0,-0.0,-0.0
base-coord0-eps+0.1,base,8,1,0.0,0.0,0,0,0,2.7631020735330303e-11,2.7631020735330303e-11
base-coord0-eps+0.1,base,8,2,1.935905311256647e-05,0.005562484264373779,0,0,0,0.585580587387085,0.5909693241119385
base-coord0-eps+0.1,base,8,3,3.63878789357841e-05,0.008149057626724243,0,0,0,1.0789787769317627,1.0822376012802124
base-coord0-eps+0.1,base,8,4,4.782486939802766e-05,0.00434507429599762,1,1,0,1.6958112716674805,1.6977880001068115
base-coord0-eps+0.1,base,8,5,4.821165930479765e-05,0.003956466913223267,2,2,0,2.3291659355163574,2.3329291343688965
base-coord0-eps+0.1,base,9,0,0.0,0.0,0,0,0,-0.0,-0.0
base-coord0-eps+0.1,base,9,1,0.0,0.0,0,0,0,2.7631020735330303e-11,2.7631020735330303e-11
base-coord0-eps+0.1,base,9,2,6.590504199266434e-06,0.002962246537208557,0,0,0,0.5129351615905762,0.5168472528457642
base-coord0-eps+0.1,base,9,3,7.95235246187076e-06,0.0033010244369506836,0,0,0,1.0241734981536865,1.0270230770111084
base-coord0-eps+0.1,base,9,4,1.0655072401277721e-05,0.0016676709055900574,1,1,0,1.6281479597091675,1.6310980319976807
base-coord0-eps+0.1,base,9,5,1.093241007765755e-05,0.0014907345175743103,2,2,0,2.233487129211426,2.2371253967285156
base-coord0-eps+0.1,base,10,0,0.0,0.0,0,0,0,-0.0,-0.0
base-coord0-eps+0.1,base,10,1,0.0,0.0,0,0,0,2.7631020735330303e-11,2.7631020735330303e-11
base-coord0-eps+0.1,base,10,2,1.8920167349278927e-05,0.00550428032875061,0,0,0,0.5875202417373657,0.5927987694740295
base-coord0-eps+0.1,base,10,3,2.146422048099339e-05,0.00550428032875061,0,0,0,1.0865856409072876,1.0884677171707153
base-coord0-eps+0.1,base,10,4,2.2725900635123253e-05,0.0038257837295532227,1,1,0,1.6617393493652344,1.6651073694229126
base-coord0-eps+0.1,base,10,5,2.2954453015699983e-05,0.0023164302110671997,2,2,0,2.32112455368042,2.324878215789795
base-coord0-eps+0.1,base,11,0,0.0,0.0,0,0,0,-0.0,-0.0
base-coord0-eps+0.1,base,11,1,0.0,0.0,0,0,0,2.7631020735330303e-11,2.7631020735330303e-11
base-coord0-eps+0.1,base,11,2,1.6053905710577965e-05,0.0046599507331848145,0,0,0,0.5179011225700378,0.5239269733428955
base-coord0-eps+0.1,base,11,3,2.6685651391744614e-05,0.006849139928817749,0,0,0,1.04121732711792,1.0460141897201538
base-coord0-eps+0.1,base,11,4,2.8040260076522827e-05,0.004623055458068848,1,1,0,1.6084396839141846,1.6138312816619873
base-coord0-eps+0.1,base,11,5,2.8161077352706343e-05,0.0028416216373443604,2,2,0,2.2561488151550293,2.261932373046875
base-coord0-eps+0.1,base,12,0,0.0,0.0,0,0,0,-0.0,-0.0
base-coord0-eps+0.1,base,12,1,0.0,0.0,0,0,0,2.7631020735330303e-11,2.7631020735330303e-11
base-coord0-eps+0.1,base,12,2,1.4876015484333038e-05,0.005206644535064697,0,0,0,0.6459688544273376,0.6491866111755371
base-coord0-eps+0.1,base,12,3,2.3118867829907686e-05,0.005684375762939453,2,2,0,1.0968503952026367,1.0960259437561035
base-coord0-eps+0.1,base,12,4,2.7153422706760466e-05,0.0042306482791900635,1,1,0,1.6702508926391602,1.670249581336975
base-coord0-eps+0.1,base,12,5,2.7417561796028167e-05,0.00262412428855896,2,2,0,2.3357419967651367,2.336153984069824
base-coord0-eps+0.1,base,13,0,0.0,0.0,0,0,0,-0.0,-0.0
base-coord0-eps+0.1,base,13,1,0.0,0.0,0,0,0,2.7631020735330303e-11,2.7631020735330303e-11
base-coord0-eps+0.1,base,13,2,1.7628888599574566e-05,0.005850046873092651,0,0,0,0.6759723424911499,0.678088903427124
base-coord0-eps+0.1,base,13,3,2.63158290181309e-05,0.005850046873092651,2,2,0,1.053755760192871,1.0500540733337402
base-coord0-eps+0.1,base,13,4,3.128423122689128e-05,0.0037335455417633057,2,2,0,1.6675952672958374,1.664501667022705
base-coord0-eps+0.1,base,13,5,3.158024628646672e-05,0.002216629683971405,4,8,1,2.346712589263916,2.3439698219299316
base-coord0-eps+0.1,base,14,0,0.0,0.0,0,0,0,-0.0,-0.0
base-coord0-eps+0.1,base,14,1,0.0,0.0,0,0,0,2.7631020735330303e-11,2.7631020735330303e-11
base-coord0-eps+0.1,base,14,2,9.9503668025136e-06,0.004448056221008301,0,0,0,0.6920446157455444,0.6924228668212891
base-coord0-eps+0.1,base,14,3,1.4132820069789886e-05,0.004448026418685913,2,2,0,1.0372376441955566,1.0335958003997803
base-coord0-eps+0.1,base,14,4,1.7834536265581846e-05,0.0022578686475753784,4,4,0,1.6922214031219482,1.6882009506225586
base-coord0-eps+0.1,base,14,5,1.81350733328145e-05,0.0012762844562530518,8,8,0,2.370516777038574,2.3666601181030273
base-coord0-eps+0.1,base,15,0,0.0,0.0,0,0,0,-0.0,-0.0
base-coord0-eps+0.1,base,15,1,0.0,0.0,0,0,0,2.7631020735330303e-11,2.7631020735330303e-11
base-coord0-eps+0.1,base,15,2,6.788759492337704e-06,0.003577291965484619,0,0,0,0.6660906076431274,0.6677510738372803
base-coord0-eps+0.1,base,15,3,1.3282086001709104e-05,0.004575580358505249,2,2,0,1.0927734375,1.0918059349060059
base-coord0-eps+0.1,base,15,4,1.6310281353071332e-05,0.0031452178955078125,1,1,0,1.6902343034744263,1.6895229816436768
base-coord0-eps+0.1,base,15,5,1.6583508113399148e-05,0.0017397552728652954,2,2,0,2.3602395057678223,2.359710454940796
base-coord0-eps+0.1,base,16,0,0.0,0.0,0,0,0,-0.0,-0.0
base-coord0-eps+0.1,base,16,1,0.0,0.0,0,0,0,2.7631020735330303e-11,2.7631020735330303e-11
base-coord0-eps+0.1,base,16,2,7.094931788742542e-06,0.003667473793029785,0,0,0,0.6695947051048279,0.6711775660514832
base-coord0-eps+0.1,base,16,3,1.4723773347213864e-05,0.004439502954483032,2,2,0,1.078802227973938,1.076678991317749
base-coord0-eps+0.1,base,16,4,1.855886512203142e-05,0.0028303414583206177,2,2,0,1.7054579257965088,1.703195333480835
base-coord0-eps+0.1,base,16,5,1.8713610188569874e-05,0.0014978796243667603,2,2,0,2.385063409805298,2.3830301761627197
base-coord0-eps+0.1,base,17,0,0.0,0.0,0,0,0,-0.0,-0.0
base-coord0-eps+0.1,base,17,1,0.0,0.0,0,0,0,2.7631020735330303e-11,2.7631020735330303e-11
base-coord0-eps+0.1,base,17,2,8.273636922240257e-07,0.0012659430503845215,0,0,0,0.6843732595443726,0.6847068667411804
base-coord0-eps+0.1,base,17,3,4.431523848325014e-06,0.0022797435522079468,2,2,0,1.0384639501571655,1.036560297012329
base-coord0-eps+0.1,base,17,4,7.176699000410736e-06,0.0014692321419715881,2,2,0,1.6847503185272217,1.6827495098114014
base-coord0-eps+0.1,base,17,5,7.333073881454766e-06,0.001019168645143509,4,4,0,2.3601768016815186,2.35821533203125
base-coord0-eps+0.1,base,18,0,0.0,0.0,0,0,0,-0.0,-0.0
base-coord0-eps+0.1,base,18,1,0.0,0.0,0,0,0,2.7631020735330303e-11,2.7631020735330303e-11
base-coord0-eps+0.1,base,18,2,1.0599251254461706e-08,6.031990051269531e-05,0,0,0,0.5948771238327026,0.5948207378387451
base-coord0-eps+0.1,base,18,3,7.990689482539892e-06,0.0033707916736602783,1,1,0,1.083418607711792,1.0823020935058594
base-coord0-eps+0.1,base,18,4,8.193892426788807e-06,0.002350717782974243,2,2,0,1.6826341152191162,1.6814796924591064
base-coord0-eps+0.1,base,18,5,8.280272595584393e-06,0.0014479607343673706,5,5,0,2.3505635261535645,2.3493008613586426
base-coord0-eps+0.1,base,19,0,0.0,0.0,0,0,0,-0.0,-0.0
base-coord0-eps+0.1,base,19,1,0.0,0.0,0,0,0,2.7631020735330303e-11,2.7631020735330303e-11
base-coord0-eps+0.1,base,19,2,3.849891072604805e-09,4.667043685913086e-05,0,0,0,0.6310474276542664,0.6310813426971436
base-coord0-eps+0.1,base,19,3,3.48465982824564e-06,0.002115309238433838,1,1,0,1.0745561122894287,1.0734071731567383
base-coord0-eps+0.1,base,19,4,4.115165211260319e-06,0.001354217529296875,2,2,0,1.7251291275024414,1.7242071628570557
base-coord0-eps+0.1,base,19,5,4.276022082194686e-06,0.0008971840143203735,5,5,0,2.390928268432617,2.3900034427642822
base-coord0-eps+0.1,base,20,0,0.0,0.0,0,0,0,-0.0,-0.0
base-coord0-eps+0.1,base,20,1,0.0,0.0,0,0,0,2.7631020735330303e-11,2.7631020735330303e-11
base-coord0-eps+0.1,base,20,2,6.38756318949163e-08,0.0004774928092956543,1,1,0,0.693016767501831,0.6930316686630249
base-coord0-eps+0.1,base,20,3,5.565641913563013e-06,0.002431422472000122,2,2,0,0.985754132270813,0.984082043170929
base-coord0-eps+0.1,base,20,4,7.199079846031964e-06,0.0014295130968093872,4,4,0,1.6687325239181519,1.666816234588623
base-coord0-eps+0.1,base,20,5,7.360547897405922e-06,0.000986628234386444,8,8,0,2.3491878509521484,2.347212553024292
base-coord0-eps+0.1,base,21,0,0.0,0.0,0,0,0,-0.0,-0.0
base-coord0-eps+0.1,base,21,1,0.0,0.0,0,0,0,2.7631020735330303e-11,2.7631020735330303e-11
base-coord0-eps+0.1,base,21,2,5.844049155712128e-07,0.001089543104171753,0,0,0,0.6555671095848083,0.6549555659294128
base-coord0-eps+0.1,base,21,3,5.954352673143148e-06,0.0032063722610473633,1,1,0,1.0817452669143677,1.0807311534881592
base-coord0-eps+0.1,base,21,4,6.19376078248024e-06,0.0019521117210388184,2,2,0,1.734731912612915,1.733723759651184
base-coord0-eps+0.1,base,21,5,6.269474397413433e-06,0.0012720972299575806,5,5,0,2.401118755340576,2.399944305419922
base-coord0-eps+0.1,base,22,0,0.0,0.0,0,0,0,-0.0,-0.0
base-coord0-eps+0.1,base,22,1,0.0,0.0,0,0,0,2.7631020735330303e-11,2.7631020735330303e-11
base-coord0-eps+0.1,base,22,2,6.917398422956467e-07,0.0011301636695861816,0,0,0,0.6413168907165527,0.6405665278434753
base-coord0-eps+0.1,base,22,3,2.160144504159689e-06,0.0020626485347747803,1,1,0,1.0751233100891113,1.074379324913025
base-coord0-eps+0.1,base,22,4,2.4206237867474556e-06,0.0010936111211776733,2,2,0,1.7520620822906494,1.751458764076233
base-coord0-eps+0.1,base,22,5,2.548731572460383e-06,0.0006978735327720642,5,5,0,2.4185540676116943,2.417823314666748
base-coord0-eps+0.1,base,23,0,0.0,0.0,0,0,0,-0.0,-0.0
base-coord0-eps+0.1,base,23,1,0.0,0.0,0,0,0,2.7631020735330303e-11,2.7631020735330303e-11
base-coord0-eps+0.1,base,23,2,1.852924469858408e-06,0.0019043385982513428,0,0,0,0.6769633293151855,0.6762650012969971
base-coord0-eps+0.1,base,23,3,2.09045538213104e-06,0.0019043385982513428,1,1,0,1.0280919075012207,1.0289454460144043
base-coord0-eps+0.1,base,23,4,2.680026227608323e-06,0.001024588942527771,2,2,0,1.7172539234161377,1.7180240154266357
base-coord0-eps+0.1,base,23,5,2.7936912374570966e-06,0.0006030425429344177,4,4,0,2.4022464752197266,2.402894973754883
base-coord0-eps+0.1,extra,0,0,0.0,0.0,0,0,0,-0.0,-0.0
base-coord0-eps+0.1,extra,0,1,0.0,0.0,0,0,0,2.7631020735330303e-11,2.7631020735330303e-11
base-coord0-eps+0.1,extra,0,2,0.0,0.0,0,0,0,0.6931471824645996,0.6931471824645996
base-coord0-eps+0.1,extra,0,3,0.0,0.0,2,2,0,1.039733648300171,1.039733648300171
base-coord0-eps+0.1,extra,0,4,0.0,0.0,4,4,0,1.7328808307647705,1.7328808307647705
base-coord0-eps+0.1,extra,0,5,0.0,0.0,8,8,0,2.426027774810791,2.426027774810791
base-coord0-eps+0.1,extra,1,0,0.0,0.0,0,0,0,-0.0,-0.0
base-coord0-eps+0.1,extra,1,1,0.0,0.0,0,0,0,2.7631020735330303e-11,2.7631020735330303e-11
base-coord0-eps+0.1,extra,1,2,0.0,0.0,0,0,0,0.6915340423583984,0.6915340423583984
base-coord0-eps+0.1,extra,1,3,0.0,0.0,2,2,0,1.0577495098114014,1.0577495098114014
base-coord0-eps+0.1,extra,1,4,0.0,0.0,5,5,0,1.749995231628418,1.749995231628418
base-coord0-eps+0.1,extra,1,5,0.0,0.0,11,11,0,2.4431004524230957,2.4431004524230957
base-coord0-eps+0.1,extra,2,0,0.0,0.0,0,0,0,-0.0,-0.0
base-coord0-eps+0.1,extra,2,1,0.0,0.0,0,0,0,2.7631020735330303e-11,2.7631020735330303e-11
base-coord0-eps+0.1,extra,2,2,0.0,0.0,1,1,0,0.6927227973937988,0.6927227973937988
base-coord0-eps+0.1,extra,2,3,0.0,0.0,2,2,0,1.0291842222213745,1.0291842222213745
base-coord0-eps+0.1,extra,2,4,0.0,0.0,4,4,0,1.7220839262008667,1.7220839262008667
base-coord0-eps+0.1,extra,2,5,0.0,0.0,9,9,0,2.415142297744751,2.415142297744751
base-coord0-eps+0.1,extra,3,0,0.0,0.0,0,0,0,-0.0,-0.0
base-coord0-eps+0.1,extra,3,1,0.0,0.0,0,0,0,2.7631020735330303e-11,2.7631020735330303e-11
base-coord0-eps+0.1,extra,3,2,0.0,0.0,1,1,0,0.691368818283081,0.691368818283081
base-coord0-eps+0.1,extra,3,3,0.0,0.0,2,2,0,1.0172319412231445,1.0172319412231445
base-coord0-eps+0.1,extra,3,4,0.0,0.0,4,4,0,1.708655595779419,1.708655595779419
base-coord0-eps+0.1,extra,3,5,0.0,0.0,9,9,0,2.4017515182495117,2.4017515182495117
base-coord0-eps+0.1,extra,4,0,0.0,0.0,0,0,0,-0.0,-0.0
base-coord0-eps+0.1,extra,4,1,0.0,0.0,0,0,0,2.7631020735330303e-11,2.7631020735330303e-11
base-coord0-eps+0.1,extra,4,2,0.0,0.0,1,1,0,0.693131685256958,0.693131685256958
base-coord0-eps+0.1,extra,4,3,0.0,0.0,2,2,0,1.0377744436264038,1.0377744436264038
base-coord0-eps+0.1,extra,4,4,0.0,0.0,4,4,0,1.730900764465332,1.730900764465332
base-coord0-eps+0.1,extra,4,5,0.0,0.0,10,10,0,2.424043655395508,2.424043655395508
base-coord0-eps+0.1,extra,5,0,0.0,0.0,0,0,0,-0.0,-0.0
base-coord0-eps+0.1,extra,5,1,0.0,0.0,0,0,0,2.7631020735330303e-11,2.7631020735330303e-11
base-coord0-eps+0.1,extra,5,2,0.0,0.0,1,1,0,0.6921248435974121,0.6921248435974121
base-coord0-eps+0.1,extra,5,3,0.0,0.0,2,2,0,1.0230004787445068,1.0230004787445068
base-coord0-eps+0.1,extra,5,4,0.0,0.0,4,4,0,1.7156126499176025,1.7156126499176025
base-coord0-eps+0.1,extra,5,5,0.0,0.0,9,9,0,2.4086222648620605,2.4086222648620605
base-coord0-eps+0.1,extra,6,0,0.0,0.0,0,0,0,-0.0,-0.0
base-coord0-eps+0.1,extra,6,1,0.0,0.0,0,0,0,2.7631020735330303e-11,2.7631020735330303e-11
base-coord0-eps+0.1,extra,6,2,0.0,0.0,1,1,0,0.6921038031578064,0.6921038031578064
base-coord0-eps+0.1,extra,6,3,0.0,0.0,2,2,0,1.022828459739685,1.022828459739685
base-coord0-eps+0.1,extra,6,4,0.0,0.0,4,4,0,1.715801477432251,1.715801477432251
base-coord0-eps+0.1,extra,6,5,0.0,0.0,9,9,0,2.408750534057617,2.408750534057617
base-coord0-eps+0.1,extra,7,0,0.0,0.0,0,0,0,-0.0,-0.0
base-coord0-eps+0.1,extra,7,1,0.0,0.0,0,0,0,2.7631020735330303e-11,2.7631020735330303e-11
base-coord0-eps+0.1,extra,7,2,0.0,0.0,1,1,0,0.6927980184555054,0.6927980184555054
base-coord0-eps+0.1,extra,7,3,0.0,0.0,2,2,0,1.0302042961120605,1.0302042961120605
base-coord0-eps+0.1,extra,7,4,0.0,0.0,4,4,0,1.7233229875564575,1.7233229875564575
base-coord0-eps+0.1,extra,7,5,0.0,0.0,9,9,0,2.416435718536377,2.416435718536377
base-coord0-eps+0.1,extra,8,0,0.0,0.0,0,0,0,-0.0,-0.0
base-coord0-eps+0.1,extra,8,1,0.0,0.0,0,0,0,2.7631020735330303e-11,2.7631020735330303e-11
base-coord0-eps+0.1,extra,8,2,0.0,0.0,0,0,0,0.6912452578544617,0.6912452578544617
base-coord0-eps+0.1,extra,8,3,0.0,0.0,2,2,0,1.0591470003128052,1.0591470003128052
base-coord0-eps+0.1,extra,8,4,0.0,0.0,5,5,0,1.750950574874878,1.750950574874878
base-coord0-eps+0.1,extra,8,5,0.0,0.0,11,11,0,2.4440855979919434,2.4440855979919434
base-coord0-eps+0.1,extra,9,0,0.0,0.0,0,0,0,-0.0,-0.0
base-coord0-eps+0.1,extra,9,1,0.0,0.0,0,0,0,2.7631020735330303e-11,2.7631020735330303e-11
base-coord0-eps+0.1,extra,9,2,0.0,0.0,0,0,0,0.6929070353507996,0.6929070353507996
base-coord0-eps+0.1,extra,9,3,0.0,0.0,2,2,0,1.047072410583496,1.047072410583496
base-coord0-eps+0.1,extra,9,4,0.0,0.0,5,5,0,1.74020254611969,1.74020254611969
base-coord0-eps+0.1,extra,9,5,0.0,0.0,11,11,0,2.4333043098449707,2.4333043098449707
base-coord0-eps+0.1,extra,10,0,0.0,0.0,0,0,0,-0.0,-0.0
base-coord0-eps+0.1,extra,10,1,0.0,0.0,0,0,0,2.7631020735330303e-11,2.7631020735330303e-11
base-coord0-eps+0.1,extra,10,2,0.0,0.0,0,0,0,0.6921056509017944,0.6921056509017944
base-coord0-eps+0.1,extra,10,3,0.0,0.0,2,2,0,1.054481029510498,1.054481029510498
base-coord0-eps+0.1,extra,10,4,0.0,0.0,5,5,0,1.7475379705429077,1.7475379705429077
base-coord0-eps+0.1,extra,10,5,0.0,0.0,11,11,0,2.4406449794769287,2.4406449794769287
base-coord0-eps+0.1,extra,11,0,0.0,0.0,0,0,0,-0.0,-0.0
base-coord0-eps+0.1,extra,11,1,0.0,0.0,0,0,0,2.7631020735330303e-11,2.7631020735330303e-11
base-coord0-eps+0.1,extra,11,2,0.0,0.0,1,1,0,0.6928972005844116,0.6928972005844116
base-coord0-eps+0.1,extra,11,3,0.0,0.0,2,2,0,1.0317082405090332,1.0317082405090332
base-coord0-eps+0.1,extra,11,4,0.0,0.0,4,4,0,1.724522590637207,1.724522590637207
base-coord0-eps+0.1,extra,11,5,0.0,0.0,9,9,0,2.417581081390381,2.417581081390381
base-coord0-eps+0.1,extra,12,0,0.0,0.0,0,0,0,-0.0,-0.0
base-coord0-eps+0.1,extra,12,1,0.0,0.0,0,0,0,2.7631020735330303e-11,2.7631020735330303e-11
base-coord0-eps+0.1,extra,12,2,0.0,0.0,1,1,0,0.692953884601593,0.692953884601593
base-coord0-eps+0.1,extra,12,3,0.0,0.0,2,2,0,1.0327017307281494,1.0327017307281494
base-coord0-eps+0.1,extra,12,4,0.0,0.0,4,4,0,1.7257262468338013,1.7257262468338013
base-coord0-eps+0.1,extra,12,5,0.0,0.0,9,9,0,2.418735980987549,2.418735980987549
base-coord0-eps+0.1,extra,13,0,0.0,0.0,0,0,0,-0.0,-0.0
base-coord0-eps+0.1,extra,13,1,0.0,0.0,0,0,0,2.7631020735330303e-11,2.7631020735330303e-11
base-coord0-eps+0.1,extra,13,2,0.0,0.0,1,1,0,0.6926764249801636,0.6926764249801636
base-coord0-eps+0.1,extra,13,3,0.0,0.0,2,2,0,1.0286054611206055,1.0286054611206055
base-coord0-eps+0.1,extra,13,4,0.0,0.0,4,4,0,1.7216960191726685,1.7216960191726685
base-coord0-eps+0.1,extra,13,5,0.0,0.0,9,9,0,2.4146623611450195,2.4146623611450195
base-coord0-eps+0.1,extra,14,0,0.0,0.0,0,0,0,-0.0,-0.0
base-coord0-eps+0.1,extra,14,1,0.0,0.0,0,0,0,2.7631020735330303e-11,2.7631020735330303e-11
base-coord0-eps+0.1,extra,14,2,0.0,0.0,1,1,0,0.6931471824645996,0.6931471824645996
base-coord0-eps+0.1,extra,14,3,0.0,0.0,2,2,0,1.0396487712860107,1.0396487712860107
base-coord0-eps+0.1,extra,14,4,0.0,0.0,5,5,0,1.732786774635315,1.732786774635315
base-coord0-eps+0.1,extra,14,5,0.0,0.0,11,11,0,2.425931930541992,2.425931930541992
base-coord0-eps+0.1,extra,15,0,0.0,0.0,0,0,0,-0.0,-0.0
base-coord0-eps+0.1,extra,15,1,0.0,0.0,0,0,0,2.7631020735330303e-11,2.7631020735330303e-11
base-coord0-eps+0.1,extra,15,2,0.0,0.0,0,0,0,0.6930553913116455,0.6930553913116455
base-coord0-eps+0.1,extra,15,3,0.0,0.0,2,2,0,1.0443235635757446,1.0443235635757446
base-coord0-eps+0.1,extra,15,4,0.0,0.0,4,4,0,1.7372437715530396,1.7372437715530396
base-coord0-eps+0.1,extra,15,5,0.0,0.0,8,8,0,2.4303860664367676,2.4303860664367676
base-coord0-eps+0.1,extra,16,0,0.0,0.0,0,0,0,-0.0,-0.0
base-coord0-eps+0.1,extra,16,1,0.0,0.0,0,0,0,2.7631020735330303e-11,2.7631020735330303e-11
base-coord0-eps+0.1,extra,16,2,0.0,0.0,0,0,0,0.6918106079101562,0.6918106079101562
base-coord0-eps+0.1,extra,16,3,0.0,0.0,2,2,0,1.056259274482727,1.056259274482727
base-coord0-eps+0.1,extra,16,4,0.0,0.0,5,5,0,1.7477595806121826,1.7477595806121826
base-coord0-eps+0.1,extra,16,5,0.0,0.0,11,11,0,2.440906286239624,2.440906286239624
base-coord0-eps+0.1,extra,17,0,0.0,0.0,0,0,0,-0.0,-0.0
base-coord0-eps+0.1,extra,17,1,0.0,0.0,0,0,0,2.7631020735330303e-11,2.7631020735330303e-11
base-coord0-eps+0.1,extra,17,2,0.0,0.0,0,0,0,0.6914557218551636,0.6914557218551636
base-coord0-eps+0.1,extra,17,3,0.0,0.0,2,2,0,1.0581116676330566,1.0581116676330566
base-coord0-eps+0.1,extra,17,4,0.0,0.0,5,5,0,1.7484451532363892,1.7484451532363892
base-coord0-eps+0.1,extra,17,5,0.0,0.0,11,11,0,2.441568613052368,2.441568613052368
base-coord0-eps+0.1,extra,18,0,0.0,0.0,0,0,0,-0.0,-0.0
base-coord0-eps+0.1,extra,18,1,0.0,0.0,0,0,0,2.7631020735330303e-11,2.7631020735330303e-11
base-coord0-eps+0.1,extra,18,2,0.0,0.0,0,0,0,0.6844890713691711,0.6844890713691711
base-coord0-eps+0.1,extra,18,3,0.0,0.0,2,2,0,1.076362133026123,1.076362133026123
base-coord0-eps+0.1,extra,18,4,0.0,0.0,5,5,0,1.7581071853637695,1.7581071853637695
base-coord0-eps+0.1,extra,18,5,0.0,0.0,11,11,0,2.451234817504883,2.451234817504883
base-coord0-eps+0.1,extra,19,0,0.0,0.0,0,0,0,-0.0,-0.0
base-coord0-eps+0.1,extra,19,1,0.0,0.0,0,0,0,2.7631020735330303e-11,2.7631020735330303e-11
base-coord0-eps+0.1,extra,19,2,0.0,0.0,0,0,0,0.6901710033416748,0.6901710033416748
base-coord0-eps+0.1,extra,19,3,0.0,0.0,2,2,0,1.0633963346481323,1.0633963346481323
base-coord0-eps+0.1,extra,19,4,0.0,0.0,4,4,0,1.7533727884292603,1.7533727884292603
base-coord0-eps+0.1,extra,19,5,0.0,0.0,11,11,0,2.4465172290802,2.4465172290802
base-coord0-eps+0.1,extra,20,0,0.0,0.0,0,0,0,-0.0,-0.0
base-coord0-eps+0.1,extra,20,1,0.0,0.0,0,0,0,2.7631020735330303e-11,2.7631020735330303e-11
base-coord0-eps+0.1,extra,20,2,0.0,0.0,0,0,0,0.6930728554725647,0.6930728554725647
base-coord0-eps+0.1,extra,20,3,0.0,0.0,2,2,0,1.0438700914382935,1.0438700914382935
base-coord0-eps+0.1,extra,20,4,0.0,0.0,4,4,0,1.736687183380127,1.736687183380127
base-coord0-eps+0.1,extra,20,5,0.0,0.0,8,8,0,2.429828643798828,2.429828643798828
base-coord0-eps+0.1,extra,21,0,0.0,0.0,0,0,0,-0.0,-0.0
base-coord0-eps+0.1,extra,21,1,0.0,0.0,0,0,0,2.7631020735330303e-11,2.7631020735330303e-11
base-coord0-eps+0.1,extra,21,2,0.0,0.0,0,0,0,0.6907943487167358,0.6907943487167358
base-coord0-eps+0.1,extra,21,3,0.0,0.0,2,2,0,1.0610754489898682,1.0610754489898682
base-coord0-eps+0.1,extra,21,4,0.0,0.0,5,5,0,1.7524720430374146,1.7524720430374146
base-coord0-eps+0.1,extra,21,5,0.0,0.0,11,11,0,2.445585012435913,2.445585012435913
base-coord0-eps+0.1,extra,22,0,0.0,0.0,0,0,0,-0.0,-0.0
base-coord0-eps+0.1,extra,22,1,0.0,0.0,0,0,0,2.7631020735330303e-11,2.7631020735330303e-11
base-coord0-eps+0.1,extra,22,2,0.0,0.0,0,0,0,0.6901240348815918,0.6901240348815918
base-coord0-eps+0.1,extra,22,3,0.0,0.0,2,2,0,1.0635701417922974,1.0635701417922974
base-coord0-eps+0.1,extra,22,4,0.0,0.0,5,5,0,1.7549880743026733,1.7549880743026733
base-coord0-eps+0.1,extra,22,5,0.0,0.0,11,11,0,2.448117733001709,2.448117733001709
base-coord0-eps+0.1,extra,23,0,0.0,0.0,0,0,0,-0.0,-0.0
base-coord0-eps+0.1,extra,23,1,0.0,0.0,0,0,0,2.7631020735330303e-11,2.7631020735330303e-11
base-coord0-eps+0.1,extra,23,2,0.0,0.0,0,0,0,0.6914069652557373,0.6914069652557373
base-coord0-eps+0.1,extra,23,3,0.0,0.0,2,2,0,1.0583785772323608,1.0583785772323608
base-coord0-eps+0.1,extra,23,4,0.0,0.0,5,5,0,1.7508052587509155,1.7508052587509155
base-coord0-eps+0.1,extra,23,5,0.0,0.0,11,11,0,2.4438796043395996,2.4438796043395996
base-coord28-eps+0.1,base,0,0,0.0,0.0,0,0,0,-0.0,-0.0
base-coord28-eps+0.1,base,0,1,0.0,0.0,0,0,0,2.7631020735330303e-11,2.7631020735330303e-11
base-coord28-eps+0.1,base,0,2,-8.396455086767673e-09,0.0002517104148864746,0,0,0,0.6373838186264038,0.6372106075286865
base-coord28-eps+0.1,base,0,3,9.920768206939101e-08,0.0003062784671783447,0,0,0,0.9930499792098999,0.9933178424835205
base-coord28-eps+0.1,base,0,4,1.4906254364177585e-07,0.0002542734146118164,0,0,0,1.5890429019927979,1.5895183086395264
base-coord28-eps+0.1,base,0,5,1.9302569853607565e-07,0.00023037195205688477,0,0,0,2.2367615699768066,2.2373178005218506
base-coord28-eps+0.1,base,1,0,0.0,0.0,0,0,0,-0.0,-0.0
base-coord28-eps+0.1,base,1,1,0.0,0.0,0,0,0,2.7631020735330303e-11,2.7631020735330303e-11
base-coord28-eps+0.1,base,1,2,1.1114461813122034e-06,0.0013778209686279297,0,0,0,0.6139586567878723,0.6150974035263062
base-coord28-eps+0.1,base,1,3,1.4107354218140244e-06,0.0016390681266784668,0,0,0,0.9895931482315063,0.9906855821609497
base-coord28-eps+0.1,base,1,4,1.6206049622269347e-06,0.000981837511062622,0,0,0,1.6770100593566895,1.6780911684036255
base-coord28-eps+0.1,base,1,5,1.8070641090162098e-06,0.0005135536193847656,2,2,0,2.355576276779175,2.3565473556518555
base-coord28-eps+0.1,base,2,0,0.0,0.0,0,0,0,-0.0,-0.0
base-coord28-eps+0.1,base,2,1,0.0,0.0,0,0,0,2.7631020735330303e-11,2.7631020735330303e-11
base-coord28-eps+0.1,base,2,2,1.4049874152988195e-07,0.0005917251110076904,0,0,0,0.5945155620574951,0.5950686931610107
base-coord28-eps+0.1,base,2,3,8.742645150050521e-07,0.0013257861137390137,0,0,0,1.0177161693572998,1.0187832117080688
base-coord28-eps+0.1,base,2,4,1.0843104973901063e-06,0.0007236003875732422,0,0,0,1.6899428367614746,1.691042184829712
base-coord28-eps+0.1,base,2,5,1.1083466233685613e-06,0.00044977664947509766,1,1,0,2.3639636039733887,2.3649964332580566
base-coord28-eps+0.1,base,3,0,0.0,0.0,0,0,0,-0.0,-0.0
base-coord28-eps+0.1,base,3,1,0.0,0.0,0,0,0,2.7631020735330303e-11,2.7631020735330303e-11
base-coord28-eps+0.1,base,3,2,-5.282345227897167e-09,0.00026869773864746094,0,0,0,0.6537303924560547,0.6538841724395752
base-coord28-eps+0.1,base,3,3,3.2378738978877664e-07,0.0007539689540863037,0,0,0,1.049169898033142,1.0496134757995605
base-coord28-eps+0.1,base,3,4,6.423506420105696e-07,0.0007262080907821655,0,0,0,1.7113738059997559,1.7115695476531982
base-coord28-eps+0.1,base,3,5,8.11269273981452e-07,0.00036322325468063354,1,1,0,2.3707430362701416,2.3710947036743164
base-coord28-eps+0.1,base,4,0,0.0,0.0,0,0,0,-0.0,-0.0
base-coord28-eps+0.1,base,4,1,0.0,0.0,0,0,0,2.7631020735330303e-11,2.7631020735330303e-11
base-coord28-eps+0.1,base,4,2,5.433103069663048e-07,0.0009723305702209473,0,0,0,0.6177819967269897,0.6185652017593384
base-coord28-eps+0.1,base,4,3,1.3747339835390449e-06,0.0016566812992095947,0,0,0,1.039624571800232,1.0406427383422852
base-coord28-eps+0.1,base,4,4,1.4789911801926792e-06,0.0008991658687591553,0,0,0,1.7085907459259033,1.7096829414367676
base-coord28-eps+0.1,base,4,5,1.6449339454993606e-06,0.0008710771799087524,1,1,0,2.3293819427490234,2.3308157920837402
base-coord28-eps+0.1,base,5,0,0.0,0.0,0,0,0,-0.0,-0.0
base-coord28-eps+0.1,base,5,1,0.0,0.0,0,0,0,2.7631020735330303e-11,2.7631020735330303e-11
base-coord28-eps+0.1,base,5,2,3.941677277907729e-07,0.0008774995803833008,0,0,0,0.6890344023704529,0.6891923546791077
base-coord28-eps+0.1,base,5,3,2.3291504476219416e-06,0.0019578933715820312,2,2,0,1.053797960281372,1.0539954900741577
base-coord28-eps+0.1,base,5,4,2.3748434614390135e-06,0.0015841424465179443,1,1,0,1.6563072204589844,1.6569344997406006
base-coord28-eps+0.1,base,5,5,2.503071300452575e-06,0.0010868459939956665,2,2,0,2.301750659942627,2.3025479316711426
base-coord28-eps+0.1,base,6,0,0.0,0.0,0,0,0,-0.0,-0.0
base-coord28-eps+0.1,base,6,1,0.0,0.0,0,0,0,2.7631020735330303e-11,2.7631020735330303e-11
base-coord28-eps+0.1,base,6,2,4.281610017642379e-07,0.0008837580680847168,0,0,0,0.6923111081123352,0.6923818588256836
base-coord28-eps+0.1,base,6,3,1.7385609680786729e-06,0.001618221402168274,2,2,0,1.0525593757629395,1.0519084930419922
base-coord28-eps+0.1,base,6,4,1.8292193999513984e-06,0.0013852715492248535,5,5,0,1.6711277961730957,1.6709635257720947
base-coord28-eps+0.1,base,6,5,1.8333757907385007e-06,0.0008442103862762451,2,2,0,2.3368308544158936,2.3367676734924316
base-coord28-eps+0.1,base,7,0,0.0,0.0,0,0,0,-0.0,-0.0
base-coord28-eps+0.1,base,7,1,0.0,0.0,0,0,0,2.7631020735330303e-11,2.7631020735330303e-11
base-coord28-eps+0.1,base,7,2,3.784953150898218e-07,0.0008279979228973389,0,0,0,0.6086922883987427,0.6094022989273071
base-coord28-eps+0.1,base,7,3,1.5233235899358988e-06,0.0017001926898956299,0,0,0,1.0854361057281494,1.0859977006912231
base-coord28-eps+0.1,base,7,4,1.7237653082702309e-06,0.001280367374420166,1,1,0,1.7331006526947021,1.7340387105941772
base-coord28-eps+0.1,base,7,5,1.7870188457891345e-06,0.00082358717918396,2,2,0,2.3553595542907715,2.3565688133239746
base-coord28-eps+0.1,base,8,0,0.0,0.0,0,0,0,-0.0,-0.0
base-coord28-eps+0.1,base,8,1,0.0,0.0,0,0,0,2.7631020735330303e-11,2.7631020735330303e-11
base-coord28-eps+0.1,base,8,2,9.67440428212285e-07,0.0012157559394836426,0,0,0,0.585580587387085,0.5867716670036316
base-coord28-eps+0.1,base,8,3,2.303029759787023e-06,0.0020956695079803467,0,0,0,1.0789787769317627,1.0798238515853882
base-coord28-eps+0.1,base,8,4,2.475855580996722e-06,0.0016031265258789062,1,1,0,1.6958112716674805,1.6971406936645508
base-coord28-eps+0.1,base,8,5,2.7376081561669707e-06,0.000879243016242981,2,2,0,2.3291659355163574,2.3306992053985596
base-coord28-eps+0.1,base,9,0,0.0,0.0,0,0,0,-0.0,-0.0
base-coord28-eps+0.1,base,9,1,0.0,0.0,0,0,0,2.7631020735330303e-11,2.7631020735330303e-11
base-coord28-eps+0.1,base,9,2,2.1265586838126183e-06,0.0016881972551345825,0,0,0,0.5129351615905762,0.5151711702346802
base-coord28-eps+0.1,base,9,3,2.666296495590359e-06,0.0019515156745910645,0,0,0,1.0241734981536865,1.0258488655090332
base-coord28-eps+0.1,base,9,4,2.8670765459537506e-06,0.0017674267292022705,1,1,0,1.6281479597091675,1.630542516708374
base-coord28-eps+0.1,base,9,5,3.0318515200633556e-06,0.0009724199771881104,2,2,0,2.233487129211426,2.2359001636505127
base-coord28-eps+0.1,base,10,0,0.0,0.0,0,0,0,-0.0,-0.0
base-coord28-eps+0.1,base,10,1,0.0,0.0,0,0,0,2.7631020735330303e-11,2.7631020735330303e-11
base-coord28-eps+0.1,base,10,2,1.5460827853530645e-06,0.0015541613101959229,0,0,0,0.5875202417373657,0.5890259742736816
base-coord28-eps+0.1,base,10,3,3.145280061289668e-06,0.002365320920944214,0,0,0,1.0865856409072876,1.0873308181762695
base-coord28-eps+0.1,base,10,4,3.378641849849373e-06,0.0016751885414123535,1,1,0,1.6617393493652344,1.6627593040466309
base-coord28-eps+0.1,base,10,5,3.5698831197805703e-06,0.0009145289659500122,2,2,0,2.32112455368042,2.3221096992492676
base-coord28-eps+0.1,base,11,0,0.0,0.0,0,0,0,-0.0,-0.0
base-coord28-eps+0.1,base,11,1,0.0,0.0,0,0,0,2.7631020735330303e-11,2.7631020735330303e-11
base-coord28-eps+0.1,base,11,2,1.0994845069944859e-06,0.0012323707342147827,0,0,0,0.5179011225700378,0.5195072293281555
base-coord28-eps+0.1,base,11,3,2.5353074306622148e-06,0.0022035837173461914,0,0,0,1.04121732711792,1.0426931381225586
base-coord28-eps+0.1,base,11,4,2.960310666821897e-06,0.0011560320854187012,1,1,0,1.6084396839141846,1.6096206903457642
base-coord28-eps+0.1,base,11,5,3.1147865229286253e-06,0.0007190480828285217,2,2,0,2.2561488151550293,2.257241725921631
base-coord28-eps+0.1,base,12,0,0.0,0.0,0,0,0,-0.0,-0.0
base-coord28-eps+0.1,base,12,1,0.0,0.0,0,0,0,2.7631020735330303e-11,2.7631020735330303e-11
base-coord28-eps+0.1,base,12,2,4.573521437123418e-07,0.0008900761604309082,0,0,0,0.6459688544273376,0.6465272903442383
base-coord28-eps+0.1,base,12,3,9.007053449749947e-07,0.0012130141258239746,2,2,0,1.0968503952026367,1.0966911315917969
base-coord28-eps+0.1,base,12,4,9.268260328099132e-07,0.0010613501071929932,1,1,0,1.6702508926391602,1.6705090999603271
base-coord28-eps+0.1,base,12,5,1.0399744496680796e-06,0.0006023645401000977,2,2,0,2.3357419967651367,2.335902452468872
base-coord28-eps+0.1,base,13,0,0.0,0.0,0,0,0,-0.0,-0.0
base-coord28-eps+0.1,base,13,1,0.0,0.0,0,0,0,2.7631020735330303e-11,2.7631020735330303e-11
base-coord28-eps+0.1,base,13,2,5.359179340302944e-07,0.0010080337524414062,0,0,0,0.6759723424911499,0.6763471364974976
base-coord28-eps+0.1,base,13,3,8.482365956297144e-07,0.0010080337524414062,2,2,0,1.053755760192871,1.053091287612915
base-coord28-eps+0.1,base,13,4,8.69978975970298e-07,0.0008295923471450806,2,2,0,1.6675952672958374,1.66730535030365
base-coord28-eps+0.1,base,13,5,8.894585334928706e-07,0.0004376620054244995,4,4,0,2.346712589263916,2.3464014530181885
base-coord28-eps+0.1,base,14,0,0.0,0.0,0,0,0,-0.0,-0.0
base-coord28-eps+0.1,base,14,1,0.0,0.0,0,0,0,2.7631020735330303e-11,2.7631020735330303e-11
base-coord28-eps+0.1,base,14,2,3.597961040213704e-08,0.0002561807632446289,0,0,0,0.6920446157455444,0.6920685768127441
base-coord28-eps+0.1,base,14,3,-2.079468686133623e-08,0.0002561509609222412,2,2,0,1.0372376441955566,1.037078619003296
base-coord28-eps+0.1,base,14,4,6.414484232664108e-08,0.00020807981491088867,4,4,0,1.6922214031219482,1.692096471786499
base-coord28-eps+0.1,base,14,5,2.2252061171457171e-07,0.00019038468599319458,8,8,0,2.370516777038574,2.370274543762207
base-coord28-eps+0.1,base,15,0,0.0,0.0,0,0,0,-0.0,-0.0
base-coord28-eps+0.1,base,15,1,0.0,0.0,0,0,0,2.7631020735330303e-11,2.7631020735330303e-11
base-coord28-eps+0.1,base,15,2,8.051574695855379e-07,0.001239180564880371,0,0,0,0.6660906076431274,0.6666719317436218
base-coord28-eps+0.1,base,15,3,8.639690349809825e-07,0.0012391209602355957,2,2,0,1.0927734375,1.0924878120422363
base-coord28-eps+0.1,base,15,4,8.567304803364095e-07,0.000637248158454895,1,1,0,1.6902343034744263,1.690199375152588
base-coord28-eps+0.1,base,15,5,1.1222437024116516e-06,0.0004543811082839966,2,2,0,2.3602395057678223,2.3600597381591797
base-coord28-eps+0.1,base,16,0,0.0,0.0,0,0,0,-0.0,-0.0
base-coord28-eps+0.1,base,16,1,0.0,0.0,0,0,0,2.7631020735330303e-11,2.7631020735330303e-11
base-coord28-eps+0.1,base,16,2,5.130277713760734e-07,0.0009744167327880859,0,0,0,0.6695947051048279,0.6700207591056824
base-coord28-eps+0.1,base,16,3,5.405745469033718e-07,0.0009743571281433105,2,2,0,1.078802227973938,1.0784828662872314
base-coord28-eps+0.1,base,16,4,6.399213816621341e-07,0.0005357712507247925,2,2,0,1.7054579257965088,1.7054085731506348
base-coord28-eps+0.1,base,16,5,8.72438249643892e-07,0.0004507303237915039,2,2,0,2.385063409805298,2.38490891456604
base-coord28-eps+0.1,base,17,0,0.0,0.0,0,0,0,-0.0,-0.0
base-coord28-eps+0.1,base,17,1,0.0,0.0,0,0,0,2.7631020735330303e-11,2.7631020735330303e-11
base-coord28-eps+0.1,base,17,2,9.348441381007433e-07,0.0013864636421203613,0,0,0,0.6843732595443726,0.684738278388977
base-coord28-eps+0.1,base,17,3,9.653012966737151e-07,0.0013864338397979736,2,2,0,1.0384639501571655,1.0378609895706177
base-coord28-eps+0.1,base,17,4,1.0965777619276196e-06,0.0007673352956771851,2,2,0,1.6847503185272217,1.684460163116455
base-coord28-eps+0.1,base,17,5,1.7529746401123703e-06,0.0007101893424987793,4,4,0,2.3601768016815186,2.359592914581299
base-coord28-eps+0.1,base,18,0,0.0,0.0,0,0,0,-0.0,-0.0
base-coord28-eps+0.1,base,18,1,0.0,0.0,0,0,0,2.7631020735330303e-11,2.7631020735330303e-11
base-coord28-eps+0.1,base,18,2,2.5323242880403996e-07,0.0006244778633117676,0,0,0,0.5948771238327026,0.5954595804214478
base-coord28-eps+0.1,base,18,3,2.0491279428824782e-07,0.0006244778633117676,1,1,0,1.083418607711792,1.083578109741211
base-coord28-eps+0.1,base,18,4,3.618552000261843e-07,0.000423237681388855,2,2,0,1.6826341152191162,1.6830724477767944
base-coord28-eps+0.1,base,18,5,1.2936652638018131e-06,0.0005915015935897827,5,5,0,2.3505635261535645,2.350895643234253
base-coord28-eps+0.1,base,19,0,0.0,0.0,0,0,0,-0.0,-0.0
base-coord28-eps+0.1,base,19,1,0.0,0.0,0,0,0,2.7631020735330303e-11,2.7631020735330303e-11
base-coord28-eps+0.1,base,19,2,2.2391031961888075e-07,0.0005707144737243652,0,0,0,0.6310474276542664,0.6314620971679688
base-coord28-eps+0.1,base,19,3,2.4623477656859905e-07,0.0005706846714019775,1,1,0,1.0745561122894287,1.0744147300720215
base-coord28-eps+0.1,base,19,4,2.566175680840388e-07,0.0003393590450286865,2,2,0,1.7251291275024414,1.725034475326538
base-coord28-eps+0.1,base,19,5,1.1223310139030218e-06,0.0004631057381629944,5,5,0,2.390928268432617,2.390871047973633
base-coord28-eps+0.1,base,20,0,0.0,0.0,0,0,0,-0.0,-0.0
base-coord28-eps+0.1,base,20,1,0.0,0.0,0,0,0,2.7631020735330303e-11,2.7631020735330303e-11
base-coord28-eps+0.1,base,20,2,2.533779479563236e-07,0.0006222128868103027,1,1,0,0.693016767501831,0.6929957866668701
base-coord28-eps+0.1,base,20,3,6.066111382097006e-07,0.0010003447532653809,2,2,0,0.985754132270813,0.9858781695365906
base-coord28-eps+0.1,base,20,4,6.901755114085972e-07,0.0005110204219818115,4,4,0,1.6687325239181519,1.6689447164535522
base-coord28-eps+0.1,base,20,5,1.309206709265709e-06,0.0005835443735122681,8,8,0,2.3491878509521484,2.349243640899658
base-coord28-eps+0.1,base,21,0,0.0,0.0,0,0,0,-0.0,-0.0
base-coord28-eps+0.1,base,21,1,0.0,0.0,0,0,0,2.7631020735330303e-11,2.7631020735330303e-11
base-coord28-eps+0.1,base,21,2,9.786162991076708e-08,0.000488579273223877,0,0,0,0.6555671095848083,0.6558396816253662
base-coord28-eps+0.1,base,21,3,5.949987098574638e-07,0.001064687967300415,1,1,0,1.0817452669143677,1.0820238590240479
base-coord28-eps+0.1,base,21,4,7.723720045760274e-07,0.0005548223853111267,2,2,0,1.734731912612915,1.7348992824554443
base-coord28-eps+0.1,base,21,5,1.6686099115759134e-06,0.0006960481405258179,5,5,0,2.401118755340576,2.4012436866760254
base-coord28-eps+0.1,base,22,0,0.0,0.0,0,0,0,-0.0,-0.0
base-coord28-eps+0.1,base,22,1,0.0,0.0,0,0,0,2.7631020735330303e-11,2.7631020735330303e-11
base-coord28-eps+0.1,base,22,2,1.9757135305553675e-07,0.0005671977996826172,0,0,0,0.6413168907165527,0.6416913270950317
base-coord28-eps+0.1,base,22,3,4.2839383240789175e-07,0.0009361803531646729,1,1,0,1.0751233100891113,1.0754367113113403
base-coord28-eps+0.1,base,22,4,5.949623300693929e-07,0.0005479007959365845,2,2,0,1.7520620822906494,1.7522926330566406
base-coord28-eps+0.1,base,22,5,1.6527046682313085e-06,0.0006882548332214355,5,5,0,2.4185540676116943,2.4188456535339355
base-coord28-eps+0.1,base,23,0,0.0,0.0,0,0,0,-0.0,-0.0
base-coord28-eps+0.1,base,23,1,0.0,0.0,0,0,0,2.7631020735330303e-11,2.7631020735330303e-11
base-coord28-eps+0.1,base,23,2,-3.631430445238948e-08,0.00015014410018920898,0,0,0,0.6769633293151855,0.6770177483558655
base-coord28-eps+0.1,base,23,3,1.225911546498537e-06,0.001175910234451294,1,1,0,1.0280919075012207,1.0290471315383911
base-coord28-eps+0.1,base,23,4,2.0481820683926344e-06,0.0011340826749801636,2,2,0,1.7172539234161377,1.718228816986084
base-coord28-eps+0.1,base,23,5,2.993940142914653e-06,0.0006892383098602295,4,4,0,2.4022464752197266,2.4030160903930664
base-coord28-eps+0.1,extra,0,0,0.0,0.0,0,0,0,-0.0,-0.0
base-coord28-eps+0.1,extra,0,1,0.0,0.0,0,0,0,2.7631020735330303e-11,2.7631020735330303e-11
base-coord28-eps+0.1,extra,0,2,0.0,0.0,0,0,0,0.6931471824645996,0.6931471824645996
base-coord28-eps+0.1,extra,0,3,0.0,0.0,2,2,0,1.039733648300171,1.039733648300171
base-coord28-eps+0.1,extra,0,4,0.0,0.0,4,4,0,1.7328808307647705,1.7328808307647705
base-coord28-eps+0.1,extra,0,5,0.0,0.0,8,8,0,2.426027774810791,2.426027774810791
base-coord28-eps+0.1,extra,1,0,0.0,0.0,0,0,0,-0.0,-0.0
base-coord28-eps+0.1,extra,1,1,0.0,0.0,0,0,0,2.7631020735330303e-11,2.7631020735330303e-11
base-coord28-eps+0.1,extra,1,2,0.0,0.0,0,0,0,0.6915340423583984,0.6915340423583984
base-coord28-eps+0.1,extra,1,3,0.0,0.0,2,2,0,1.0577495098114014,1.0577495098114014
base-coord28-eps+0.1,extra,1,4,0.0,0.0,5,5,0,1.749995231628418,1.749995231628418
base-coord28-eps+0.1,extra,1,5,0.0,0.0,11,11,0,2.4431004524230957,2.4431004524230957
base-coord28-eps+0.1,extra,2,0,0.0,0.0,0,0,0,-0.0,-0.0
base-coord28-eps+0.1,extra,2,1,0.0,0.0,0,0,0,2.7631020735330303e-11,2.7631020735330303e-11
base-coord28-eps+0.1,extra,2,2,0.0,0.0,1,1,0,0.6927227973937988,0.6927227973937988
base-coord28-eps+0.1,extra,2,3,0.0,0.0,2,2,0,1.0291842222213745,1.0291842222213745
base-coord28-eps+0.1,extra,2,4,0.0,0.0,4,4,0,1.7220839262008667,1.7220839262008667
base-coord28-eps+0.1,extra,2,5,0.0,0.0,9,9,0,2.415142297744751,2.415142297744751
base-coord28-eps+0.1,extra,3,0,0.0,0.0,0,0,0,-0.0,-0.0
base-coord28-eps+0.1,extra,3,1,0.0,0.0,0,0,0,2.7631020735330303e-11,2.7631020735330303e-11
base-coord28-eps+0.1,extra,3,2,0.0,0.0,1,1,0,0.691368818283081,0.691368818283081
base-coord28-eps+0.1,extra,3,3,0.0,0.0,2,2,0,1.0172319412231445,1.0172319412231445
base-coord28-eps+0.1,extra,3,4,0.0,0.0,4,4,0,1.708655595779419,1.708655595779419
base-coord28-eps+0.1,extra,3,5,0.0,0.0,9,9,0,2.4017515182495117,2.4017515182495117
base-coord28-eps+0.1,extra,4,0,0.0,0.0,0,0,0,-0.0,-0.0
base-coord28-eps+0.1,extra,4,1,0.0,0.0,0,0,0,2.7631020735330303e-11,2.7631020735330303e-11
base-coord28-eps+0.1,extra,4,2,0.0,0.0,1,1,0,0.693131685256958,0.693131685256958
base-coord28-eps+0.1,extra,4,3,0.0,0.0,2,2,0,1.0377744436264038,1.0377744436264038
base-coord28-eps+0.1,extra,4,4,0.0,0.0,4,4,0,1.730900764465332,1.730900764465332
base-coord28-eps+0.1,extra,4,5,0.0,0.0,10,10,0,2.424043655395508,2.424043655395508
base-coord28-eps+0.1,extra,5,0,0.0,0.0,0,0,0,-0.0,-0.0
base-coord28-eps+0.1,extra,5,1,0.0,0.0,0,0,0,2.7631020735330303e-11,2.7631020735330303e-11
base-coord28-eps+0.1,extra,5,2,0.0,0.0,1,1,0,0.6921248435974121,0.6921248435974121
base-coord28-eps+0.1,extra,5,3,0.0,0.0,2,2,0,1.0230004787445068,1.0230004787445068
base-coord28-eps+0.1,extra,5,4,0.0,0.0,4,4,0,1.7156126499176025,1.7156126499176025
base-coord28-eps+0.1,extra,5,5,0.0,0.0,9,9,0,2.4086222648620605,2.4086222648620605
base-coord28-eps+0.1,extra,6,0,0.0,0.0,0,0,0,-0.0,-0.0
base-coord28-eps+0.1,extra,6,1,0.0,0.0,0,0,0,2.7631020735330303e-11,2.7631020735330303e-11
base-coord28-eps+0.1,extra,6,2,0.0,0.0,1,1,0,0.6921038031578064,0.6921038031578064
base-coord28-eps+0.1,extra,6,3,0.0,0.0,2,2,0,1.022828459739685,1.022828459739685
base-coord28-eps+0.1,extra,6,4,0.0,0.0,4,4,0,1.715801477432251,1.715801477432251
base-coord28-eps+0.1,extra,6,5,0.0,0.0,9,9,0,2.408750534057617,2.408750534057617
base-coord28-eps+0.1,extra,7,0,0.0,0.0,0,0,0,-0.0,-0.0
base-coord28-eps+0.1,extra,7,1,0.0,0.0,0,0,0,2.7631020735330303e-11,2.7631020735330303e-11
base-coord28-eps+0.1,extra,7,2,0.0,0.0,1,1,0,0.6927980184555054,0.6927980184555054
base-coord28-eps+0.1,extra,7,3,0.0,0.0,2,2,0,1.0302042961120605,1.0302042961120605
base-coord28-eps+0.1,extra,7,4,0.0,0.0,4,4,0,1.7233229875564575,1.7233229875564575
base-coord28-eps+0.1,extra,7,5,0.0,0.0,9,9,0,2.416435718536377,2.416435718536377
base-coord28-eps+0.1,extra,8,0,0.0,0.0,0,0,0,-0.0,-0.0
base-coord28-eps+0.1,extra,8,1,0.0,0.0,0,0,0,2.7631020735330303e-11,2.7631020735330303e-11
base-coord28-eps+0.1,extra,8,2,0.0,0.0,0,0,0,0.6912452578544617,0.6912452578544617
base-coord28-eps+0.1,extra,8,3,0.0,0.0,2,2,0,1.0591470003128052,1.0591470003128052
base-coord28-eps+0.1,extra,8,4,0.0,0.0,5,5,0,1.750950574874878,1.750950574874878
base-coord28-eps+0.1,extra,8,5,0.0,0.0,11,11,0,2.4440855979919434,2.4440855979919434
base-coord28-eps+0.1,extra,9,0,0.0,0.0,0,0,0,-0.0,-0.0
base-coord28-eps+0.1,extra,9,1,0.0,0.0,0,0,0,2.7631020735330303e-11,2.7631020735330303e-11
base-coord28-eps+0.1,extra,9,2,0.0,0.0,0,0,0,0.6929070353507996,0.6929070353507996
base-coord28-eps+0.1,extra,9,3,0.0,0.0,2,2,0,1.047072410583496,1.047072410583496
base-coord28-eps+0.1,extra,9,4,0.0,0.0,5,5,0,1.74020254611969,1.74020254611969
base-coord28-eps+0.1,extra,9,5,0.0,0.0,11,11,0,2.4333043098449707,2.4333043098449707
base-coord28-eps+0.1,extra,10,0,0.0,0.0,0,0,0,-0.0,-0.0
base-coord28-eps+0.1,extra,10,1,0.0,0.0,0,0,0,2.7631020735330303e-11,2.7631020735330303e-11
base-coord28-eps+0.1,extra,10,2,0.0,0.0,0,0,0,0.6921056509017944,0.6921056509017944
base-coord28-eps+0.1,extra,10,3,0.0,0.0,2,2,0,1.054481029510498,1.054481029510498
base-coord28-eps+0.1,extra,10,4,0.0,0.0,5,5,0,1.7475379705429077,1.7475379705429077
base-coord28-eps+0.1,extra,10,5,0.0,0.0,11,11,0,2.4406449794769287,2.4406449794769287
base-coord28-eps+0.1,extra,11,0,0.0,0.0,0,0,0,-0.0,-0.0
base-coord28-eps+0.1,extra,11,1,0.0,0.0,0,0,0,2.7631020735330303e-11,2.7631020735330303e-11
base-coord28-eps+0.1,extra,11,2,0.0,0.0,1,1,0,0.6928972005844116,0.6928972005844116
base-coord28-eps+0.1,extra,11,3,0.0,0.0,2,2,0,1.0317082405090332,1.0317082405090332
base-coord28-eps+0.1,extra,11,4,0.0,0.0,4,4,0,1.724522590637207,1.724522590637207
base-coord28-eps+0.1,extra,11,5,0.0,0.0,9,9,0,2.417581081390381,2.417581081390381
base-coord28-eps+0.1,extra,12,0,0.0,0.0,0,0,0,-0.0,-0.0
base-coord28-eps+0.1,extra,12,1,0.0,0.0,0,0,0,2.7631020735330303e-11,2.7631020735330303e-11
base-coord28-eps+0.1,extra,12,2,0.0,0.0,1,1,0,0.692953884601593,0.692953884601593
base-coord28-eps+0.1,extra,12,3,0.0,0.0,2,2,0,1.0327017307281494,1.0327017307281494
base-coord28-eps+0.1,extra,12,4,0.0,0.0,4,4,0,1.7257262468338013,1.7257262468338013
base-coord28-eps+0.1,extra,12,5,0.0,0.0,9,9,0,2.418735980987549,2.418735980987549
base-coord28-eps+0.1,extra,13,0,0.0,0.0,0,0,0,-0.0,-0.0
base-coord28-eps+0.1,extra,13,1,0.0,0.0,0,0,0,2.7631020735330303e-11,2.7631020735330303e-11
base-coord28-eps+0.1,extra,13,2,0.0,0.0,1,1,0,0.6926764249801636,0.6926764249801636
base-coord28-eps+0.1,extra,13,3,0.0,0.0,2,2,0,1.0286054611206055,1.0286054611206055
base-coord28-eps+0.1,extra,13,4,0.0,0.0,4,4,0,1.7216960191726685,1.7216960191726685
base-coord28-eps+0.1,extra,13,5,0.0,0.0,9,9,0,2.4146623611450195,2.4146623611450195
base-coord28-eps+0.1,extra,14,0,0.0,0.0,0,0,0,-0.0,-0.0
base-coord28-eps+0.1,extra,14,1,0.0,0.0,0,0,0,2.7631020735330303e-11,2.7631020735330303e-11
base-coord28-eps+0.1,extra,14,2,0.0,0.0,1,1,0,0.6931471824645996,0.6931471824645996
base-coord28-eps+0.1,extra,14,3,0.0,0.0,2,2,0,1.0396487712860107,1.0396487712860107
base-coord28-eps+0.1,extra,14,4,0.0,0.0,5,5,0,1.732786774635315,1.732786774635315
base-coord28-eps+0.1,extra,14,5,0.0,0.0,11,11,0,2.425931930541992,2.425931930541992
base-coord28-eps+0.1,extra,15,0,0.0,0.0,0,0,0,-0.0,-0.0
base-coord28-eps+0.1,extra,15,1,0.0,0.0,0,0,0,2.7631020735330303e-11,2.7631020735330303e-11
base-coord28-eps+0.1,extra,15,2,0.0,0.0,0,0,0,0.6930553913116455,0.6930553913116455
base-coord28-eps+0.1,extra,15,3,0.0,0.0,2,2,0,1.0443235635757446,1.0443235635757446
base-coord28-eps+0.1,extra,15,4,0.0,0.0,4,4,0,1.7372437715530396,1.7372437715530396
base-coord28-eps+0.1,extra,15,5,0.0,0.0,8,8,0,2.4303860664367676,2.4303860664367676
base-coord28-eps+0.1,extra,16,0,0.0,0.0,0,0,0,-0.0,-0.0
base-coord28-eps+0.1,extra,16,1,0.0,0.0,0,0,0,2.7631020735330303e-11,2.7631020735330303e-11
base-coord28-eps+0.1,extra,16,2,0.0,0.0,0,0,0,0.6918106079101562,0.6918106079101562
base-coord28-eps+0.1,extra,16,3,0.0,0.0,2,2,0,1.056259274482727,1.056259274482727
base-coord28-eps+0.1,extra,16,4,0.0,0.0,5,5,0,1.7477595806121826,1.7477595806121826
base-coord28-eps+0.1,extra,16,5,0.0,0.0,11,11,0,2.440906286239624,2.440906286239624
base-coord28-eps+0.1,extra,17,0,0.0,0.0,0,0,0,-0.0,-0.0
base-coord28-eps+0.1,extra,17,1,0.0,0.0,0,0,0,2.7631020735330303e-11,2.7631020735330303e-11
base-coord28-eps+0.1,extra,17,2,0.0,0.0,0,0,0,0.6914557218551636,0.6914557218551636
base-coord28-eps+0.1,extra,17,3,0.0,0.0,2,2,0,1.0581116676330566,1.0581116676330566
base-coord28-eps+0.1,extra,17,4,0.0,0.0,5,5,0,1.7484451532363892,1.7484451532363892
base-coord28-eps+0.1,extra,17,5,0.0,0.0,11,11,0,2.441568613052368,2.441568613052368
base-coord28-eps+0.1,extra,18,0,0.0,0.0,0,0,0,-0.0,-0.0
base-coord28-eps+0.1,extra,18,1,0.0,0.0,0,0,0,2.7631020735330303e-11,2.7631020735330303e-11
base-coord28-eps+0.1,extra,18,2,0.0,0.0,0,0,0,0.6844890713691711,0.6844890713691711
base-coord28-eps+0.1,extra,18,3,0.0,0.0,2,2,0,1.076362133026123,1.076362133026123
base-coord28-eps+0.1,extra,18,4,0.0,0.0,5,5,0,1.7581071853637695,1.7581071853637695
base-coord28-eps+0.1,extra,18,5,0.0,0.0,11,11,0,2.451234817504883,2.451234817504883
base-coord28-eps+0.1,extra,19,0,0.0,0.0,0,0,0,-0.0,-0.0
base-coord28-eps+0.1,extra,19,1,0.0,0.0,0,0,0,2.7631020735330303e-11,2.7631020735330303e-11
base-coord28-eps+0.1,extra,19,2,0.0,0.0,0,0,0,0.6901710033416748,0.6901710033416748
base-coord28-eps+0.1,extra,19,3,0.0,0.0,2,2,0,1.0633963346481323,1.0633963346481323
base-coord28-eps+0.1,extra,19,4,0.0,0.0,4,4,0,1.7533727884292603,1.7533727884292603
base-coord28-eps+0.1,extra,19,5,0.0,0.0,11,11,0,2.4465172290802,2.4465172290802
base-coord28-eps+0.1,extra,20,0,0.0,0.0,0,0,0,-0.0,-0.0
base-coord28-eps+0.1,extra,20,1,0.0,0.0,0,0,0,2.7631020735330303e-11,2.7631020735330303e-11
base-coord28-eps+0.1,extra,20,2,0.0,0.0,0,0,0,0.6930728554725647,0.6930728554725647
base-coord28-eps+0.1,extra,20,3,0.0,0.0,2,2,0,1.0438700914382935,1.0438700914382935
base-coord28-eps+0.1,extra,20,4,0.0,0.0,4,4,0,1.736687183380127,1.736687183380127
base-coord28-eps+0.1,extra,20,5,0.0,0.0,8,8,0,2.429828643798828,2.429828643798828
base-coord28-eps+0.1,extra,21,0,0.0,0.0,0,0,0,-0.0,-0.0
base-coord28-eps+0.1,extra,21,1,0.0,0.0,0,0,0,2.7631020735330303e-11,2.7631020735330303e-11
base-coord28-eps+0.1,extra,21,2,0.0,0.0,0,0,0,0.6907943487167358,0.6907943487167358
base-coord28-eps+0.1,extra,21,3,0.0,0.0,2,2,0,1.0610754489898682,1.0610754489898682
base-coord28-eps+0.1,extra,21,4,0.0,0.0,5,5,0,1.7524720430374146,1.7524720430374146
base-coord28-eps+0.1,extra,21,5,0.0,0.0,11,11,0,2.445585012435913,2.445585012435913
base-coord28-eps+0.1,extra,22,0,0.0,0.0,0,0,0,-0.0,-0.0
base-coord28-eps+0.1,extra,22,1,0.0,0.0,0,0,0,2.7631020735330303e-11,2.7631020735330303e-11
base-coord28-eps+0.1,extra,22,2,0.0,0.0,0,0,0,0.6901240348815918,0.6901240348815918
base-coord28-eps+0.1,extra,22,3,0.0,0.0,2,2,0,1.0635701417922974,1.0635701417922974
base-coord28-eps+0.1,extra,22,4,0.0,0.0,5,5,0,1.7549880743026733,1.7549880743026733
base-coord28-eps+0.1,extra,22,5,0.0,0.0,11,11,0,2.448117733001709,2.448117733001709
base-coord28-eps+0.1,extra,23,0,0.0,0.0,0,0,0,-0.0,-0.0
base-coord28-eps+0.1,extra,23,1,0.0,0.0,0,0,0,2.7631020735330303e-11,2.7631020735330303e-11
base-coord28-eps+0.1,extra,23,2,0.0,0.0,0,0,0,0.6914069652557373,0.6914069652557373
base-coord28-eps+0.1,extra,23,3,0.0,0.0,2,2,0,1.0583785772323608,1.0583785772323608
base-coord28-eps+0.1,extra,23,4,0.0,0.0,5,5,0,1.7508052587509155,1.7508052587509155
base-coord28-eps+0.1,extra,23,5,0.0,0.0,11,11,0,2.4438796043395996,2.4438796043395996
extra-coord0-eps+0.1,base,0,0,0.0,0.0,0,0,0,-0.0,-0.0
extra-coord0-eps+0.1,base,0,1,0.0,0.0,0,0,0,2.7631020735330303e-11,2.7631020735330303e-11
extra-coord0-eps+0.1,base,0,2,0.0,0.0,0,0,0,0.6373838186264038,0.6373838186264038
extra-coord0-eps+0.1,base,0,3,0.0,0.0,0,0,0,0.9930499792098999,0.9930499792098999
extra-coord0-eps+0.1,base,0,4,0.0,0.0,0,0,0,1.5890429019927979,1.5890429019927979
extra-coord0-eps+0.1,base,0,5,0.0,0.0,0,0,0,2.2367615699768066,2.2367615699768066
extra-coord0-eps+0.1,base,1,0,0.0,0.0,0,0,0,-0.0,-0.0
extra-coord0-eps+0.1,base,1,1,0.0,0.0,0,0,0,2.7631020735330303e-11,2.7631020735330303e-11
extra-coord0-eps+0.1,base,1,2,0.0,0.0,0,0,0,0.6139586567878723,0.6139586567878723
extra-coord0-eps+0.1,base,1,3,0.0,0.0,0,0,0,0.9895931482315063,0.9895931482315063
extra-coord0-eps+0.1,base,1,4,0.0,0.0,0,0,0,1.6770100593566895,1.6770100593566895
extra-coord0-eps+0.1,base,1,5,0.0,0.0,2,2,0,2.355576276779175,2.355576276779175
extra-coord0-eps+0.1,base,2,0,0.0,0.0,0,0,0,-0.0,-0.0
extra-coord0-eps+0.1,base,2,1,0.0,0.0,0,0,0,2.7631020735330303e-11,2.7631020735330303e-11
extra-coord0-eps+0.1,base,2,2,0.0,0.0,0,0,0,0.5945155620574951,0.5945155620574951
extra-coord0-eps+0.1,base,2,3,0.0,0.0,0,0,0,1.0177161693572998,1.0177161693572998
extra-coord0-eps+0.1,base,2,4,0.0,0.0,0,0,0,1.6899428367614746,1.6899428367614746
extra-coord0-eps+0.1,base,2,5,0.0,0.0,1,1,0,2.3639636039733887,2.3639636039733887
extra-coord0-eps+0.1,base,3,0,0.0,0.0,0,0,0,-0.0,-0.0
extra-coord0-eps+0.1,base,3,1,0.0,0.0,0,0,0,2.7631020735330303e-11,2.7631020735330303e-11
extra-coord0-eps+0.1,base,3,2,0.0,0.0,0,0,0,0.6537303924560547,0.6537303924560547
extra-coord0-eps+0.1,base,3,3,0.0,0.0,0,0,0,1.049169898033142,1.049169898033142
extra-coord0-eps+0.1,base,3,4,0.0,0.0,0,0,0,1.7113738059997559,1.7113738059997559
extra-coord0-eps+0.1,base,3,5,0.0,0.0,1,1,0,2.3707430362701416,2.3707430362701416
extra-coord0-eps+0.1,base,4,0,0.0,0.0,0,0,0,-0.0,-0.0
extra-coord0-eps+0.1,base,4,1,0.0,0.0,0,0,0,2.7631020735330303e-11,2.7631020735330303e-11
extra-coord0-eps+0.1,base,4,2,0.0,0.0,0,0,0,0.6177819967269897,0.6177819967269897
extra-coord0-eps+0.1,base,4,3,0.0,0.0,0,0,0,1.039624571800232,1.039624571800232
extra-coord0-eps+0.1,base,4,4,0.0,0.0,0,0,0,1.7085907459259033,1.7085907459259033
extra-coord0-eps+0.1,base,4,5,0.0,0.0,1,1,0,2.3293819427490234,2.3293819427490234
extra-coord0-eps+0.1,base,5,0,0.0,0.0,0,0,0,-0.0,-0.0
extra-coord0-eps+0.1,base,5,1,0.0,0.0,0,0,0,2.7631020735330303e-11,2.7631020735330303e-11
extra-coord0-eps+0.1,base,5,2,0.0,0.0,0,0,0,0.6890344023704529,0.6890344023704529
extra-coord0-eps+0.1,base,5,3,0.0,0.0,2,2,0,1.053797960281372,1.053797960281372
extra-coord0-eps+0.1,base,5,4,0.0,0.0,1,1,0,1.6563072204589844,1.6563072204589844
extra-coord0-eps+0.1,base,5,5,0.0,0.0,2,2,0,2.301750659942627,2.301750659942627
extra-coord0-eps+0.1,base,6,0,0.0,0.0,0,0,0,-0.0,-0.0
extra-coord0-eps+0.1,base,6,1,0.0,0.0,0,0,0,2.7631020735330303e-11,2.7631020735330303e-11
extra-coord0-eps+0.1,base,6,2,0.0,0.0,0,0,0,0.6923111081123352,0.6923111081123352
extra-coord0-eps+0.1,base,6,3,0.0,0.0,2,2,0,1.0525593757629395,1.0525593757629395
extra-coord0-eps+0.1,base,6,4,0.0,0.0,5,5,0,1.6711277961730957,1.6711277961730957
extra-coord0-eps+0.1,base,6,5,0.0,0.0,2,2,0,2.3368308544158936,2.3368308544158936
extra-coord0-eps+0.1,base,7,0,0.0,0.0,0,0,0,-0.0,-0.0
extra-coord0-eps+0.1,base,7,1,0.0,0.0,0,0,0,2.7631020735330303e-11,2.7631020735330303e-11
extra-coord0-eps+0.1,base,7,2,0.0,0.0,0,0,0,0.6086922883987427,0.6086922883987427
extra-coord0-eps+0.1,base,7,3,0.0,0.0,0,0,0,1.0854361057281494,1.0854361057281494
extra-coord0-eps+0.1,base,7,4,0.0,0.0,1,1,0,1.7331006526947021,1.7331006526947021
extra-coord0-eps+0.1,base,7,5,0.0,0.0,2,2,0,2.3553595542907715,2.3553595542907715
extra-coord0-eps+0.1,base,8,0,0.0,0.0,0,0,0,-0.0,-0.0
extra-coord0-eps+0.1,base,8,1,0.0,0.0,0,0,0,2.7631020735330303e-11,2.7631020735330303e-11
extra-coord0-eps+0.1,base,8,2,0.0,0.0,0,0,0,0.585580587387085,0.585580587387085
extra-coord0-eps+0.1,base,8,3,0.0,0.0,0,0,0,1.0789787769317627,1.0789787769317627
extra-coord0-eps+0.1,base,8,4,0.0,0.0,1,1,0,1.6958112716674805,1.6958112716674805
extra-coord0-eps+0.1,base,8,5,0.0,0.0,2,2,0,2.3291659355163574,2.3291659355163574
extra-coord0-eps+0.1,base,9,0,0.0,0.0,0,0,0,-0.0,-0.0
extra-coord0-eps+0.1,base,9,1,0.0,0.0,0,0,0,2.7631020735330303e-11,2.7631020735330303e-11
extra-coord0-eps+0.1,base,9,2,0.0,0.0,0,0,0,0.5129351615905762,0.5129351615905762
extra-coord0-eps+0.1,base,9,3,0.0,0.0,0,0,0,1.0241734981536865,1.0241734981536865
extra-coord0-eps+0.1,base,9,4,0.0,0.0,1,1,0,1.6281479597091675,1.6281479597091675
extra-coord0-eps+0.1,base,9,5,0.0,0.0,2,2,0,2.233487129211426,2.233487129211426
extra-coord0-eps+0.1,base,10,0,0.0,0.0,0,0,0,-0.0,-0.0
extra-coord0-eps+0.1,base,10,1,0.0,0.0,0,0,0,2.7631020735330303e-11,2.7631020735330303e-11
extra-coord0-eps+0.1,base,10,2,0.0,0.0,0,0,0,0.5875202417373657,0.5875202417373657
extra-coord0-eps+0.1,base,10,3,0.0,0.0,0,0,0,1.0865856409072876,1.0865856409072876
extra-coord0-eps+0.1,base,10,4,0.0,0.0,1,1,0,1.6617393493652344,1.6617393493652344
extra-coord0-eps+0.1,base,10,5,0.0,0.0,2,2,0,2.32112455368042,2.32112455368042
extra-coord0-eps+0.1,base,11,0,0.0,0.0,0,0,0,-0.0,-0.0
extra-coord0-eps+0.1,base,11,1,0.0,0.0,0,0,0,2.7631020735330303e-11,2.7631020735330303e-11
extra-coord0-eps+0.1,base,11,2,0.0,0.0,0,0,0,0.5179011225700378,0.5179011225700378
extra-coord0-eps+0.1,base,11,3,0.0,0.0,0,0,0,1.04121732711792,1.04121732711792
extra-coord0-eps+0.1,base,11,4,0.0,0.0,1,1,0,1.6084396839141846,1.6084396839141846
extra-coord0-eps+0.1,base,11,5,0.0,0.0,2,2,0,2.2561488151550293,2.2561488151550293
extra-coord0-eps+0.1,base,12,0,0.0,0.0,0,0,0,-0.0,-0.0
extra-coord0-eps+0.1,base,12,1,0.0,0.0,0,0,0,2.7631020735330303e-11,2.7631020735330303e-11
extra-coord0-eps+0.1,base,12,2,0.0,0.0,0,0,0,0.6459688544273376,0.6459688544273376
extra-coord0-eps+0.1,base,12,3,0.0,0.0,2,2,0,1.0968503952026367,1.0968503952026367
extra-coord0-eps+0.1,base,12,4,0.0,0.0,1,1,0,1.6702508926391602,1.6702508926391602
extra-coord0-eps+0.1,base,12,5,0.0,0.0,2,2,0,2.3357419967651367,2.3357419967651367
extra-coord0-eps+0.1,base,13,0,0.0,0.0,0,0,0,-0.0,-0.0
extra-coord0-eps+0.1,base,13,1,0.0,0.0,0,0,0,2.7631020735330303e-11,2.7631020735330303e-11
extra-coord0-eps+0.1,base,13,2,0.0,0.0,0,0,0,0.6759723424911499,0.6759723424911499
extra-coord0-eps+0.1,base,13,3,0.0,0.0,2,2,0,1.053755760192871,1.053755760192871
extra-coord0-eps+0.1,base,13,4,0.0,0.0,2,2,0,1.6675952672958374,1.6675952672958374
extra-coord0-eps+0.1,base,13,5,0.0,0.0,4,4,0,2.346712589263916,2.346712589263916
extra-coord0-eps+0.1,base,14,0,0.0,0.0,0,0,0,-0.0,-0.0
extra-coord0-eps+0.1,base,14,1,0.0,0.0,0,0,0,2.7631020735330303e-11,2.7631020735330303e-11
extra-coord0-eps+0.1,base,14,2,0.0,0.0,0,0,0,0.6920446157455444,0.6920446157455444
extra-coord0-eps+0.1,base,14,3,0.0,0.0,2,2,0,1.0372376441955566,1.0372376441955566
extra-coord0-eps+0.1,base,14,4,0.0,0.0,4,4,0,1.6922214031219482,1.6922214031219482
extra-coord0-eps+0.1,base,14,5,0.0,0.0,8,8,0,2.370516777038574,2.370516777038574
extra-coord0-eps+0.1,base,15,0,0.0,0.0,0,0,0,-0.0,-0.0
extra-coord0-eps+0.1,base,15,1,0.0,0.0,0,0,0,2.7631020735330303e-11,2.7631020735330303e-11
extra-coord0-eps+0.1,base,15,2,0.0,0.0,0,0,0,0.6660906076431274,0.6660906076431274
extra-coord0-eps+0.1,base,15,3,0.0,0.0,2,2,0,1.0927734375,1.0927734375
extra-coord0-eps+0.1,base,15,4,0.0,0.0,1,1,0,1.6902343034744263,1.6902343034744263
extra-coord0-eps+0.1,base,15,5,0.0,0.0,2,2,0,2.3602395057678223,2.3602395057678223
extra-coord0-eps+0.1,base,16,0,0.0,0.0,0,0,0,-0.0,-0.0
extra-coord0-eps+0.1,base,16,1,0.0,0.0,0,0,0,2.7631020735330303e-11,2.7631020735330303e-11
extra-coord0-eps+0.1,base,16,2,0.0,0.0,0,0,0,0.6695947051048279,0.6695947051048279
extra-coord0-eps+0.1,base,16,3,0.0,0.0,2,2,0,1.078802227973938,1.078802227973938
extra-coord0-eps+0.1,base,16,4,0.0,0.0,2,2,0,1.7054579257965088,1.7054579257965088
extra-coord0-eps+0.1,base,16,5,0.0,0.0,2,2,0,2.385063409805298,2.385063409805298
extra-coord0-eps+0.1,base,17,0,0.0,0.0,0,0,0,-0.0,-0.0
extra-coord0-eps+0.1,base,17,1,0.0,0.0,0,0,0,2.7631020735330303e-11,2.7631020735330303e-11
extra-coord0-eps+0.1,base,17,2,0.0,0.0,0,0,0,0.6843732595443726,0.6843732595443726
extra-coord0-eps+0.1,base,17,3,0.0,0.0,2,2,0,1.0384639501571655,1.0384639501571655
extra-coord0-eps+0.1,base,17,4,0.0,0.0,2,2,0,1.6847503185272217,1.6847503185272217
extra-coord0-eps+0.1,base,17,5,0.0,0.0,4,4,0,2.3601768016815186,2.3601768016815186
extra-coord0-eps+0.1,base,18,0,0.0,0.0,0,0,0,-0.0,-0.0
extra-coord0-eps+0.1,base,18,1,0.0,0.0,0,0,0,2.7631020735330303e-11,2.7631020735330303e-11
extra-coord0-eps+0.1,base,18,2,0.0,0.0,0,0,0,0.5948771238327026,0.5948771238327026
extra-coord0-eps+0.1,base,18,3,0.0,0.0,1,1,0,1.083418607711792,1.083418607711792
extra-coord0-eps+0.1,base,18,4,0.0,0.0,2,2,0,1.6826341152191162,1.6826341152191162
extra-coord0-eps+0.1,base,18,5,0.0,0.0,5,5,0,2.3505635261535645,2.3505635261535645
extra-coord0-eps+0.1,base,19,0,0.0,0.0,0,0,0,-0.0,-0.0
extra-coord0-eps+0.1,base,19,1,0.0,0.0,0,0,0,2.7631020735330303e-11,2.7631020735330303e-11
extra-coord0-eps+0.1,base,19,2,0.0,0.0,0,0,0,0.6310474276542664,0.6310474276542664
extra-coord0-eps+0.1,base,19,3,0.0,0.0,1,1,0,1.0745561122894287,1.0745561122894287
extra-coord0-eps+0.1,base,19,4,0.0,0.0,2,2,0,1.7251291275024414,1.7251291275024414
extra-coord0-eps+0.1,base,19,5,0.0,0.0,5,5,0,2.390928268432617,2.390928268432617
extra-coord0-eps+0.1,base,20,0,0.0,0.0,0,0,0,-0.0,-0.0
extra-coord0-eps+0.1,base,20,1,0.0,0.0,0,0,0,2.7631020735330303e-11,2.7631020735330303e-11
extra-coord0-eps+0.1,base,20,2,0.0,0.0,1,1,0,0.693016767501831,0.693016767501831
extra-coord0-eps+0.1,base,20,3,0.0,0.0,2,2,0,0.985754132270813,0.985754132270813
extra-coord0-eps+0.1,base,20,4,0.0,0.0,4,4,0,1.6687325239181519,1.6687325239181519
extra-coord0-eps+0.1,base,20,5,0.0,0.0,8,8,0,2.3491878509521484,2.3491878509521484
extra-coord0-eps+0.1,base,21,0,0.0,0.0,0,0,0,-0.0,-0.0
extra-coord0-eps+0.1,base,21,1,0.0,0.0,0,0,0,2.7631020735330303e-11,2.7631020735330303e-11
extra-coord0-eps+0.1,base,21,2,0.0,0.0,0,0,0,0.6555671095848083,0.6555671095848083
extra-coord0-eps+0.1,base,21,3,0.0,0.0,1,1,0,1.0817452669143677,1.0817452669143677
extra-coord0-eps+0.1,base,21,4,0.0,0.0,2,2,0,1.734731912612915,1.734731912612915
extra-coord0-eps+0.1,base,21,5,0.0,0.0,5,5,0,2.401118755340576,2.401118755340576
extra-coord0-eps+0.1,base,22,0,0.0,0.0,0,0,0,-0.0,-0.0
extra-coord0-eps+0.1,base,22,1,0.0,0.0,0,0,0,2.7631020735330303e-11,2.7631020735330303e-11
extra-coord0-eps+0.1,base,22,2,0.0,0.0,0,0,0,0.6413168907165527,0.6413168907165527
extra-coord0-eps+0.1,base,22,3,0.0,0.0,1,1,0,1.0751233100891113,1.0751233100891113
extra-coord0-eps+0.1,base,22,4,0.0,0.0,2,2,0,1.7520620822906494,1.7520620822906494
extra-coord0-eps+0.1,base,22,5,0.0,0.0,5,5,0,2.4185540676116943,2.4185540676116943
extra-coord0-eps+0.1,base,23,0,0.0,0.0,0,0,0,-0.0,-0.0
extra-coord0-eps+0.1,base,23,1,0.0,0.0,0,0,0,2.7631020735330303e-11,2.7631020735330303e-11
extra-coord0-eps+0.1,base,23,2,0.0,0.0,0,0,0,0.6769633293151855,0.6769633293151855
extra-coord0-eps+0.1,base,23,3,0.0,0.0,1,1,0,1.0280919075012207,1.0280919075012207
extra-coord0-eps+0.1,base,23,4,0.0,0.0,2,2,0,1.7172539234161377,1.7172539234161377
extra-coord0-eps+0.1,base,23,5,0.0,0.0,4,4,0,2.4022464752197266,2.4022464752197266
extra-coord0-eps+0.1,extra,0,0,0.0,0.0,0,0,0,-0.0,-0.0
extra-coord0-eps+0.1,extra,0,1,0.0,0.0,0,0,0,2.7631020735330303e-11,2.7631020735330303e-11
extra-coord0-eps+0.1,extra,0,2,-4.4703639900944836e-08,6.556510925292969e-07,0,0,0,0.6931471824645996,0.6931471824645996
extra-coord0-eps+0.1,extra,0,3,-1.4899406153290329e-08,9.5367431640625e-07,2,2,0,1.039733648300171,1.039734125137329
extra-coord0-eps+0.1,extra,0,4,-2.9803764789448906e-08,1.0281801223754883e-06,4,4,0,1.7328808307647705,1.7328813076019287
extra-coord0-eps+0.1,extra,0,5,-2.979978219741497e-08,5.140900611877441e-07,8,8,0,2.426027774810791,2.4260287284851074
extra-coord0-eps+0.1,extra,1,0,0.0,0.0,0,0,0,-0.0,-0.0
extra-coord0-eps+0.1,extra,1,1,0.0,0.0,0,0,0,2.7631020735330303e-11,2.7631020735330303e-11
extra-coord0-eps+0.1,extra,1,2,7.37491063773632e-08,0.00034236907958984375,0,0,0,0.6915340423583984,0.6914949417114258
extra-coord0-eps+0.1,extra,1,3,1.2216332834213972e-07,0.0004170536994934082,2,2,0,1.0577495098114014,1.0579414367675781
extra-coord0-eps+0.1,extra,1,4,1.836815499700606e-07,0.00035092979669570923,5,5,0,1.749995231628418,1.7502079010009766
extra-coord0-eps+0.1,extra,1,5,1.1693373380694538e-07,0.00017606839537620544,11,11,0,2.4431004524230957,2.443312883377075
extra-coord0-eps+0.1,extra,2,0,0.0,0.0,0,0,0,-0.0,-0.0
extra-coord0-eps+0.1,extra,2,1,0.0,0.0,0,0,0,2.7631020735330303e-11,2.7631020735330303e-11
extra-coord0-eps+0.1,extra,2,2,9.319046512246132e-08,0.0003037452697753906,1,1,0,0.6927227973937988,0.6927403211593628
extra-coord0-eps+0.1,extra,2,3,1.2778582458849996e-07,0.00036200881004333496,2,2,0,1.0291842222213745,1.0294153690338135
extra-coord0-eps+0.1,extra,2,4,1.0634175851009786e-07,0.0003031045198440552,4,4,0,1.7220839262008667,1.7223055362701416
extra-coord0-eps+0.1,extra,2,5,1.0374969861004502e-07,0.00015196949243545532,9,9,0,2.415142297744751,2.4153642654418945
extra-coord0-eps+0.1,extra,3,0,0.0,0.0,0,0,0,-0.0,-0.0
extra-coord0-eps+0.1,extra,3,1,0.0,0.0,0,0,0,2.7631020735330303e-11,2.7631020735330303e-11
extra-coord0-eps+0.1,extra,3,2,1.6443664208054543e-08,0.0002752840518951416,1,1,0,0.691368818283081,0.6913357973098755
extra-coord0-eps+0.1,extra,3,3,4.2748979467432946e-08,0.000313490629196167,2,2,0,1.0172319412231445,1.017003059387207
extra-coord0-eps+0.1,extra,3,4,1.1917472875211388e-07,0.0002768486738204956,4,4,0,1.708655595779419,1.7084498405456543
extra-coord0-eps+0.1,extra,3,5,7.29596649762243e-08,0.00013915449380874634,9,9,0,2.4017515182495117,2.401546001434326
extra-coord0-eps+0.1,extra,4,0,0.0,0.0,0,0,0,-0.0,-0.0
extra-coord0-eps+0.1,extra,4,1,0.0,0.0,0,0,0,2.7631020735330303e-11,2.7631020735330303e-11
extra-coord0-eps+0.1,extra,4,2,3.817876859102398e-08,9.241700172424316e-05,1,1,0,0.693131685256958,0.6931326389312744
extra-coord0-eps+0.1,extra,4,3,2.0872903405688703e-10,0.00010301172733306885,2,2,0,1.0377744436264038,1.037839412689209
extra-coord0-eps+0.1,extra,4,4,1.583566699991934e-08,6.514042615890503e-05,4,4,0,1.730900764465332,1.7309660911560059
extra-coord0-eps+0.1,extra,4,5,2.345450411667116e-08,3.265589475631714e-05,10,10,0,2.424043655395508,2.4241089820861816
extra-coord0-eps+0.1,extra,5,0,0.0,0.0,0,0,0,-0.0,-0.0
extra-coord0-eps+0.1,extra,5,1,0.0,0.0,0,0,0,2.7631020735330303e-11,2.7631020735330303e-11
extra-coord0-eps+0.1,extra,5,2,2.1191226551309228e-08,0.00019156932830810547,1,1,0,0.6921248435974121,0.692142128944397
extra-coord0-eps+0.1,extra,5,3,4.710273060481995e-09,0.00023314356803894043,2,2,0,1.0230004787445068,1.02315354347229
extra-coord0-eps+0.1,extra,5,4,3.5406628740020096e-08,0.00018686801195144653,4,4,0,1.7156126499176025,1.7157578468322754
extra-coord0-eps+0.1,extra,5,5,6.345999281620607e-08,9.375810623168945e-05,9,9,0,2.4086222648620605,2.4087677001953125
extra-coord0-eps+0.1,extra,6,0,0.0,0.0,0,0,0,-0.0,-0.0
extra-coord0-eps+0.1,extra,6,1,0.0,0.0,0,0,0,2.7631020735330303e-11,2.7631020735330303e-11
extra-coord0-eps+0.1,extra,6,2,6.079062586650252e-08,0.00036835670471191406,1,1,0,0.6921038031578064,0.6921372413635254
extra-coord0-eps+0.1,extra,6,3,1.1397787602618337e-07,0.0004388093948364258,2,2,0,1.022828459739685,1.0231215953826904
extra-coord0-eps+0.1,extra,6,4,2.249435056000948e-07,0.0003411024808883667,4,4,0,1.715801477432251,1.7160861492156982
extra-coord0-eps+0.1,extra,6,5,1.6757076082285494e-07,0.00017132237553596497,9,9,0,2.408750534057617,2.4090352058410645
extra-coord0-eps+0.1,extra,7,0,0.0,0.0,0,0,0,-0.0,-0.0
extra-coord0-eps+0.1,extra,7,1,0.0,0.0,0,0,0,2.7631020735330303e-11,2.7631020735330303e-11
extra-coord0-eps+0.1,extra,7,2,-4.3804902816191316e-08,4.559755325317383e-05,1,1,0,0.6927980184555054,0.6927956342697144
extra-coord0-eps+0.1,extra,7,3,-1.2394707482599188e-08,4.553794860839844e-05,2,2,0,1.0302042961120605,1.0301700830459595
extra-coord0-eps+0.1,extra,7,4,2.2556378098670393e-08,5.4739415645599365e-05,4,4,0,1.7233229875564575,1.7232896089553833
extra-coord0-eps+0.1,extra,7,5,-2.2697349777445197e-08,2.7373433113098145e-05,9,9,0,2.416435718536377,2.416402578353882
extra-coord0-eps+0.1,extra,8,0,0.0,0.0,0,0,0,-0.0,-0.0
extra-coord0-eps+0.1,extra,8,1,0.0,0.0,0,0,0,2.7631020735330303e-11,2.7631020735330303e-11
extra-coord0-eps+0.1,extra,8,2,2.505694283172488e-07,0.0006659924983978271,0,0,0,0.6912452578544617,0.6911621689796448
extra-coord0-eps+0.1,extra,8,3,4.1873499867506325e-07,0.0008192956447601318,2,2,0,1.0591470003128052,1.059512734413147
extra-coord0-eps+0.1,extra,8,4,6.208720151335001e-07,0.0006644055247306824,5,5,0,1.750950574874878,1.7513608932495117
extra-coord0-eps+0.1,extra,8,5,6.082736945245415e-07,0.0003333538770675659,11,11,0,2.4440855979919434,2.444495916366577
extra-coord0-eps+0.1,extra,9,0,0.0,0.0,0,0,0,-0.0,-0.0
extra-coord0-eps+0.1,extra,9,1,0.0,0.0,0,0,0,2.7631020735330303e-11,2.7631020735330303e-11
extra-coord0-eps+0.1,extra,9,2,6.191112333908677e-08,0.0001773238182067871,0,0,0,0.6929070353507996,0.6929147243499756
extra-coord0-eps+0.1,extra,9,3,5.269794201012701e-08,0.00022533535957336426,2,2,0,1.047072410583496,1.046958088874817
extra-coord0-eps+0.1,extra,9,4,5.35783328814432e-08,0.00017532706260681152,5,5,0,1.74020254611969,1.7400867938995361
extra-coord0-eps+0.1,extra,9,5,5.38002495886758e-08,8.79243016242981e-05,11,11,0,2.4333043098449707,2.4331884384155273
extra-coord0-eps+0.1,extra,10,0,0.0,0.0,0,0,0,-0.0,-0.0
extra-coord0-eps+0.1,extra,10,1,0.0,0.0,0,0,0,2.7631020735330303e-11,2.7631020735330303e-11
extra-coord0-eps+0.1,extra,10,2,-1.3671524357050657e-08,0.00013214349746704102,0,0,0,0.6921056509017944,0.6920934915542603
extra-coord0-eps+0.1,extra,10,3,-1.2334112398093566e-08,0.00015607476234436035,2,2,0,1.054481029510498,1.0545592308044434
extra-coord0-eps+0.1,extra,10,4,1.1226802598685026e-08,0.00015458464622497559,5,5,0,1.7475379705429077,1.7476195096969604
extra-coord0-eps+0.1,extra,10,5,2.65708877122961e-08,7.755309343338013e-05,11,11,0,2.4406449794769287,2.4407267570495605
extra-coord0-eps+0.1,extra,11,0,0.0,0.0,0,0,0,-0.0,-0.0
extra-coord0-eps+0.1,extra,11,1,0.0,0.0,0,0,0,2.7631020735330303e-11,2.7631020735330303e-11
extra-coord0-eps+0.1,extra,11,2,8.590723155066371e-08,0.00043642520904541016,1,1,0,0.6928972005844116,0.6929162740707397
extra-coord0-eps+0.1,extra,11,3,1.9279286789242178e-07,0.0005125999450683594,2,2,0,1.0317082405090332,1.032033920288086
extra-coord0-eps+0.1,extra,11,4,2.4823384592309594e-07,0.00043904781341552734,4,4,0,1.724522590637207,1.7248315811157227
extra-coord0-eps+0.1,extra,11,5,2.8482281777542084e-07,0.00022013485431671143,9,9,0,2.417581081390381,2.4178905487060547
extra-coord0-eps+0.1,extra,12,0,0.0,0.0,0,0,0,-0.0,-0.0
extra-coord0-eps+0.1,extra,12,1,0.0,0.0,0,0,0,2.7631020735330303e-11,2.7631020735330303e-11
extra-coord0-eps+0.1,extra,12,2,1.709850039333105e-07,0.0005515217781066895,1,1,0,0.692953884601593,0.6929750442504883
extra-coord0-eps+0.1,extra,12,3,3.551103873178363e-07,0.0006666034460067749,2,2,0,1.0327017307281494,1.0331100225448608
extra-coord0-eps+0.1,extra,12,4,4.027679096907377e-07,0.0005661547183990479,4,4,0,1.7257262468338013,1.7261204719543457
extra-coord0-eps+0.1,extra,12,5,3.9399856177624315e-07,0.000283949077129364,9,9,0,2.418735980987549,2.419130325317383
extra-coord0-eps+0.1,extra,13,0,0.0,0.0,0,0,0,-0.0,-0.0
extra-coord0-eps+0.1,extra,13,1,0.0,0.0,0,0,0,2.7631020735330303e-11,2.7631020735330303e-11
extra-coord0-eps+0.1,extra,13,2,1.0096118785440922e-07,0.0005157589912414551,1,1,0,0.6926764249801636,0.6927075386047363
extra-coord0-eps+0.1,extra,13,3,1.9995604816358536e-07,0.0006190985441207886,2,2,0,1.0286054611206055,1.0289983749389648
extra-coord0-eps+0.1,extra,13,4,2.9264992917887866e-07,0.0004995837807655334,4,4,0,1.7216960191726685,1.7220807075500488
extra-coord0-eps+0.1,extra,13,5,3.2904426916502416e-07,0.00025085359811782837,9,9,0,2.4146623611450195,2.4150471687316895
extra-coord0-eps+0.1,extra,14,0,0.0,0.0,0,0,0,-0.0,-0.0
extra-coord0-eps+0.1,extra,14,1,0.0,0.0,0,0,0,2.7631020735330303e-11,2.7631020735330303e-11
extra-coord0-eps+0.1,extra,14,2,3.538843884598464e-08,7.474422454833984e-05,1,1,0,0.6931471824645996,0.6931471228599548
extra-coord0-eps+0.1,extra,14,3,4.324328983784653e-08,0.00010001659393310547,2,2,0,1.0396487712860107,1.0395970344543457
extra-coord0-eps+0.1,extra,14,4,-7.459675543941557e-09,9.603053331375122e-05,5,5,0,1.732786774635315,1.732734203338623
extra-coord0-eps+0.1,extra,14,5,-3.0051523935981095e-08,4.806742072105408e-05,11,11,0,2.425931930541992,2.42587947845459
extra-coord0-eps+0.1,extra,15,0,0.0,0.0,0,0,0,-0.0,-0.0
extra-coord0-eps+0.1,extra,15,1,0.0,0.0,0,0,0,2.7631020735330303e-11,2.7631020735330303e-11
extra-coord0-eps+0.1,extra,15,2,8.113420335575938e-08,0.00035440921783447266,0,0,0,0.6930553913116455,0.6930454969406128
extra-coord0-eps+0.1,extra,15,3,1.3771023077424616e-07,0.0004215836524963379,2,2,0,1.0443235635757446,1.044558048248291
extra-coord0-eps+0.1,extra,15,4,1.9705839804373682e-07,0.00033705681562423706,4,4,0,1.7372437715530396,1.7374873161315918
extra-coord0-eps+0.1,extra,15,5,1.6566809790674597e-07,0.00016881898045539856,8,8,0,2.4303860664367676,2.4306297302246094
extra-coord0-eps+0.1,extra,16,0,0.0,0.0,0,0,0,-0.0,-0.0
extra-coord0-eps+0.1,extra,16,1,0.0,0.0,0,0,0,2.7631020735330303e-11,2.7631020735330303e-11
extra-coord0-eps+0.1,extra,16,2,2.5604094844311476e-07,0.0006898641586303711,0,0,0,0.6918106079101562,0.6917382478713989
extra-coord0-eps+0.1,extra,16,3,4.486573743633926e-07,0.0008515119552612305,2,2,0,1.056259274482727,1.0566517114639282
extra-coord0-eps+0.1,extra,16,4,6.15749740973115e-07,0.0006655901670455933,5,5,0,1.7477595806121826,1.7481987476348877
extra-coord0-eps+0.1,extra,16,5,6.295831553870812e-07,0.00033349916338920593,11,11,0,2.440906286239624,2.44134521484375
extra-coord0-eps+0.1,extra,17,0,0.0,0.0,0,0,0,-0.0,-0.0
extra-coord0-eps+0.1,extra,17,1,0.0,0.0,0,0,0,2.7631020735330303e-11,2.7631020735330303e-11
extra-coord0-eps+0.1,extra,17,2,2.0320294424891472e-07,0.0006282329559326172,0,0,0,0.6914557218551636,0.6913818120956421
extra-coord0-eps+0.1,extra,17,3,3.6281562643125653e-07,0.0007713735103607178,2,2,0,1.0581116676330566,1.0584577322006226
extra-coord0-eps+0.1,extra,17,4,4.5483102439902723e-07,0.0005955696105957031,5,5,0,1.7484451532363892,1.7488480806350708
extra-coord0-eps+0.1,extra,17,5,4.48038917966187e-07,0.0002986304461956024,11,11,0,2.441568613052368,2.4419713020324707
extra-coord0-eps+0.1,extra,18,0,0.0,0.0,0,0,0,-0.0,-0.0
extra-coord0-eps+0.1,extra,18,1,0.0,0.0,0,0,0,2.7631020735330303e-11,2.7631020735330303e-11
extra-coord0-eps+0.1,extra,18,2,1.3314711395651102e-06,0.0016595721244812012,0,0,0,0.6844890713691711,0.6840447187423706
extra-coord0-eps+0.1,extra,18,3,2.9151560738682747e-06,0.0021754205226898193,2,2,0,1.076362133026123,1.076984167098999
extra-coord0-eps+0.1,extra,18,4,3.9195947465486825e-06,0.0015758052468299866,5,5,0,1.7581071853637695,1.7590250968933105
extra-coord0-eps+0.1,extra,18,5,3.91917274100706e-06,0.0007937774062156677,11,11,0,2.451234817504883,2.452152729034424
extra-coord0-eps+0.1,extra,19,0,0.0,0.0,0,0,0,-0.0,-0.0
extra-coord0-eps+0.1,extra,19,1,0.0,0.0,0,0,0,2.7631020735330303e-11,2.7631020735330303e-11
extra-coord0-eps+0.1,extra,19,2,7.266935426741838e-07,0.0011554360389709473,0,0,0,0.6901710033416748,0.6899898052215576
extra-coord0-eps+0.1,extra,19,3,1.3671378837898374e-06,0.0014505386352539062,2,2,0,1.0633963346481323,1.0639843940734863
extra-coord0-eps+0.1,extra,19,4,1.8650534912012517e-06,0.0011411383748054504,4,4,0,1.7533727884292603,1.7540764808654785
extra-coord0-eps+0.1,extra,19,5,1.821907062549144e-06,0.0005723945796489716,11,11,0,2.4465172290802,2.447221040725708
extra-coord0-eps+0.1,extra,20,0,0.0,0.0,0,0,0,-0.0,-0.0
extra-coord0-eps+0.1,extra,20,1,0.0,0.0,0,0,0,2.7631020735330303e-11,2.7631020735330303e-11
extra-coord0-eps+0.1,extra,20,2,4.3743057176470757e-08,0.0002983212471008301,0,0,0,0.6930728554725647,0.6930654048919678
extra-coord0-eps+0.1,extra,20,3,5.827314453199506e-08,0.0003624260425567627,2,2,0,1.0438700914382935,1.0440680980682373
extra-coord0-eps+0.1,extra,20,4,1.095286279451102e-07,0.00028220564126968384,4,4,0,1.736687183380127,1.736894130706787
extra-coord0-eps+0.1,extra,20,5,1.4585657481802627e-07,0.00014131143689155579,8,8,0,2.429828643798828,2.4300355911254883
extra-coord0-eps+0.1,extra,21,0,0.0,0.0,0,0,0,-0.0,-0.0
extra-coord0-eps+0.1,extra,21,1,0.0,0.0,0,0,0,2.7631020735330303e-11,2.7631020735330303e-11
extra-coord0-eps+0.1,extra,21,2,1.4621764421463013e-07,0.0005439519882202148,0,0,0,0.6907943487167358,0.6907190084457397
extra-coord0-eps+0.1,extra,21,3,2.9234070098027587e-07,0.000660240650177002,2,2,0,1.0610754489898682,1.0613652467727661
extra-coord0-eps+0.1,extra,21,4,4.0635495679453015e-07,0.0005246996879577637,5,5,0,1.7524720430374146,1.7528011798858643
extra-coord0-eps+0.1,extra,21,5,3.60731064574793e-07,0.0002634674310684204,11,11,0,2.445585012435913,2.4459140300750732
extra-coord0-eps+0.1,extra,22,0,0.0,0.0,0,0,0,-0.0,-0.0
extra-coord0-eps+0.1,extra,22,1,0.0,0.0,0,0,0,2.7631020735330303e-11,2.7631020735330303e-11
extra-coord0-eps+0.1,extra,22,2,2.682354534044862e-07,0.0008043646812438965,0,0,0,0.6901240348815918,0.6899974942207336
extra-coord0-eps+0.1,extra,22,3,6.119735189713538e-07,0.001003652811050415,2,2,0,1.0635701417922974,1.063981533050537
extra-coord0-eps+0.1,extra,22,4,9.433933882974088e-07,0.0008174553513526917,5,5,0,1.7549880743026733,1.755461573600769
extra-coord0-eps+0.1,extra,22,5,8.978349796961993e-07,0.0004102662205696106,11,11,0,2.448117733001709,2.4485912322998047
extra-coord0-eps+0.1,extra,23,0,0.0,0.0,0,0,0,-0.0,-0.0
extra-coord0-eps+0.1,extra,23,1,0.0,0.0,0,0,0,2.7631020735330303e-11,2.7631020735330303e-11
extra-coord0-eps+0.1,extra,23,2,2.8936483431607485e-08,0.00027251243591308594,0,0,0,0.6914069652557373,0.691374659538269
extra-coord0-eps+0.1,extra,23,3,2.2329913917928934e-08,0.00030928850173950195,2,2,0,1.0583785772323608,1.0585308074951172
extra-coord0-eps+0.1,extra,23,4,9.390168997924775e-08,0.00025762617588043213,5,5,0,1.7508052587509155,1.7509701251983643
extra-coord0-eps+0.1,extra,23,5,1.234302544617094e-07,0.00012936443090438843,11,11,0,2.4438796043395996,2.444044589996338
extra-coord28-eps+0.1,base,0,0,0.0,0.0,0,0,0,-0.0,-0.0
extra-coord28-eps+0.1,base,0,1,0.0,0.0,0,0,0,2.7631020735330303e-11,2.7631020735330303e-11
extra-coord28-eps+0.1,base,0,2,0.0,0.0,0,0,0,0.6373838186264038,0.6373838186264038
extra-coord28-eps+0.1,base,0,3,0.0,0.0,0,0,0,0.9930499792098999,0.9930499792098999
extra-coord28-eps+0.1,base,0,4,0.0,0.0,0,0,0,1.5890429019927979,1.5890429019927979
extra-coord28-eps+0.1,base,0,5,0.0,0.0,0,0,0,2.2367615699768066,2.2367615699768066
extra-coord28-eps+0.1,base,1,0,0.0,0.0,0,0,0,-0.0,-0.0
extra-coord28-eps+0.1,base,1,1,0.0,0.0,0,0,0,2.7631020735330303e-11,2.7631020735330303e-11
extra-coord28-eps+0.1,base,1,2,0.0,0.0,0,0,0,0.6139586567878723,0.6139586567878723
extra-coord28-eps+0.1,base,1,3,0.0,0.0,0,0,0,0.9895931482315063,0.9895931482315063
extra-coord28-eps+0.1,base,1,4,0.0,0.0,0,0,0,1.6770100593566895,1.6770100593566895
extra-coord28-eps+0.1,base,1,5,0.0,0.0,2,2,0,2.355576276779175,2.355576276779175
extra-coord28-eps+0.1,base,2,0,0.0,0.0,0,0,0,-0.0,-0.0
extra-coord28-eps+0.1,base,2,1,0.0,0.0,0,0,0,2.7631020735330303e-11,2.7631020735330303e-11
extra-coord28-eps+0.1,base,2,2,0.0,0.0,0,0,0,0.5945155620574951,0.5945155620574951
extra-coord28-eps+0.1,base,2,3,0.0,0.0,0,0,0,1.0177161693572998,1.0177161693572998
extra-coord28-eps+0.1,base,2,4,0.0,0.0,0,0,0,1.6899428367614746,1.6899428367614746
extra-coord28-eps+0.1,base,2,5,0.0,0.0,1,1,0,2.3639636039733887,2.3639636039733887
extra-coord28-eps+0.1,base,3,0,0.0,0.0,0,0,0,-0.0,-0.0
extra-coord28-eps+0.1,base,3,1,0.0,0.0,0,0,0,2.7631020735330303e-11,2.7631020735330303e-11
extra-coord28-eps+0.1,base,3,2,0.0,0.0,0,0,0,0.6537303924560547,0.6537303924560547
extra-coord28-eps+0.1,base,3,3,0.0,0.0,0,0,0,1.049169898033142,1.049169898033142
extra-coord28-eps+0.1,base,3,4,0.0,0.0,0,0,0,1.7113738059997559,1.7113738059997559
extra-coord28-eps+0.1,base,3,5,0.0,0.0,1,1,0,2.3707430362701416,2.3707430362701416
extra-coord28-eps+0.1,base,4,0,0.0,0.0,0,0,0,-0.0,-0.0
extra-coord28-eps+0.1,base,4,1,0.0,0.0,0,0,0,2.7631020735330303e-11,2.7631020735330303e-11
extra-coord28-eps+0.1,base,4,2,0.0,0.0,0,0,0,0.6177819967269897,0.6177819967269897
extra-coord28-eps+0.1,base,4,3,0.0,0.0,0,0,0,1.039624571800232,1.039624571800232
extra-coord28-eps+0.1,base,4,4,0.0,0.0,0,0,0,1.7085907459259033,1.7085907459259033
extra-coord28-eps+0.1,base,4,5,0.0,0.0,1,1,0,2.3293819427490234,2.3293819427490234
extra-coord28-eps+0.1,base,5,0,0.0,0.0,0,0,0,-0.0,-0.0
extra-coord28-eps+0.1,base,5,1,0.0,0.0,0,0,0,2.7631020735330303e-11,2.7631020735330303e-11
extra-coord28-eps+0.1,base,5,2,0.0,0.0,0,0,0,0.6890344023704529,0.6890344023704529
extra-coord28-eps+0.1,base,5,3,0.0,0.0,2,2,0,1.053797960281372,1.053797960281372
extra-coord28-eps+0.1,base,5,4,0.0,0.0,1,1,0,1.6563072204589844,1.6563072204589844
extra-coord28-eps+0.1,base,5,5,0.0,0.0,2,2,0,2.301750659942627,2.301750659942627
extra-coord28-eps+0.1,base,6,0,0.0,0.0,0,0,0,-0.0,-0.0
extra-coord28-eps+0.1,base,6,1,0.0,0.0,0,0,0,2.7631020735330303e-11,2.7631020735330303e-11
extra-coord28-eps+0.1,base,6,2,0.0,0.0,0,0,0,0.6923111081123352,0.6923111081123352
extra-coord28-eps+0.1,base,6,3,0.0,0.0,2,2,0,1.0525593757629395,1.0525593757629395
extra-coord28-eps+0.1,base,6,4,0.0,0.0,5,5,0,1.6711277961730957,1.6711277961730957
extra-coord28-eps+0.1,base,6,5,0.0,0.0,2,2,0,2.3368308544158936,2.3368308544158936
extra-coord28-eps+0.1,base,7,0,0.0,0.0,0,0,0,-0.0,-0.0
extra-coord28-eps+0.1,base,7,1,0.0,0.0,0,0,0,2.7631020735330303e-11,2.7631020735330303e-11
extra-coord28-eps+0.1,base,7,2,0.0,0.0,0,0,0,0.6086922883987427,0.6086922883987427
extra-coord28-eps+0.1,base,7,3,0.0,0.0,0,0,0,1.0854361057281494,1.0854361057281494
extra-coord28-eps+0.1,base,7,4,0.0,0.0,1,1,0,1.7331006526947021,1.7331006526947021
extra-coord28-eps+0.1,base,7,5,0.0,0.0,2,2,0,2.3553595542907715,2.3553595542907715
extra-coord28-eps+0.1,base,8,0,0.0,0.0,0,0,0,-0.0,-0.0
extra-coord28-eps+0.1,base,8,1,0.0,0.0,0,0,0,2.7631020735330303e-11,2.7631020735330303e-11
extra-coord28-eps+0.1,base,8,2,0.0,0.0,0,0,0,0.585580587387085,0.585580587387085
extra-coord28-eps+0.1,base,8,3,0.0,0.0,0,0,0,1.0789787769317627,1.0789787769317627
extra-coord28-eps+0.1,base,8,4,0.0,0.0,1,1,0,1.6958112716674805,1.6958112716674805
extra-coord28-eps+0.1,base,8,5,0.0,0.0,2,2,0,2.3291659355163574,2.3291659355163574
extra-coord28-eps+0.1,base,9,0,0.0,0.0,0,0,0,-0.0,-0.0
extra-coord28-eps+0.1,base,9,1,0.0,0.0,0,0,0,2.7631020735330303e-11,2.7631020735330303e-11
extra-coord28-eps+0.1,base,9,2,0.0,0.0,0,0,0,0.5129351615905762,0.5129351615905762
extra-coord28-eps+0.1,base,9,3,0.0,0.0,0,0,0,1.0241734981536865,1.0241734981536865
extra-coord28-eps+0.1,base,9,4,0.0,0.0,1,1,0,1.6281479597091675,1.6281479597091675
extra-coord28-eps+0.1,base,9,5,0.0,0.0,2,2,0,2.233487129211426,2.233487129211426
extra-coord28-eps+0.1,base,10,0,0.0,0.0,0,0,0,-0.0,-0.0
extra-coord28-eps+0.1,base,10,1,0.0,0.0,0,0,0,2.7631020735330303e-11,2.7631020735330303e-11
extra-coord28-eps+0.1,base,10,2,0.0,0.0,0,0,0,0.5875202417373657,0.5875202417373657
extra-coord28-eps+0.1,base,10,3,0.0,0.0,0,0,0,1.0865856409072876,1.0865856409072876
extra-coord28-eps+0.1,base,10,4,0.0,0.0,1,1,0,1.6617393493652344,1.6617393493652344
extra-coord28-eps+0.1,base,10,5,0.0,0.0,2,2,0,2.32112455368042,2.32112455368042
extra-coord28-eps+0.1,base,11,0,0.0,0.0,0,0,0,-0.0,-0.0
extra-coord28-eps+0.1,base,11,1,0.0,0.0,0,0,0,2.7631020735330303e-11,2.7631020735330303e-11
extra-coord28-eps+0.1,base,11,2,0.0,0.0,0,0,0,0.5179011225700378,0.5179011225700378
extra-coord28-eps+0.1,base,11,3,0.0,0.0,0,0,0,1.04121732711792,1.04121732711792
extra-coord28-eps+0.1,base,11,4,0.0,0.0,1,1,0,1.6084396839141846,1.6084396839141846
extra-coord28-eps+0.1,base,11,5,0.0,0.0,2,2,0,2.2561488151550293,2.2561488151550293
extra-coord28-eps+0.1,base,12,0,0.0,0.0,0,0,0,-0.0,-0.0
extra-coord28-eps+0.1,base,12,1,0.0,0.0,0,0,0,2.7631020735330303e-11,2.7631020735330303e-11
extra-coord28-eps+0.1,base,12,2,0.0,0.0,0,0,0,0.6459688544273376,0.6459688544273376
extra-coord28-eps+0.1,base,12,3,0.0,0.0,2,2,0,1.0968503952026367,1.0968503952026367
extra-coord28-eps+0.1,base,12,4,0.0,0.0,1,1,0,1.6702508926391602,1.6702508926391602
extra-coord28-eps+0.1,base,12,5,0.0,0.0,2,2,0,2.3357419967651367,2.3357419967651367
extra-coord28-eps+0.1,base,13,0,0.0,0.0,0,0,0,-0.0,-0.0
extra-coord28-eps+0.1,base,13,1,0.0,0.0,0,0,0,2.7631020735330303e-11,2.7631020735330303e-11
extra-coord28-eps+0.1,base,13,2,0.0,0.0,0,0,0,0.6759723424911499,0.6759723424911499
extra-coord28-eps+0.1,base,13,3,0.0,0.0,2,2,0,1.053755760192871,1.053755760192871
extra-coord28-eps+0.1,base,13,4,0.0,0.0,2,2,0,1.6675952672958374,1.6675952672958374
extra-coord28-eps+0.1,base,13,5,0.0,0.0,4,4,0,2.346712589263916,2.346712589263916
extra-coord28-eps+0.1,base,14,0,0.0,0.0,0,0,0,-0.0,-0.0
extra-coord28-eps+0.1,base,14,1,0.0,0.0,0,0,0,2.7631020735330303e-11,2.7631020735330303e-11
extra-coord28-eps+0.1,base,14,2,0.0,0.0,0,0,0,0.6920446157455444,0.6920446157455444
extra-coord28-eps+0.1,base,14,3,0.0,0.0,2,2,0,1.0372376441955566,1.0372376441955566
extra-coord28-eps+0.1,base,14,4,0.0,0.0,4,4,0,1.6922214031219482,1.6922214031219482
extra-coord28-eps+0.1,base,14,5,0.0,0.0,8,8,0,2.370516777038574,2.370516777038574
extra-coord28-eps+0.1,base,15,0,0.0,0.0,0,0,0,-0.0,-0.0
extra-coord28-eps+0.1,base,15,1,0.0,0.0,0,0,0,2.7631020735330303e-11,2.7631020735330303e-11
extra-coord28-eps+0.1,base,15,2,0.0,0.0,0,0,0,0.6660906076431274,0.6660906076431274
extra-coord28-eps+0.1,base,15,3,0.0,0.0,2,2,0,1.0927734375,1.0927734375
extra-coord28-eps+0.1,base,15,4,0.0,0.0,1,1,0,1.6902343034744263,1.6902343034744263
extra-coord28-eps+0.1,base,15,5,0.0,0.0,2,2,0,2.3602395057678223,2.3602395057678223
extra-coord28-eps+0.1,base,16,0,0.0,0.0,0,0,0,-0.0,-0.0
extra-coord28-eps+0.1,base,16,1,0.0,0.0,0,0,0,2.7631020735330303e-11,2.7631020735330303e-11
extra-coord28-eps+0.1,base,16,2,0.0,0.0,0,0,0,0.6695947051048279,0.6695947051048279
extra-coord28-eps+0.1,base,16,3,0.0,0.0,2,2,0,1.078802227973938,1.078802227973938
extra-coord28-eps+0.1,base,16,4,0.0,0.0,2,2,0,1.7054579257965088,1.7054579257965088
extra-coord28-eps+0.1,base,16,5,0.0,0.0,2,2,0,2.385063409805298,2.385063409805298
extra-coord28-eps+0.1,base,17,0,0.0,0.0,0,0,0,-0.0,-0.0
extra-coord28-eps+0.1,base,17,1,0.0,0.0,0,0,0,2.7631020735330303e-11,2.7631020735330303e-11
extra-coord28-eps+0.1,base,17,2,0.0,0.0,0,0,0,0.6843732595443726,0.6843732595443726
extra-coord28-eps+0.1,base,17,3,0.0,0.0,2,2,0,1.0384639501571655,1.0384639501571655
extra-coord28-eps+0.1,base,17,4,0.0,0.0,2,2,0,1.6847503185272217,1.6847503185272217
extra-coord28-eps+0.1,base,17,5,0.0,0.0,4,4,0,2.3601768016815186,2.3601768016815186
extra-coord28-eps+0.1,base,18,0,0.0,0.0,0,0,0,-0.0,-0.0
extra-coord28-eps+0.1,base,18,1,0.0,0.0,0,0,0,2.7631020735330303e-11,2.7631020735330303e-11
extra-coord28-eps+0.1,base,18,2,0.0,0.0,0,0,0,0.5948771238327026,0.5948771238327026
extra-coord28-eps+0.1,base,18,3,0.0,0.0,1,1,0,1.083418607711792,1.083418607711792
extra-coord28-eps+0.1,base,18,4,0.0,0.0,2,2,0,1.6826341152191162,1.6826341152191162
extra-coord28-eps+0.1,base,18,5,0.0,0.0,5,5,0,2.3505635261535645,2.3505635261535645
extra-coord28-eps+0.1,base,19,0,0.0,0.0,0,0,0,-0.0,-0.0
extra-coord28-eps+0.1,base,19,1,0.0,0.0,0,0,0,2.7631020735330303e-11,2.7631020735330303e-11
extra-coord28-eps+0.1,base,19,2,0.0,0.0,0,0,0,0.6310474276542664,0.6310474276542664
extra-coord28-eps+0.1,base,19,3,0.0,0.0,1,1,0,1.0745561122894287,1.0745561122894287
extra-coord28-eps+0.1,base,19,4,0.0,0.0,2,2,0,1.7251291275024414,1.7251291275024414
extra-coord28-eps+0.1,base,19,5,0.0,0.0,5,5,0,2.390928268432617,2.390928268432617
extra-coord28-eps+0.1,base,20,0,0.0,0.0,0,0,0,-0.0,-0.0
extra-coord28-eps+0.1,base,20,1,0.0,0.0,0,0,0,2.7631020735330303e-11,2.7631020735330303e-11
extra-coord28-eps+0.1,base,20,2,0.0,0.0,1,1,0,0.693016767501831,0.693016767501831
extra-coord28-eps+0.1,base,20,3,0.0,0.0,2,2,0,0.985754132270813,0.985754132270813
extra-coord28-eps+0.1,base,20,4,0.0,0.0,4,4,0,1.6687325239181519,1.6687325239181519
extra-coord28-eps+0.1,base,20,5,0.0,0.0,8,8,0,2.3491878509521484,2.3491878509521484
extra-coord28-eps+0.1,base,21,0,0.0,0.0,0,0,0,-0.0,-0.0
extra-coord28-eps+0.1,base,21,1,0.0,0.0,0,0,0,2.7631020735330303e-11,2.7631020735330303e-11
extra-coord28-eps+0.1,base,21,2,0.0,0.0,0,0,0,0.6555671095848083,0.6555671095848083
extra-coord28-eps+0.1,base,21,3,0.0,0.0,1,1,0,1.0817452669143677,1.0817452669143677
extra-coord28-eps+0.1,base,21,4,0.0,0.0,2,2,0,1.734731912612915,1.734731912612915
extra-coord28-eps+0.1,base,21,5,0.0,0.0,5,5,0,2.401118755340576,2.401118755340576
extra-coord28-eps+0.1,base,22,0,0.0,0.0,0,0,0,-0.0,-0.0
extra-coord28-eps+0.1,base,22,1,0.0,0.0,0,0,0,2.7631020735330303e-11,2.7631020735330303e-11
extra-coord28-eps+0.1,base,22,2,0.0,0.0,0,0,0,0.6413168907165527,0.6413168907165527
extra-coord28-eps+0.1,base,22,3,0.0,0.0,1,1,0,1.0751233100891113,1.0751233100891113
extra-coord28-eps+0.1,base,22,4,0.0,0.0,2,2,0,1.7520620822906494,1.7520620822906494
extra-coord28-eps+0.1,base,22,5,0.0,0.0,5,5,0,2.4185540676116943,2.4185540676116943
extra-coord28-eps+0.1,base,23,0,0.0,0.0,0,0,0,-0.0,-0.0
extra-coord28-eps+0.1,base,23,1,0.0,0.0,0,0,0,2.7631020735330303e-11,2.7631020735330303e-11
extra-coord28-eps+0.1,base,23,2,0.0,0.0,0,0,0,0.6769633293151855,0.6769633293151855
extra-coord28-eps+0.1,base,23,3,0.0,0.0,1,1,0,1.0280919075012207,1.0280919075012207
extra-coord28-eps+0.1,base,23,4,0.0,0.0,2,2,0,1.7172539234161377,1.7172539234161377
extra-coord28-eps+0.1,base,23,5,0.0,0.0,4,4,0,2.4022464752197266,2.4022464752197266
extra-coord28-eps+0.1,extra,0,0,0.0,0.0,0,0,0,-0.0,-0.0
extra-coord28-eps+0.1,extra,0,1,0.0,0.0,0,0,0,2.7631020735330303e-11,2.7631020735330303e-11
extra-coord28-eps+0.1,extra,0,2,2.2737367544323206e-13,4.76837158203125e-07,0,0,0,0.6931471824645996,0.6931471824645996
extra-coord28-eps+0.1,extra,0,3,-7.105427357601002e-15,4.76837158203125e-07,2,2,0,1.039733648300171,1.03973388671875
extra-coord28-eps+0.1,extra,0,4,2.9801018541775193e-08,2.384185791015625e-07,4,4,0,1.7328808307647705,1.7328810691833496
extra-coord28-eps+0.1,extra,0,5,2.0232704400768853e-12,1.4156103134155273e-07,8,8,0,2.426027774810791,2.426028251647949
extra-coord28-eps+0.1,extra,1,0,0.0,0.0,0,0,0,-0.0,-0.0
extra-coord28-eps+0.1,extra,1,1,0.0,0.0,0,0,0,2.7631020735330303e-11,2.7631020735330303e-11
extra-coord28-eps+0.1,extra,1,2,-1.6529611457372084e-08,3.0100345611572266e-05,0,0,0,0.6915340423583984,0.6915374994277954
extra-coord28-eps+0.1,extra,1,3,-1.5005980458226986e-08,3.013014793395996e-05,2,2,0,1.0577495098114014,1.057732105255127
extra-coord28-eps+0.1,extra,1,4,9.892914931697305e-09,1.9028782844543457e-05,5,5,0,1.749995231628418,1.7499797344207764
extra-coord28-eps+0.1,extra,1,5,-1.20621166388446e-08,9.901821613311768e-06,11,11,0,2.4431004524230957,2.443084716796875
extra-coord28-eps+0.1,extra,2,0,0.0,0.0,0,0,0,-0.0,-0.0
extra-coord28-eps+0.1,extra,2,1,0.0,0.0,0,0,0,2.7631020735330303e-11,2.7631020735330303e-11
extra-coord28-eps+0.1,extra,2,2,-1.2163582141511142e-08,6.350874900817871e-05,1,1,0,0.6927227973937988,0.6927264928817749
extra-coord28-eps+0.1,extra,2,3,-4.112553142476827e-08,6.347894668579102e-05,2,2,0,1.0291842222213745,1.0292320251464844
extra-coord28-eps+0.1,extra,2,4,-2.3424490791512653e-08,3.5196542739868164e-05,4,4,0,1.7220839262008667,1.7221333980560303
extra-coord28-eps+0.1,extra,2,5,3.794309577642707e-08,1.821666955947876e-05,9,9,0,2.415142297744751,2.4151923656463623
extra-coord28-eps+0.1,extra,3,0,0.0,0.0,0,0,0,-0.0,-0.0
extra-coord28-eps+0.1,extra,3,1,0.0,0.0,0,0,0,2.7631020735330303e-11,2.7631020735330303e-11
extra-coord28-eps+0.1,extra,3,2,3.8993675843812525e-08,8.600950241088867e-05,1,1,0,0.691368818283081,0.6913790702819824
extra-coord28-eps+0.1,extra,3,3,3.914828994311392e-08,8.600950241088867e-05,2,2,0,1.0172319412231445,1.0173020362854004
extra-coord28-eps+0.1,extra,3,4,1.2345935829216614e-08,5.2675604820251465e-05,4,4,0,1.708655595779419,1.708734154701233
extra-coord28-eps+0.1,extra,3,5,1.1004317457263824e-08,2.6378780603408813e-05,9,9,0,2.4017515182495117,2.4018301963806152
extra-coord28-eps+0.1,extra,4,0,0.0,0.0,0,0,0,-0.0,-0.0
extra-coord28-eps+0.1,extra,4,1,0.0,0.0,0,0,0,2.7631020735330303e-11,2.7631020735330303e-11
extra-coord28-eps+0.1,extra,4,2,3.732384357135743e-08,8.481740951538086e-05,1,1,0,0.693131685256958,0.6931326389312744
extra-coord28-eps+0.1,extra,4,3,3.748027666006237e-08,8.481740951538086e-05,2,2,0,1.0377744436264038,1.0378341674804688
extra-coord28-eps+0.1,extra,4,4,4.2721467252704315e-08,5.6803226470947266e-05,4,4,0,1.730900764465332,1.730959415435791
extra-coord28-eps+0.1,extra,4,5,2.8076783564756624e-08,2.855062484741211e-05,10,10,0,2.424043655395508,2.424102306365967
extra-coord28-eps+0.1,extra,5,0,0.0,0.0,0,0,0,-0.0,-0.0
extra-coord28-eps+0.1,extra,5,1,0.0,0.0,0,0,0,2.7631020735330303e-11,2.7631020735330303e-11
extra-coord28-eps+0.1,extra,5,2,2.090928319375962e-08,6.312131881713867e-05,1,1,0,0.6921248435974121,0.6921305060386658
extra-coord28-eps+0.1,extra,5,3,4.964340405422263e-08,6.312131881713867e-05,2,2,0,1.0230004787445068,1.02305006980896
extra-coord28-eps+0.1,extra,5,4,6.3658944782218896e-09,4.0374696254730225e-05,4,4,0,1.7156126499176025,1.715665578842163
extra-coord28-eps+0.1,extra,5,5,-8.333699952345341e-09,2.037733793258667e-05,9,9,0,2.4086222648620605,2.4086756706237793
extra-coord28-eps+0.1,extra,6,0,0.0,0.0,0,0,0,-0.0,-0.0
extra-coord28-eps+0.1,extra,6,1,0.0,0.0,0,0,0,2.7631020735330303e-11,2.7631020735330303e-11
extra-coord28-eps+0.1,extra,6,2,-2.3164830054156482e-08,9.66191291809082e-05,1,1,0,0.6921038031578064,0.6921126842498779
extra-coord28-eps+0.1,extra,6,3,2.2405401978176087e-08,9.66787338256836e-05,2,2,0,1.022828459739685,1.022904396057129
extra-coord28-eps+0.1,extra,6,4,2.7202304409001954e-08,5.529075860977173e-05,4,4,0,1.715801477432251,1.7158799171447754
extra-coord28-eps+0.1,extra,6,5,1.4184706742526032e-08,2.7671456336975098e-05,9,9,0,2.408750534057617,2.4088294506073
extra-coord28-eps+0.1,extra,7,0,0.0,0.0,0,0,0,-0.0,-0.0
extra-coord28-eps+0.1,extra,7,1,0.0,0.0,0,0,0,2.7631020735330303e-11,2.7631020735330303e-11
extra-coord28-eps+0.1,extra,7,2,-3.041714080609381e-08,3.096461296081543e-05,1,1,0,0.6927980184555054,0.6927996277809143
extra-coord28-eps+0.1,extra,7,3,2.9119519240339287e-08,3.0994415283203125e-05,2,2,0,1.0302042961120605,1.0302274227142334
extra-coord28-eps+0.1,extra,7,4,-1.1316728887322824e-08,2.282857894897461e-05,4,4,0,1.7233229875564575,1.7233467102050781
extra-coord28-eps+0.1,extra,7,5,2.5352960619784426e-08,1.2077391147613525e-05,9,9,0,2.416435718536377,2.416459560394287
extra-coord28-eps+0.1,extra,8,0,0.0,0.0,0,0,0,-0.0,-0.0
extra-coord28-eps+0.1,extra,8,1,0.0,0.0,0,0,0,2.7631020735330303e-11,2.7631020735330303e-11
extra-coord28-eps+0.1,extra,8,2,-2.788874553516507e-08,4.369020462036133e-05,0,0,0,0.6912452578544617,0.6912398934364319
extra-coord28-eps+0.1,extra,8,3,-4.4046828406862915e-08,4.363059997558594e-05,2,2,0,1.0591470003128052,1.0591717958450317
extra-coord28-eps+0.1,extra,8,4,4.1314478949061595e-08,3.3915042877197266e-05,5,5,0,1.750950574874878,1.7509706020355225
extra-coord28-eps+0.1,extra,8,5,-2.555515266067232e-08,1.7173588275909424e-05,11,11,0,2.4440855979919434,2.444105625152588
extra-coord28-eps+0.1,extra,9,0,0.0,0.0,0,0,0,-0.0,-0.0
extra-coord28-eps+0.1,extra,9,1,0.0,0.0,0,0,0,2.7631020735330303e-11,2.7631020735330303e-11
extra-coord28-eps+0.1,extra,9,2,1.5281784726539627e-08,2.6613473892211914e-05,0,0,0,0.6929070353507996,0.6929059028625488
extra-coord28-eps+0.1,extra,9,3,1.7962520360015333e-11,2.6613473892211914e-05,2,2,0,1.047072410583496,1.0470895767211914
extra-coord28-eps+0.1,extra,9,4,1.710054675641004e-08,1.8909573554992676e-05,5,5,0,1.74020254611969,1.7402195930480957
extra-coord28-eps+0.1,extra,9,5,9.725511063152226e-09,9.73045825958252e-06,11,11,0,2.4333043098449707,2.433320999145508
extra-coord28-eps+0.1,extra,10,0,0.0,0.0,0,0,0,-0.0,-0.0
extra-coord28-eps+0.1,extra,10,1,0.0,0.0,0,0,0,2.7631020735330303e-11,2.7631020735330303e-11
extra-coord28-eps+0.1,extra,10,2,1.3926637620897964e-09,5.7220458984375e-06,0,0,0,0.6921056509017944,0.6921051144599915
extra-coord28-eps+0.1,extra,10,3,-1.8528112377680372e-10,5.692243576049805e-06,2,2,0,1.054481029510498,1.054484486579895
extra-coord28-eps+0.1,extra,10,4,-6.223217496881261e-10,1.1742115020751953e-05,5,5,0,1.7475379705429077,1.7475405931472778
extra-coord28-eps+0.1,extra,10,5,3.767581802094355e-10,6.3925981521606445e-06,11,11,0,2.4406449794769287,2.440647840499878
extra-coord28-eps+0.1,extra,11,0,0.0,0.0,0,0,0,-0.0,-0.0
extra-coord28-eps+0.1,extra,11,1,0.0,0.0,0,0,0,2.7631020735330303e-11,2.7631020735330303e-11
extra-coord28-eps+0.1,extra,11,2,5.52045094082132e-08,9.748339653015137e-05,1,1,0,0.6928972005844116,0.6929014921188354
extra-coord28-eps+0.1,extra,11,3,5.541915015783161e-08,9.745359420776367e-05,2,2,0,1.0317082405090332,1.0317803621292114
extra-coord28-eps+0.1,extra,11,4,4.4394482756615616e-08,5.9604644775390625e-05,4,4,0,1.724522590637207,1.7245984077453613
extra-coord28-eps+0.1,extra,11,5,4.614446424966445e-08,3.0566006898880005e-05,9,9,0,2.417581081390381,2.4176578521728516
extra-coord28-eps+0.1,extra,12,0,0.0,0.0,0,0,0,-0.0,-0.0
extra-coord28-eps+0.1,extra,12,1,0.0,0.0,0,0,0,2.7631020735330303e-11,2.7631020735330303e-11
extra-coord28-eps+0.1,extra,12,2,-1.4744728105142713e-08,2.1219253540039062e-05,1,1,0,0.692953884601593,0.6929547786712646
extra-coord28-eps+0.1,extra,12,3,-1.473540578444954e-08,2.1219253540039062e-05,2,2,0,1.0327017307281494,1.0327173471450806
extra-coord28-eps+0.1,extra,12,4,-1.4659178759757197e-08,1.0848045349121094e-05,4,4,0,1.7257262468338013,1.7257418632507324
extra-coord28-eps+0.1,extra,12,5,-2.937440513051115e-08,5.4836273193359375e-06,9,9,0,2.418735980987549,2.4187517166137695
extra-coord28-eps+0.1,extra,13,0,0.0,0.0,0,0,0,-0.0,-0.0
extra-coord28-eps+0.1,extra,13,1,0.0,0.0,0,0,0,2.7631020735330303e-11,2.7631020735330303e-11
extra-coord28-eps+0.1,extra,13,2,-4.159755917498842e-08,5.9664249420166016e-05,1,1,0,0.6926764249801636,0.6926800608634949
extra-coord28-eps+0.1,extra,13,3,3.624336386565119e-09,5.9604644775390625e-05,2,2,0,1.0286054611206055,1.0286504030227661
extra-coord28-eps+0.1,extra,13,4,-4.0199438444687985e-08,3.252178430557251e-05,4,4,0,1.7216960191726685,1.721741795539856
extra-coord28-eps+0.1,extra,13,5,2.2327753868012223e-08,1.631304621696472e-05,9,9,0,2.4146623611450195,2.414708137512207
extra-coord28-eps+0.1,extra,14,0,0.0,0.0,0,0,0,-0.0,-0.0
extra-coord28-eps+0.1,extra,14,1,0.0,0.0,0,0,0,2.7631020735330303e-11,2.7631020735330303e-11
extra-coord28-eps+0.1,extra,14,2,4.1127350414171815e-09,6.413459777832031e-05,1,1,0,0.6931471824645996,0.6931471824645996
extra-coord28-eps+0.1,extra,14,3,1.9092567526968196e-08,6.413459777832031e-05,2,2,0,1.0396487712860107,1.0396932363510132
extra-coord28-eps+0.1,extra,14,4,-2.2975086721999105e-08,4.114210605621338e-05,5,5,0,1.732786774635315,1.7328307628631592
extra-coord28-eps+0.1,extra,14,5,-7.992184691829607e-09,2.06679105758667e-05,11,11,0,2.425931930541992,2.425976276397705
extra-coord28-eps+0.1,extra,15,0,0.0,0.0,0,0,0,-0.0,-0.0
extra-coord28-eps+0.1,extra,15,1,0.0,0.0,0,0,0,2.7631020735330303e-11,2.7631020735330303e-11
extra-coord28-eps+0.1,extra,15,2,1.7826096154749393e-08,5.59389591217041e-05,0,0,0,0.6930553913116455,0.6930538415908813
extra-coord28-eps+0.1,extra,15,3,1.7951606423594058e-08,5.59389591217041e-05,2,2,0,1.0443235635757446,1.0443607568740845
extra-coord28-eps+0.1,extra,15,4,2.0172137737972662e-08,3.2395124435424805e-05,4,4,0,1.7372437715530396,1.7372794151306152
extra-coord28-eps+0.1,extra,15,5,3.3773119412217056e-08,1.65402889251709e-05,8,8,0,2.4303860664367676,2.430421829223633
extra-coord28-eps+0.1,extra,16,0,0.0,0.0,0,0,0,-0.0,-0.0
extra-coord28-eps+0.1,extra,16,1,0.0,0.0,0,0,0,2.7631020735330303e-11,2.7631020735330303e-11
extra-coord28-eps+0.1,extra,16,2,1.6861122276168317e-08,3.445148468017578e-05,0,0,0,0.6918106079101562,0.6918070316314697
extra-coord28-eps+0.1,extra,16,3,1.7077127267839387e-08,3.4421682357788086e-05,2,2,0,1.056259274482727,1.0562794208526611
extra-coord28-eps+0.1,extra,16,4,1.6518470147275366e-08,2.4527311325073242e-05,5,5,0,1.7477595806121826,1.7477763891220093
extra-coord28-eps+0.1,extra,16,5,3.072563004025142e-08,1.2986361980438232e-05,11,11,0,2.440906286239624,2.440922975540161
extra-coord28-eps+0.1,extra,17,0,0.0,0.0,0,0,0,-0.0,-0.0
extra-coord28-eps+0.1,extra,17,1,0.0,0.0,0,0,0,2.7631020735330303e-11,2.7631020735330303e-11
extra-coord28-eps+0.1,extra,17,2,-1.7300578747381223e-09,1.6689300537109375e-06,0,0,0,0.6914557218551636,0.6914559602737427
extra-coord28-eps+0.1,extra,17,3,1.3528335784940282e-08,1.9073486328125e-06,2,2,0,1.0581116676330566,1.0581107139587402
extra-coord28-eps+0.1,extra,17,4,1.7708771338220686e-08,9.432435035705566e-06,5,5,0,1.7484451532363892,1.7484469413757324
extra-coord28-eps+0.1,extra,17,5,-7.273342816915829e-09,5.334615707397461e-06,11,11,0,2.441568613052368,2.441570281982422
extra-coord28-eps+0.1,extra,18,0,0.0,0.0,0,0,0,-0.0,-0.0
extra-coord28-eps+0.1,extra,18,1,0.0,0.0,0,0,0,2.7631020735330303e-11,2.7631020735330303e-11
extra-coord28-eps+0.1,extra,18,2,3.380000634933822e-08,9.000301361083984e-06,0,0,0,0.6844890713691711,0.6844913959503174
extra-coord28-eps+0.1,extra,18,3,1.0667235983419232e-09,9.000301361083984e-06,2,2,0,1.076362133026123,1.0763583183288574
extra-coord28-eps+0.1,extra,18,4,-8.997176337288693e-09,6.288290023803711e-06,5,5,0,1.7581071853637695,1.7581052780151367
extra-coord28-eps+0.1,extra,18,5,1.0092833235830767e-09,3.866851329803467e-06,11,11,0,2.451234817504883,2.451233148574829
extra-coord28-eps+0.1,extra,19,0,0.0,0.0,0,0,0,-0.0,-0.0
extra-coord28-eps+0.1,extra,19,1,0.0,0.0,0,0,0,2.7631020735330303e-11,2.7631020735330303e-11
extra-coord28-eps+0.1,extra,19,2,4.8416950448881835e-08,1.627206802368164e-05,0,0,0,0.6901710033416748,0.6901684999465942
extra-coord28-eps+0.1,extra,19,3,4.868741143582156e-08,1.6242265701293945e-05,2,2,0,1.0633963346481323,1.06340491771698
extra-coord28-eps+0.1,extra,19,4,6.028820109804656e-09,8.657574653625488e-06,4,4,0,1.7533727884292603,1.7533799409866333
extra-coord28-eps+0.1,extra,19,5,1.8182824135237752e-09,4.51505184173584e-06,11,11,0,2.4465172290802,2.4465243816375732
extra-coord28-eps+0.1,extra,20,0,0.0,0.0,0,0,0,-0.0,-0.0
extra-coord28-eps+0.1,extra,20,1,0.0,0.0,0,0,0,2.7631020735330303e-11,2.7631020735330303e-11
extra-coord28-eps+0.1,extra,20,2,-1.3873886928195134e-08,2.9087066650390625e-05,0,0,0,0.6930728554725647,0.6930721402168274
extra-coord28-eps+0.1,extra,20,3,3.070408638450317e-08,2.911686897277832e-05,2,2,0,1.0438700914382935,1.0438895225524902
extra-coord28-eps+0.1,extra,20,4,-1.3512931218429003e-08,1.6748905181884766e-05,4,4,0,1.736687183380127,1.7367056608200073
extra-coord28-eps+0.1,extra,20,5,-5.8040058092956315e-08,8.404254913330078e-06,8,8,0,2.429828643798828,2.429847240447998
extra-coord28-eps+0.1,extra,21,0,0.0,0.0,0,0,0,-0.0,-0.0
extra-coord28-eps+0.1,extra,21,1,0.0,0.0,0,0,0,2.7631020735330303e-11,2.7631020735330303e-11
extra-coord28-eps+0.1,extra,21,2,-3.9866790757514536e-08,7.635354995727539e-05,0,0,0,0.6907943487167358,0.6907837986946106
extra-coord28-eps+0.1,extra,21,3,-2.4040218704612926e-08,7.635354995727539e-05,2,2,0,1.0610754489898682,1.0611176490783691
extra-coord28-eps+0.1,extra,21,4,2.3640041035832837e-08,5.4523348808288574e-05,5,5,0,1.7524720430374146,1.7525062561035156
extra-coord28-eps+0.1,extra,21,5,-4.9786763156589586e-08,2.810359001159668e-05,11,11,0,2.445585012435913,2.4456191062927246
extra-coord28-eps+0.1,extra,22,0,0.0,0.0,0,0,0,-0.0,-0.0
extra-coord28-eps+0.1,extra,22,1,0.0,0.0,0,0,0,2.7631020735330303e-11,2.7631020735330303e-11
extra-coord28-eps+0.1,extra,22,2,-5.5482814786955714e-08,4.234910011291504e-05,0,0,0,0.6901240348815918,0.6901174783706665
extra-coord28-eps+0.1,extra,22,3,-2.4053406377788633e-08,4.234910011291504e-05,2,2,0,1.0635701417922974,1.063592791557312
extra-coord28-eps+0.1,extra,22,4,-1.4867282516206615e-08,3.606081008911133e-05,5,5,0,1.7549880743026733,1.7550050020217896
extra-coord28-eps+0.1,extra,22,5,1.789260295481654e-08,1.8671154975891113e-05,11,11,0,2.448117733001709,2.448134422302246
extra-coord28-eps+0.1,extra,23,0,0.0,0.0,0,0,0,-0.0,-0.0
extra-coord28-eps+0.1,extra,23,1,0.0,0.0,0,0,0,2.7631020735330303e-11,2.7631020735330303e-11
extra-coord28-eps+0.1,extra,23,2,-4.005414666607976e-09,0.00010836124420166016,0,0,0,0.6914069652557373,0.6913941502571106
extra-coord28-eps+0.1,extra,23,3,4.4050466385670006e-08,0.00010830163955688477,2,2,0,1.0583785772323608,1.0584405660629272
extra-coord28-eps+0.1,extra,23,4,5.142328518559225e-08,8.10474157333374e-05,5,5,0,1.7508052587509155,1.750859260559082
extra-coord28-eps+0.1,extra,23,5,-2.0710331227746792e-08,4.1641294956207275e-05,11,11,0,2.4438796043395996,2.4439332485198975
