{"file": "pretrain/Chinese-Train-Datasets/Chinese-medical-dialogue-data/Data/Andriatria_\u7537\u79d1/5-13000.csv", "rows": 113877, "bytes": 45306694}
{"file": "pretrain/Chinese-Train-Datasets/Chinese-medical-dialogue-data/Data/IM_\u5185\u79d1/5000-33000.csv", "rows": 307596, "bytes": 104648347}
{"file": "pretrain/Chinese-Train-Datasets/Chinese-medical-dialogue-data/Data/OAGD_\u5987\u4ea7\u79d1/6-28000.csv", "rows": 229706, "bytes": 80068561}
{"file": "pretrain/Chinese-Train-Datasets/Chinese-medical-dialogue-data/Data/Oncology_\u80bf\u7624\u79d1/5-10000.csv", "rows": 96627, "bytes": 38369383}
{"file": "pretrain/Chinese-Train-Datasets/Chinese-medical-dialogue-data/Data/Pediatric_\u513f\u79d1/5-14000.csv", "rows": 117099, "bytes": 48307180}
{"file": "pretrain/Chinese-Train-Datasets/Chinese-medical-dialogue-data/Data/Surgical_\u5916\u79d1/5-14000.csv", "rows": 149576, "bytes": 53533443}
{"file": "pretrain/Chinese-Train-Datasets/Chinese-medical-dialogue-data/sample_test5000-6000.csv", "rows": 7691, "bytes": 3481463}
{"file": "pretrain/Chinese-Train-Datasets/Zhihu-KOL/train-00001-of-00005-1fc2da944397e9c2.parquet", "rows": null, "bytes": 303353725}
{"file": "pretrain/Chinese-Train-Datasets/Zhihu-KOL/train-00002-of-00005-68ced004a1458143.parquet", "rows": null, "bytes": 300499089}
{"file": "pretrain/Chinese-Train-Datasets/Zhihu-KOL/train-00003-of-00005-1dae36b67c12169f.parquet", "rows": null, "bytes": 291841874}
{"file": "pretrain/Chinese-Train-Datasets/Zhihu-KOL/train-00004-of-00005-c374cc9fbda9fda7.parquet", "rows": null, "bytes": 299200473}
{"file": "pretrain/Chinese-Train-Datasets/baike2018qa/baike_qa_train.json", "rows": 1425170, "bytes": 1542626171}
{"file": "pretrain/Chinese-Train-Datasets/baike2018qa/baike_qa_valid.json", "rows": 44972, "bytes": 48524625}
{"file": "pretrain/Chinese-Train-Datasets/belle_zh/Belle_open_source_1M.json", "rows": 917424, "bytes": 457667956}
{"file": "pretrain/Chinese-Train-Datasets/belle_zh/train_2M_CN.json", "rows": 2000000, "bytes": 1938178724}
{"file": "pretrain/Chinese-Train-Datasets/new2016zh/news2016zh_train.json", "rows": 2430752, "bytes": 8930014780}
{"file": "pretrain/Chinese-Train-Datasets/new2016zh/news2016zh_valid.json", "rows": 76797, "bytes": 283711020}
{"file": "pretrain/Chinese-Train-Datasets/translation2019zh/translation2019zh_train.json", "rows": 5161434, "bytes": 1292899710}
{"file": "pretrain/Chinese-Train-Datasets/translation2019zh/translation2019zh_valid.json", "rows": 39323, "bytes": 9835792}
{"file": "pretrain/Chinese-Train-Datasets/webtext2019zh/webtext_zh_testa.json", "rows": 68341, "bytes": 64345976}
{"file": "pretrain/Chinese-Train-Datasets/webtext2019zh/webtext_zh_train.json", "rows": 4121624, "bytes": 3908571527}
{"file": "pretrain/Chinese-Train-Datasets/webtext2019zh/webtext_zh_valid.json", "rows": 68345, "bytes": 64794612}
{"file": "pretrain/Chinese-Train-Datasets/wiki_zh/AA/wiki_00", "rows": 64, "bytes": 1044598}
{"file": "pretrain/Chinese-Train-Datasets/wiki_zh/AA/wiki_01", "rows": 59, "bytes": 1033848}
{"file": "pretrain/Chinese-Train-Datasets/wiki_zh/AA/wiki_02", "rows": 34, "bytes": 999729}
{"file": "pretrain/Chinese-Train-Datasets/wiki_zh/AA/wiki_03", "rows": 85, "bytes": 1040316}
{"file": "pretrain/Chinese-Train-Datasets/wiki_zh/AA/wiki_04", "rows": 71, "bytes": 1048520}
{"file": "pretrain/Chinese-Train-Datasets/wiki_zh/AA/wiki_05", "rows": 97, "bytes": 1045027}
{"file": "pretrain/Chinese-Train-Datasets/wiki_zh/AA/wiki_06", "rows": 101, "bytes": 1042539}
{"file": "pretrain/Chinese-Train-Datasets/wiki_zh/AA/wiki_07", "rows": 116, "bytes": 1042158}
{"file": "pretrain/Chinese-Train-Datasets/wiki_zh/AA/wiki_08", "rows": 71, "bytes": 1044583}
{"file": "pretrain/Chinese-Train-Datasets/wiki_zh/AA/wiki_09", "rows": 187, "bytes": 1045584}
{"file": "pretrain/Chinese-Train-Datasets/wiki_zh/AA/wiki_10", "rows": 108, "bytes": 1039529}
{"file": "pretrain/Chinese-Train-Datasets/wiki_zh/AA/wiki_11", "rows": 75, "bytes": 1047961}
{"file": "pretrain/Chinese-Train-Datasets/wiki_zh/AA/wiki_12", "rows": 96, "bytes": 1039975}
{"file": "pretrain/Chinese-Train-Datasets/wiki_zh/AA/wiki_13", "rows": 123, "bytes": 1042130}
{"file": "pretrain/Chinese-Train-Datasets/wiki_zh/AA/wiki_14", "rows": 123, "bytes": 1045329}
{"file": "pretrain/Chinese-Train-Datasets/wiki_zh/AA/wiki_15", "rows": 104, "bytes": 1041740}
{"file": "pretrain/Chinese-Train-Datasets/wiki_zh/AA/wiki_16", "rows": 182, "bytes": 1031536}
{"file": "pretrain/Chinese-Train-Datasets/wiki_zh/AA/wiki_17", "rows": 115, "bytes": 1047155}
{"file": "pretrain/Chinese-Train-Datasets/wiki_zh/AA/wiki_18", "rows": 140, "bytes": 1048501}
{"file": "pretrain/Chinese-Train-Datasets/wiki_zh/AA/wiki_19", "rows": 130, "bytes": 1004340}
{"file": "pretrain/Chinese-Train-Datasets/wiki_zh/AA/wiki_20", "rows": 98, "bytes": 1047725}
{"file": "pretrain/Chinese-Train-Datasets/wiki_zh/AA/wiki_21", "rows": 111, "bytes": 1046698}
{"file": "pretrain/Chinese-Train-Datasets/wiki_zh/AA/wiki_22", "rows": 147, "bytes": 1046648}
{"file": "pretrain/Chinese-Train-Datasets/wiki_zh/AA/wiki_23", "rows": 139, "bytes": 1048548}
{"file": "pretrain/Chinese-Train-Datasets/wiki_zh/AA/wiki_24", "rows": 126, "bytes": 1047557}
{"file": "pretrain/Chinese-Train-Datasets/wiki_zh/AA/wiki_25", "rows": 101, "bytes": 1041811}
{"file": "pretrain/Chinese-Train-Datasets/wiki_zh/AA/wiki_26", "rows": 126, "bytes": 1045999}
{"file": "pretrain/Chinese-Train-Datasets/wiki_zh/AA/wiki_27", "rows": 150, "bytes": 999772}
{"file": "pretrain/Chinese-Train-Datasets/wiki_zh/AA/wiki_28", "rows": 172, "bytes": 1047122}
{"file": "pretrain/Chinese-Train-Datasets/wiki_zh/AA/wiki_29", "rows": 165, "bytes": 1047222}
{"file": "pretrain/Chinese-Train-Datasets/wiki_zh/AA/wiki_30", "rows": 202, "bytes": 1048477}
{"file": "pretrain/Chinese-Train-Datasets/wiki_zh/AA/wiki_31", "rows": 445, "bytes": 1020352}
{"file": "pretrain/Chinese-Train-Datasets/wiki_zh/AA/wiki_32", "rows": 1583, "bytes": 963022}
{"file": "pretrain/Chinese-Train-Datasets/wiki_zh/AA/wiki_33", "rows": 132, "bytes": 966720}
{"file": "pretrain/Chinese-Train-Datasets/wiki_zh/AA/wiki_34", "rows": 145, "bytes": 1021571}
{"file": "pretrain/Chinese-Train-Datasets/wiki_zh/AA/wiki_35", "rows": 161, "bytes": 1035019}
{"file": "pretrain/Chinese-Train-Datasets/wiki_zh/AA/wiki_36", "rows": 143, "bytes": 1038263}
{"file": "pretrain/Chinese-Train-Datasets/wiki_zh/AA/wiki_37", "rows": 183, "bytes": 1036264}
{"file": "pretrain/Chinese-Train-Datasets/wiki_zh/AA/wiki_38", "rows": 170, "bytes": 1046663}
{"file": "pretrain/Chinese-Train-Datasets/wiki_zh/AA/wiki_39", "rows": 150, "bytes": 1002133}
{"file": "pretrain/Chinese-Train-Datasets/wiki_zh/AA/wiki_40", "rows": 146, "bytes": 1044756}
{"file": "pretrain/Chinese-Train-Datasets/wiki_zh/AA/wiki_41", "rows": 135, "bytes": 1015325}
{"file": "pretrain/Chinese-Train-Datasets/wiki_zh/AA/wiki_42", "rows": 174, "bytes": 1047818}
{"file": "pretrain/Chinese-Train-Datasets/wiki_zh/AA/wiki_43", "rows": 188, "bytes": 1048525}
{"file": "pretrain/Chinese-Train-Datasets/wiki_zh/AA/wiki_44", "rows": 141, "bytes": 1034634}
{"file": "pretrain/Chinese-Train-Datasets/wiki_zh/AA/wiki_45", "rows": 168, "bytes": 1038871}
{"file": "pretrain/Chinese-Train-Datasets/wiki_zh/AA/wiki_46", "rows": 190, "bytes": 1041527}
{"file": "pretrain/Chinese-Train-Datasets/wiki_zh/AA/wiki_47", "rows": 306, "bytes": 1039360}
{"file": "pretrain/Chinese-Train-Datasets/wiki_zh/AA/wiki_48", "rows": 234, "bytes": 1045344}
{"file": "pretrain/Chinese-Train-Datasets/wiki_zh/AA/wiki_49", "rows": 236, "bytes": 1047497}
{"file": "pretrain/Chinese-Train-Datasets/wiki_zh/AA/wiki_50", "rows": 223, "bytes": 1027654}
{"file": "pretrain/Chinese-Train-Datasets/wiki_zh/AA/wiki_51", "rows": 191, "bytes": 1047604}
{"file": "pretrain/Chinese-Train-Datasets/wiki_zh/AA/wiki_52", "rows": 158, "bytes": 1033067}
{"file": "pretrain/Chinese-Train-Datasets/wiki_zh/AA/wiki_53", "rows": 112, "bytes": 1042323}
{"file": "pretrain/Chinese-Train-Datasets/wiki_zh/AA/wiki_54", "rows": 222, "bytes": 1044182}
{"file": "pretrain/Chinese-Train-Datasets/wiki_zh/AA/wiki_55", "rows": 157, "bytes": 1029122}
{"file": "pretrain/Chinese-Train-Datasets/wiki_zh/AA/wiki_56", "rows": 244, "bytes": 1032103}
{"file": "pretrain/Chinese-Train-Datasets/wiki_zh/AA/wiki_57", "rows": 219, "bytes": 1046222}
{"file": "pretrain/Chinese-Train-Datasets/wiki_zh/AA/wiki_58", "rows": 200, "bytes": 1047258}
{"file": "pretrain/Chinese-Train-Datasets/wiki_zh/AA/wiki_59", "rows": 160, "bytes": 1047746}
{"file": "pretrain/Chinese-Train-Datasets/wiki_zh/AA/wiki_60", "rows": 207, "bytes": 1032198}
{"file": "pretrain/Chinese-Train-Datasets/wiki_zh/AA/wiki_61", "rows": 143, "bytes": 1046073}
{"file": "pretrain/Chinese-Train-Datasets/wiki_zh/AA/wiki_62", "rows": 164, "bytes": 1039610}
{"file": "pretrain/Chinese-Train-Datasets/wiki_zh/AA/wiki_63", "rows": 220, "bytes": 1047456}
{"file": "pretrain/Chinese-Train-Datasets/wiki_zh/AA/wiki_64", "rows": 249, "bytes": 1035872}
{"file": "pretrain/Chinese-Train-Datasets/wiki_zh/AA/wiki_65", "rows": 192, "bytes": 1041180}
{"file": "pretrain/Chinese-Train-Datasets/wiki_zh/AA/wiki_66", "rows": 242, "bytes": 1021517}
{"file": "pretrain/Chinese-Train-Datasets/wiki_zh/AA/wiki_67", "rows": 235, "bytes": 1041995}
{"file": "pretrain/Chinese-Train-Datasets/wiki_zh/AA/wiki_68", "rows": 209, "bytes": 1046102}
{"file": "pretrain/Chinese-Train-Datasets/wiki_zh/AA/wiki_69", "rows": 218, "bytes": 1036881}
{"file": "pretrain/Chinese-Train-Datasets/wiki_zh/AA/wiki_70", "rows": 169, "bytes": 1048512}
{"file": "pretrain/Chinese-Train-Datasets/wiki_zh/AA/wiki_71", "rows": 213, "bytes": 1036387}
{"file": "pretrain/Chinese-Train-Datasets/wiki_zh/AA/wiki_72", "rows": 283, "bytes": 1039307}
{"file": "pretrain/Chinese-Train-Datasets/wiki_zh/AA/wiki_73", "rows": 323, "bytes": 1030073}
{"file": "pretrain/Chinese-Train-Datasets/wiki_zh/AA/wiki_74", "rows": 112, "bytes": 1035902}
{"file": "pretrain/Chinese-Train-Datasets/wiki_zh/AA/wiki_75", "rows": 241, "bytes": 1044541}
{"file": "pretrain/Chinese-Train-Datasets/wiki_zh/AA/wiki_76", "rows": 144, "bytes": 1031940}
{"file": "pretrain/Chinese-Train-Datasets/wiki_zh/AA/wiki_77", "rows": 199, "bytes": 1044471}
{"file": "pretrain/Chinese-Train-Datasets/wiki_zh/AA/wiki_78", "rows": 226, "bytes": 1026296}
{"file": "pretrain/Chinese-Train-Datasets/wiki_zh/AA/wiki_79", "rows": 221, "bytes": 1023880}
{"file": "pretrain/Chinese-Train-Datasets/wiki_zh/AA/wiki_80", "rows": 178, "bytes": 1022548}
{"file": "pretrain/Chinese-Train-Datasets/wiki_zh/AA/wiki_81", "rows": 209, "bytes": 1036885}
{"file": "pretrain/Chinese-Train-Datasets/wiki_zh/AA/wiki_82", "rows": 189, "bytes": 1040506}
{"file": "pretrain/Chinese-Train-Datasets/wiki_zh/AA/wiki_83", "rows": 173, "bytes": 1042971}
{"file": "pretrain/Chinese-Train-Datasets/wiki_zh/AA/wiki_84", "rows": 234, "bytes": 1048161}
{"file": "pretrain/Chinese-Train-Datasets/wiki_zh/AA/wiki_85", "rows": 253, "bytes": 1031568}
{"file": "pretrain/Chinese-Train-Datasets/wiki_zh/AA/wiki_86", "rows": 235, "bytes": 1045510}
{"file": "pretrain/Chinese-Train-Datasets/wiki_zh/AA/wiki_87", "rows": 214, "bytes": 1046514}
{"file": "pretrain/Chinese-Train-Datasets/wiki_zh/AA/wiki_88", "rows": 250, "bytes": 1048532}
{"file": "pretrain/Chinese-Train-Datasets/wiki_zh/AA/wiki_89", "rows": 221, "bytes": 1039582}
{"file": "pretrain/Chinese-Train-Datasets/wiki_zh/AA/wiki_90", "rows": 237, "bytes": 1036024}
{"file": "pretrain/Chinese-Train-Datasets/wiki_zh/AA/wiki_91", "rows": 237, "bytes": 1047920}
{"file": "pretrain/Chinese-Train-Datasets/wiki_zh/AA/wiki_92", "rows": 217, "bytes": 1034704}
{"file": "pretrain/Chinese-Train-Datasets/wiki_zh/AA/wiki_93", "rows": 233, "bytes": 1045986}
{"file": "pretrain/Chinese-Train-Datasets/wiki_zh/AA/wiki_94", "rows": 267, "bytes": 1043124}
{"file": "pretrain/Chinese-Train-Datasets/wiki_zh/AA/wiki_95", "rows": 279, "bytes": 1048251}
{"file": "pretrain/Chinese-Train-Datasets/wiki_zh/AA/wiki_96", "rows": 233, "bytes": 1047869}
{"file": "pretrain/Chinese-Train-Datasets/wiki_zh/AA/wiki_97", "rows": 245, "bytes": 1047877}
{"file": "pretrain/Chinese-Train-Datasets/wiki_zh/AA/wiki_98", "rows": 321, "bytes": 1046484}
{"file": "pretrain/Chinese-Train-Datasets/wiki_zh/AA/wiki_99", "rows": 277, "bytes": 1046268}
{"file": "pretrain/Chinese-Train-Datasets/wiki_zh/AB/wiki_00", "rows": 229, "bytes": 1034926}
{"file": "pretrain/Chinese-Train-Datasets/wiki_zh/AB/wiki_01", "rows": 254, "bytes": 1040848}
{"file": "pretrain/Chinese-Train-Datasets/wiki_zh/AB/wiki_02", "rows": 270, "bytes": 1044314}
{"file": "pretrain/Chinese-Train-Datasets/wiki_zh/AB/wiki_03", "rows": 283, "bytes": 1017302}
{"file": "pretrain/Chinese-Train-Datasets/wiki_zh/AB/wiki_04", "rows": 220, "bytes": 1048356}
{"file": "pretrain/Chinese-Train-Datasets/wiki_zh/AB/wiki_05", "rows": 216, "bytes": 1047162}
{"file": "pretrain/Chinese-Train-Datasets/wiki_zh/AB/wiki_06", "rows": 303, "bytes": 1045676}
{"file": "pretrain/Chinese-Train-Datasets/wiki_zh/AB/wiki_07", "rows": 227, "bytes": 1041654}
{"file": "pretrain/Chinese-Train-Datasets/wiki_zh/AB/wiki_08", "rows": 184, "bytes": 1036593}
{"file": "pretrain/Chinese-Train-Datasets/wiki_zh/AB/wiki_09", "rows": 269, "bytes": 1045728}
{"file": "pretrain/Chinese-Train-Datasets/wiki_zh/AB/wiki_10", "rows": 327, "bytes": 1028047}
{"file": "pretrain/Chinese-Train-Datasets/wiki_zh/AB/wiki_11", "rows": 220, "bytes": 1032077}
{"file": "pretrain/Chinese-Train-Datasets/wiki_zh/AB/wiki_12", "rows": 391, "bytes": 1044114}
{"file": "pretrain/Chinese-Train-Datasets/wiki_zh/AB/wiki_13", "rows": 303, "bytes": 1047702}
{"file": "pretrain/Chinese-Train-Datasets/wiki_zh/AB/wiki_14", "rows": 254, "bytes": 1042318}
{"file": "pretrain/Chinese-Train-Datasets/wiki_zh/AB/wiki_15", "rows": 281, "bytes": 1028568}
{"file": "pretrain/Chinese-Train-Datasets/wiki_zh/AB/wiki_16", "rows": 328, "bytes": 1048468}
{"file": "pretrain/Chinese-Train-Datasets/wiki_zh/AB/wiki_17", "rows": 320, "bytes": 1044296}
{"file": "pretrain/Chinese-Train-Datasets/wiki_zh/AB/wiki_18", "rows": 311, "bytes": 1043457}
{"file": "pretrain/Chinese-Train-Datasets/wiki_zh/AB/wiki_19", "rows": 234, "bytes": 1046676}
{"file": "pretrain/Chinese-Train-Datasets/wiki_zh/AB/wiki_20", "rows": 305, "bytes": 1042854}
{"file": "pretrain/Chinese-Train-Datasets/wiki_zh/AB/wiki_21", "rows": 270, "bytes": 1047536}
{"file": "pretrain/Chinese-Train-Datasets/wiki_zh/AB/wiki_22", "rows": 318, "bytes": 1046244}
{"file": "pretrain/Chinese-Train-Datasets/wiki_zh/AB/wiki_23", "rows": 327, "bytes": 1020009}
{"file": "pretrain/Chinese-Train-Datasets/wiki_zh/AB/wiki_24", "rows": 279, "bytes": 1047536}
{"file": "pretrain/Chinese-Train-Datasets/wiki_zh/AB/wiki_25", "rows": 271, "bytes": 1047237}
{"file": "pretrain/Chinese-Train-Datasets/wiki_zh/AB/wiki_26", "rows": 268, "bytes": 1046612}
{"file": "pretrain/Chinese-Train-Datasets/wiki_zh/AB/wiki_27", "rows": 230, "bytes": 1022867}
{"file": "pretrain/Chinese-Train-Datasets/wiki_zh/AB/wiki_28", "rows": 224, "bytes": 1047207}
{"file": "pretrain/Chinese-Train-Datasets/wiki_zh/AB/wiki_29", "rows": 220, "bytes": 1047991}
{"file": "pretrain/Chinese-Train-Datasets/wiki_zh/AB/wiki_30", "rows": 275, "bytes": 1023676}
{"file": "pretrain/Chinese-Train-Datasets/wiki_zh/AB/wiki_31", "rows": 253, "bytes": 1026780}
{"file": "pretrain/Chinese-Train-Datasets/wiki_zh/AB/wiki_32", "rows": 233, "bytes": 1035719}
{"file": "pretrain/Chinese-Train-Datasets/wiki_zh/AB/wiki_33", "rows": 210, "bytes": 1023196}
{"file": "pretrain/Chinese-Train-Datasets/wiki_zh/AB/wiki_34", "rows": 300, "bytes": 1044167}
{"file": "pretrain/Chinese-Train-Datasets/wiki_zh/AB/wiki_35", "rows": 279, "bytes": 1033831}
{"file": "pretrain/Chinese-Train-Datasets/wiki_zh/AB/wiki_36", "rows": 270, "bytes": 1045196}
{"file": "pretrain/Chinese-Train-Datasets/wiki_zh/AB/wiki_37", "rows": 255, "bytes": 1047684}
{"file": "pretrain/Chinese-Train-Datasets/wiki_zh/AB/wiki_38", "rows": 258, "bytes": 1047502}
{"file": "pretrain/Chinese-Train-Datasets/wiki_zh/AB/wiki_39", "rows": 277, "bytes": 1027485}
{"file": "pretrain/Chinese-Train-Datasets/wiki_zh/AB/wiki_40", "rows": 259, "bytes": 1042044}
{"file": "pretrain/Chinese-Train-Datasets/wiki_zh/AB/wiki_41", "rows": 284, "bytes": 1048075}
{"file": "pretrain/Chinese-Train-Datasets/wiki_zh/AB/wiki_42", "rows": 262, "bytes": 1047586}
{"file": "pretrain/Chinese-Train-Datasets/wiki_zh/AB/wiki_43", "rows": 242, "bytes": 1044162}
{"file": "pretrain/Chinese-Train-Datasets/wiki_zh/AB/wiki_44", "rows": 266, "bytes": 1033112}
{"file": "pretrain/Chinese-Train-Datasets/wiki_zh/AB/wiki_45", "rows": 303, "bytes": 1046505}
{"file": "pretrain/Chinese-Train-Datasets/wiki_zh/AB/wiki_46", "rows": 326, "bytes": 1043076}
{"file": "pretrain/Chinese-Train-Datasets/wiki_zh/AB/wiki_47", "rows": 317, "bytes": 1046970}
{"file": "pretrain/Chinese-Train-Datasets/wiki_zh/AB/wiki_48", "rows": 293, "bytes": 1035011}
{"file": "pretrain/Chinese-Train-Datasets/wiki_zh/AB/wiki_49", "rows": 218, "bytes": 1030888}
{"file": "pretrain/Chinese-Train-Datasets/wiki_zh/AB/wiki_50", "rows": 335, "bytes": 1046877}
{"file": "pretrain/Chinese-Train-Datasets/wiki_zh/AB/wiki_51", "rows": 303, "bytes": 1046981}
{"file": "pretrain/Chinese-Train-Datasets/wiki_zh/AB/wiki_52", "rows": 289, "bytes": 1040378}
{"file": "pretrain/Chinese-Train-Datasets/wiki_zh/AB/wiki_53", "rows": 292, "bytes": 1038554}
{"file": "pretrain/Chinese-Train-Datasets/wiki_zh/AB/wiki_54", "rows": 327, "bytes": 1047774}
{"file": "pretrain/Chinese-Train-Datasets/wiki_zh/AB/wiki_55", "rows": 288, "bytes": 1048460}
{"file": "pretrain/Chinese-Train-Datasets/wiki_zh/AB/wiki_56", "rows": 332, "bytes": 1047461}
{"file": "pretrain/Chinese-Train-Datasets/wiki_zh/AB/wiki_57", "rows": 295, "bytes": 1028440}
{"file": "pretrain/Chinese-Train-Datasets/wiki_zh/AB/wiki_58", "rows": 293, "bytes": 1047076}
{"file": "pretrain/Chinese-Train-Datasets/wiki_zh/AB/wiki_59", "rows": 315, "bytes": 1046589}
{"file": "pretrain/Chinese-Train-Datasets/wiki_zh/AB/wiki_60", "rows": 283, "bytes": 1046036}
{"file": "pretrain/Chinese-Train-Datasets/wiki_zh/AB/wiki_61", "rows": 297, "bytes": 1047406}
{"file": "pretrain/Chinese-Train-Datasets/wiki_zh/AB/wiki_62", "rows": 306, "bytes": 1047411}
{"file": "pretrain/Chinese-Train-Datasets/wiki_zh/AB/wiki_63", "rows": 327, "bytes": 1048210}
{"file": "pretrain/Chinese-Train-Datasets/wiki_zh/AB/wiki_64", "rows": 261, "bytes": 1044217}
{"file": "pretrain/Chinese-Train-Datasets/wiki_zh/AB/wiki_65", "rows": 374, "bytes": 1047180}
{"file": "pretrain/Chinese-Train-Datasets/wiki_zh/AB/wiki_66", "rows": 345, "bytes": 1026265}
{"file": "pretrain/Chinese-Train-Datasets/wiki_zh/AB/wiki_67", "rows": 300, "bytes": 1032121}
{"file": "pretrain/Chinese-Train-Datasets/wiki_zh/AB/wiki_68", "rows": 306, "bytes": 1046634}
{"file": "pretrain/Chinese-Train-Datasets/wiki_zh/AB/wiki_69", "rows": 363, "bytes": 1048114}
{"file": "pretrain/Chinese-Train-Datasets/wiki_zh/AB/wiki_70", "rows": 325, "bytes": 1048325}
{"file": "pretrain/Chinese-Train-Datasets/wiki_zh/AB/wiki_71", "rows": 318, "bytes": 1045001}
{"file": "pretrain/Chinese-Train-Datasets/wiki_zh/AB/wiki_72", "rows": 389, "bytes": 1046593}
{"file": "pretrain/Chinese-Train-Datasets/wiki_zh/AB/wiki_73", "rows": 286, "bytes": 1047538}
{"file": "pretrain/Chinese-Train-Datasets/wiki_zh/AB/wiki_74", "rows": 351, "bytes": 1046425}
{"file": "pretrain/Chinese-Train-Datasets/wiki_zh/AB/wiki_75", "rows": 349, "bytes": 1046805}
{"file": "pretrain/Chinese-Train-Datasets/wiki_zh/AB/wiki_76", "rows": 344, "bytes": 1047577}
{"file": "pretrain/Chinese-Train-Datasets/wiki_zh/AB/wiki_77", "rows": 298, "bytes": 1043555}
{"file": "pretrain/Chinese-Train-Datasets/wiki_zh/AB/wiki_78", "rows": 281, "bytes": 1042815}
{"file": "pretrain/Chinese-Train-Datasets/wiki_zh/AB/wiki_79", "rows": 301, "bytes": 1047456}
{"file": "pretrain/Chinese-Train-Datasets/wiki_zh/AB/wiki_80", "rows": 340, "bytes": 1045060}
{"file": "pretrain/Chinese-Train-Datasets/wiki_zh/AB/wiki_81", "rows": 296, "bytes": 1031413}
{"file": "pretrain/Chinese-Train-Datasets/wiki_zh/AB/wiki_82", "rows": 274, "bytes": 1046367}
{"file": "pretrain/Chinese-Train-Datasets/wiki_zh/AB/wiki_83", "rows": 265, "bytes": 1015484}
{"file": "pretrain/Chinese-Train-Datasets/wiki_zh/AB/wiki_84", "rows": 304, "bytes": 1031811}
{"file": "pretrain/Chinese-Train-Datasets/wiki_zh/AB/wiki_85", "rows": 359, "bytes": 1004269}
{"file": "pretrain/Chinese-Train-Datasets/wiki_zh/AB/wiki_86", "rows": 372, "bytes": 1041961}
{"file": "pretrain/Chinese-Train-Datasets/wiki_zh/AB/wiki_87", "rows": 795, "bytes": 1047717}
{"file": "pretrain/Chinese-Train-Datasets/wiki_zh/AB/wiki_88", "rows": 444, "bytes": 1030884}
{"file": "pretrain/Chinese-Train-Datasets/wiki_zh/AB/wiki_89", "rows": 347, "bytes": 1041611}
{"file": "pretrain/Chinese-Train-Datasets/wiki_zh/AB/wiki_90", "rows": 379, "bytes": 1045352}
{"file": "pretrain/Chinese-Train-Datasets/wiki_zh/AB/wiki_91", "rows": 266, "bytes": 1036567}
{"file": "pretrain/Chinese-Train-Datasets/wiki_zh/AB/wiki_92", "rows": 315, "bytes": 1030406}
{"file": "pretrain/Chinese-Train-Datasets/wiki_zh/AB/wiki_93", "rows": 383, "bytes": 1042563}
{"file": "pretrain/Chinese-Train-Datasets/wiki_zh/AB/wiki_94", "rows": 349, "bytes": 1046359}
{"file": "pretrain/Chinese-Train-Datasets/wiki_zh/AB/wiki_95", "rows": 410, "bytes": 1043076}
{"file": "pretrain/Chinese-Train-Datasets/wiki_zh/AB/wiki_96", "rows": 377, "bytes": 1043656}
{"file": "pretrain/Chinese-Train-Datasets/wiki_zh/AB/wiki_97", "rows": 400, "bytes": 1022102}
{"file": "pretrain/Chinese-Train-Datasets/wiki_zh/AB/wiki_98", "rows": 315, "bytes": 1045476}
{"file": "pretrain/Chinese-Train-Datasets/wiki_zh/AB/wiki_99", "rows": 369, "bytes": 1048481}
{"file": "pretrain/Chinese-Train-Datasets/wiki_zh/AC/wiki_00", "rows": 332, "bytes": 1046789}
{"file": "pretrain/Chinese-Train-Datasets/wiki_zh/AC/wiki_01", "rows": 455, "bytes": 1048517}
{"file": "pretrain/Chinese-Train-Datasets/wiki_zh/AC/wiki_02", "rows": 427, "bytes": 1044988}
{"file": "pretrain/Chinese-Train-Datasets/wiki_zh/AC/wiki_03", "rows": 342, "bytes": 1034475}
{"file": "pretrain/Chinese-Train-Datasets/wiki_zh/AC/wiki_04", "rows": 350, "bytes": 1048015}
{"file": "pretrain/Chinese-Train-Datasets/wiki_zh/AC/wiki_05", "rows": 365, "bytes": 1044394}
{"file": "pretrain/Chinese-Train-Datasets/wiki_zh/AC/wiki_06", "rows": 341, "bytes": 1046373}
{"file": "pretrain/Chinese-Train-Datasets/wiki_zh/AC/wiki_07", "rows": 402, "bytes": 1038655}
{"file": "pretrain/Chinese-Train-Datasets/wiki_zh/AC/wiki_08", "rows": 414, "bytes": 1048344}
{"file": "pretrain/Chinese-Train-Datasets/wiki_zh/AC/wiki_09", "rows": 384, "bytes": 1048484}
{"file": "pretrain/Chinese-Train-Datasets/wiki_zh/AC/wiki_10", "rows": 388, "bytes": 1046689}
{"file": "pretrain/Chinese-Train-Datasets/wiki_zh/AC/wiki_11", "rows": 404, "bytes": 1048245}
{"file": "pretrain/Chinese-Train-Datasets/wiki_zh/AC/wiki_12", "rows": 330, "bytes": 1047889}
{"file": "pretrain/Chinese-Train-Datasets/wiki_zh/AC/wiki_13", "rows": 356, "bytes": 1047709}
{"file": "pretrain/Chinese-Train-Datasets/wiki_zh/AC/wiki_14", "rows": 405, "bytes": 1048034}
{"file": "pretrain/Chinese-Train-Datasets/wiki_zh/AC/wiki_15", "rows": 355, "bytes": 1045192}
{"file": "pretrain/Chinese-Train-Datasets/wiki_zh/AC/wiki_16", "rows": 355, "bytes": 1048156}
{"file": "pretrain/Chinese-Train-Datasets/wiki_zh/AC/wiki_17", "rows": 362, "bytes": 1030732}
{"file": "pretrain/Chinese-Train-Datasets/wiki_zh/AC/wiki_18", "rows": 348, "bytes": 1047963}
{"file": "pretrain/Chinese-Train-Datasets/wiki_zh/AC/wiki_19", "rows": 414, "bytes": 1045343}
{"file": "pretrain/Chinese-Train-Datasets/wiki_zh/AC/wiki_20", "rows": 307, "bytes": 1048226}
{"file": "pretrain/Chinese-Train-Datasets/wiki_zh/AC/wiki_21", "rows": 349, "bytes": 1047361}
{"file": "pretrain/Chinese-Train-Datasets/wiki_zh/AC/wiki_22", "rows": 271, "bytes": 1041194}
{"file": "pretrain/Chinese-Train-Datasets/wiki_zh/AC/wiki_23", "rows": 350, "bytes": 1011399}
{"file": "pretrain/Chinese-Train-Datasets/wiki_zh/AC/wiki_24", "rows": 370, "bytes": 1046552}
{"file": "pretrain/Chinese-Train-Datasets/wiki_zh/AC/wiki_25", "rows": 397, "bytes": 1040114}
{"file": "pretrain/Chinese-Train-Datasets/wiki_zh/AC/wiki_26", "rows": 378, "bytes": 1047353}
{"file": "pretrain/Chinese-Train-Datasets/wiki_zh/AC/wiki_27", "rows": 313, "bytes": 1048323}
{"file": "pretrain/Chinese-Train-Datasets/wiki_zh/AC/wiki_28", "rows": 320, "bytes": 1046851}
{"file": "pretrain/Chinese-Train-Datasets/wiki_zh/AC/wiki_29", "rows": 322, "bytes": 1048269}
{"file": "pretrain/Chinese-Train-Datasets/wiki_zh/AC/wiki_30", "rows": 343, "bytes": 1045809}
{"file": "pretrain/Chinese-Train-Datasets/wiki_zh/AC/wiki_31", "rows": 390, "bytes": 1044204}
{"file": "pretrain/Chinese-Train-Datasets/wiki_zh/AC/wiki_32", "rows": 355, "bytes": 1046792}
{"file": "pretrain/Chinese-Train-Datasets/wiki_zh/AC/wiki_33", "rows": 424, "bytes": 1047401}
{"file": "pretrain/Chinese-Train-Datasets/wiki_zh/AC/wiki_34", "rows": 368, "bytes": 1045748}
{"file": "pretrain/Chinese-Train-Datasets/wiki_zh/AC/wiki_35", "rows": 347, "bytes": 1047189}
{"file": "pretrain/Chinese-Train-Datasets/wiki_zh/AC/wiki_36", "rows": 427, "bytes": 1048515}
{"file": "pretrain/Chinese-Train-Datasets/wiki_zh/AC/wiki_37", "rows": 402, "bytes": 1046763}
{"file": "pretrain/Chinese-Train-Datasets/wiki_zh/AC/wiki_38", "rows": 400, "bytes": 1041598}
{"file": "pretrain/Chinese-Train-Datasets/wiki_zh/AC/wiki_39", "rows": 390, "bytes": 1047100}
{"file": "pretrain/Chinese-Train-Datasets/wiki_zh/AC/wiki_40", "rows": 396, "bytes": 1048424}
{"file": "pretrain/Chinese-Train-Datasets/wiki_zh/AC/wiki_41", "rows": 425, "bytes": 1043928}
{"file": "pretrain/Chinese-Train-Datasets/wiki_zh/AC/wiki_42", "rows": 494, "bytes": 1045790}
{"file": "pretrain/Chinese-Train-Datasets/wiki_zh/AC/wiki_43", "rows": 378, "bytes": 1031991}
{"file": "pretrain/Chinese-Train-Datasets/wiki_zh/AC/wiki_44", "rows": 459, "bytes": 1040150}
{"file": "pretrain/Chinese-Train-Datasets/wiki_zh/AC/wiki_45", "rows": 436, "bytes": 1044440}
{"file": "pretrain/Chinese-Train-Datasets/wiki_zh/AC/wiki_46", "rows": 437, "bytes": 1037992}
{"file": "pretrain/Chinese-Train-Datasets/wiki_zh/AC/wiki_47", "rows": 307, "bytes": 1046103}
{"file": "pretrain/Chinese-Train-Datasets/wiki_zh/AC/wiki_48", "rows": 444, "bytes": 1047509}
{"file": "pretrain/Chinese-Train-Datasets/wiki_zh/AC/wiki_49", "rows": 524, "bytes": 1048164}
{"file": "pretrain/Chinese-Train-Datasets/wiki_zh/AC/wiki_50", "rows": 516, "bytes": 1038392}
{"file": "pretrain/Chinese-Train-Datasets/wiki_zh/AC/wiki_51", "rows": 360, "bytes": 1032590}
{"file": "pretrain/Chinese-Train-Datasets/wiki_zh/AC/wiki_52", "rows": 485, "bytes": 1045054}
{"file": "pretrain/Chinese-Train-Datasets/wiki_zh/AC/wiki_53", "rows": 419, "bytes": 1048084}
{"file": "pretrain/Chinese-Train-Datasets/wiki_zh/AC/wiki_54", "rows": 452, "bytes": 1045493}
{"file": "pretrain/Chinese-Train-Datasets/wiki_zh/AC/wiki_55", "rows": 564, "bytes": 1044542}
{"file": "pretrain/Chinese-Train-Datasets/wiki_zh/AC/wiki_56", "rows": 499, "bytes": 1047123}
{"file": "pretrain/Chinese-Train-Datasets/wiki_zh/AC/wiki_57", "rows": 638, "bytes": 1048475}
{"file": "pretrain/Chinese-Train-Datasets/wiki_zh/AC/wiki_58", "rows": 739, "bytes": 1045742}
{"file": "pretrain/Chinese-Train-Datasets/wiki_zh/AC/wiki_59", "rows": 1044, "bytes": 1044935}
{"file": "pretrain/Chinese-Train-Datasets/wiki_zh/AC/wiki_60", "rows": 674, "bytes": 1040815}
{"file": "pretrain/Chinese-Train-Datasets/wiki_zh/AC/wiki_61", "rows": 358, "bytes": 1048192}
{"file": "pretrain/Chinese-Train-Datasets/wiki_zh/AC/wiki_62", "rows": 463, "bytes": 1011162}
{"file": "pretrain/Chinese-Train-Datasets/wiki_zh/AC/wiki_63", "rows": 485, "bytes": 1048309}
{"file": "pretrain/Chinese-Train-Datasets/wiki_zh/AC/wiki_64", "rows": 563, "bytes": 1042924}
{"file": "pretrain/Chinese-Train-Datasets/wiki_zh/AC/wiki_65", "rows": 937, "bytes": 1046568}
{"file": "pretrain/Chinese-Train-Datasets/wiki_zh/AC/wiki_66", "rows": 428, "bytes": 1046981}
{"file": "pretrain/Chinese-Train-Datasets/wiki_zh/AC/wiki_67", "rows": 485, "bytes": 1048076}
{"file": "pretrain/Chinese-Train-Datasets/wiki_zh/AC/wiki_68", "rows": 472, "bytes": 1047763}
{"file": "pretrain/Chinese-Train-Datasets/wiki_zh/AC/wiki_69", "rows": 640, "bytes": 1048466}
{"file": "pretrain/Chinese-Train-Datasets/wiki_zh/AC/wiki_70", "rows": 475, "bytes": 1041719}
{"file": "pretrain/Chinese-Train-Datasets/wiki_zh/AC/wiki_71", "rows": 557, "bytes": 1031970}
{"file": "pretrain/Chinese-Train-Datasets/wiki_zh/AC/wiki_72", "rows": 813, "bytes": 1047609}
{"file": "pretrain/Chinese-Train-Datasets/wiki_zh/AC/wiki_73", "rows": 550, "bytes": 1048448}
{"file": "pretrain/Chinese-Train-Datasets/wiki_zh/AC/wiki_74", "rows": 613, "bytes": 1047012}
{"file": "pretrain/Chinese-Train-Datasets/wiki_zh/AC/wiki_75", "rows": 502, "bytes": 1048376}
{"file": "pretrain/Chinese-Train-Datasets/wiki_zh/AC/wiki_76", "rows": 468, "bytes": 1048500}
{"file": "pretrain/Chinese-Train-Datasets/wiki_zh/AC/wiki_77", "rows": 506, "bytes": 1037205}
{"file": "pretrain/Chinese-Train-Datasets/wiki_zh/AC/wiki_78", "rows": 663, "bytes": 1045399}
{"file": "pretrain/Chinese-Train-Datasets/wiki_zh/AC/wiki_79", "rows": 731, "bytes": 1048232}
{"file": "pretrain/Chinese-Train-Datasets/wiki_zh/AC/wiki_80", "rows": 547, "bytes": 1046482}
{"file": "pretrain/Chinese-Train-Datasets/wiki_zh/AC/wiki_81", "rows": 552, "bytes": 1047592}
{"file": "pretrain/Chinese-Train-Datasets/wiki_zh/AC/wiki_82", "rows": 442, "bytes": 1039655}
{"file": "pretrain/Chinese-Train-Datasets/wiki_zh/AC/wiki_83", "rows": 638, "bytes": 1043924}
{"file": "pretrain/Chinese-Train-Datasets/wiki_zh/AC/wiki_84", "rows": 695, "bytes": 1046159}
{"file": "pretrain/Chinese-Train-Datasets/wiki_zh/AC/wiki_85", "rows": 652, "bytes": 1042815}
{"file": "pretrain/Chinese-Train-Datasets/wiki_zh/AC/wiki_86", "rows": 645, "bytes": 1047899}
{"file": "pretrain/Chinese-Train-Datasets/wiki_zh/AC/wiki_87", "rows": 685, "bytes": 1048566}
{"file": "pretrain/Chinese-Train-Datasets/wiki_zh/AC/wiki_88", "rows": 583, "bytes": 1048548}
{"file": "pretrain/Chinese-Train-Datasets/wiki_zh/AC/wiki_89", "rows": 454, "bytes": 1048270}
{"file": "pretrain/Chinese-Train-Datasets/wiki_zh/AC/wiki_90", "rows": 510, "bytes": 1045620}
{"file": "pretrain/Chinese-Train-Datasets/wiki_zh/AC/wiki_91", "rows": 535, "bytes": 1048373}
{"file": "pretrain/Chinese-Train-Datasets/wiki_zh/AC/wiki_92", "rows": 637, "bytes": 1048456}
{"file": "pretrain/Chinese-Train-Datasets/wiki_zh/AC/wiki_93", "rows": 636, "bytes": 1048353}
{"file": "pretrain/Chinese-Train-Datasets/wiki_zh/AC/wiki_94", "rows": 568, "bytes": 1044829}
{"file": "pretrain/Chinese-Train-Datasets/wiki_zh/AC/wiki_95", "rows": 601, "bytes": 1047727}
{"file": "pretrain/Chinese-Train-Datasets/wiki_zh/AC/wiki_96", "rows": 555, "bytes": 1046127}
{"file": "pretrain/Chinese-Train-Datasets/wiki_zh/AC/wiki_97", "rows": 623, "bytes": 939071}
{"file": "pretrain/Chinese-Train-Datasets/wiki_zh/AC/wiki_98", "rows": 561, "bytes": 1047927}
{"file": "pretrain/Chinese-Train-Datasets/wiki_zh/AC/wiki_99", "rows": 530, "bytes": 1034101}
{"file": "pretrain/Chinese-Train-Datasets/wiki_zh/AD/wiki_00", "rows": 528, "bytes": 1038266}
{"file": "pretrain/Chinese-Train-Datasets/wiki_zh/AD/wiki_01", "rows": 454, "bytes": 1047473}
{"file": "pretrain/Chinese-Train-Datasets/wiki_zh/AD/wiki_02", "rows": 429, "bytes": 1034221}
{"file": "pretrain/Chinese-Train-Datasets/wiki_zh/AD/wiki_03", "rows": 507, "bytes": 1046284}
{"file": "pretrain/Chinese-Train-Datasets/wiki_zh/AD/wiki_04", "rows": 526, "bytes": 1033438}
{"file": "pretrain/Chinese-Train-Datasets/wiki_zh/AD/wiki_05", "rows": 476, "bytes": 1048065}
{"file": "pretrain/Chinese-Train-Datasets/wiki_zh/AD/wiki_06", "rows": 515, "bytes": 1035734}
{"file": "pretrain/Chinese-Train-Datasets/wiki_zh/AD/wiki_07", "rows": 487, "bytes": 1029688}
{"file": "pretrain/Chinese-Train-Datasets/wiki_zh/AD/wiki_08", "rows": 461, "bytes": 1044068}
{"file": "pretrain/Chinese-Train-Datasets/wiki_zh/AD/wiki_09", "rows": 443, "bytes": 1041432}
{"file": "pretrain/Chinese-Train-Datasets/wiki_zh/AD/wiki_10", "rows": 503, "bytes": 1043490}
{"file": "pretrain/Chinese-Train-Datasets/wiki_zh/AD/wiki_11", "rows": 505, "bytes": 1045649}
{"file": "pretrain/Chinese-Train-Datasets/wiki_zh/AD/wiki_12", "rows": 483, "bytes": 1043309}
{"file": "pretrain/Chinese-Train-Datasets/wiki_zh/AD/wiki_13", "rows": 547, "bytes": 1048005}
{"file": "pretrain/Chinese-Train-Datasets/wiki_zh/AD/wiki_14", "rows": 466, "bytes": 1038491}
{"file": "pretrain/Chinese-Train-Datasets/wiki_zh/AD/wiki_15", "rows": 549, "bytes": 1048479}
{"file": "pretrain/Chinese-Train-Datasets/wiki_zh/AD/wiki_16", "rows": 470, "bytes": 1046922}
{"file": "pretrain/Chinese-Train-Datasets/wiki_zh/AD/wiki_17", "rows": 487, "bytes": 1048473}
{"file": "pretrain/Chinese-Train-Datasets/wiki_zh/AD/wiki_18", "rows": 437, "bytes": 1047166}
{"file": "pretrain/Chinese-Train-Datasets/wiki_zh/AD/wiki_19", "rows": 452, "bytes": 1048400}
{"file": "pretrain/Chinese-Train-Datasets/wiki_zh/AD/wiki_20", "rows": 406, "bytes": 1048222}
{"file": "pretrain/Chinese-Train-Datasets/wiki_zh/AD/wiki_21", "rows": 494, "bytes": 1048395}
{"file": "pretrain/Chinese-Train-Datasets/wiki_zh/AD/wiki_22", "rows": 426, "bytes": 1013229}
{"file": "pretrain/Chinese-Train-Datasets/wiki_zh/AD/wiki_23", "rows": 510, "bytes": 1048325}
{"file": "pretrain/Chinese-Train-Datasets/wiki_zh/AD/wiki_24", "rows": 471, "bytes": 1026175}
{"file": "pretrain/Chinese-Train-Datasets/wiki_zh/AD/wiki_25", "rows": 460, "bytes": 1045673}
{"file": "pretrain/Chinese-Train-Datasets/wiki_zh/AD/wiki_26", "rows": 509, "bytes": 1048056}
{"file": "pretrain/Chinese-Train-Datasets/wiki_zh/AD/wiki_27", "rows": 489, "bytes": 1047495}
{"file": "pretrain/Chinese-Train-Datasets/wiki_zh/AD/wiki_28", "rows": 491, "bytes": 1045535}
{"file": "pretrain/Chinese-Train-Datasets/wiki_zh/AD/wiki_29", "rows": 483, "bytes": 1048578}
{"file": "pretrain/Chinese-Train-Datasets/wiki_zh/AD/wiki_30", "rows": 460, "bytes": 1032162}
{"file": "pretrain/Chinese-Train-Datasets/wiki_zh/AD/wiki_31", "rows": 511, "bytes": 1046354}
{"file": "pretrain/Chinese-Train-Datasets/wiki_zh/AD/wiki_32", "rows": 468, "bytes": 1047788}
{"file": "pretrain/Chinese-Train-Datasets/wiki_zh/AD/wiki_33", "rows": 471, "bytes": 1047976}
{"file": "pretrain/Chinese-Train-Datasets/wiki_zh/AD/wiki_34", "rows": 489, "bytes": 1042179}
{"file": "pretrain/Chinese-Train-Datasets/wiki_zh/AD/wiki_35", "rows": 473, "bytes": 1040188}
{"file": "pretrain/Chinese-Train-Datasets/wiki_zh/AD/wiki_36", "rows": 546, "bytes": 1039262}
{"file": "pretrain/Chinese-Train-Datasets/wiki_zh/AD/wiki_37", "rows": 531, "bytes": 1047543}
{"file": "pretrain/Chinese-Train-Datasets/wiki_zh/AD/wiki_38", "rows": 412, "bytes": 1043605}
{"file": "pretrain/Chinese-Train-Datasets/wiki_zh/AD/wiki_39", "rows": 403, "bytes": 1044884}
{"file": "pretrain/Chinese-Train-Datasets/wiki_zh/AD/wiki_40", "rows": 500, "bytes": 1046201}
{"file": "pretrain/Chinese-Train-Datasets/wiki_zh/AD/wiki_41", "rows": 522, "bytes": 1022312}
{"file": "pretrain/Chinese-Train-Datasets/wiki_zh/AD/wiki_42", "rows": 574, "bytes": 1039420}
{"file": "pretrain/Chinese-Train-Datasets/wiki_zh/AD/wiki_43", "rows": 480, "bytes": 1047803}
{"file": "pretrain/Chinese-Train-Datasets/wiki_zh/AD/wiki_44", "rows": 585, "bytes": 1048076}
{"file": "pretrain/Chinese-Train-Datasets/wiki_zh/AD/wiki_45", "rows": 519, "bytes": 1047259}
{"file": "pretrain/Chinese-Train-Datasets/wiki_zh/AD/wiki_46", "rows": 525, "bytes": 1042579}
{"file": "pretrain/Chinese-Train-Datasets/wiki_zh/AD/wiki_47", "rows": 451, "bytes": 1048113}
{"file": "pretrain/Chinese-Train-Datasets/wiki_zh/AD/wiki_48", "rows": 520, "bytes": 1048237}
{"file": "pretrain/Chinese-Train-Datasets/wiki_zh/AD/wiki_49", "rows": 516, "bytes": 1048211}
{"file": "pretrain/Chinese-Train-Datasets/wiki_zh/AD/wiki_50", "rows": 635, "bytes": 1047261}
{"file": "pretrain/Chinese-Train-Datasets/wiki_zh/AD/wiki_51", "rows": 552, "bytes": 1046459}
{"file": "pretrain/Chinese-Train-Datasets/wiki_zh/AD/wiki_52", "rows": 656, "bytes": 1047224}
{"file": "pretrain/Chinese-Train-Datasets/wiki_zh/AD/wiki_53", "rows": 673, "bytes": 1047946}
{"file": "pretrain/Chinese-Train-Datasets/wiki_zh/AD/wiki_54", "rows": 520, "bytes": 1048253}
{"file": "pretrain/Chinese-Train-Datasets/wiki_zh/AD/wiki_55", "rows": 565, "bytes": 1039545}
{"file": "pretrain/Chinese-Train-Datasets/wiki_zh/AD/wiki_56", "rows": 563, "bytes": 1048095}
{"file": "pretrain/Chinese-Train-Datasets/wiki_zh/AD/wiki_57", "rows": 491, "bytes": 1047202}
{"file": "pretrain/Chinese-Train-Datasets/wiki_zh/AD/wiki_58", "rows": 551, "bytes": 1048342}
{"file": "pretrain/Chinese-Train-Datasets/wiki_zh/AD/wiki_59", "rows": 536, "bytes": 1040739}
{"file": "pretrain/Chinese-Train-Datasets/wiki_zh/AD/wiki_60", "rows": 455, "bytes": 1048515}
{"file": "pretrain/Chinese-Train-Datasets/wiki_zh/AD/wiki_61", "rows": 572, "bytes": 1045621}
{"file": "pretrain/Chinese-Train-Datasets/wiki_zh/AD/wiki_62", "rows": 444, "bytes": 1045686}
{"file": "pretrain/Chinese-Train-Datasets/wiki_zh/AD/wiki_63", "rows": 560, "bytes": 1041708}
{"file": "pretrain/Chinese-Train-Datasets/wiki_zh/AD/wiki_64", "rows": 519, "bytes": 1048446}
{"file": "pretrain/Chinese-Train-Datasets/wiki_zh/AD/wiki_65", "rows": 447, "bytes": 1035868}
{"file": "pretrain/Chinese-Train-Datasets/wiki_zh/AD/wiki_66", "rows": 561, "bytes": 1048141}
{"file": "pretrain/Chinese-Train-Datasets/wiki_zh/AD/wiki_67", "rows": 694, "bytes": 1047202}
{"file": "pretrain/Chinese-Train-Datasets/wiki_zh/AD/wiki_68", "rows": 590, "bytes": 1048569}
{"file": "pretrain/Chinese-Train-Datasets/wiki_zh/AD/wiki_69", "rows": 529, "bytes": 1045998}
{"file": "pretrain/Chinese-Train-Datasets/wiki_zh/AD/wiki_70", "rows": 637, "bytes": 1046684}
{"file": "pretrain/Chinese-Train-Datasets/wiki_zh/AD/wiki_71", "rows": 570, "bytes": 1048093}
{"file": "pretrain/Chinese-Train-Datasets/wiki_zh/AD/wiki_72", "rows": 524, "bytes": 1047395}
{"file": "pretrain/Chinese-Train-Datasets/wiki_zh/AD/wiki_73", "rows": 607, "bytes": 1048359}
{"file": "pretrain/Chinese-Train-Datasets/wiki_zh/AD/wiki_74", "rows": 585, "bytes": 1042941}
{"file": "pretrain/Chinese-Train-Datasets/wiki_zh/AD/wiki_75", "rows": 468, "bytes": 1029461}
{"file": "pretrain/Chinese-Train-Datasets/wiki_zh/AD/wiki_76", "rows": 519, "bytes": 1030839}
{"file": "pretrain/Chinese-Train-Datasets/wiki_zh/AD/wiki_77", "rows": 488, "bytes": 1048546}
{"file": "pretrain/Chinese-Train-Datasets/wiki_zh/AD/wiki_78", "rows": 552, "bytes": 1046650}
{"file": "pretrain/Chinese-Train-Datasets/wiki_zh/AD/wiki_79", "rows": 483, "bytes": 1042579}
{"file": "pretrain/Chinese-Train-Datasets/wiki_zh/AD/wiki_80", "rows": 470, "bytes": 1048270}
{"file": "pretrain/Chinese-Train-Datasets/wiki_zh/AD/wiki_81", "rows": 461, "bytes": 1046086}
{"file": "pretrain/Chinese-Train-Datasets/wiki_zh/AD/wiki_82", "rows": 573, "bytes": 1016884}
{"file": "pretrain/Chinese-Train-Datasets/wiki_zh/AD/wiki_83", "rows": 508, "bytes": 1023560}
{"file": "pretrain/Chinese-Train-Datasets/wiki_zh/AD/wiki_84", "rows": 565, "bytes": 1048166}
{"file": "pretrain/Chinese-Train-Datasets/wiki_zh/AD/wiki_85", "rows": 614, "bytes": 1029335}
{"file": "pretrain/Chinese-Train-Datasets/wiki_zh/AD/wiki_86", "rows": 648, "bytes": 1047887}
{"file": "pretrain/Chinese-Train-Datasets/wiki_zh/AD/wiki_87", "rows": 663, "bytes": 1048175}
{"file": "pretrain/Chinese-Train-Datasets/wiki_zh/AD/wiki_88", "rows": 604, "bytes": 1043743}
{"file": "pretrain/Chinese-Train-Datasets/wiki_zh/AD/wiki_89", "rows": 708, "bytes": 1048406}
{"file": "pretrain/Chinese-Train-Datasets/wiki_zh/AD/wiki_90", "rows": 595, "bytes": 1036191}
{"file": "pretrain/Chinese-Train-Datasets/wiki_zh/AD/wiki_91", "rows": 694, "bytes": 1047642}
{"file": "pretrain/Chinese-Train-Datasets/wiki_zh/AD/wiki_92", "rows": 613, "bytes": 1041086}
{"file": "pretrain/Chinese-Train-Datasets/wiki_zh/AD/wiki_93", "rows": 622, "bytes": 1048414}
{"file": "pretrain/Chinese-Train-Datasets/wiki_zh/AD/wiki_94", "rows": 586, "bytes": 1038690}
{"file": "pretrain/Chinese-Train-Datasets/wiki_zh/AD/wiki_95", "rows": 579, "bytes": 1047941}
{"file": "pretrain/Chinese-Train-Datasets/wiki_zh/AD/wiki_96", "rows": 540, "bytes": 1030471}
{"file": "pretrain/Chinese-Train-Datasets/wiki_zh/AD/wiki_97", "rows": 556, "bytes": 1011905}
{"file": "pretrain/Chinese-Train-Datasets/wiki_zh/AD/wiki_98", "rows": 529, "bytes": 1047262}
{"file": "pretrain/Chinese-Train-Datasets/wiki_zh/AD/wiki_99", "rows": 550, "bytes": 1046023}
{"file": "pretrain/Chinese-Train-Datasets/wiki_zh/AE/wiki_00", "rows": 663, "bytes": 1048277}
{"file": "pretrain/Chinese-Train-Datasets/wiki_zh/AE/wiki_01", "rows": 732, "bytes": 1048508}
{"file": "pretrain/Chinese-Train-Datasets/wiki_zh/AE/wiki_02", "rows": 553, "bytes": 1044814}
{"file": "pretrain/Chinese-Train-Datasets/wiki_zh/AE/wiki_03", "rows": 564, "bytes": 1028245}
{"file": "pretrain/Chinese-Train-Datasets/wiki_zh/AE/wiki_04", "rows": 604, "bytes": 1047159}
{"file": "pretrain/Chinese-Train-Datasets/wiki_zh/AE/wiki_05", "rows": 520, "bytes": 1048098}
{"file": "pretrain/Chinese-Train-Datasets/wiki_zh/AE/wiki_06", "rows": 556, "bytes": 1047802}
{"file": "pretrain/Chinese-Train-Datasets/wiki_zh/AE/wiki_07", "rows": 663, "bytes": 1047518}
{"file": "pretrain/Chinese-Train-Datasets/wiki_zh/AE/wiki_08", "rows": 555, "bytes": 1048511}
{"file": "pretrain/Chinese-Train-Datasets/wiki_zh/AE/wiki_09", "rows": 652, "bytes": 1046671}
{"file": "pretrain/Chinese-Train-Datasets/wiki_zh/AE/wiki_10", "rows": 680, "bytes": 1048565}
{"file": "pretrain/Chinese-Train-Datasets/wiki_zh/AE/wiki_11", "rows": 692, "bytes": 1045570}
{"file": "pretrain/Chinese-Train-Datasets/wiki_zh/AE/wiki_12", "rows": 574, "bytes": 1047861}
{"file": "pretrain/Chinese-Train-Datasets/wiki_zh/AE/wiki_13", "rows": 562, "bytes": 1021781}
{"file": "pretrain/Chinese-Train-Datasets/wiki_zh/AE/wiki_14", "rows": 630, "bytes": 1042479}
{"file": "pretrain/Chinese-Train-Datasets/wiki_zh/AE/wiki_15", "rows": 606, "bytes": 1042570}
{"file": "pretrain/Chinese-Train-Datasets/wiki_zh/AE/wiki_16", "rows": 515, "bytes": 1047051}
{"file": "pretrain/Chinese-Train-Datasets/wiki_zh/AE/wiki_17", "rows": 640, "bytes": 1047492}
{"file": "pretrain/Chinese-Train-Datasets/wiki_zh/AE/wiki_18", "rows": 497, "bytes": 1047739}
{"file": "pretrain/Chinese-Train-Datasets/wiki_zh/AE/wiki_19", "rows": 593, "bytes": 1047049}
{"file": "pretrain/Chinese-Train-Datasets/wiki_zh/AE/wiki_20", "rows": 539, "bytes": 1047870}
{"file": "pretrain/Chinese-Train-Datasets/wiki_zh/AE/wiki_21", "rows": 521, "bytes": 1047728}
{"file": "pretrain/Chinese-Train-Datasets/wiki_zh/AE/wiki_22", "rows": 533, "bytes": 1043892}
{"file": "pretrain/Chinese-Train-Datasets/wiki_zh/AE/wiki_23", "rows": 583, "bytes": 1046802}
{"file": "pretrain/Chinese-Train-Datasets/wiki_zh/AE/wiki_24", "rows": 637, "bytes": 1048348}
{"file": "pretrain/Chinese-Train-Datasets/wiki_zh/AE/wiki_25", "rows": 563, "bytes": 1048513}
{"file": "pretrain/Chinese-Train-Datasets/wiki_zh/AE/wiki_26", "rows": 568, "bytes": 1040755}
{"file": "pretrain/Chinese-Train-Datasets/wiki_zh/AE/wiki_27", "rows": 587, "bytes": 1048160}
{"file": "pretrain/Chinese-Train-Datasets/wiki_zh/AE/wiki_28", "rows": 622, "bytes": 1048180}
{"file": "pretrain/Chinese-Train-Datasets/wiki_zh/AE/wiki_29", "rows": 517, "bytes": 1047499}
{"file": "pretrain/Chinese-Train-Datasets/wiki_zh/AE/wiki_30", "rows": 604, "bytes": 1047353}
{"file": "pretrain/Chinese-Train-Datasets/wiki_zh/AE/wiki_31", "rows": 629, "bytes": 1048543}
{"file": "pretrain/Chinese-Train-Datasets/wiki_zh/AE/wiki_32", "rows": 557, "bytes": 1047287}
{"file": "pretrain/Chinese-Train-Datasets/wiki_zh/AE/wiki_33", "rows": 676, "bytes": 1047870}
{"file": "pretrain/Chinese-Train-Datasets/wiki_zh/AE/wiki_34", "rows": 677, "bytes": 1048340}
{"file": "pretrain/Chinese-Train-Datasets/wiki_zh/AE/wiki_35", "rows": 562, "bytes": 975008}
{"file": "pretrain/Chinese-Train-Datasets/wiki_zh/AE/wiki_36", "rows": 475, "bytes": 1048521}
{"file": "pretrain/Chinese-Train-Datasets/wiki_zh/AE/wiki_37", "rows": 536, "bytes": 1043158}
{"file": "pretrain/Chinese-Train-Datasets/wiki_zh/AE/wiki_38", "rows": 517, "bytes": 1045164}
{"file": "pretrain/Chinese-Train-Datasets/wiki_zh/AE/wiki_39", "rows": 646, "bytes": 1047421}
{"file": "pretrain/Chinese-Train-Datasets/wiki_zh/AE/wiki_40", "rows": 570, "bytes": 1047730}
{"file": "pretrain/Chinese-Train-Datasets/wiki_zh/AE/wiki_41", "rows": 635, "bytes": 1048132}
{"file": "pretrain/Chinese-Train-Datasets/wiki_zh/AE/wiki_42", "rows": 608, "bytes": 1043903}
{"file": "pretrain/Chinese-Train-Datasets/wiki_zh/AE/wiki_43", "rows": 703, "bytes": 1043341}
{"file": "pretrain/Chinese-Train-Datasets/wiki_zh/AE/wiki_44", "rows": 587, "bytes": 1047532}
{"file": "pretrain/Chinese-Train-Datasets/wiki_zh/AE/wiki_45", "rows": 698, "bytes": 1048323}
{"file": "pretrain/Chinese-Train-Datasets/wiki_zh/AE/wiki_46", "rows": 646, "bytes": 1047557}
{"file": "pretrain/Chinese-Train-Datasets/wiki_zh/AE/wiki_47", "rows": 588, "bytes": 1048496}
{"file": "pretrain/Chinese-Train-Datasets/wiki_zh/AE/wiki_48", "rows": 611, "bytes": 1039839}
{"file": "pretrain/Chinese-Train-Datasets/wiki_zh/AE/wiki_49", "rows": 657, "bytes": 1047895}
{"file": "pretrain/Chinese-Train-Datasets/wiki_zh/AE/wiki_50", "rows": 731, "bytes": 1048398}
{"file": "pretrain/Chinese-Train-Datasets/wiki_zh/AE/wiki_51", "rows": 603, "bytes": 1047180}
{"file": "pretrain/Chinese-Train-Datasets/wiki_zh/AE/wiki_52", "rows": 664, "bytes": 1047842}
{"file": "pretrain/Chinese-Train-Datasets/wiki_zh/AE/wiki_53", "rows": 828, "bytes": 1046462}
{"file": "pretrain/Chinese-Train-Datasets/wiki_zh/AE/wiki_54", "rows": 761, "bytes": 1047924}
{"file": "pretrain/Chinese-Train-Datasets/wiki_zh/AE/wiki_55", "rows": 819, "bytes": 1048191}
{"file": "pretrain/Chinese-Train-Datasets/wiki_zh/AE/wiki_56", "rows": 685, "bytes": 1041029}
{"file": "pretrain/Chinese-Train-Datasets/wiki_zh/AE/wiki_57", "rows": 752, "bytes": 1048087}
{"file": "pretrain/Chinese-Train-Datasets/wiki_zh/AE/wiki_58", "rows": 774, "bytes": 1045389}
{"file": "pretrain/Chinese-Train-Datasets/wiki_zh/AE/wiki_59", "rows": 767, "bytes": 1047841}
{"file": "pretrain/Chinese-Train-Datasets/wiki_zh/AE/wiki_60", "rows": 875, "bytes": 1048364}
{"file": "pretrain/Chinese-Train-Datasets/wiki_zh/AE/wiki_61", "rows": 627, "bytes": 1045802}
{"file": "pretrain/Chinese-Train-Datasets/wiki_zh/AE/wiki_62", "rows": 726, "bytes": 1042746}
{"file": "pretrain/Chinese-Train-Datasets/wiki_zh/AE/wiki_63", "rows": 764, "bytes": 1046026}
{"file": "pretrain/Chinese-Train-Datasets/wiki_zh/AE/wiki_64", "rows": 772, "bytes": 1047980}
{"file": "pretrain/Chinese-Train-Datasets/wiki_zh/AE/wiki_65", "rows": 694, "bytes": 1042874}
{"file": "pretrain/Chinese-Train-Datasets/wiki_zh/AE/wiki_66", "rows": 607, "bytes": 1048429}
{"file": "pretrain/Chinese-Train-Datasets/wiki_zh/AE/wiki_67", "rows": 647, "bytes": 1048351}
{"file": "pretrain/Chinese-Train-Datasets/wiki_zh/AE/wiki_68", "rows": 568, "bytes": 1047232}
{"file": "pretrain/Chinese-Train-Datasets/wiki_zh/AE/wiki_69", "rows": 599, "bytes": 1048486}
{"file": "pretrain/Chinese-Train-Datasets/wiki_zh/AE/wiki_70", "rows": 618, "bytes": 1048505}
{"file": "pretrain/Chinese-Train-Datasets/wiki_zh/AE/wiki_71", "rows": 739, "bytes": 1047470}
{"file": "pretrain/Chinese-Train-Datasets/wiki_zh/AE/wiki_72", "rows": 692, "bytes": 1048338}
{"file": "pretrain/Chinese-Train-Datasets/wiki_zh/AE/wiki_73", "rows": 633, "bytes": 1048460}
{"file": "pretrain/Chinese-Train-Datasets/wiki_zh/AE/wiki_74", "rows": 679, "bytes": 1043816}
{"file": "pretrain/Chinese-Train-Datasets/wiki_zh/AE/wiki_75", "rows": 622, "bytes": 1045543}
{"file": "pretrain/Chinese-Train-Datasets/wiki_zh/AE/wiki_76", "rows": 586, "bytes": 1016503}
{"file": "pretrain/Chinese-Train-Datasets/wiki_zh/AE/wiki_77", "rows": 517, "bytes": 1047798}
{"file": "pretrain/Chinese-Train-Datasets/wiki_zh/AE/wiki_78", "rows": 606, "bytes": 1048123}
{"file": "pretrain/Chinese-Train-Datasets/wiki_zh/AE/wiki_79", "rows": 654, "bytes": 1045159}
{"file": "pretrain/Chinese-Train-Datasets/wiki_zh/AE/wiki_80", "rows": 675, "bytes": 1048274}
{"file": "pretrain/Chinese-Train-Datasets/wiki_zh/AE/wiki_81", "rows": 518, "bytes": 1047706}
{"file": "pretrain/Chinese-Train-Datasets/wiki_zh/AE/wiki_82", "rows": 712, "bytes": 1047767}
{"file": "pretrain/Chinese-Train-Datasets/wiki_zh/AE/wiki_83", "rows": 726, "bytes": 1048191}
{"file": "pretrain/Chinese-Train-Datasets/wiki_zh/AE/wiki_84", "rows": 575, "bytes": 1036559}
{"file": "pretrain/Chinese-Train-Datasets/wiki_zh/AE/wiki_85", "rows": 559, "bytes": 1047886}
{"file": "pretrain/Chinese-Train-Datasets/wiki_zh/AE/wiki_86", "rows": 486, "bytes": 1046909}
{"file": "pretrain/Chinese-Train-Datasets/wiki_zh/AE/wiki_87", "rows": 565, "bytes": 1046101}
{"file": "pretrain/Chinese-Train-Datasets/wiki_zh/AE/wiki_88", "rows": 627, "bytes": 1040207}
{"file": "pretrain/Chinese-Train-Datasets/wiki_zh/AE/wiki_89", "rows": 516, "bytes": 1048311}
{"file": "pretrain/Chinese-Train-Datasets/wiki_zh/AE/wiki_90", "rows": 605, "bytes": 1047605}
{"file": "pretrain/Chinese-Train-Datasets/wiki_zh/AE/wiki_91", "rows": 606, "bytes": 1045837}
{"file": "pretrain/Chinese-Train-Datasets/wiki_zh/AE/wiki_92", "rows": 532, "bytes": 1047538}
{"file": "pretrain/Chinese-Train-Datasets/wiki_zh/AE/wiki_93", "rows": 589, "bytes": 1042728}
{"file": "pretrain/Chinese-Train-Datasets/wiki_zh/AE/wiki_94", "rows": 788, "bytes": 1043717}
{"file": "pretrain/Chinese-Train-Datasets/wiki_zh/AE/wiki_95", "rows": 589, "bytes": 1047584}
{"file": "pretrain/Chinese-Train-Datasets/wiki_zh/AE/wiki_96", "rows": 585, "bytes": 1047028}
{"file": "pretrain/Chinese-Train-Datasets/wiki_zh/AE/wiki_97", "rows": 675, "bytes": 1047375}
{"file": "pretrain/Chinese-Train-Datasets/wiki_zh/AE/wiki_98", "rows": 1421, "bytes": 1047258}
{"file": "pretrain/Chinese-Train-Datasets/wiki_zh/AE/wiki_99", "rows": 1869, "bytes": 1048226}
{"file": "pretrain/Chinese-Train-Datasets/wiki_zh/AF/wiki_00", "rows": 1972, "bytes": 1048220}
{"file": "pretrain/Chinese-Train-Datasets/wiki_zh/AF/wiki_01", "rows": 2364, "bytes": 1048408}
{"file": "pretrain/Chinese-Train-Datasets/wiki_zh/AF/wiki_02", "rows": 2412, "bytes": 1043428}
{"file": "pretrain/Chinese-Train-Datasets/wiki_zh/AF/wiki_03", "rows": 2326, "bytes": 1048513}
{"file": "pretrain/Chinese-Train-Datasets/wiki_zh/AF/wiki_04", "rows": 1516, "bytes": 1048162}
{"file": "pretrain/Chinese-Train-Datasets/wiki_zh/AF/wiki_05", "rows": 534, "bytes": 1045139}
{"file": "pretrain/Chinese-Train-Datasets/wiki_zh/AF/wiki_06", "rows": 574, "bytes": 1047221}
{"file": "pretrain/Chinese-Train-Datasets/wiki_zh/AF/wiki_07", "rows": 590, "bytes": 1046324}
{"file": "pretrain/Chinese-Train-Datasets/wiki_zh/AF/wiki_08", "rows": 731, "bytes": 1046642}
{"file": "pretrain/Chinese-Train-Datasets/wiki_zh/AF/wiki_09", "rows": 745, "bytes": 1032787}
{"file": "pretrain/Chinese-Train-Datasets/wiki_zh/AF/wiki_10", "rows": 896, "bytes": 1048443}
{"file": "pretrain/Chinese-Train-Datasets/wiki_zh/AF/wiki_11", "rows": 607, "bytes": 1046958}
{"file": "pretrain/Chinese-Train-Datasets/wiki_zh/AF/wiki_12", "rows": 1348, "bytes": 1048624}
{"file": "pretrain/Chinese-Train-Datasets/wiki_zh/AF/wiki_13", "rows": 758, "bytes": 1048199}
{"file": "pretrain/Chinese-Train-Datasets/wiki_zh/AF/wiki_14", "rows": 2055, "bytes": 1048358}
{"file": "pretrain/Chinese-Train-Datasets/wiki_zh/AF/wiki_15", "rows": 1140, "bytes": 1048477}
{"file": "pretrain/Chinese-Train-Datasets/wiki_zh/AF/wiki_16", "rows": 2102, "bytes": 1044964}
{"file": "pretrain/Chinese-Train-Datasets/wiki_zh/AF/wiki_17", "rows": 634, "bytes": 1047837}
{"file": "pretrain/Chinese-Train-Datasets/wiki_zh/AF/wiki_18", "rows": 609, "bytes": 1048327}
{"file": "pretrain/Chinese-Train-Datasets/wiki_zh/AF/wiki_19", "rows": 692, "bytes": 1048104}
{"file": "pretrain/Chinese-Train-Datasets/wiki_zh/AF/wiki_20", "rows": 563, "bytes": 1048535}
{"file": "pretrain/Chinese-Train-Datasets/wiki_zh/AF/wiki_21", "rows": 660, "bytes": 1046694}
{"file": "pretrain/Chinese-Train-Datasets/wiki_zh/AF/wiki_22", "rows": 478, "bytes": 1045771}
{"file": "pretrain/Chinese-Train-Datasets/wiki_zh/AF/wiki_23", "rows": 599, "bytes": 1044856}
{"file": "pretrain/Chinese-Train-Datasets/wiki_zh/AF/wiki_24", "rows": 673, "bytes": 1033144}
{"file": "pretrain/Chinese-Train-Datasets/wiki_zh/AF/wiki_25", "rows": 599, "bytes": 1047991}
{"file": "pretrain/Chinese-Train-Datasets/wiki_zh/AF/wiki_26", "rows": 494, "bytes": 1048503}
{"file": "pretrain/Chinese-Train-Datasets/wiki_zh/AF/wiki_27", "rows": 651, "bytes": 1040396}
{"file": "pretrain/Chinese-Train-Datasets/wiki_zh/AF/wiki_28", "rows": 608, "bytes": 1048186}
{"file": "pretrain/Chinese-Train-Datasets/wiki_zh/AF/wiki_29", "rows": 647, "bytes": 1046740}
{"file": "pretrain/Chinese-Train-Datasets/wiki_zh/AF/wiki_30", "rows": 535, "bytes": 1047549}
{"file": "pretrain/Chinese-Train-Datasets/wiki_zh/AF/wiki_31", "rows": 525, "bytes": 1048373}
{"file": "pretrain/Chinese-Train-Datasets/wiki_zh/AF/wiki_32", "rows": 537, "bytes": 1043729}
{"file": "pretrain/Chinese-Train-Datasets/wiki_zh/AF/wiki_33", "rows": 576, "bytes": 1048540}
{"file": "pretrain/Chinese-Train-Datasets/wiki_zh/AF/wiki_34", "rows": 594, "bytes": 1045050}
{"file": "pretrain/Chinese-Train-Datasets/wiki_zh/AF/wiki_35", "rows": 637, "bytes": 1046408}
{"file": "pretrain/Chinese-Train-Datasets/wiki_zh/AF/wiki_36", "rows": 522, "bytes": 1046862}
{"file": "pretrain/Chinese-Train-Datasets/wiki_zh/AF/wiki_37", "rows": 653, "bytes": 1045232}
{"file": "pretrain/Chinese-Train-Datasets/wiki_zh/AF/wiki_38", "rows": 604, "bytes": 1045633}
{"file": "pretrain/Chinese-Train-Datasets/wiki_zh/AF/wiki_39", "rows": 700, "bytes": 1046224}
{"file": "pretrain/Chinese-Train-Datasets/wiki_zh/AF/wiki_40", "rows": 605, "bytes": 1047819}
{"file": "pretrain/Chinese-Train-Datasets/wiki_zh/AF/wiki_41", "rows": 1072, "bytes": 1048398}
{"file": "pretrain/Chinese-Train-Datasets/wiki_zh/AF/wiki_42", "rows": 2056, "bytes": 1044203}
{"file": "pretrain/Chinese-Train-Datasets/wiki_zh/AF/wiki_43", "rows": 729, "bytes": 1047699}
{"file": "pretrain/Chinese-Train-Datasets/wiki_zh/AF/wiki_44", "rows": 652, "bytes": 1047712}
{"file": "pretrain/Chinese-Train-Datasets/wiki_zh/AF/wiki_45", "rows": 650, "bytes": 1043622}
{"file": "pretrain/Chinese-Train-Datasets/wiki_zh/AF/wiki_46", "rows": 644, "bytes": 1047083}
{"file": "pretrain/Chinese-Train-Datasets/wiki_zh/AF/wiki_47", "rows": 381, "bytes": 1026787}
{"file": "pretrain/Chinese-Train-Datasets/wiki_zh/AF/wiki_48", "rows": 627, "bytes": 1048185}
{"file": "pretrain/Chinese-Train-Datasets/wiki_zh/AF/wiki_49", "rows": 732, "bytes": 1047193}
{"file": "pretrain/Chinese-Train-Datasets/wiki_zh/AF/wiki_50", "rows": 697, "bytes": 1046990}
{"file": "pretrain/Chinese-Train-Datasets/wiki_zh/AF/wiki_51", "rows": 942, "bytes": 1032482}
{"file": "pretrain/Chinese-Train-Datasets/wiki_zh/AF/wiki_52", "rows": 928, "bytes": 1048456}
{"file": "pretrain/Chinese-Train-Datasets/wiki_zh/AF/wiki_53", "rows": 823, "bytes": 1048209}
{"file": "pretrain/Chinese-Train-Datasets/wiki_zh/AF/wiki_54", "rows": 2664, "bytes": 1048489}
{"file": "pretrain/Chinese-Train-Datasets/wiki_zh/AF/wiki_55", "rows": 1297, "bytes": 1043214}
{"file": "pretrain/Chinese-Train-Datasets/wiki_zh/AF/wiki_56", "rows": 844, "bytes": 1016662}
{"file": "pretrain/Chinese-Train-Datasets/wiki_zh/AF/wiki_57", "rows": 535, "bytes": 1032830}
{"file": "pretrain/Chinese-Train-Datasets/wiki_zh/AF/wiki_58", "rows": 713, "bytes": 1048319}
{"file": "pretrain/Chinese-Train-Datasets/wiki_zh/AF/wiki_59", "rows": 832, "bytes": 1048444}
{"file": "pretrain/Chinese-Train-Datasets/wiki_zh/AF/wiki_60", "rows": 771, "bytes": 1048257}
{"file": "pretrain/Chinese-Train-Datasets/wiki_zh/AF/wiki_61", "rows": 663, "bytes": 1048146}
{"file": "pretrain/Chinese-Train-Datasets/wiki_zh/AF/wiki_62", "rows": 704, "bytes": 1043759}
{"file": "pretrain/Chinese-Train-Datasets/wiki_zh/AF/wiki_63", "rows": 647, "bytes": 1046541}
{"file": "pretrain/Chinese-Train-Datasets/wiki_zh/AF/wiki_64", "rows": 662, "bytes": 1048472}
{"file": "pretrain/Chinese-Train-Datasets/wiki_zh/AF/wiki_65", "rows": 695, "bytes": 1043800}
{"file": "pretrain/Chinese-Train-Datasets/wiki_zh/AF/wiki_66", "rows": 693, "bytes": 1047329}
{"file": "pretrain/Chinese-Train-Datasets/wiki_zh/AF/wiki_67", "rows": 711, "bytes": 1048326}
{"file": "pretrain/Chinese-Train-Datasets/wiki_zh/AF/wiki_68", "rows": 749, "bytes": 1047549}
{"file": "pretrain/Chinese-Train-Datasets/wiki_zh/AF/wiki_69", "rows": 813, "bytes": 1048596}
{"file": "pretrain/Chinese-Train-Datasets/wiki_zh/AF/wiki_70", "rows": 700, "bytes": 1046204}
{"file": "pretrain/Chinese-Train-Datasets/wiki_zh/AF/wiki_71", "rows": 602, "bytes": 1043178}
{"file": "pretrain/Chinese-Train-Datasets/wiki_zh/AF/wiki_72", "rows": 628, "bytes": 1047113}
{"file": "pretrain/Chinese-Train-Datasets/wiki_zh/AF/wiki_73", "rows": 643, "bytes": 1044445}
{"file": "pretrain/Chinese-Train-Datasets/wiki_zh/AF/wiki_74", "rows": 633, "bytes": 1046737}
{"file": "pretrain/Chinese-Train-Datasets/wiki_zh/AF/wiki_75", "rows": 732, "bytes": 1048348}
{"file": "pretrain/Chinese-Train-Datasets/wiki_zh/AF/wiki_76", "rows": 697, "bytes": 1044864}
{"file": "pretrain/Chinese-Train-Datasets/wiki_zh/AF/wiki_77", "rows": 653, "bytes": 1048370}
{"file": "pretrain/Chinese-Train-Datasets/wiki_zh/AF/wiki_78", "rows": 640, "bytes": 1045313}
{"file": "pretrain/Chinese-Train-Datasets/wiki_zh/AF/wiki_79", "rows": 673, "bytes": 1045980}
{"file": "pretrain/Chinese-Train-Datasets/wiki_zh/AF/wiki_80", "rows": 733, "bytes": 1036515}
{"file": "pretrain/Chinese-Train-Datasets/wiki_zh/AF/wiki_81", "rows": 675, "bytes": 1045283}
{"file": "pretrain/Chinese-Train-Datasets/wiki_zh/AF/wiki_82", "rows": 709, "bytes": 1048482}
{"file": "pretrain/Chinese-Train-Datasets/wiki_zh/AF/wiki_83", "rows": 690, "bytes": 1048447}
{"file": "pretrain/Chinese-Train-Datasets/wiki_zh/AF/wiki_84", "rows": 585, "bytes": 1047432}
{"file": "pretrain/Chinese-Train-Datasets/wiki_zh/AF/wiki_85", "rows": 797, "bytes": 1046788}
{"file": "pretrain/Chinese-Train-Datasets/wiki_zh/AF/wiki_86", "rows": 949, "bytes": 1039768}
{"file": "pretrain/Chinese-Train-Datasets/wiki_zh/AF/wiki_87", "rows": 872, "bytes": 1047425}
{"file": "pretrain/Chinese-Train-Datasets/wiki_zh/AF/wiki_88", "rows": 1090, "bytes": 1048554}
{"file": "pretrain/Chinese-Train-Datasets/wiki_zh/AF/wiki_89", "rows": 901, "bytes": 1046768}
{"file": "pretrain/Chinese-Train-Datasets/wiki_zh/AF/wiki_90", "rows": 794, "bytes": 1048137}
{"file": "pretrain/Chinese-Train-Datasets/wiki_zh/AF/wiki_91", "rows": 838, "bytes": 1045450}
{"file": "pretrain/Chinese-Train-Datasets/wiki_zh/AF/wiki_92", "rows": 903, "bytes": 1037510}
{"file": "pretrain/Chinese-Train-Datasets/wiki_zh/AF/wiki_93", "rows": 864, "bytes": 1048408}
{"file": "pretrain/Chinese-Train-Datasets/wiki_zh/AF/wiki_94", "rows": 876, "bytes": 1048341}
{"file": "pretrain/Chinese-Train-Datasets/wiki_zh/AF/wiki_95", "rows": 693, "bytes": 1042698}
{"file": "pretrain/Chinese-Train-Datasets/wiki_zh/AF/wiki_96", "rows": 791, "bytes": 1046706}
{"file": "pretrain/Chinese-Train-Datasets/wiki_zh/AF/wiki_97", "rows": 879, "bytes": 1048450}
{"file": "pretrain/Chinese-Train-Datasets/wiki_zh/AF/wiki_98", "rows": 643, "bytes": 1048053}
{"file": "pretrain/Chinese-Train-Datasets/wiki_zh/AF/wiki_99", "rows": 839, "bytes": 1047980}
{"file": "pretrain/Chinese-Train-Datasets/wiki_zh/AG/wiki_00", "rows": 842, "bytes": 1047902}
{"file": "pretrain/Chinese-Train-Datasets/wiki_zh/AG/wiki_01", "rows": 622, "bytes": 1046895}
{"file": "pretrain/Chinese-Train-Datasets/wiki_zh/AG/wiki_02", "rows": 577, "bytes": 1040842}
{"file": "pretrain/Chinese-Train-Datasets/wiki_zh/AG/wiki_03", "rows": 606, "bytes": 1048515}
{"file": "pretrain/Chinese-Train-Datasets/wiki_zh/AG/wiki_04", "rows": 617, "bytes": 1043847}
{"file": "pretrain/Chinese-Train-Datasets/wiki_zh/AG/wiki_05", "rows": 465, "bytes": 1028847}
{"file": "pretrain/Chinese-Train-Datasets/wiki_zh/AG/wiki_06", "rows": 510, "bytes": 1047774}
{"file": "pretrain/Chinese-Train-Datasets/wiki_zh/AG/wiki_07", "rows": 751, "bytes": 1048059}
{"file": "pretrain/Chinese-Train-Datasets/wiki_zh/AG/wiki_08", "rows": 621, "bytes": 1039943}
{"file": "pretrain/Chinese-Train-Datasets/wiki_zh/AG/wiki_09", "rows": 566, "bytes": 1048024}
{"file": "pretrain/Chinese-Train-Datasets/wiki_zh/AG/wiki_10", "rows": 769, "bytes": 1046330}
{"file": "pretrain/Chinese-Train-Datasets/wiki_zh/AG/wiki_11", "rows": 755, "bytes": 1046541}
{"file": "pretrain/Chinese-Train-Datasets/wiki_zh/AG/wiki_12", "rows": 759, "bytes": 1046360}
{"file": "pretrain/Chinese-Train-Datasets/wiki_zh/AG/wiki_13", "rows": 814, "bytes": 1046211}
{"file": "pretrain/Chinese-Train-Datasets/wiki_zh/AG/wiki_14", "rows": 831, "bytes": 1048226}
{"file": "pretrain/Chinese-Train-Datasets/wiki_zh/AG/wiki_15", "rows": 729, "bytes": 1047803}
{"file": "pretrain/Chinese-Train-Datasets/wiki_zh/AG/wiki_16", "rows": 822, "bytes": 1047563}
{"file": "pretrain/Chinese-Train-Datasets/wiki_zh/AG/wiki_17", "rows": 643, "bytes": 1043121}
{"file": "pretrain/Chinese-Train-Datasets/wiki_zh/AG/wiki_18", "rows": 800, "bytes": 1041299}
{"file": "pretrain/Chinese-Train-Datasets/wiki_zh/AG/wiki_19", "rows": 983, "bytes": 1047803}
{"file": "pretrain/Chinese-Train-Datasets/wiki_zh/AG/wiki_20", "rows": 834, "bytes": 1047228}
{"file": "pretrain/Chinese-Train-Datasets/wiki_zh/AG/wiki_21", "rows": 627, "bytes": 1034771}
{"file": "pretrain/Chinese-Train-Datasets/wiki_zh/AG/wiki_22", "rows": 665, "bytes": 1048247}
{"file": "pretrain/Chinese-Train-Datasets/wiki_zh/AG/wiki_23", "rows": 742, "bytes": 1046666}
{"file": "pretrain/Chinese-Train-Datasets/wiki_zh/AG/wiki_24", "rows": 805, "bytes": 1041876}
{"file": "pretrain/Chinese-Train-Datasets/wiki_zh/AG/wiki_25", "rows": 754, "bytes": 1048297}
{"file": "pretrain/Chinese-Train-Datasets/wiki_zh/AG/wiki_26", "rows": 799, "bytes": 1046269}
{"file": "pretrain/Chinese-Train-Datasets/wiki_zh/AG/wiki_27", "rows": 620, "bytes": 1047893}
{"file": "pretrain/Chinese-Train-Datasets/wiki_zh/AG/wiki_28", "rows": 604, "bytes": 1016543}
{"file": "pretrain/Chinese-Train-Datasets/wiki_zh/AG/wiki_29", "rows": 607, "bytes": 1035096}
{"file": "pretrain/Chinese-Train-Datasets/wiki_zh/AG/wiki_30", "rows": 817, "bytes": 1047511}
{"file": "pretrain/Chinese-Train-Datasets/wiki_zh/AG/wiki_31", "rows": 871, "bytes": 1048285}
{"file": "pretrain/Chinese-Train-Datasets/wiki_zh/AG/wiki_32", "rows": 618, "bytes": 1046037}
{"file": "pretrain/Chinese-Train-Datasets/wiki_zh/AG/wiki_33", "rows": 643, "bytes": 1046050}
{"file": "pretrain/Chinese-Train-Datasets/wiki_zh/AG/wiki_34", "rows": 669, "bytes": 1045064}
{"file": "pretrain/Chinese-Train-Datasets/wiki_zh/AG/wiki_35", "rows": 644, "bytes": 1040206}
{"file": "pretrain/Chinese-Train-Datasets/wiki_zh/AG/wiki_36", "rows": 754, "bytes": 1046039}
{"file": "pretrain/Chinese-Train-Datasets/wiki_zh/AG/wiki_37", "rows": 820, "bytes": 1048445}
{"file": "pretrain/Chinese-Train-Datasets/wiki_zh/AG/wiki_38", "rows": 640, "bytes": 1045922}
{"file": "pretrain/Chinese-Train-Datasets/wiki_zh/AG/wiki_39", "rows": 561, "bytes": 1048322}
{"file": "pretrain/Chinese-Train-Datasets/wiki_zh/AG/wiki_40", "rows": 623, "bytes": 1040624}
{"file": "pretrain/Chinese-Train-Datasets/wiki_zh/AG/wiki_41", "rows": 649, "bytes": 1048162}
{"file": "pretrain/Chinese-Train-Datasets/wiki_zh/AG/wiki_42", "rows": 723, "bytes": 1047681}
{"file": "pretrain/Chinese-Train-Datasets/wiki_zh/AG/wiki_43", "rows": 667, "bytes": 1048318}
{"file": "pretrain/Chinese-Train-Datasets/wiki_zh/AG/wiki_44", "rows": 608, "bytes": 1046605}
{"file": "pretrain/Chinese-Train-Datasets/wiki_zh/AG/wiki_45", "rows": 651, "bytes": 1048449}
{"file": "pretrain/Chinese-Train-Datasets/wiki_zh/AG/wiki_46", "rows": 621, "bytes": 1046704}
{"file": "pretrain/Chinese-Train-Datasets/wiki_zh/AG/wiki_47", "rows": 727, "bytes": 1035006}
{"file": "pretrain/Chinese-Train-Datasets/wiki_zh/AG/wiki_48", "rows": 705, "bytes": 1047259}
{"file": "pretrain/Chinese-Train-Datasets/wiki_zh/AG/wiki_49", "rows": 779, "bytes": 1048011}
{"file": "pretrain/Chinese-Train-Datasets/wiki_zh/AG/wiki_50", "rows": 547, "bytes": 1038514}
{"file": "pretrain/Chinese-Train-Datasets/wiki_zh/AG/wiki_51", "rows": 898, "bytes": 1040766}
{"file": "pretrain/Chinese-Train-Datasets/wiki_zh/AG/wiki_52", "rows": 816, "bytes": 1048173}
{"file": "pretrain/Chinese-Train-Datasets/wiki_zh/AG/wiki_53", "rows": 732, "bytes": 1047681}
{"file": "pretrain/Chinese-Train-Datasets/wiki_zh/AG/wiki_54", "rows": 709, "bytes": 1047744}
{"file": "pretrain/Chinese-Train-Datasets/wiki_zh/AG/wiki_55", "rows": 736, "bytes": 1047330}
{"file": "pretrain/Chinese-Train-Datasets/wiki_zh/AG/wiki_56", "rows": 673, "bytes": 1046247}
{"file": "pretrain/Chinese-Train-Datasets/wiki_zh/AG/wiki_57", "rows": 762, "bytes": 1045825}
{"file": "pretrain/Chinese-Train-Datasets/wiki_zh/AG/wiki_58", "rows": 626, "bytes": 1048322}
{"file": "pretrain/Chinese-Train-Datasets/wiki_zh/AG/wiki_59", "rows": 648, "bytes": 1046526}
{"file": "pretrain/Chinese-Train-Datasets/wiki_zh/AG/wiki_60", "rows": 614, "bytes": 1047584}
{"file": "pretrain/Chinese-Train-Datasets/wiki_zh/AG/wiki_61", "rows": 645, "bytes": 1045351}
{"file": "pretrain/Chinese-Train-Datasets/wiki_zh/AG/wiki_62", "rows": 626, "bytes": 1046588}
{"file": "pretrain/Chinese-Train-Datasets/wiki_zh/AG/wiki_63", "rows": 2027, "bytes": 1048278}
{"file": "pretrain/Chinese-Train-Datasets/wiki_zh/AG/wiki_64", "rows": 771, "bytes": 1048565}
{"file": "pretrain/Chinese-Train-Datasets/wiki_zh/AG/wiki_65", "rows": 800, "bytes": 1035634}
{"file": "pretrain/Chinese-Train-Datasets/wiki_zh/AG/wiki_66", "rows": 817, "bytes": 1048433}
{"file": "pretrain/Chinese-Train-Datasets/wiki_zh/AG/wiki_67", "rows": 817, "bytes": 1047762}
{"file": "pretrain/Chinese-Train-Datasets/wiki_zh/AG/wiki_68", "rows": 717, "bytes": 1048430}
{"file": "pretrain/Chinese-Train-Datasets/wiki_zh/AG/wiki_69", "rows": 980, "bytes": 1048426}
{"file": "pretrain/Chinese-Train-Datasets/wiki_zh/AG/wiki_70", "rows": 793, "bytes": 1046137}
{"file": "pretrain/Chinese-Train-Datasets/wiki_zh/AG/wiki_71", "rows": 775, "bytes": 1044216}
{"file": "pretrain/Chinese-Train-Datasets/wiki_zh/AG/wiki_72", "rows": 734, "bytes": 1036984}
{"file": "pretrain/Chinese-Train-Datasets/wiki_zh/AG/wiki_73", "rows": 603, "bytes": 1035826}
{"file": "pretrain/Chinese-Train-Datasets/wiki_zh/AG/wiki_74", "rows": 807, "bytes": 1047343}
{"file": "pretrain/Chinese-Train-Datasets/wiki_zh/AG/wiki_75", "rows": 830, "bytes": 1044386}
{"file": "pretrain/Chinese-Train-Datasets/wiki_zh/AG/wiki_76", "rows": 794, "bytes": 1047524}
{"file": "pretrain/Chinese-Train-Datasets/wiki_zh/AG/wiki_77", "rows": 703, "bytes": 1047580}
{"file": "pretrain/Chinese-Train-Datasets/wiki_zh/AG/wiki_78", "rows": 762, "bytes": 1043430}
{"file": "pretrain/Chinese-Train-Datasets/wiki_zh/AG/wiki_79", "rows": 688, "bytes": 1042217}
{"file": "pretrain/Chinese-Train-Datasets/wiki_zh/AG/wiki_80", "rows": 753, "bytes": 1048486}
{"file": "pretrain/Chinese-Train-Datasets/wiki_zh/AG/wiki_81", "rows": 836, "bytes": 1048573}
{"file": "pretrain/Chinese-Train-Datasets/wiki_zh/AG/wiki_82", "rows": 853, "bytes": 1047971}
{"file": "pretrain/Chinese-Train-Datasets/wiki_zh/AG/wiki_83", "rows": 1068, "bytes": 1046172}
{"file": "pretrain/Chinese-Train-Datasets/wiki_zh/AG/wiki_84", "rows": 1036, "bytes": 1047719}
{"file": "pretrain/Chinese-Train-Datasets/wiki_zh/AG/wiki_85", "rows": 870, "bytes": 1046623}
{"file": "pretrain/Chinese-Train-Datasets/wiki_zh/AG/wiki_86", "rows": 836, "bytes": 1048423}
{"file": "pretrain/Chinese-Train-Datasets/wiki_zh/AG/wiki_87", "rows": 792, "bytes": 1044458}
{"file": "pretrain/Chinese-Train-Datasets/wiki_zh/AG/wiki_88", "rows": 844, "bytes": 1036047}
{"file": "pretrain/Chinese-Train-Datasets/wiki_zh/AG/wiki_89", "rows": 864, "bytes": 1046593}
{"file": "pretrain/Chinese-Train-Datasets/wiki_zh/AG/wiki_90", "rows": 882, "bytes": 1048544}
{"file": "pretrain/Chinese-Train-Datasets/wiki_zh/AG/wiki_91", "rows": 840, "bytes": 1046104}
{"file": "pretrain/Chinese-Train-Datasets/wiki_zh/AG/wiki_92", "rows": 770, "bytes": 1047197}
{"file": "pretrain/Chinese-Train-Datasets/wiki_zh/AG/wiki_93", "rows": 878, "bytes": 1042846}
{"file": "pretrain/Chinese-Train-Datasets/wiki_zh/AG/wiki_94", "rows": 950, "bytes": 1044794}
{"file": "pretrain/Chinese-Train-Datasets/wiki_zh/AG/wiki_95", "rows": 1008, "bytes": 1047361}
{"file": "pretrain/Chinese-Train-Datasets/wiki_zh/AG/wiki_96", "rows": 875, "bytes": 1046355}
{"file": "pretrain/Chinese-Train-Datasets/wiki_zh/AG/wiki_97", "rows": 949, "bytes": 1046128}
{"file": "pretrain/Chinese-Train-Datasets/wiki_zh/AG/wiki_98", "rows": 877, "bytes": 1043998}
{"file": "pretrain/Chinese-Train-Datasets/wiki_zh/AG/wiki_99", "rows": 818, "bytes": 1034465}
{"file": "pretrain/Chinese-Train-Datasets/wiki_zh/AH/wiki_00", "rows": 815, "bytes": 1048479}
{"file": "pretrain/Chinese-Train-Datasets/wiki_zh/AH/wiki_01", "rows": 873, "bytes": 1047983}
{"file": "pretrain/Chinese-Train-Datasets/wiki_zh/AH/wiki_02", "rows": 778, "bytes": 1048214}
{"file": "pretrain/Chinese-Train-Datasets/wiki_zh/AH/wiki_03", "rows": 837, "bytes": 1048329}
{"file": "pretrain/Chinese-Train-Datasets/wiki_zh/AH/wiki_04", "rows": 758, "bytes": 1048200}
{"file": "pretrain/Chinese-Train-Datasets/wiki_zh/AH/wiki_05", "rows": 798, "bytes": 1038041}
{"file": "pretrain/Chinese-Train-Datasets/wiki_zh/AH/wiki_06", "rows": 881, "bytes": 1039676}
{"file": "pretrain/Chinese-Train-Datasets/wiki_zh/AH/wiki_07", "rows": 1095, "bytes": 1047956}
{"file": "pretrain/Chinese-Train-Datasets/wiki_zh/AH/wiki_08", "rows": 810, "bytes": 1048121}
{"file": "pretrain/Chinese-Train-Datasets/wiki_zh/AH/wiki_09", "rows": 811, "bytes": 1048133}
{"file": "pretrain/Chinese-Train-Datasets/wiki_zh/AH/wiki_10", "rows": 978, "bytes": 1043273}
{"file": "pretrain/Chinese-Train-Datasets/wiki_zh/AH/wiki_11", "rows": 1040, "bytes": 1048413}
{"file": "pretrain/Chinese-Train-Datasets/wiki_zh/AH/wiki_12", "rows": 951, "bytes": 1046968}
{"file": "pretrain/Chinese-Train-Datasets/wiki_zh/AH/wiki_13", "rows": 947, "bytes": 1042868}
{"file": "pretrain/Chinese-Train-Datasets/wiki_zh/AH/wiki_14", "rows": 942, "bytes": 1043878}
{"file": "pretrain/Chinese-Train-Datasets/wiki_zh/AH/wiki_15", "rows": 948, "bytes": 1048213}
{"file": "pretrain/Chinese-Train-Datasets/wiki_zh/AH/wiki_16", "rows": 1085, "bytes": 1047593}
{"file": "pretrain/Chinese-Train-Datasets/wiki_zh/AH/wiki_17", "rows": 1076, "bytes": 1042750}
{"file": "pretrain/Chinese-Train-Datasets/wiki_zh/AH/wiki_18", "rows": 1283, "bytes": 1048153}
{"file": "pretrain/Chinese-Train-Datasets/wiki_zh/AH/wiki_19", "rows": 1353, "bytes": 1048465}
{"file": "pretrain/Chinese-Train-Datasets/wiki_zh/AH/wiki_20", "rows": 1518, "bytes": 1048662}
{"file": "pretrain/Chinese-Train-Datasets/wiki_zh/AH/wiki_21", "rows": 2896, "bytes": 1048219}
{"file": "pretrain/Chinese-Train-Datasets/wiki_zh/AH/wiki_22", "rows": 2941, "bytes": 1048365}
{"file": "pretrain/Chinese-Train-Datasets/wiki_zh/AH/wiki_23", "rows": 2520, "bytes": 1043738}
{"file": "pretrain/Chinese-Train-Datasets/wiki_zh/AH/wiki_24", "rows": 2697, "bytes": 1048372}
{"file": "pretrain/Chinese-Train-Datasets/wiki_zh/AH/wiki_25", "rows": 3554, "bytes": 1048521}
{"file": "pretrain/Chinese-Train-Datasets/wiki_zh/AH/wiki_26", "rows": 2526, "bytes": 1045733}
{"file": "pretrain/Chinese-Train-Datasets/wiki_zh/AH/wiki_27", "rows": 1760, "bytes": 1048509}
{"file": "pretrain/Chinese-Train-Datasets/wiki_zh/AH/wiki_28", "rows": 2367, "bytes": 1048425}
{"file": "pretrain/Chinese-Train-Datasets/wiki_zh/AH/wiki_29", "rows": 2413, "bytes": 1048602}
{"file": "pretrain/Chinese-Train-Datasets/wiki_zh/AH/wiki_30", "rows": 2976, "bytes": 1047293}
{"file": "pretrain/Chinese-Train-Datasets/wiki_zh/AH/wiki_31", "rows": 1928, "bytes": 1026440}
{"file": "pretrain/Chinese-Train-Datasets/wiki_zh/AH/wiki_32", "rows": 1938, "bytes": 1048227}
{"file": "pretrain/Chinese-Train-Datasets/wiki_zh/AH/wiki_33", "rows": 2216, "bytes": 1048511}
{"file": "pretrain/Chinese-Train-Datasets/wiki_zh/AH/wiki_34", "rows": 1242, "bytes": 1048465}
{"file": "pretrain/Chinese-Train-Datasets/wiki_zh/AH/wiki_35", "rows": 962, "bytes": 1046305}
{"file": "pretrain/Chinese-Train-Datasets/wiki_zh/AH/wiki_36", "rows": 1512, "bytes": 1048455}
{"file": "pretrain/Chinese-Train-Datasets/wiki_zh/AH/wiki_37", "rows": 1059, "bytes": 1048429}
{"file": "pretrain/Chinese-Train-Datasets/wiki_zh/AH/wiki_38", "rows": 1720, "bytes": 1048533}
{"file": "pretrain/Chinese-Train-Datasets/wiki_zh/AH/wiki_39", "rows": 4006, "bytes": 1047657}
{"file": "pretrain/Chinese-Train-Datasets/wiki_zh/AH/wiki_40", "rows": 4200, "bytes": 1048378}
{"file": "pretrain/Chinese-Train-Datasets/wiki_zh/AH/wiki_41", "rows": 4436, "bytes": 1048524}
{"file": "pretrain/Chinese-Train-Datasets/wiki_zh/AH/wiki_42", "rows": 2101, "bytes": 1047882}
{"file": "pretrain/Chinese-Train-Datasets/wiki_zh/AH/wiki_43", "rows": 1177, "bytes": 1047235}
{"file": "pretrain/Chinese-Train-Datasets/wiki_zh/AH/wiki_44", "rows": 931, "bytes": 1034043}
{"file": "pretrain/Chinese-Train-Datasets/wiki_zh/AH/wiki_45", "rows": 1582, "bytes": 1048394}
{"file": "pretrain/Chinese-Train-Datasets/wiki_zh/AH/wiki_46", "rows": 1048, "bytes": 1048114}
{"file": "pretrain/Chinese-Train-Datasets/wiki_zh/AH/wiki_47", "rows": 1108, "bytes": 1046824}
{"file": "pretrain/Chinese-Train-Datasets/wiki_zh/AH/wiki_48", "rows": 1090, "bytes": 1048094}
{"file": "pretrain/Chinese-Train-Datasets/wiki_zh/AH/wiki_49", "rows": 969, "bytes": 1045634}
{"file": "pretrain/Chinese-Train-Datasets/wiki_zh/AH/wiki_50", "rows": 1111, "bytes": 1048308}
{"file": "pretrain/Chinese-Train-Datasets/wiki_zh/AH/wiki_51", "rows": 1336, "bytes": 1048000}
{"file": "pretrain/Chinese-Train-Datasets/wiki_zh/AH/wiki_52", "rows": 1146, "bytes": 1048103}
{"file": "pretrain/Chinese-Train-Datasets/wiki_zh/AH/wiki_53", "rows": 1434, "bytes": 1048564}
{"file": "pretrain/Chinese-Train-Datasets/wiki_zh/AH/wiki_54", "rows": 1757, "bytes": 1048121}
{"file": "pretrain/Chinese-Train-Datasets/wiki_zh/AH/wiki_55", "rows": 1326, "bytes": 1048525}
{"file": "pretrain/Chinese-Train-Datasets/wiki_zh/AH/wiki_56", "rows": 1758, "bytes": 1044420}
{"file": "pretrain/Chinese-Train-Datasets/wiki_zh/AH/wiki_57", "rows": 1334, "bytes": 1046445}
{"file": "pretrain/Chinese-Train-Datasets/wiki_zh/AH/wiki_58", "rows": 1597, "bytes": 1047303}
{"file": "pretrain/Chinese-Train-Datasets/wiki_zh/AH/wiki_59", "rows": 1298, "bytes": 1047755}
{"file": "pretrain/Chinese-Train-Datasets/wiki_zh/AH/wiki_60", "rows": 1965, "bytes": 1046413}
{"file": "pretrain/Chinese-Train-Datasets/wiki_zh/AH/wiki_61", "rows": 1351, "bytes": 1048289}
{"file": "pretrain/Chinese-Train-Datasets/wiki_zh/AH/wiki_62", "rows": 2414, "bytes": 1047368}
{"file": "pretrain/Chinese-Train-Datasets/wiki_zh/AH/wiki_63", "rows": 3439, "bytes": 1048451}
{"file": "pretrain/Chinese-Train-Datasets/wiki_zh/AH/wiki_64", "rows": 2669, "bytes": 1048409}
{"file": "pretrain/Chinese-Train-Datasets/wiki_zh/AH/wiki_65", "rows": 1446, "bytes": 1048211}
{"file": "pretrain/Chinese-Train-Datasets/wiki_zh/AH/wiki_66", "rows": 931, "bytes": 1048484}
{"file": "pretrain/Chinese-Train-Datasets/wiki_zh/AH/wiki_67", "rows": 1007, "bytes": 1048259}
{"file": "pretrain/Chinese-Train-Datasets/wiki_zh/AH/wiki_68", "rows": 1329, "bytes": 1048035}
{"file": "pretrain/Chinese-Train-Datasets/wiki_zh/AH/wiki_69", "rows": 1062, "bytes": 1047700}
{"file": "pretrain/Chinese-Train-Datasets/wiki_zh/AH/wiki_70", "rows": 1184, "bytes": 1047426}
{"file": "pretrain/Chinese-Train-Datasets/wiki_zh/AH/wiki_71", "rows": 1292, "bytes": 1048108}
{"file": "pretrain/Chinese-Train-Datasets/wiki_zh/AH/wiki_72", "rows": 1825, "bytes": 1047366}
{"file": "pretrain/Chinese-Train-Datasets/wiki_zh/AH/wiki_73", "rows": 1220, "bytes": 1048700}
{"file": "pretrain/Chinese-Train-Datasets/wiki_zh/AH/wiki_74", "rows": 1004, "bytes": 1047702}
{"file": "pretrain/Chinese-Train-Datasets/wiki_zh/AH/wiki_75", "rows": 956, "bytes": 1041261}
{"file": "pretrain/Chinese-Train-Datasets/wiki_zh/AH/wiki_76", "rows": 1202, "bytes": 1037017}
{"file": "pretrain/Chinese-Train-Datasets/wiki_zh/AH/wiki_77", "rows": 1414, "bytes": 1048680}
{"file": "pretrain/Chinese-Train-Datasets/wiki_zh/AH/wiki_78", "rows": 2531, "bytes": 1043648}
{"file": "pretrain/Chinese-Train-Datasets/wiki_zh/AH/wiki_79", "rows": 700, "bytes": 1035531}
{"file": "pretrain/Chinese-Train-Datasets/wiki_zh/AH/wiki_80", "rows": 959, "bytes": 1044956}
{"file": "pretrain/Chinese-Train-Datasets/wiki_zh/AH/wiki_81", "rows": 1706, "bytes": 1048361}
{"file": "pretrain/Chinese-Train-Datasets/wiki_zh/AH/wiki_82", "rows": 1440, "bytes": 1046179}
{"file": "pretrain/Chinese-Train-Datasets/wiki_zh/AH/wiki_83", "rows": 1300, "bytes": 1048532}
{"file": "pretrain/Chinese-Train-Datasets/wiki_zh/AH/wiki_84", "rows": 1405, "bytes": 1044923}
{"file": "pretrain/Chinese-Train-Datasets/wiki_zh/AH/wiki_85", "rows": 2078, "bytes": 1048555}
{"file": "pretrain/Chinese-Train-Datasets/wiki_zh/AH/wiki_86", "rows": 2986, "bytes": 1048441}
{"file": "pretrain/Chinese-Train-Datasets/wiki_zh/AH/wiki_87", "rows": 2793, "bytes": 1039042}
{"file": "pretrain/Chinese-Train-Datasets/wiki_zh/AH/wiki_88", "rows": 858, "bytes": 1047596}
{"file": "pretrain/Chinese-Train-Datasets/wiki_zh/AH/wiki_89", "rows": 1139, "bytes": 1048519}
{"file": "pretrain/Chinese-Train-Datasets/wiki_zh/AH/wiki_90", "rows": 2922, "bytes": 1048493}
{"file": "pretrain/Chinese-Train-Datasets/wiki_zh/AH/wiki_91", "rows": 2680, "bytes": 1048427}
{"file": "pretrain/Chinese-Train-Datasets/wiki_zh/AH/wiki_92", "rows": 2586, "bytes": 1045367}
{"file": "pretrain/Chinese-Train-Datasets/wiki_zh/AH/wiki_93", "rows": 1161, "bytes": 1046654}
{"file": "pretrain/Chinese-Train-Datasets/wiki_zh/AH/wiki_94", "rows": 1517, "bytes": 1047917}
{"file": "pretrain/Chinese-Train-Datasets/wiki_zh/AH/wiki_95", "rows": 1520, "bytes": 1048322}
{"file": "pretrain/Chinese-Train-Datasets/wiki_zh/AH/wiki_96", "rows": 2259, "bytes": 1048302}
{"file": "pretrain/Chinese-Train-Datasets/wiki_zh/AH/wiki_97", "rows": 2275, "bytes": 1048563}
{"file": "pretrain/Chinese-Train-Datasets/wiki_zh/AH/wiki_98", "rows": 2658, "bytes": 1048304}
{"file": "pretrain/Chinese-Train-Datasets/wiki_zh/AH/wiki_99", "rows": 2812, "bytes": 1048557}
{"file": "pretrain/Chinese-Train-Datasets/wiki_zh/AI/wiki_00", "rows": 2688, "bytes": 1047610}
{"file": "pretrain/Chinese-Train-Datasets/wiki_zh/AI/wiki_01", "rows": 2835, "bytes": 1048347}
{"file": "pretrain/Chinese-Train-Datasets/wiki_zh/AI/wiki_02", "rows": 2796, "bytes": 1048439}
{"file": "pretrain/Chinese-Train-Datasets/wiki_zh/AI/wiki_03", "rows": 2731, "bytes": 1048496}
{"file": "pretrain/Chinese-Train-Datasets/wiki_zh/AI/wiki_04", "rows": 2434, "bytes": 1048417}
{"file": "pretrain/Chinese-Train-Datasets/wiki_zh/AI/wiki_05", "rows": 2714, "bytes": 1048304}
{"file": "pretrain/Chinese-Train-Datasets/wiki_zh/AI/wiki_06", "rows": 2475, "bytes": 1048284}
{"file": "pretrain/Chinese-Train-Datasets/wiki_zh/AI/wiki_07", "rows": 2653, "bytes": 1048128}
{"file": "pretrain/Chinese-Train-Datasets/wiki_zh/AI/wiki_08", "rows": 2565, "bytes": 1048019}
{"file": "pretrain/Chinese-Train-Datasets/wiki_zh/AI/wiki_09", "rows": 2572, "bytes": 1048322}
{"file": "pretrain/Chinese-Train-Datasets/wiki_zh/AI/wiki_10", "rows": 2668, "bytes": 1048562}
{"file": "pretrain/Chinese-Train-Datasets/wiki_zh/AI/wiki_11", "rows": 2166, "bytes": 1042624}
{"file": "pretrain/Chinese-Train-Datasets/wiki_zh/AI/wiki_12", "rows": 1146, "bytes": 1047675}
{"file": "pretrain/Chinese-Train-Datasets/wiki_zh/AI/wiki_13", "rows": 1152, "bytes": 1047814}
{"file": "pretrain/Chinese-Train-Datasets/wiki_zh/AI/wiki_14", "rows": 1652, "bytes": 1048284}
{"file": "pretrain/Chinese-Train-Datasets/wiki_zh/AI/wiki_15", "rows": 2077, "bytes": 1048410}
{"file": "pretrain/Chinese-Train-Datasets/wiki_zh/AI/wiki_16", "rows": 1856, "bytes": 1048293}
{"file": "pretrain/Chinese-Train-Datasets/wiki_zh/AI/wiki_17", "rows": 1891, "bytes": 1045256}
{"file": "pretrain/Chinese-Train-Datasets/wiki_zh/AI/wiki_18", "rows": 1111, "bytes": 1043561}
{"file": "pretrain/Chinese-Train-Datasets/wiki_zh/AI/wiki_19", "rows": 981, "bytes": 1046807}
{"file": "pretrain/Chinese-Train-Datasets/wiki_zh/AI/wiki_20", "rows": 1267, "bytes": 1048148}
{"file": "pretrain/Chinese-Train-Datasets/wiki_zh/AI/wiki_21", "rows": 1342, "bytes": 1048272}
{"file": "pretrain/Chinese-Train-Datasets/wiki_zh/AI/wiki_22", "rows": 995, "bytes": 1045882}
{"file": "pretrain/Chinese-Train-Datasets/wiki_zh/AI/wiki_23", "rows": 948, "bytes": 1048245}
{"file": "pretrain/Chinese-Train-Datasets/wiki_zh/AI/wiki_24", "rows": 796, "bytes": 1048548}
{"file": "pretrain/Chinese-Train-Datasets/wiki_zh/AI/wiki_25", "rows": 827, "bytes": 1048526}
{"file": "pretrain/Chinese-Train-Datasets/wiki_zh/AI/wiki_26", "rows": 839, "bytes": 1047617}
{"file": "pretrain/Chinese-Train-Datasets/wiki_zh/AI/wiki_27", "rows": 969, "bytes": 1046908}
{"file": "pretrain/Chinese-Train-Datasets/wiki_zh/AI/wiki_28", "rows": 831, "bytes": 1039553}
{"file": "pretrain/Chinese-Train-Datasets/wiki_zh/AI/wiki_29", "rows": 1366, "bytes": 1046493}
{"file": "pretrain/Chinese-Train-Datasets/wiki_zh/AI/wiki_30", "rows": 918, "bytes": 1047620}
{"file": "pretrain/Chinese-Train-Datasets/wiki_zh/AI/wiki_31", "rows": 2403, "bytes": 1048512}
{"file": "pretrain/Chinese-Train-Datasets/wiki_zh/AI/wiki_32", "rows": 3053, "bytes": 1048403}
{"file": "pretrain/Chinese-Train-Datasets/wiki_zh/AI/wiki_33", "rows": 1965, "bytes": 1047039}
{"file": "pretrain/Chinese-Train-Datasets/wiki_zh/AI/wiki_34", "rows": 1736, "bytes": 1048538}
{"file": "pretrain/Chinese-Train-Datasets/wiki_zh/AI/wiki_35", "rows": 1015, "bytes": 1047787}
{"file": "pretrain/Chinese-Train-Datasets/wiki_zh/AI/wiki_36", "rows": 982, "bytes": 1048367}
{"file": "pretrain/Chinese-Train-Datasets/wiki_zh/AI/wiki_37", "rows": 2913, "bytes": 1048494}
{"file": "pretrain/Chinese-Train-Datasets/wiki_zh/AI/wiki_38", "rows": 3332, "bytes": 1048539}
{"file": "pretrain/Chinese-Train-Datasets/wiki_zh/AI/wiki_39", "rows": 4452, "bytes": 1048419}
{"file": "pretrain/Chinese-Train-Datasets/wiki_zh/AI/wiki_40", "rows": 4416, "bytes": 1048580}
{"file": "pretrain/Chinese-Train-Datasets/wiki_zh/AI/wiki_41", "rows": 4567, "bytes": 1048418}
{"file": "pretrain/Chinese-Train-Datasets/wiki_zh/AI/wiki_42", "rows": 3401, "bytes": 1048572}
{"file": "pretrain/Chinese-Train-Datasets/wiki_zh/AI/wiki_43", "rows": 1422, "bytes": 1048496}
{"file": "pretrain/Chinese-Train-Datasets/wiki_zh/AI/wiki_44", "rows": 3921, "bytes": 1048587}
{"file": "pretrain/Chinese-Train-Datasets/wiki_zh/AI/wiki_45", "rows": 2691, "bytes": 1049466}
{"file": "pretrain/Chinese-Train-Datasets/wiki_zh/AI/wiki_46", "rows": 3151, "bytes": 1048387}
{"file": "pretrain/Chinese-Train-Datasets/wiki_zh/AI/wiki_47", "rows": 2878, "bytes": 1048262}
{"file": "pretrain/Chinese-Train-Datasets/wiki_zh/AI/wiki_48", "rows": 1719, "bytes": 1044359}
{"file": "pretrain/Chinese-Train-Datasets/wiki_zh/AI/wiki_49", "rows": 1148, "bytes": 1011958}
{"file": "pretrain/Chinese-Train-Datasets/wiki_zh/AI/wiki_50", "rows": 1338, "bytes": 1048539}
{"file": "pretrain/Chinese-Train-Datasets/wiki_zh/AI/wiki_51", "rows": 1424, "bytes": 1048387}
{"file": "pretrain/Chinese-Train-Datasets/wiki_zh/AI/wiki_52", "rows": 967, "bytes": 1047549}
{"file": "pretrain/Chinese-Train-Datasets/wiki_zh/AI/wiki_53", "rows": 918, "bytes": 1048562}
{"file": "pretrain/Chinese-Train-Datasets/wiki_zh/AI/wiki_54", "rows": 900, "bytes": 1023493}
{"file": "pretrain/Chinese-Train-Datasets/wiki_zh/AI/wiki_55", "rows": 1204, "bytes": 1048440}
{"file": "pretrain/Chinese-Train-Datasets/wiki_zh/AI/wiki_56", "rows": 1348, "bytes": 1033980}
{"file": "pretrain/Chinese-Train-Datasets/wiki_zh/AI/wiki_57", "rows": 2036, "bytes": 1048261}
{"file": "pretrain/Chinese-Train-Datasets/wiki_zh/AI/wiki_58", "rows": 890, "bytes": 1045024}
{"file": "pretrain/Chinese-Train-Datasets/wiki_zh/AI/wiki_59", "rows": 925, "bytes": 1048373}
{"file": "pretrain/Chinese-Train-Datasets/wiki_zh/AI/wiki_60", "rows": 927, "bytes": 1048135}
{"file": "pretrain/Chinese-Train-Datasets/wiki_zh/AI/wiki_61", "rows": 972, "bytes": 1048242}
{"file": "pretrain/Chinese-Train-Datasets/wiki_zh/AI/wiki_62", "rows": 971, "bytes": 1048393}
{"file": "pretrain/Chinese-Train-Datasets/wiki_zh/AI/wiki_63", "rows": 941, "bytes": 1047335}
{"file": "pretrain/Chinese-Train-Datasets/wiki_zh/AI/wiki_64", "rows": 1061, "bytes": 1048547}
{"file": "pretrain/Chinese-Train-Datasets/wiki_zh/AI/wiki_65", "rows": 1415, "bytes": 1048491}
{"file": "pretrain/Chinese-Train-Datasets/wiki_zh/AI/wiki_66", "rows": 1136, "bytes": 1048208}
{"file": "pretrain/Chinese-Train-Datasets/wiki_zh/AI/wiki_67", "rows": 1734, "bytes": 1047171}
{"file": "pretrain/Chinese-Train-Datasets/wiki_zh/AI/wiki_68", "rows": 760, "bytes": 1046889}
{"file": "pretrain/Chinese-Train-Datasets/wiki_zh/AI/wiki_69", "rows": 834, "bytes": 1048291}
{"file": "pretrain/Chinese-Train-Datasets/wiki_zh/AI/wiki_70", "rows": 720, "bytes": 1047800}
{"file": "pretrain/Chinese-Train-Datasets/wiki_zh/AI/wiki_71", "rows": 829, "bytes": 1048022}
{"file": "pretrain/Chinese-Train-Datasets/wiki_zh/AI/wiki_72", "rows": 788, "bytes": 1036813}
{"file": "pretrain/Chinese-Train-Datasets/wiki_zh/AI/wiki_73", "rows": 767, "bytes": 1048566}
{"file": "pretrain/Chinese-Train-Datasets/wiki_zh/AI/wiki_74", "rows": 894, "bytes": 1012790}
{"file": "pretrain/Chinese-Train-Datasets/wiki_zh/AI/wiki_75", "rows": 716, "bytes": 1045493}
{"file": "pretrain/Chinese-Train-Datasets/wiki_zh/AI/wiki_76", "rows": 827, "bytes": 1047915}
{"file": "pretrain/Chinese-Train-Datasets/wiki_zh/AI/wiki_77", "rows": 785, "bytes": 1046155}
{"file": "pretrain/Chinese-Train-Datasets/wiki_zh/AI/wiki_78", "rows": 884, "bytes": 1047409}
{"file": "pretrain/Chinese-Train-Datasets/wiki_zh/AI/wiki_79", "rows": 803, "bytes": 1047635}
{"file": "pretrain/Chinese-Train-Datasets/wiki_zh/AI/wiki_80", "rows": 719, "bytes": 1047935}
{"file": "pretrain/Chinese-Train-Datasets/wiki_zh/AI/wiki_81", "rows": 682, "bytes": 1048070}
{"file": "pretrain/Chinese-Train-Datasets/wiki_zh/AI/wiki_82", "rows": 740, "bytes": 1048528}
{"file": "pretrain/Chinese-Train-Datasets/wiki_zh/AI/wiki_83", "rows": 794, "bytes": 1047338}
{"file": "pretrain/Chinese-Train-Datasets/wiki_zh/AI/wiki_84", "rows": 855, "bytes": 1048368}
{"file": "pretrain/Chinese-Train-Datasets/wiki_zh/AI/wiki_85", "rows": 852, "bytes": 1048431}
{"file": "pretrain/Chinese-Train-Datasets/wiki_zh/AI/wiki_86", "rows": 848, "bytes": 1048512}
{"file": "pretrain/Chinese-Train-Datasets/wiki_zh/AI/wiki_87", "rows": 950, "bytes": 1046506}
{"file": "pretrain/Chinese-Train-Datasets/wiki_zh/AI/wiki_88", "rows": 891, "bytes": 1042625}
{"file": "pretrain/Chinese-Train-Datasets/wiki_zh/AI/wiki_89", "rows": 1115, "bytes": 1048348}
{"file": "pretrain/Chinese-Train-Datasets/wiki_zh/AI/wiki_90", "rows": 2549, "bytes": 1048495}
{"file": "pretrain/Chinese-Train-Datasets/wiki_zh/AI/wiki_91", "rows": 2773, "bytes": 1048458}
{"file": "pretrain/Chinese-Train-Datasets/wiki_zh/AI/wiki_92", "rows": 2157, "bytes": 1045368}
{"file": "pretrain/Chinese-Train-Datasets/wiki_zh/AI/wiki_93", "rows": 733, "bytes": 1040697}
{"file": "pretrain/Chinese-Train-Datasets/wiki_zh/AI/wiki_94", "rows": 673, "bytes": 1036412}
{"file": "pretrain/Chinese-Train-Datasets/wiki_zh/AI/wiki_95", "rows": 760, "bytes": 1042220}
{"file": "pretrain/Chinese-Train-Datasets/wiki_zh/AI/wiki_96", "rows": 1124, "bytes": 1048458}
{"file": "pretrain/Chinese-Train-Datasets/wiki_zh/AI/wiki_97", "rows": 869, "bytes": 1048423}
{"file": "pretrain/Chinese-Train-Datasets/wiki_zh/AI/wiki_98", "rows": 952, "bytes": 1048314}
{"file": "pretrain/Chinese-Train-Datasets/wiki_zh/AI/wiki_99", "rows": 814, "bytes": 1048290}
{"file": "pretrain/Chinese-Train-Datasets/wiki_zh/AJ/wiki_00", "rows": 966, "bytes": 1048134}
{"file": "pretrain/Chinese-Train-Datasets/wiki_zh/AJ/wiki_01", "rows": 1014, "bytes": 1044005}
{"file": "pretrain/Chinese-Train-Datasets/wiki_zh/AJ/wiki_02", "rows": 745, "bytes": 1021956}
{"file": "pretrain/Chinese-Train-Datasets/wiki_zh/AJ/wiki_03", "rows": 820, "bytes": 1047260}
{"file": "pretrain/Chinese-Train-Datasets/wiki_zh/AJ/wiki_04", "rows": 698, "bytes": 1048247}
{"file": "pretrain/Chinese-Train-Datasets/wiki_zh/AJ/wiki_05", "rows": 861, "bytes": 1048384}
{"file": "pretrain/Chinese-Train-Datasets/wiki_zh/AJ/wiki_06", "rows": 686, "bytes": 1048549}
{"file": "pretrain/Chinese-Train-Datasets/wiki_zh/AJ/wiki_07", "rows": 928, "bytes": 1047770}
{"file": "pretrain/Chinese-Train-Datasets/wiki_zh/AJ/wiki_08", "rows": 990, "bytes": 1048284}
{"file": "pretrain/Chinese-Train-Datasets/wiki_zh/AJ/wiki_09", "rows": 910, "bytes": 1047105}
{"file": "pretrain/Chinese-Train-Datasets/wiki_zh/AJ/wiki_10", "rows": 883, "bytes": 1032770}
{"file": "pretrain/Chinese-Train-Datasets/wiki_zh/AJ/wiki_11", "rows": 618, "bytes": 1046657}
{"file": "pretrain/Chinese-Train-Datasets/wiki_zh/AJ/wiki_12", "rows": 826, "bytes": 1043077}
{"file": "pretrain/Chinese-Train-Datasets/wiki_zh/AJ/wiki_13", "rows": 1048, "bytes": 1038222}
{"file": "pretrain/Chinese-Train-Datasets/wiki_zh/AJ/wiki_14", "rows": 721, "bytes": 1037632}
{"file": "pretrain/Chinese-Train-Datasets/wiki_zh/AJ/wiki_15", "rows": 773, "bytes": 1048018}
{"file": "pretrain/Chinese-Train-Datasets/wiki_zh/AJ/wiki_16", "rows": 1031, "bytes": 1048308}
{"file": "pretrain/Chinese-Train-Datasets/wiki_zh/AJ/wiki_17", "rows": 930, "bytes": 1036671}
{"file": "pretrain/Chinese-Train-Datasets/wiki_zh/AJ/wiki_18", "rows": 949, "bytes": 1048519}
{"file": "pretrain/Chinese-Train-Datasets/wiki_zh/AJ/wiki_19", "rows": 921, "bytes": 1043342}
{"file": "pretrain/Chinese-Train-Datasets/wiki_zh/AJ/wiki_20", "rows": 958, "bytes": 1044057}
{"file": "pretrain/Chinese-Train-Datasets/wiki_zh/AJ/wiki_21", "rows": 895, "bytes": 1048276}
{"file": "pretrain/Chinese-Train-Datasets/wiki_zh/AJ/wiki_22", "rows": 885, "bytes": 1048476}
{"file": "pretrain/Chinese-Train-Datasets/wiki_zh/AJ/wiki_23", "rows": 941, "bytes": 1048498}
{"file": "pretrain/Chinese-Train-Datasets/wiki_zh/AJ/wiki_24", "rows": 935, "bytes": 1020739}
{"file": "pretrain/Chinese-Train-Datasets/wiki_zh/AJ/wiki_25", "rows": 906, "bytes": 1048112}
{"file": "pretrain/Chinese-Train-Datasets/wiki_zh/AJ/wiki_26", "rows": 969, "bytes": 1048065}
{"file": "pretrain/Chinese-Train-Datasets/wiki_zh/AJ/wiki_27", "rows": 1024, "bytes": 1048326}
{"file": "pretrain/Chinese-Train-Datasets/wiki_zh/AJ/wiki_28", "rows": 1060, "bytes": 1048073}
{"file": "pretrain/Chinese-Train-Datasets/wiki_zh/AJ/wiki_29", "rows": 1084, "bytes": 1018929}
{"file": "pretrain/Chinese-Train-Datasets/wiki_zh/AJ/wiki_30", "rows": 800, "bytes": 1048413}
{"file": "pretrain/Chinese-Train-Datasets/wiki_zh/AJ/wiki_31", "rows": 1136, "bytes": 1041490}
{"file": "pretrain/Chinese-Train-Datasets/wiki_zh/AJ/wiki_32", "rows": 911, "bytes": 1047092}
{"file": "pretrain/Chinese-Train-Datasets/wiki_zh/AJ/wiki_33", "rows": 958, "bytes": 1043832}
{"file": "pretrain/Chinese-Train-Datasets/wiki_zh/AJ/wiki_34", "rows": 997, "bytes": 1048541}
{"file": "pretrain/Chinese-Train-Datasets/wiki_zh/AJ/wiki_35", "rows": 847, "bytes": 1048510}
{"file": "pretrain/Chinese-Train-Datasets/wiki_zh/AJ/wiki_36", "rows": 767, "bytes": 1048840}
{"file": "pretrain/Chinese-Train-Datasets/wiki_zh/AJ/wiki_37", "rows": 972, "bytes": 1048808}
{"file": "pretrain/Chinese-Train-Datasets/wiki_zh/AJ/wiki_38", "rows": 1221, "bytes": 1048538}
{"file": "pretrain/Chinese-Train-Datasets/wiki_zh/AJ/wiki_39", "rows": 692, "bytes": 1046101}
{"file": "pretrain/Chinese-Train-Datasets/wiki_zh/AJ/wiki_40", "rows": 759, "bytes": 1047625}
{"file": "pretrain/Chinese-Train-Datasets/wiki_zh/AJ/wiki_41", "rows": 820, "bytes": 1046652}
{"file": "pretrain/Chinese-Train-Datasets/wiki_zh/AJ/wiki_42", "rows": 772, "bytes": 1047498}
{"file": "pretrain/Chinese-Train-Datasets/wiki_zh/AJ/wiki_43", "rows": 746, "bytes": 1048037}
{"file": "pretrain/Chinese-Train-Datasets/wiki_zh/AJ/wiki_44", "rows": 1591, "bytes": 1048367}
{"file": "pretrain/Chinese-Train-Datasets/wiki_zh/AJ/wiki_45", "rows": 1205, "bytes": 1048236}
{"file": "pretrain/Chinese-Train-Datasets/wiki_zh/AJ/wiki_46", "rows": 911, "bytes": 1046817}
{"file": "pretrain/Chinese-Train-Datasets/wiki_zh/AJ/wiki_47", "rows": 753, "bytes": 1048293}
{"file": "pretrain/Chinese-Train-Datasets/wiki_zh/AJ/wiki_48", "rows": 1041, "bytes": 1034187}
{"file": "pretrain/Chinese-Train-Datasets/wiki_zh/AJ/wiki_49", "rows": 917, "bytes": 1046161}
{"file": "pretrain/Chinese-Train-Datasets/wiki_zh/AJ/wiki_50", "rows": 840, "bytes": 1039968}
{"file": "pretrain/Chinese-Train-Datasets/wiki_zh/AJ/wiki_51", "rows": 1079, "bytes": 1047960}
{"file": "pretrain/Chinese-Train-Datasets/wiki_zh/AJ/wiki_52", "rows": 766, "bytes": 1047915}
{"file": "pretrain/Chinese-Train-Datasets/wiki_zh/AJ/wiki_53", "rows": 967, "bytes": 1045200}
{"file": "pretrain/Chinese-Train-Datasets/wiki_zh/AJ/wiki_54", "rows": 1031, "bytes": 1048422}
{"file": "pretrain/Chinese-Train-Datasets/wiki_zh/AJ/wiki_55", "rows": 663, "bytes": 1047796}
{"file": "pretrain/Chinese-Train-Datasets/wiki_zh/AJ/wiki_56", "rows": 874, "bytes": 1048476}
{"file": "pretrain/Chinese-Train-Datasets/wiki_zh/AJ/wiki_57", "rows": 1309, "bytes": 1045716}
{"file": "pretrain/Chinese-Train-Datasets/wiki_zh/AJ/wiki_58", "rows": 780, "bytes": 1048451}
{"file": "pretrain/Chinese-Train-Datasets/wiki_zh/AJ/wiki_59", "rows": 969, "bytes": 1048541}
{"file": "pretrain/Chinese-Train-Datasets/wiki_zh/AJ/wiki_60", "rows": 973, "bytes": 1048452}
{"file": "pretrain/Chinese-Train-Datasets/wiki_zh/AJ/wiki_61", "rows": 1094, "bytes": 1044956}
{"file": "pretrain/Chinese-Train-Datasets/wiki_zh/AJ/wiki_62", "rows": 929, "bytes": 1040607}
{"file": "pretrain/Chinese-Train-Datasets/wiki_zh/AJ/wiki_63", "rows": 661, "bytes": 1048325}
{"file": "pretrain/Chinese-Train-Datasets/wiki_zh/AJ/wiki_64", "rows": 961, "bytes": 1046856}
{"file": "pretrain/Chinese-Train-Datasets/wiki_zh/AJ/wiki_65", "rows": 703, "bytes": 1048393}
{"file": "pretrain/Chinese-Train-Datasets/wiki_zh/AJ/wiki_66", "rows": 670, "bytes": 1048191}
{"file": "pretrain/Chinese-Train-Datasets/wiki_zh/AJ/wiki_67", "rows": 743, "bytes": 1047114}
{"file": "pretrain/Chinese-Train-Datasets/wiki_zh/AJ/wiki_68", "rows": 622, "bytes": 1034424}
{"file": "pretrain/Chinese-Train-Datasets/wiki_zh/AJ/wiki_69", "rows": 612, "bytes": 1048645}
{"file": "pretrain/Chinese-Train-Datasets/wiki_zh/AJ/wiki_70", "rows": 641, "bytes": 1048351}
{"file": "pretrain/Chinese-Train-Datasets/wiki_zh/AJ/wiki_71", "rows": 675, "bytes": 1048649}
{"file": "pretrain/Chinese-Train-Datasets/wiki_zh/AJ/wiki_72", "rows": 667, "bytes": 1044358}
{"file": "pretrain/Chinese-Train-Datasets/wiki_zh/AJ/wiki_73", "rows": 655, "bytes": 1022335}
{"file": "pretrain/Chinese-Train-Datasets/wiki_zh/AJ/wiki_74", "rows": 948, "bytes": 1048539}
{"file": "pretrain/Chinese-Train-Datasets/wiki_zh/AJ/wiki_75", "rows": 943, "bytes": 1048083}
{"file": "pretrain/Chinese-Train-Datasets/wiki_zh/AJ/wiki_76", "rows": 953, "bytes": 1048097}
{"file": "pretrain/Chinese-Train-Datasets/wiki_zh/AJ/wiki_77", "rows": 722, "bytes": 1047382}
{"file": "pretrain/Chinese-Train-Datasets/wiki_zh/AJ/wiki_78", "rows": 946, "bytes": 1048275}
{"file": "pretrain/Chinese-Train-Datasets/wiki_zh/AJ/wiki_79", "rows": 1079, "bytes": 1048231}
{"file": "pretrain/Chinese-Train-Datasets/wiki_zh/AJ/wiki_80", "rows": 654, "bytes": 1047918}
{"file": "pretrain/Chinese-Train-Datasets/wiki_zh/AJ/wiki_81", "rows": 861, "bytes": 1040082}
{"file": "pretrain/Chinese-Train-Datasets/wiki_zh/AJ/wiki_82", "rows": 826, "bytes": 1042123}
{"file": "pretrain/Chinese-Train-Datasets/wiki_zh/AJ/wiki_83", "rows": 608, "bytes": 1048466}
{"file": "pretrain/Chinese-Train-Datasets/wiki_zh/AJ/wiki_84", "rows": 906, "bytes": 1048181}
{"file": "pretrain/Chinese-Train-Datasets/wiki_zh/AJ/wiki_85", "rows": 1014, "bytes": 1044020}
{"file": "pretrain/Chinese-Train-Datasets/wiki_zh/AJ/wiki_86", "rows": 948, "bytes": 1047013}
{"file": "pretrain/Chinese-Train-Datasets/wiki_zh/AJ/wiki_87", "rows": 868, "bytes": 1037707}
{"file": "pretrain/Chinese-Train-Datasets/wiki_zh/AJ/wiki_88", "rows": 1070, "bytes": 1041300}
{"file": "pretrain/Chinese-Train-Datasets/wiki_zh/AJ/wiki_89", "rows": 1122, "bytes": 1047121}
{"file": "pretrain/Chinese-Train-Datasets/wiki_zh/AJ/wiki_90", "rows": 784, "bytes": 1048082}
{"file": "pretrain/Chinese-Train-Datasets/wiki_zh/AJ/wiki_91", "rows": 873, "bytes": 1048230}
{"file": "pretrain/Chinese-Train-Datasets/wiki_zh/AJ/wiki_92", "rows": 1119, "bytes": 1047258}
{"file": "pretrain/Chinese-Train-Datasets/wiki_zh/AJ/wiki_93", "rows": 835, "bytes": 1047310}
{"file": "pretrain/Chinese-Train-Datasets/wiki_zh/AJ/wiki_94", "rows": 1056, "bytes": 1044785}
{"file": "pretrain/Chinese-Train-Datasets/wiki_zh/AJ/wiki_95", "rows": 1012, "bytes": 1045581}
{"file": "pretrain/Chinese-Train-Datasets/wiki_zh/AJ/wiki_96", "rows": 1084, "bytes": 1046083}
{"file": "pretrain/Chinese-Train-Datasets/wiki_zh/AJ/wiki_97", "rows": 1229, "bytes": 1048164}
{"file": "pretrain/Chinese-Train-Datasets/wiki_zh/AJ/wiki_98", "rows": 962, "bytes": 1048295}
{"file": "pretrain/Chinese-Train-Datasets/wiki_zh/AJ/wiki_99", "rows": 854, "bytes": 1048294}
{"file": "pretrain/Chinese-Train-Datasets/wiki_zh/AK/wiki_00", "rows": 905, "bytes": 1033584}
{"file": "pretrain/Chinese-Train-Datasets/wiki_zh/AK/wiki_01", "rows": 1019, "bytes": 1048505}
{"file": "pretrain/Chinese-Train-Datasets/wiki_zh/AK/wiki_02", "rows": 1028, "bytes": 1048536}
{"file": "pretrain/Chinese-Train-Datasets/wiki_zh/AK/wiki_03", "rows": 945, "bytes": 1047357}
{"file": "pretrain/Chinese-Train-Datasets/wiki_zh/AK/wiki_04", "rows": 806, "bytes": 1038706}
{"file": "pretrain/Chinese-Train-Datasets/wiki_zh/AK/wiki_05", "rows": 835, "bytes": 1048283}
{"file": "pretrain/Chinese-Train-Datasets/wiki_zh/AK/wiki_06", "rows": 788, "bytes": 1046885}
{"file": "pretrain/Chinese-Train-Datasets/wiki_zh/AK/wiki_07", "rows": 745, "bytes": 1047542}
{"file": "pretrain/Chinese-Train-Datasets/wiki_zh/AK/wiki_08", "rows": 753, "bytes": 1045084}
{"file": "pretrain/Chinese-Train-Datasets/wiki_zh/AK/wiki_09", "rows": 752, "bytes": 1046539}
{"file": "pretrain/Chinese-Train-Datasets/wiki_zh/AK/wiki_10", "rows": 584, "bytes": 1048181}
{"file": "pretrain/Chinese-Train-Datasets/wiki_zh/AK/wiki_11", "rows": 825, "bytes": 1048315}
{"file": "pretrain/Chinese-Train-Datasets/wiki_zh/AK/wiki_12", "rows": 777, "bytes": 1039878}
{"file": "pretrain/Chinese-Train-Datasets/wiki_zh/AK/wiki_13", "rows": 1005, "bytes": 1046190}
{"file": "pretrain/Chinese-Train-Datasets/wiki_zh/AK/wiki_14", "rows": 1101, "bytes": 1048484}
{"file": "pretrain/Chinese-Train-Datasets/wiki_zh/AK/wiki_15", "rows": 852, "bytes": 1048339}
{"file": "pretrain/Chinese-Train-Datasets/wiki_zh/AK/wiki_16", "rows": 1049, "bytes": 1046859}
{"file": "pretrain/Chinese-Train-Datasets/wiki_zh/AK/wiki_17", "rows": 1036, "bytes": 1047698}
{"file": "pretrain/Chinese-Train-Datasets/wiki_zh/AK/wiki_18", "rows": 983, "bytes": 1045576}
{"file": "pretrain/Chinese-Train-Datasets/wiki_zh/AK/wiki_19", "rows": 1056, "bytes": 1048387}
{"file": "pretrain/Chinese-Train-Datasets/wiki_zh/AK/wiki_20", "rows": 918, "bytes": 1048392}
{"file": "pretrain/Chinese-Train-Datasets/wiki_zh/AK/wiki_21", "rows": 778, "bytes": 1048338}
{"file": "pretrain/Chinese-Train-Datasets/wiki_zh/AK/wiki_22", "rows": 888, "bytes": 1035540}
{"file": "pretrain/Chinese-Train-Datasets/wiki_zh/AK/wiki_23", "rows": 660, "bytes": 1048405}
{"file": "pretrain/Chinese-Train-Datasets/wiki_zh/AK/wiki_24", "rows": 992, "bytes": 1047444}
{"file": "pretrain/Chinese-Train-Datasets/wiki_zh/AK/wiki_25", "rows": 811, "bytes": 1048291}
{"file": "pretrain/Chinese-Train-Datasets/wiki_zh/AK/wiki_26", "rows": 1384, "bytes": 1040842}
{"file": "pretrain/Chinese-Train-Datasets/wiki_zh/AK/wiki_27", "rows": 1262, "bytes": 1047062}
{"file": "pretrain/Chinese-Train-Datasets/wiki_zh/AK/wiki_28", "rows": 906, "bytes": 1046572}
{"file": "pretrain/Chinese-Train-Datasets/wiki_zh/AK/wiki_29", "rows": 1192, "bytes": 1048468}
{"file": "pretrain/Chinese-Train-Datasets/wiki_zh/AK/wiki_30", "rows": 1132, "bytes": 1048543}
{"file": "pretrain/Chinese-Train-Datasets/wiki_zh/AK/wiki_31", "rows": 837, "bytes": 1036758}
{"file": "pretrain/Chinese-Train-Datasets/wiki_zh/AK/wiki_32", "rows": 924, "bytes": 1048313}
{"file": "pretrain/Chinese-Train-Datasets/wiki_zh/AK/wiki_33", "rows": 958, "bytes": 1047181}
{"file": "pretrain/Chinese-Train-Datasets/wiki_zh/AK/wiki_34", "rows": 889, "bytes": 1047310}
{"file": "pretrain/Chinese-Train-Datasets/wiki_zh/AK/wiki_35", "rows": 958, "bytes": 1037404}
{"file": "pretrain/Chinese-Train-Datasets/wiki_zh/AK/wiki_36", "rows": 914, "bytes": 1048364}
{"file": "pretrain/Chinese-Train-Datasets/wiki_zh/AK/wiki_37", "rows": 884, "bytes": 1034916}
{"file": "pretrain/Chinese-Train-Datasets/wiki_zh/AK/wiki_38", "rows": 679, "bytes": 1048110}
{"file": "pretrain/Chinese-Train-Datasets/wiki_zh/AK/wiki_39", "rows": 1263, "bytes": 1013043}
{"file": "pretrain/Chinese-Train-Datasets/wiki_zh/AK/wiki_40", "rows": 799, "bytes": 1047176}
{"file": "pretrain/Chinese-Train-Datasets/wiki_zh/AK/wiki_41", "rows": 796, "bytes": 1047787}
{"file": "pretrain/Chinese-Train-Datasets/wiki_zh/AK/wiki_42", "rows": 748, "bytes": 1043946}
{"file": "pretrain/Chinese-Train-Datasets/wiki_zh/AK/wiki_43", "rows": 622, "bytes": 1048504}
{"file": "pretrain/Chinese-Train-Datasets/wiki_zh/AK/wiki_44", "rows": 978, "bytes": 1047443}
{"file": "pretrain/Chinese-Train-Datasets/wiki_zh/AK/wiki_45", "rows": 1049, "bytes": 1048127}
{"file": "pretrain/Chinese-Train-Datasets/wiki_zh/AK/wiki_46", "rows": 1133, "bytes": 1048435}
{"file": "pretrain/Chinese-Train-Datasets/wiki_zh/AK/wiki_47", "rows": 973, "bytes": 1047154}
{"file": "pretrain/Chinese-Train-Datasets/wiki_zh/AK/wiki_48", "rows": 1041, "bytes": 1043525}
{"file": "pretrain/Chinese-Train-Datasets/wiki_zh/AK/wiki_49", "rows": 1109, "bytes": 1048483}
{"file": "pretrain/Chinese-Train-Datasets/wiki_zh/AK/wiki_50", "rows": 972, "bytes": 1043778}
{"file": "pretrain/Chinese-Train-Datasets/wiki_zh/AK/wiki_51", "rows": 1002, "bytes": 1041947}
{"file": "pretrain/Chinese-Train-Datasets/wiki_zh/AK/wiki_52", "rows": 673, "bytes": 1048478}
{"file": "pretrain/Chinese-Train-Datasets/wiki_zh/AK/wiki_53", "rows": 699, "bytes": 1047358}
{"file": "pretrain/Chinese-Train-Datasets/wiki_zh/AK/wiki_54", "rows": 706, "bytes": 1048533}
{"file": "pretrain/Chinese-Train-Datasets/wiki_zh/AK/wiki_55", "rows": 611, "bytes": 1048339}
{"file": "pretrain/Chinese-Train-Datasets/wiki_zh/AK/wiki_56", "rows": 682, "bytes": 1048566}
{"file": "pretrain/Chinese-Train-Datasets/wiki_zh/AK/wiki_57", "rows": 1110, "bytes": 1047268}
{"file": "pretrain/Chinese-Train-Datasets/wiki_zh/AK/wiki_58", "rows": 729, "bytes": 1038014}
{"file": "pretrain/Chinese-Train-Datasets/wiki_zh/AK/wiki_59", "rows": 837, "bytes": 1048459}
{"file": "pretrain/Chinese-Train-Datasets/wiki_zh/AK/wiki_60", "rows": 775, "bytes": 1048361}
{"file": "pretrain/Chinese-Train-Datasets/wiki_zh/AK/wiki_61", "rows": 987, "bytes": 1048358}
{"file": "pretrain/Chinese-Train-Datasets/wiki_zh/AK/wiki_62", "rows": 811, "bytes": 1048289}
{"file": "pretrain/Chinese-Train-Datasets/wiki_zh/AK/wiki_63", "rows": 1252, "bytes": 1048160}
{"file": "pretrain/Chinese-Train-Datasets/wiki_zh/AK/wiki_64", "rows": 1255, "bytes": 1048238}
{"file": "pretrain/Chinese-Train-Datasets/wiki_zh/AK/wiki_65", "rows": 1241, "bytes": 1047086}
{"file": "pretrain/Chinese-Train-Datasets/wiki_zh/AK/wiki_66", "rows": 1073, "bytes": 1048540}
{"file": "pretrain/Chinese-Train-Datasets/wiki_zh/AK/wiki_67", "rows": 1709, "bytes": 1048313}
{"file": "pretrain/Chinese-Train-Datasets/wiki_zh/AK/wiki_68", "rows": 1425, "bytes": 1048306}
{"file": "pretrain/Chinese-Train-Datasets/wiki_zh/AK/wiki_69", "rows": 1420, "bytes": 1013072}
{"file": "pretrain/Chinese-Train-Datasets/wiki_zh/AK/wiki_70", "rows": 910, "bytes": 1047266}
{"file": "pretrain/Chinese-Train-Datasets/wiki_zh/AK/wiki_71", "rows": 727, "bytes": 1048517}
{"file": "pretrain/Chinese-Train-Datasets/wiki_zh/AK/wiki_72", "rows": 1172, "bytes": 1039137}
{"file": "pretrain/Chinese-Train-Datasets/wiki_zh/AK/wiki_73", "rows": 1350, "bytes": 1046535}
{"file": "pretrain/Chinese-Train-Datasets/wiki_zh/AK/wiki_74", "rows": 793, "bytes": 1044428}
{"file": "pretrain/Chinese-Train-Datasets/wiki_zh/AK/wiki_75", "rows": 1150, "bytes": 1048516}
{"file": "pretrain/Chinese-Train-Datasets/wiki_zh/AK/wiki_76", "rows": 958, "bytes": 1048183}
{"file": "pretrain/Chinese-Train-Datasets/wiki_zh/AK/wiki_77", "rows": 1270, "bytes": 1048361}
{"file": "pretrain/Chinese-Train-Datasets/wiki_zh/AK/wiki_78", "rows": 806, "bytes": 1048267}
{"file": "pretrain/Chinese-Train-Datasets/wiki_zh/AK/wiki_79", "rows": 805, "bytes": 1045147}
{"file": "pretrain/Chinese-Train-Datasets/wiki_zh/AK/wiki_80", "rows": 1167, "bytes": 1048352}
{"file": "pretrain/Chinese-Train-Datasets/wiki_zh/AK/wiki_81", "rows": 893, "bytes": 1048305}
{"file": "pretrain/Chinese-Train-Datasets/wiki_zh/AK/wiki_82", "rows": 890, "bytes": 1047905}
{"file": "pretrain/Chinese-Train-Datasets/wiki_zh/AK/wiki_83", "rows": 1466, "bytes": 1046263}
{"file": "pretrain/Chinese-Train-Datasets/wiki_zh/AK/wiki_84", "rows": 1329, "bytes": 1042745}
{"file": "pretrain/Chinese-Train-Datasets/wiki_zh/AK/wiki_85", "rows": 1122, "bytes": 1044658}
{"file": "pretrain/Chinese-Train-Datasets/wiki_zh/AK/wiki_86", "rows": 799, "bytes": 1048475}
{"file": "pretrain/Chinese-Train-Datasets/wiki_zh/AK/wiki_87", "rows": 926, "bytes": 1046012}
{"file": "pretrain/Chinese-Train-Datasets/wiki_zh/AK/wiki_88", "rows": 662, "bytes": 1046857}
{"file": "pretrain/Chinese-Train-Datasets/wiki_zh/AK/wiki_89", "rows": 722, "bytes": 1047939}
{"file": "pretrain/Chinese-Train-Datasets/wiki_zh/AK/wiki_90", "rows": 799, "bytes": 1047638}
{"file": "pretrain/Chinese-Train-Datasets/wiki_zh/AK/wiki_91", "rows": 1297, "bytes": 1034024}
{"file": "pretrain/Chinese-Train-Datasets/wiki_zh/AK/wiki_92", "rows": 982, "bytes": 1048306}
{"file": "pretrain/Chinese-Train-Datasets/wiki_zh/AK/wiki_93", "rows": 647, "bytes": 1048435}
{"file": "pretrain/Chinese-Train-Datasets/wiki_zh/AK/wiki_94", "rows": 1038, "bytes": 1048388}
{"file": "pretrain/Chinese-Train-Datasets/wiki_zh/AK/wiki_95", "rows": 1018, "bytes": 1048239}
{"file": "pretrain/Chinese-Train-Datasets/wiki_zh/AK/wiki_96", "rows": 1123, "bytes": 1048509}
{"file": "pretrain/Chinese-Train-Datasets/wiki_zh/AK/wiki_97", "rows": 846, "bytes": 1040248}
{"file": "pretrain/Chinese-Train-Datasets/wiki_zh/AK/wiki_98", "rows": 781, "bytes": 1044843}
{"file": "pretrain/Chinese-Train-Datasets/wiki_zh/AK/wiki_99", "rows": 937, "bytes": 1048447}
{"file": "pretrain/Chinese-Train-Datasets/wiki_zh/AL/wiki_00", "rows": 988, "bytes": 1048418}
{"file": "pretrain/Chinese-Train-Datasets/wiki_zh/AL/wiki_01", "rows": 804, "bytes": 1013218}
{"file": "pretrain/Chinese-Train-Datasets/wiki_zh/AL/wiki_02", "rows": 747, "bytes": 1047894}
{"file": "pretrain/Chinese-Train-Datasets/wiki_zh/AL/wiki_03", "rows": 1042, "bytes": 1048433}
{"file": "pretrain/Chinese-Train-Datasets/wiki_zh/AL/wiki_04", "rows": 654, "bytes": 1036981}
{"file": "pretrain/Chinese-Train-Datasets/wiki_zh/AL/wiki_05", "rows": 825, "bytes": 1048577}
{"file": "pretrain/Chinese-Train-Datasets/wiki_zh/AL/wiki_06", "rows": 1185, "bytes": 1048574}
{"file": "pretrain/Chinese-Train-Datasets/wiki_zh/AL/wiki_07", "rows": 1031, "bytes": 1044343}
{"file": "pretrain/Chinese-Train-Datasets/wiki_zh/AL/wiki_08", "rows": 1099, "bytes": 1047850}
{"file": "pretrain/Chinese-Train-Datasets/wiki_zh/AL/wiki_09", "rows": 778, "bytes": 1040651}
{"file": "pretrain/Chinese-Train-Datasets/wiki_zh/AL/wiki_10", "rows": 793, "bytes": 1048353}
{"file": "pretrain/Chinese-Train-Datasets/wiki_zh/AL/wiki_11", "rows": 872, "bytes": 1047928}
{"file": "pretrain/Chinese-Train-Datasets/wiki_zh/AL/wiki_12", "rows": 842, "bytes": 1048445}
{"file": "pretrain/Chinese-Train-Datasets/wiki_zh/AL/wiki_13", "rows": 1123, "bytes": 1046848}
{"file": "pretrain/Chinese-Train-Datasets/wiki_zh/AL/wiki_14", "rows": 1243, "bytes": 1025224}
{"file": "pretrain/Chinese-Train-Datasets/wiki_zh/AL/wiki_15", "rows": 693, "bytes": 1048535}
{"file": "pretrain/Chinese-Train-Datasets/wiki_zh/AL/wiki_16", "rows": 853, "bytes": 1038454}
{"file": "pretrain/Chinese-Train-Datasets/wiki_zh/AL/wiki_17", "rows": 899, "bytes": 1048397}
{"file": "pretrain/Chinese-Train-Datasets/wiki_zh/AL/wiki_18", "rows": 1185, "bytes": 1048356}
{"file": "pretrain/Chinese-Train-Datasets/wiki_zh/AL/wiki_19", "rows": 1096, "bytes": 1048437}
{"file": "pretrain/Chinese-Train-Datasets/wiki_zh/AL/wiki_20", "rows": 983, "bytes": 1047454}
{"file": "pretrain/Chinese-Train-Datasets/wiki_zh/AL/wiki_21", "rows": 1103, "bytes": 1044680}
{"file": "pretrain/Chinese-Train-Datasets/wiki_zh/AL/wiki_22", "rows": 607, "bytes": 1041996}
{"file": "pretrain/Chinese-Train-Datasets/wiki_zh/AL/wiki_23", "rows": 677, "bytes": 1048456}
{"file": "pretrain/Chinese-Train-Datasets/wiki_zh/AL/wiki_24", "rows": 929, "bytes": 1048251}
{"file": "pretrain/Chinese-Train-Datasets/wiki_zh/AL/wiki_25", "rows": 574, "bytes": 1047368}
{"file": "pretrain/Chinese-Train-Datasets/wiki_zh/AL/wiki_26", "rows": 900, "bytes": 1048131}
{"file": "pretrain/Chinese-Train-Datasets/wiki_zh/AL/wiki_27", "rows": 841, "bytes": 1047584}
{"file": "pretrain/Chinese-Train-Datasets/wiki_zh/AL/wiki_28", "rows": 821, "bytes": 1048112}
{"file": "pretrain/Chinese-Train-Datasets/wiki_zh/AL/wiki_29", "rows": 1010, "bytes": 1040264}
{"file": "pretrain/Chinese-Train-Datasets/wiki_zh/AL/wiki_30", "rows": 761, "bytes": 1048341}
{"file": "pretrain/Chinese-Train-Datasets/wiki_zh/AL/wiki_31", "rows": 865, "bytes": 1048303}
{"file": "pretrain/Chinese-Train-Datasets/wiki_zh/AL/wiki_32", "rows": 1028, "bytes": 1041374}
{"file": "pretrain/Chinese-Train-Datasets/wiki_zh/AL/wiki_33", "rows": 690, "bytes": 1047320}
{"file": "pretrain/Chinese-Train-Datasets/wiki_zh/AL/wiki_34", "rows": 878, "bytes": 1048190}
{"file": "pretrain/Chinese-Train-Datasets/wiki_zh/AL/wiki_35", "rows": 1159, "bytes": 1037015}
{"file": "pretrain/Chinese-Train-Datasets/wiki_zh/AL/wiki_36", "rows": 915, "bytes": 1048207}
{"file": "pretrain/Chinese-Train-Datasets/wiki_zh/AL/wiki_37", "rows": 918, "bytes": 1047637}
{"file": "pretrain/Chinese-Train-Datasets/wiki_zh/AL/wiki_38", "rows": 858, "bytes": 1048223}
{"file": "pretrain/Chinese-Train-Datasets/wiki_zh/AL/wiki_39", "rows": 1112, "bytes": 1037640}
{"file": "pretrain/Chinese-Train-Datasets/wiki_zh/AL/wiki_40", "rows": 954, "bytes": 1048387}
{"file": "pretrain/Chinese-Train-Datasets/wiki_zh/AL/wiki_41", "rows": 835, "bytes": 1047014}
{"file": "pretrain/Chinese-Train-Datasets/wiki_zh/AL/wiki_42", "rows": 972, "bytes": 1045951}
{"file": "pretrain/Chinese-Train-Datasets/wiki_zh/AL/wiki_43", "rows": 601, "bytes": 1047636}
{"file": "pretrain/Chinese-Train-Datasets/wiki_zh/AL/wiki_44", "rows": 519, "bytes": 1043246}
{"file": "pretrain/Chinese-Train-Datasets/wiki_zh/AL/wiki_45", "rows": 727, "bytes": 1048489}
{"file": "pretrain/Chinese-Train-Datasets/wiki_zh/AL/wiki_46", "rows": 720, "bytes": 1043761}
{"file": "pretrain/Chinese-Train-Datasets/wiki_zh/AL/wiki_47", "rows": 692, "bytes": 1046807}
{"file": "pretrain/Chinese-Train-Datasets/wiki_zh/AL/wiki_48", "rows": 975, "bytes": 1047986}
{"file": "pretrain/Chinese-Train-Datasets/wiki_zh/AL/wiki_49", "rows": 996, "bytes": 1047602}
{"file": "pretrain/Chinese-Train-Datasets/wiki_zh/AL/wiki_50", "rows": 1399, "bytes": 1047002}
{"file": "pretrain/Chinese-Train-Datasets/wiki_zh/AL/wiki_51", "rows": 771, "bytes": 1048448}
{"file": "pretrain/Chinese-Train-Datasets/wiki_zh/AL/wiki_52", "rows": 866, "bytes": 1048290}
{"file": "pretrain/Chinese-Train-Datasets/wiki_zh/AL/wiki_53", "rows": 1102, "bytes": 1048371}
{"file": "pretrain/Chinese-Train-Datasets/wiki_zh/AL/wiki_54", "rows": 828, "bytes": 1047922}
{"file": "pretrain/Chinese-Train-Datasets/wiki_zh/AL/wiki_55", "rows": 905, "bytes": 993234}
{"file": "pretrain/Chinese-Train-Datasets/wiki_zh/AL/wiki_56", "rows": 659, "bytes": 1048262}
{"file": "pretrain/Chinese-Train-Datasets/wiki_zh/AL/wiki_57", "rows": 785, "bytes": 1048528}
{"file": "pretrain/Chinese-Train-Datasets/wiki_zh/AL/wiki_58", "rows": 955, "bytes": 1039596}
{"file": "pretrain/Chinese-Train-Datasets/wiki_zh/AL/wiki_59", "rows": 1032, "bytes": 1048442}
{"file": "pretrain/Chinese-Train-Datasets/wiki_zh/AL/wiki_60", "rows": 860, "bytes": 1048524}
{"file": "pretrain/Chinese-Train-Datasets/wiki_zh/AL/wiki_61", "rows": 930, "bytes": 1047001}
{"file": "pretrain/Chinese-Train-Datasets/wiki_zh/AL/wiki_62", "rows": 852, "bytes": 1047103}
{"file": "pretrain/Chinese-Train-Datasets/wiki_zh/AL/wiki_63", "rows": 731, "bytes": 1047925}
{"file": "pretrain/Chinese-Train-Datasets/wiki_zh/AL/wiki_64", "rows": 624, "bytes": 1040153}
{"file": "pretrain/Chinese-Train-Datasets/wiki_zh/AL/wiki_65", "rows": 694, "bytes": 1048262}
{"file": "pretrain/Chinese-Train-Datasets/wiki_zh/AL/wiki_66", "rows": 806, "bytes": 1048446}
{"file": "pretrain/Chinese-Train-Datasets/wiki_zh/AL/wiki_67", "rows": 1166, "bytes": 1048348}
{"file": "pretrain/Chinese-Train-Datasets/wiki_zh/AL/wiki_68", "rows": 1104, "bytes": 1047815}
{"file": "pretrain/Chinese-Train-Datasets/wiki_zh/AL/wiki_69", "rows": 728, "bytes": 1048459}
{"file": "pretrain/Chinese-Train-Datasets/wiki_zh/AL/wiki_70", "rows": 829, "bytes": 1046964}
{"file": "pretrain/Chinese-Train-Datasets/wiki_zh/AL/wiki_71", "rows": 1031, "bytes": 1047658}
{"file": "pretrain/Chinese-Train-Datasets/wiki_zh/AL/wiki_72", "rows": 804, "bytes": 1047476}
{"file": "pretrain/Chinese-Train-Datasets/wiki_zh/AL/wiki_73", "rows": 781, "bytes": 1045831}
{"file": "pretrain/Chinese-Train-Datasets/wiki_zh/AL/wiki_74", "rows": 943, "bytes": 1048143}
{"file": "pretrain/Chinese-Train-Datasets/wiki_zh/AL/wiki_75", "rows": 722, "bytes": 1039278}
{"file": "pretrain/Chinese-Train-Datasets/wiki_zh/AL/wiki_76", "rows": 747, "bytes": 1046902}
{"file": "pretrain/Chinese-Train-Datasets/wiki_zh/AL/wiki_77", "rows": 1151, "bytes": 1048066}
{"file": "pretrain/Chinese-Train-Datasets/wiki_zh/AL/wiki_78", "rows": 807, "bytes": 1046078}
{"file": "pretrain/Chinese-Train-Datasets/wiki_zh/AL/wiki_79", "rows": 889, "bytes": 1047226}
{"file": "pretrain/Chinese-Train-Datasets/wiki_zh/AL/wiki_80", "rows": 854, "bytes": 1048002}
{"file": "pretrain/Chinese-Train-Datasets/wiki_zh/AL/wiki_81", "rows": 1149, "bytes": 1036738}
{"file": "pretrain/Chinese-Train-Datasets/wiki_zh/AL/wiki_82", "rows": 971, "bytes": 1048294}
{"file": "pretrain/Chinese-Train-Datasets/wiki_zh/AL/wiki_83", "rows": 955, "bytes": 1048472}
{"file": "pretrain/Chinese-Train-Datasets/wiki_zh/AL/wiki_84", "rows": 920, "bytes": 1046263}
{"file": "pretrain/Chinese-Train-Datasets/wiki_zh/AL/wiki_85", "rows": 1122, "bytes": 1046622}
{"file": "pretrain/Chinese-Train-Datasets/wiki_zh/AL/wiki_86", "rows": 776, "bytes": 1046106}
{"file": "pretrain/Chinese-Train-Datasets/wiki_zh/AL/wiki_87", "rows": 843, "bytes": 1048241}
{"file": "pretrain/Chinese-Train-Datasets/wiki_zh/AL/wiki_88", "rows": 1090, "bytes": 1047516}
{"file": "pretrain/Chinese-Train-Datasets/wiki_zh/AL/wiki_89", "rows": 1078, "bytes": 1048500}
{"file": "pretrain/Chinese-Train-Datasets/wiki_zh/AL/wiki_90", "rows": 1322, "bytes": 1048027}
{"file": "pretrain/Chinese-Train-Datasets/wiki_zh/AL/wiki_91", "rows": 1437, "bytes": 1048469}
{"file": "pretrain/Chinese-Train-Datasets/wiki_zh/AL/wiki_92", "rows": 1301, "bytes": 1045741}
{"file": "pretrain/Chinese-Train-Datasets/wiki_zh/AL/wiki_93", "rows": 919, "bytes": 1046845}
{"file": "pretrain/Chinese-Train-Datasets/wiki_zh/AL/wiki_94", "rows": 1038, "bytes": 1048111}
{"file": "pretrain/Chinese-Train-Datasets/wiki_zh/AL/wiki_95", "rows": 894, "bytes": 1045401}
{"file": "pretrain/Chinese-Train-Datasets/wiki_zh/AL/wiki_96", "rows": 938, "bytes": 1037320}
{"file": "pretrain/Chinese-Train-Datasets/wiki_zh/AL/wiki_97", "rows": 728, "bytes": 1048441}
{"file": "pretrain/Chinese-Train-Datasets/wiki_zh/AL/wiki_98", "rows": 921, "bytes": 1046406}
{"file": "pretrain/Chinese-Train-Datasets/wiki_zh/AL/wiki_99", "rows": 935, "bytes": 1048331}
{"file": "pretrain/Chinese-Train-Datasets/wiki_zh/AM/wiki_00", "rows": 865, "bytes": 1047552}
{"file": "pretrain/Chinese-Train-Datasets/wiki_zh/AM/wiki_01", "rows": 681, "bytes": 1015934}
{"file": "pretrain/Chinese-Train-Datasets/wiki_zh/AM/wiki_02", "rows": 958, "bytes": 1048394}
{"file": "pretrain/Chinese-Train-Datasets/wiki_zh/AM/wiki_03", "rows": 1031, "bytes": 1046327}
{"file": "pretrain/Chinese-Train-Datasets/wiki_zh/AM/wiki_04", "rows": 890, "bytes": 1048418}
{"file": "pretrain/Chinese-Train-Datasets/wiki_zh/AM/wiki_05", "rows": 983, "bytes": 1047402}
{"file": "pretrain/Chinese-Train-Datasets/wiki_zh/AM/wiki_06", "rows": 1050, "bytes": 1047545}
{"file": "pretrain/Chinese-Train-Datasets/wiki_zh/AM/wiki_07", "rows": 1153, "bytes": 1045449}
{"file": "pretrain/Chinese-Train-Datasets/wiki_zh/AM/wiki_08", "rows": 806, "bytes": 1047998}
{"file": "pretrain/Chinese-Train-Datasets/wiki_zh/AM/wiki_09", "rows": 1029, "bytes": 1040512}
{"file": "pretrain/Chinese-Train-Datasets/wiki_zh/AM/wiki_10", "rows": 911, "bytes": 1047276}
{"file": "pretrain/Chinese-Train-Datasets/wiki_zh/AM/wiki_11", "rows": 993, "bytes": 1047551}
{"file": "pretrain/Chinese-Train-Datasets/wiki_zh/AM/wiki_12", "rows": 943, "bytes": 1047001}
{"file": "pretrain/Chinese-Train-Datasets/wiki_zh/AM/wiki_13", "rows": 782, "bytes": 1048379}
{"file": "pretrain/Chinese-Train-Datasets/wiki_zh/AM/wiki_14", "rows": 914, "bytes": 1048535}
{"file": "pretrain/Chinese-Train-Datasets/wiki_zh/AM/wiki_15", "rows": 530, "bytes": 1045764}
{"file": "pretrain/Chinese-Train-Datasets/wiki_zh/AM/wiki_16", "rows": 751, "bytes": 1047718}
{"file": "pretrain/Chinese-Train-Datasets/wiki_zh/AM/wiki_17", "rows": 990, "bytes": 1042461}
{"file": "pretrain/Chinese-Train-Datasets/wiki_zh/AM/wiki_18", "rows": 1171, "bytes": 1048227}
{"file": "pretrain/Chinese-Train-Datasets/wiki_zh/AM/wiki_19", "rows": 845, "bytes": 1047508}
{"file": "pretrain/Chinese-Train-Datasets/wiki_zh/AM/wiki_20", "rows": 714, "bytes": 1048011}
{"file": "pretrain/Chinese-Train-Datasets/wiki_zh/AM/wiki_21", "rows": 824, "bytes": 1047489}
{"file": "pretrain/Chinese-Train-Datasets/wiki_zh/AM/wiki_22", "rows": 1165, "bytes": 1048239}
{"file": "pretrain/Chinese-Train-Datasets/wiki_zh/AM/wiki_23", "rows": 1060, "bytes": 1048531}
{"file": "pretrain/Chinese-Train-Datasets/wiki_zh/AM/wiki_24", "rows": 1044, "bytes": 1047080}
{"file": "pretrain/Chinese-Train-Datasets/wiki_zh/AM/wiki_25", "rows": 1044, "bytes": 1048026}
{"file": "pretrain/Chinese-Train-Datasets/wiki_zh/AM/wiki_26", "rows": 816, "bytes": 1046123}
{"file": "pretrain/Chinese-Train-Datasets/wiki_zh/AM/wiki_27", "rows": 1114, "bytes": 1046558}
{"file": "pretrain/Chinese-Train-Datasets/wiki_zh/AM/wiki_28", "rows": 902, "bytes": 1037380}
{"file": "pretrain/Chinese-Train-Datasets/wiki_zh/AM/wiki_29", "rows": 1002, "bytes": 1048402}
{"file": "pretrain/Chinese-Train-Datasets/wiki_zh/AM/wiki_30", "rows": 958, "bytes": 1047904}
{"file": "pretrain/Chinese-Train-Datasets/wiki_zh/AM/wiki_31", "rows": 919, "bytes": 1048169}
{"file": "pretrain/Chinese-Train-Datasets/wiki_zh/AM/wiki_32", "rows": 930, "bytes": 1048229}
{"file": "pretrain/Chinese-Train-Datasets/wiki_zh/AM/wiki_33", "rows": 657, "bytes": 980726}
{"file": "pretrain/Chinese-Train-Datasets/wiki_zh/AM/wiki_34", "rows": 736, "bytes": 1045244}
{"file": "pretrain/Chinese-Train-Datasets/wiki_zh/AM/wiki_35", "rows": 761, "bytes": 1047517}
{"file": "pretrain/Chinese-Train-Datasets/wiki_zh/AM/wiki_36", "rows": 668, "bytes": 1044161}
{"file": "pretrain/Chinese-Train-Datasets/wiki_zh/AM/wiki_37", "rows": 667, "bytes": 1048552}
{"file": "pretrain/Chinese-Train-Datasets/wiki_zh/AM/wiki_38", "rows": 637, "bytes": 1047987}
{"file": "pretrain/Chinese-Train-Datasets/wiki_zh/AM/wiki_39", "rows": 726, "bytes": 1046717}
{"file": "pretrain/Chinese-Train-Datasets/wiki_zh/AM/wiki_40", "rows": 665, "bytes": 1047906}
{"file": "pretrain/Chinese-Train-Datasets/wiki_zh/AM/wiki_41", "rows": 603, "bytes": 1048276}
{"file": "pretrain/Chinese-Train-Datasets/wiki_zh/AM/wiki_42", "rows": 727, "bytes": 1048019}
{"file": "pretrain/Chinese-Train-Datasets/wiki_zh/AM/wiki_43", "rows": 747, "bytes": 1048033}
{"file": "pretrain/Chinese-Train-Datasets/wiki_zh/AM/wiki_44", "rows": 791, "bytes": 1047409}
{"file": "pretrain/Chinese-Train-Datasets/wiki_zh/AM/wiki_45", "rows": 755, "bytes": 1047535}
{"file": "pretrain/Chinese-Train-Datasets/wiki_zh/AM/wiki_46", "rows": 815, "bytes": 1044730}
{"file": "pretrain/Chinese-Train-Datasets/wiki_zh/AM/wiki_47", "rows": 731, "bytes": 1046016}
{"file": "pretrain/Chinese-Train-Datasets/wiki_zh/AM/wiki_48", "rows": 984, "bytes": 1048535}
{"file": "pretrain/Chinese-Train-Datasets/wiki_zh/AM/wiki_49", "rows": 693, "bytes": 1044999}
{"file": "pretrain/Chinese-Train-Datasets/wiki_zh/AM/wiki_50", "rows": 893, "bytes": 1045866}
{"file": "pretrain/Chinese-Train-Datasets/wiki_zh/AM/wiki_51", "rows": 844, "bytes": 1039312}
{"file": "pretrain/Chinese-Train-Datasets/wiki_zh/AM/wiki_52", "rows": 938, "bytes": 1047985}
{"file": "pretrain/Chinese-Train-Datasets/wiki_zh/AM/wiki_53", "rows": 909, "bytes": 1046842}
{"file": "pretrain/Chinese-Train-Datasets/wiki_zh/AM/wiki_54", "rows": 979, "bytes": 1048450}
{"file": "pretrain/Chinese-Train-Datasets/wiki_zh/AM/wiki_55", "rows": 1062, "bytes": 1046783}
{"file": "pretrain/Chinese-Train-Datasets/wiki_zh/AM/wiki_56", "rows": 1261, "bytes": 1048280}
{"file": "pretrain/Chinese-Train-Datasets/wiki_zh/AM/wiki_57", "rows": 1334, "bytes": 1046030}
{"file": "pretrain/Chinese-Train-Datasets/wiki_zh/AM/wiki_58", "rows": 812, "bytes": 1047369}
{"file": "pretrain/Chinese-Train-Datasets/wiki_zh/AM/wiki_59", "rows": 892, "bytes": 993045}
{"file": "pretrain/Chinese-Train-Datasets/wiki_zh/AM/wiki_60", "rows": 889, "bytes": 1047366}
{"file": "pretrain/Chinese-Train-Datasets/wiki_zh/AM/wiki_61", "rows": 985, "bytes": 1048211}
{"file": "pretrain/Chinese-Train-Datasets/wiki_zh/AM/wiki_62", "rows": 890, "bytes": 1048079}
{"file": "pretrain/Chinese-Train-Datasets/wiki_zh/AM/wiki_63", "rows": 1032, "bytes": 1048534}
{"file": "pretrain/Chinese-Train-Datasets/wiki_zh/AM/wiki_64", "rows": 1246, "bytes": 1048215}
{"file": "pretrain/Chinese-Train-Datasets/wiki_zh/AM/wiki_65", "rows": 854, "bytes": 1046231}
{"file": "pretrain/Chinese-Train-Datasets/wiki_zh/AM/wiki_66", "rows": 756, "bytes": 1046480}
{"file": "pretrain/Chinese-Train-Datasets/wiki_zh/AM/wiki_67", "rows": 958, "bytes": 1048323}
{"file": "pretrain/Chinese-Train-Datasets/wiki_zh/AM/wiki_68", "rows": 1088, "bytes": 1047758}
{"file": "pretrain/Chinese-Train-Datasets/wiki_zh/AM/wiki_69", "rows": 901, "bytes": 1046664}
{"file": "pretrain/Chinese-Train-Datasets/wiki_zh/AM/wiki_70", "rows": 884, "bytes": 1041464}
{"file": "pretrain/Chinese-Train-Datasets/wiki_zh/AM/wiki_71", "rows": 1130, "bytes": 1048503}
{"file": "pretrain/Chinese-Train-Datasets/wiki_zh/AM/wiki_72", "rows": 920, "bytes": 1048288}
{"file": "pretrain/Chinese-Train-Datasets/wiki_zh/AM/wiki_73", "rows": 753, "bytes": 733747}
{"file": "wmt17/train.zh-en", "rows": 100000, "bytes": 26361555}
{"file": "wmt_massive/train.massive.zh-en.tsv", "rows": 14170275, "bytes": 2520995022}
{
  "eligible_train_bytes": 23512416539,
  "eligible_train_physical_rows": 32384384,
  "totals": {
    "excluded:generated_artifact": {
      "files": 164,
      "bytes": 5224806702,
      "physical_rows": 0
    },
    "excluded:hidden_or_cache": {
      "files": 1313,
      "bytes": 1863692074,
      "physical_rows": 0
    },
    "instruction_qa:train": {
      "files": 13,
      "bytes": 4310456203,
      "physical_rows": 5357075
    },
    "instruction_qa:validation": {
      "files": 2,
      "bytes": 52006088,
      "physical_rows": 52663
    },
    "raw_continuation:train": {
      "files": 1280,
      "bytes": 15363453793,
      "physical_rows": 7595600
    },
    "raw_continuation:validation": {
      "files": 3,
      "bytes": 412851608,
      "physical_rows": 213483
    },
    "parallel:train": {
      "files": 3,
      "bytes": 3840256287,
      "physical_rows": 19431709
    },
    "parallel:validation": {
      "files": 1,
      "bytes": 9835792,
      "physical_rows": 39323
    },
    "excluded:tokenizer": {
      "files": 4,
      "bytes": 1951366,
      "physical_rows": 0
    }
  },
  "elapsed_sec": 64.59843587875366
}
