intervention,channel,decode_step,tree_depth,js,max_abs_delta,baseline_argmax,pulse_argmax,branch_flip,baseline_entropy,pulse_entropy
base-coord0-eps+0.1,base,0,0,0.0,0.0,0,0,0,-0.0,-0.0
base-coord0-eps+0.1,base,0,1,0.0,0.0,0,0,0,2.7631020735330303e-11,2.7631020735330303e-11
base-coord0-eps+0.1,base,0,2,1.2133677955716848e-06,0.0014601647853851318,0,0,0,0.6171221137046814,0.6183022260665894
base-coord0-eps+0.1,base,0,3,3.658846253529191e-06,0.0026838481426239014,0,0,0,1.0702056884765625,1.0714167356491089
base-coord0-eps+0.1,base,0,4,5.794368917122483e-06,0.0031668245792388916,0,0,0,1.696080207824707,1.6988024711608887
base-coord0-eps+0.1,base,0,5,6.057947757653892e-06,0.0026517361402511597,1,1,0,2.324937343597412,2.32846736907959
base-coord0-eps+0.1,base,1,0,0.0,0.0,0,0,0,-0.0,-0.0
base-coord0-eps+0.1,base,1,1,0.0,0.0,0,0,0,2.7631020735330303e-11,2.7631020735330303e-11
base-coord0-eps+0.1,base,1,2,1.609412720426917e-06,0.0014946460723876953,0,0,0,0.5269904136657715,0.5288751125335693
base-coord0-eps+0.1,base,1,3,4.624103894457221e-06,0.002788037061691284,1,1,0,1.0610800981521606,1.061374306678772
base-coord0-eps+0.1,base,1,4,9.80592449195683e-06,0.003489464521408081,2,2,0,1.7326222658157349,1.7334938049316406
base-coord0-eps+0.1,base,1,5,9.928568033501506e-06,0.002838149666786194,4,4,0,2.3044204711914062,2.305668830871582
base-coord0-eps+0.1,base,2,0,0.0,0.0,0,0,0,-0.0,-0.0
base-coord0-eps+0.1,base,2,1,0.0,0.0,0,0,0,2.7631020735330303e-11,2.7631020735330303e-11
base-coord0-eps+0.1,base,2,2,2.713582944124937e-06,0.0021132230758666992,0,0,0,0.5913949012756348,0.5933969020843506
base-coord0-eps+0.1,base,2,3,1.2533622793853283e-05,0.004491895437240601,1,1,0,1.0749508142471313,1.0739063024520874
base-coord0-eps+0.1,base,2,4,1.3592769391834736e-05,0.002958625555038452,2,2,0,1.7521616220474243,1.751096248626709
base-coord0-eps+0.1,base,2,5,1.365662319585681e-05,0.0022225230932235718,4,4,0,2.3563497066497803,2.3553824424743652
base-coord0-eps+0.1,base,3,0,0.0,0.0,0,0,0,-0.0,-0.0
base-coord0-eps+0.1,base,3,1,0.0,0.0,0,0,0,2.7631020735330303e-11,2.7631020735330303e-11
base-coord0-eps+0.1,base,3,2,3.707828000187874e-06,0.0024307668209075928,0,0,0,0.5860381126403809,0.5884063243865967
base-coord0-eps+0.1,base,3,3,4.238761903252453e-06,0.002430737018585205,1,1,0,1.0852066278457642,1.0856996774673462
base-coord0-eps+0.1,base,3,4,4.712783265858889e-06,0.0014033466577529907,2,2,0,1.7721664905548096,1.7725226879119873
base-coord0-eps+0.1,base,3,5,4.694826202467084e-06,0.0011110827326774597,4,4,0,2.379093885421753,2.379396677017212
base-coord0-eps+0.1,base,4,0,0.0,0.0,0,0,0,-0.0,-0.0
base-coord0-eps+0.1,base,4,1,0.0,0.0,0,0,0,2.7631020735330303e-11,2.7631020735330303e-11
base-coord0-eps+0.1,base,4,2,9.745766874402761e-06,0.003798365592956543,0,0,0,0.5541833639144897,0.5584663152694702
base-coord0-eps+0.1,base,4,3,1.337891080765985e-05,0.003891199827194214,1,1,0,1.06869375705719,1.0696117877960205
base-coord0-eps+0.1,base,4,4,1.8710066797211766e-05,0.002682417631149292,2,2,0,1.7079049348831177,1.7076830863952637
base-coord0-eps+0.1,base,4,5,1.8710532458499074e-05,0.0018488764762878418,4,4,0,2.323660135269165,2.3231356143951416
base-coord0-eps+0.1,base,5,0,0.0,0.0,0,0,0,-0.0,-0.0
base-coord0-eps+0.1,base,5,1,0.0,0.0,0,0,0,2.7631020735330303e-11,2.7631020735330303e-11
base-coord0-eps+0.1,base,5,2,3.816676326096058e-06,0.0023474693298339844,0,0,0,0.5436118841171265,0.5463852286338806
base-coord0-eps+0.1,base,5,3,7.582624675706029e-06,0.0034982264041900635,1,1,0,1.0737783908843994,1.0746631622314453
base-coord0-eps+0.1,base,5,4,7.714726962149143e-06,0.002310037612915039,1,1,0,1.718468189239502,1.7194905281066895
base-coord0-eps+0.1,base,5,5,7.78987305238843e-06,0.0016019344329833984,3,3,0,2.328511953353882,2.3294267654418945
base-coord0-eps+0.1,base,6,0,0.0,0.0,0,0,0,-0.0,-0.0
base-coord0-eps+0.1,base,6,1,0.0,0.0,0,0,0,2.7631020735330303e-11,2.7631020735330303e-11
base-coord0-eps+0.1,base,6,2,7.314665708690882e-07,0.0009369254112243652,0,0,0,0.4505731463432312,0.45207786560058594
base-coord0-eps+0.1,base,6,3,1.431384589523077e-06,0.0016231536865234375,0,0,0,1.011746883392334,1.0130438804626465
base-coord0-eps+0.1,base,6,4,1.975438863155432e-06,0.0010360479354858398,1,1,0,1.6587910652160645,1.659677267074585
base-coord0-eps+0.1,base,6,5,2.021508407779038e-06,0.0007958784699440002,3,3,0,2.227552652359009,2.228292226791382
base-coord0-eps+0.1,base,7,0,0.0,0.0,0,0,0,-0.0,-0.0
base-coord0-eps+0.1,base,7,1,0.0,0.0,0,0,0,2.7631020735330303e-11,2.7631020735330303e-11
base-coord0-eps+0.1,base,7,2,5.606736522167921e-06,0.0026911497116088867,0,0,0,0.501283586025238,0.5049810409545898
base-coord0-eps+0.1,base,7,3,8.698203600943089e-06,0.0035258829593658447,1,1,0,1.0551543235778809,1.0568745136260986
base-coord0-eps+0.1,base,7,4,1.1695476132445037e-05,0.0019314289093017578,1,1,0,1.6177887916564941,1.6185166835784912
base-coord0-eps+0.1,base,7,5,1.173635246232152e-05,0.001159757375717163,3,3,0,2.2255420684814453,2.225764274597168
base-coord0-eps+0.1,base,8,0,0.0,0.0,0,0,0,-0.0,-0.0
base-coord0-eps+0.1,base,8,1,0.0,0.0,0,0,0,2.7631020735330303e-11,2.7631020735330303e-11
base-coord0-eps+0.1,base,8,2,2.509303158149123e-06,0.0017095208168029785,0,0,0,0.4689561128616333,0.47155696153640747
base-coord0-eps+0.1,base,8,3,5.516805686056614e-06,0.0030848681926727295,1,1,0,1.0383914709091187,1.039743185043335
base-coord0-eps+0.1,base,8,4,5.546055035665631e-06,0.0027626454830169678,1,1,0,1.5958952903747559,1.5983364582061768
base-coord0-eps+0.1,base,8,5,5.589070497080684e-06,0.0017929226160049438,3,3,0,2.1992292404174805,2.20137095451355
base-coord0-eps+0.1,base,9,0,0.0,0.0,0,0,0,-0.0,-0.0
base-coord0-eps+0.1,base,9,1,0.0,0.0,0,0,0,2.7631020735330303e-11,2.7631020735330303e-11
base-coord0-eps+0.1,base,9,2,1.0638614185154438e-06,0.001238018274307251,0,0,0,0.5450583696365356,0.5465164184570312
base-coord0-eps+0.1,base,9,3,1.0222429409623146e-06,0.001238018274307251,0,0,0,1.0674898624420166,1.0680961608886719
base-coord0-eps+0.1,base,9,4,1.1194497346878052e-06,0.0006759017705917358,1,1,0,1.6491222381591797,1.6496425867080688
base-coord0-eps+0.1,base,9,5,1.2048985809087753e-06,0.0005495697259902954,3,3,0,2.2161808013916016,2.216531753540039
base-coord0-eps+0.1,base,10,0,0.0,0.0,0,0,0,-0.0,-0.0
base-coord0-eps+0.1,base,10,1,0.0,0.0,0,0,0,2.7631020735330303e-11,2.7631020735330303e-11
base-coord0-eps+0.1,base,10,2,7.4820127338171e-07,0.0012036561965942383,0,0,0,0.6805204153060913,0.6809024214744568
base-coord0-eps+0.1,base,10,3,3.735243808478117e-06,0.0025565028190612793,2,2,0,1.051751971244812,1.0525214672088623
base-coord0-eps+0.1,base,10,4,4.390341928228736e-06,0.0014456212520599365,3,3,0,1.685776948928833,1.6868155002593994
base-coord0-eps+0.1,base,10,5,4.540139343589544e-06,0.0009748190641403198,10,10,0,2.2914929389953613,2.292236089706421
base-coord0-eps+0.1,base,11,0,0.0,0.0,0,0,0,-0.0,-0.0
base-coord0-eps+0.1,base,11,1,0.0,0.0,0,0,0,2.7631020735330303e-11,2.7631020735330303e-11
base-coord0-eps+0.1,base,11,2,3.530003596097231e-07,0.0008757710456848145,1,1,0,0.6909429430961609,0.6910578012466431
base-coord0-eps+0.1,base,11,3,5.936657544225454e-06,0.002451598644256592,2,2,0,0.9875777959823608,0.9897396564483643
base-coord0-eps+0.1,base,11,4,8.705188520252705e-06,0.0016169100999832153,5,5,0,1.6459509134292603,1.6486183404922485
base-coord0-eps+0.1,base,11,5,8.778326446190476e-06,0.0013616792857646942,10,10,0,2.2671971321105957,2.2694272994995117
base-coord0-eps+0.1,base,12,0,0.0,0.0,0,0,0,-0.0,-0.0
base-coord0-eps+0.1,base,12,1,0.0,0.0,0,0,0,2.7631020735330303e-11,2.7631020735330303e-11
base-coord0-eps+0.1,base,12,2,2.7686473913490772e-06,0.0022809505462646484,1,1,0,0.6620690822601318,0.6632134914398193
base-coord0-eps+0.1,base,12,3,8.27084295451641e-06,0.0029998868703842163,2,2,0,0.918744683265686,0.9220135807991028
base-coord0-eps+0.1,base,12,4,1.6077596228569746e-05,0.0029775574803352356,5,5,0,1.589158296585083,1.59267258644104
base-coord0-eps+0.1,base,12,5,1.6105244867503643e-05,0.002567984163761139,10,10,0,2.2158315181732178,2.2186472415924072
base-coord0-eps+0.1,base,13,0,0.0,0.0,0,0,0,-0.0,-0.0
base-coord0-eps+0.1,base,13,1,0.0,0.0,0,0,0,2.7631020735330303e-11,2.7631020735330303e-11
base-coord0-eps+0.1,base,13,2,3.6442361306399107e-07,0.0008411407470703125,1,1,0,0.6793262958526611,0.679606556892395
base-coord0-eps+0.1,base,13,3,6.907066563144326e-06,0.0027551501989364624,2,2,0,0.9684105515480042,0.9692615866661072
base-coord0-eps+0.1,base,13,4,1.1105294106528163e-05,0.002735421061515808,5,5,0,1.6541523933410645,1.6549553871154785
base-coord0-eps+0.1,base,13,5,1.1127645848318934e-05,0.002373740077018738,10,10,0,2.2556893825531006,2.2558164596557617
base-coord0-eps+0.1,base,14,0,0.0,0.0,0,0,0,-0.0,-0.0
base-coord0-eps+0.1,base,14,1,0.0,0.0,0,0,0,2.7631020735330303e-11,2.7631020735330303e-11
base-coord0-eps+0.1,base,14,2,1.4917895896360278e-07,0.00048804283142089844,1,1,0,0.6922781467437744,0.6922369599342346
base-coord0-eps+0.1,base,14,3,9.715149644762278e-06,0.0032800137996673584,2,2,0,1.0200303792953491,1.020432472229004
base-coord0-eps+0.1,base,14,4,9.81742050498724e-06,0.0020608603954315186,5,5,0,1.6741700172424316,1.6742734909057617
base-coord0-eps+0.1,base,14,5,9.837895049713552e-06,0.0012575984001159668,10,10,0,2.2776756286621094,2.277719736099243
base-coord0-eps+0.1,base,15,0,0.0,0.0,0,0,0,-0.0,-0.0
base-coord0-eps+0.1,base,15,1,0.0,0.0,0,0,0,2.7631020735330303e-11,2.7631020735330303e-11
base-coord0-eps+0.1,base,15,2,3.055902197957039e-08,0.00034618377685546875,0,0,0,0.6925474405288696,0.6925232410430908
base-coord0-eps+0.1,base,15,3,6.704998668283224e-06,0.002806335687637329,2,2,0,1.0510379076004028,1.0511317253112793
base-coord0-eps+0.1,base,15,4,8.289673132821918e-06,0.0015365034341812134,5,5,0,1.6834691762924194,1.6840903759002686
base-coord0-eps+0.1,base,15,5,8.3295744843781e-06,0.0011154524981975555,10,10,0,2.300161838531494,2.300542116165161
base-coord0-eps+0.1,base,16,0,0.0,0.0,0,0,0,-0.0,-0.0
base-coord0-eps+0.1,base,16,1,0.0,0.0,0,0,0,2.7631020735330303e-11,2.7631020735330303e-11
base-coord0-eps+0.1,base,16,2,1.740787411108613e-06,0.0018412470817565918,0,0,0,0.6714673042297363,0.6706849336624146
base-coord0-eps+0.1,base,16,3,1.057400368154049e-05,0.004311323165893555,2,2,0,1.06581711769104,1.064394474029541
base-coord0-eps+0.1,base,16,4,2.284703077748418e-05,0.005133017897605896,1,1,0,1.7512331008911133,1.750182867050171
base-coord0-eps+0.1,base,16,5,2.2928405087441206e-05,0.00456508994102478,1,1,0,2.311168670654297,2.3087360858917236
base-coord0-eps+0.1,base,17,0,0.0,0.0,0,0,0,-0.0,-0.0
base-coord0-eps+0.1,base,17,1,0.0,0.0,0,0,0,2.7631020735330303e-11,2.7631020735330303e-11
base-coord0-eps+0.1,base,17,2,1.4377525076270103e-05,0.005084782838821411,0,0,0,0.643830418586731,0.6404968500137329
base-coord0-eps+0.1,base,17,3,1.433995203115046e-05,0.005084723234176636,0,0,0,1.0585259199142456,1.0583665370941162
base-coord0-eps+0.1,base,17,4,1.684250310063362e-05,0.003474622964859009,0,0,0,1.7302496433258057,1.7294925451278687
base-coord0-eps+0.1,base,17,5,1.683368464000523e-05,0.002737864851951599,1,1,0,2.3292813301086426,2.3282909393310547
base-coord0-eps+0.1,base,18,0,0.0,0.0,0,0,0,-0.0,-0.0
base-coord0-eps+0.1,base,18,1,0.0,0.0,0,0,0,2.7631020735330303e-11,2.7631020735330303e-11
base-coord0-eps+0.1,base,18,2,5.569250788539648e-06,0.0031478404998779297,0,0,0,0.6410596370697021,0.6389501690864563
base-coord0-eps+0.1,base,18,3,9.982002666220069e-06,0.004050731658935547,0,0,0,1.0980373620986938,1.0979065895080566
base-coord0-eps+0.1,base,18,4,1.4557619579136372e-05,0.004303380846977234,0,0,0,1.7732656002044678,1.7719855308532715
base-coord0-eps+0.1,base,18,5,1.4572433428838849e-05,0.003148496150970459,1,1,0,2.387561321258545,2.3861403465270996
base-coord0-eps+0.1,base,19,0,0.0,0.0,0,0,0,-0.0,-0.0
base-coord0-eps+0.1,base,19,1,0.0,0.0,0,0,0,2.7631020735330303e-11,2.7631020735330303e-11
base-coord0-eps+0.1,base,19,2,2.64530535787344e-06,0.0021999776363372803,0,0,0,0.6597113013267517,0.658543586730957
base-coord0-eps+0.1,base,19,3,5.248250090517104e-06,0.0030182301998138428,2,2,0,1.0941323041915894,1.0942387580871582
base-coord0-eps+0.1,base,19,4,8.26746691018343e-06,0.0031376630067825317,0,0,0,1.7815150022506714,1.7810707092285156
base-coord0-eps+0.1,base,19,5,8.279108442366123e-06,0.0023881644010543823,1,1,0,2.395327091217041,2.3946781158447266
base-coord0-eps+0.1,base,20,0,0.0,0.0,0,0,0,-0.0,-0.0
base-coord0-eps+0.1,base,20,1,0.0,0.0,0,0,0,2.7631020735330303e-11,2.7631020735330303e-11
base-coord0-eps+0.1,base,20,2,4.763656761497259e-06,0.0030312538146972656,0,0,0,0.6741347312927246,0.6729220151901245
base-coord0-eps+0.1,base,20,3,2.0682229660451412e-05,0.0058393776416778564,2,2,0,1.0877296924591064,1.0888502597808838
base-coord0-eps+0.1,base,20,4,2.324825618416071e-05,0.0036246255040168762,4,4,0,1.7761040925979614,1.7775447368621826
base-coord0-eps+0.1,base,20,5,2.3233122192323208e-05,0.0026529505848884583,10,10,0,2.4005417823791504,2.401858329772949
base-coord0-eps+0.1,base,21,0,0.0,0.0,0,0,0,-0.0,-0.0
base-coord0-eps+0.1,base,21,1,0.0,0.0,0,0,0,2.7631020735330303e-11,2.7631020735330303e-11
base-coord0-eps+0.1,base,21,2,1.9869476091116667e-06,0.001954585313796997,0,0,0,0.6726022958755493,0.6717936396598816
base-coord0-eps+0.1,base,21,3,5.936191882938147e-06,0.003167867660522461,2,2,0,1.089184284210205,1.0897018909454346
base-coord0-eps+0.1,base,21,4,1.1834024917334318e-05,0.00303824245929718,5,5,0,1.7727106809616089,1.7740254402160645
base-coord0-eps+0.1,base,21,5,1.1878088116645813e-05,0.002070404589176178,10,10,0,2.4178500175476074,2.419156312942505
base-coord0-eps+0.1,base,22,0,0.0,0.0,0,0,0,-0.0,-0.0
base-coord0-eps+0.1,base,22,1,0.0,0.0,0,0,0,2.7631020735330303e-11,2.7631020735330303e-11
base-coord0-eps+0.1,base,22,2,3.2499665394425392e-06,0.0024826526641845703,0,0,0,0.6708649396896362,0.6697919368743896
base-coord0-eps+0.1,base,22,3,9.318959200754762e-06,0.004071176052093506,2,2,0,1.0868558883666992,1.086885690689087
base-coord0-eps+0.1,base,22,4,1.2625765521079302e-05,0.00393560528755188,5,5,0,1.7686352729797363,1.767963171005249
base-coord0-eps+0.1,base,22,5,1.260769204236567e-05,0.00286923348903656,10,1,1,2.399759531021118,2.3989503383636475
base-coord0-eps+0.1,base,23,0,0.0,0.0,0,0,0,-0.0,-0.0
base-coord0-eps+0.1,base,23,1,0.0,0.0,0,0,0,2.7631020735330303e-11,2.7631020735330303e-11
base-coord0-eps+0.1,base,23,2,7.440685294568539e-07,0.0011591315269470215,0,0,0,0.6563936471939087,0.6570311784744263
base-coord0-eps+0.1,base,23,3,6.772985216230154e-06,0.003347069025039673,2,2,0,1.0963481664657593,1.0961428880691528
base-coord0-eps+0.1,base,23,4,7.433438440784812e-06,0.0022219866514205933,1,1,0,1.7548635005950928,1.754126787185669
base-coord0-eps+0.1,base,23,5,7.524169632233679e-06,0.0014921873807907104,10,10,0,2.3660199642181396,2.365440845489502
base-coord0-eps+0.1,extra,0,0,0.0,0.0,0,0,0,-0.0,-0.0
base-coord0-eps+0.1,extra,0,1,0.0,0.0,0,0,0,2.7631020735330303e-11,2.7631020735330303e-11
base-coord0-eps+0.1,extra,0,2,0.0,0.0,1,1,0,0.6931471824645996,0.6931471824645996
base-coord0-eps+0.1,extra,0,3,0.0,0.0,2,2,0,1.0397125482559204,1.0397125482559204
base-coord0-eps+0.1,extra,0,4,0.0,0.0,4,4,0,1.7328596115112305,1.7328596115112305
base-coord0-eps+0.1,extra,0,5,0.0,0.0,9,9,0,2.42600679397583,2.42600679397583
base-coord0-eps+0.1,extra,1,0,0.0,0.0,0,0,0,-0.0,-0.0
base-coord0-eps+0.1,extra,1,1,0.0,0.0,0,0,0,2.7631020735330303e-11,2.7631020735330303e-11
base-coord0-eps+0.1,extra,1,2,0.0,0.0,1,1,0,0.6927417516708374,0.6927417516708374
base-coord0-eps+0.1,extra,1,3,0.0,0.0,2,2,0,1.0269420146942139,1.0269420146942139
base-coord0-eps+0.1,extra,1,4,0.0,0.0,4,4,0,1.7186331748962402,1.7186331748962402
base-coord0-eps+0.1,extra,1,5,0.0,0.0,9,9,0,2.4116458892822266,2.4116458892822266
base-coord0-eps+0.1,extra,2,0,0.0,0.0,0,0,0,-0.0,-0.0
base-coord0-eps+0.1,extra,2,1,0.0,0.0,0,0,0,2.7631020735330303e-11,2.7631020735330303e-11
base-coord0-eps+0.1,extra,2,2,0.0,0.0,0,0,0,0.6931122541427612,0.6931122541427612
base-coord0-eps+0.1,extra,2,3,0.0,0.0,2,2,0,1.041733741760254,1.041733741760254
base-coord0-eps+0.1,extra,2,4,0.0,0.0,5,5,0,1.73465895652771,1.73465895652771
base-coord0-eps+0.1,extra,2,5,0.0,0.0,10,10,0,2.427602767944336,2.427602767944336
base-coord0-eps+0.1,extra,3,0,0.0,0.0,0,0,0,-0.0,-0.0
base-coord0-eps+0.1,extra,3,1,0.0,0.0,0,0,0,2.7631020735330303e-11,2.7631020735330303e-11
base-coord0-eps+0.1,extra,3,2,0.0,0.0,0,0,0,0.6931002140045166,0.6931002140045166
base-coord0-eps+0.1,extra,3,3,0.0,0.0,2,2,0,1.0430138111114502,1.0430138111114502
base-coord0-eps+0.1,extra,3,4,0.0,0.0,4,4,0,1.7361564636230469,1.7361564636230469
base-coord0-eps+0.1,extra,3,5,0.0,0.0,8,8,0,2.429299831390381,2.429299831390381
base-coord0-eps+0.1,extra,4,0,0.0,0.0,0,0,0,-0.0,-0.0
base-coord0-eps+0.1,extra,4,1,0.0,0.0,0,0,0,2.7631020735330303e-11,2.7631020735330303e-11
base-coord0-eps+0.1,extra,4,2,0.0,0.0,0,0,0,0.6931115388870239,0.6931115388870239
base-coord0-eps+0.1,extra,4,3,0.0,0.0,2,2,0,1.042546272277832,1.042546272277832
base-coord0-eps+0.1,extra,4,4,0.0,0.0,4,4,0,1.735680341720581,1.735680341720581
base-coord0-eps+0.1,extra,4,5,0.0,0.0,9,9,0,2.428821086883545,2.428821086883545
base-coord0-eps+0.1,extra,5,0,0.0,0.0,0,0,0,-0.0,-0.0
base-coord0-eps+0.1,extra,5,1,0.0,0.0,0,0,0,2.7631020735330303e-11,2.7631020735330303e-11
base-coord0-eps+0.1,extra,5,2,0.0,0.0,1,1,0,0.6930249929428101,0.6930249929428101
base-coord0-eps+0.1,extra,5,3,0.0,0.0,2,2,0,1.033265471458435,1.033265471458435
base-coord0-eps+0.1,extra,5,4,0.0,0.0,4,4,0,1.7257888317108154,1.7257888317108154
base-coord0-eps+0.1,extra,5,5,0.0,0.0,8,8,0,2.418933153152466,2.418933153152466
base-coord0-eps+0.1,extra,6,0,0.0,0.0,0,0,0,-0.0,-0.0
base-coord0-eps+0.1,extra,6,1,0.0,0.0,0,0,0,2.7631020735330303e-11,2.7631020735330303e-11
base-coord0-eps+0.1,extra,6,2,0.0,0.0,1,1,0,0.692909836769104,0.692909836769104
base-coord0-eps+0.1,extra,6,3,0.0,0.0,2,2,0,1.0316202640533447,1.0316202640533447
base-coord0-eps+0.1,extra,6,4,0.0,0.0,4,4,0,1.7243648767471313,1.7243648767471313
base-coord0-eps+0.1,extra,6,5,0.0,0.0,8,8,0,2.417485237121582,2.417485237121582
base-coord0-eps+0.1,extra,7,0,0.0,0.0,0,0,0,-0.0,-0.0
base-coord0-eps+0.1,extra,7,1,0.0,0.0,0,0,0,2.7631020735330303e-11,2.7631020735330303e-11
base-coord0-eps+0.1,extra,7,2,0.0,0.0,1,1,0,0.6919175386428833,0.6919175386428833
base-coord0-eps+0.1,extra,7,3,0.0,0.0,2,2,0,1.0155481100082397,1.0155481100082397
base-coord0-eps+0.1,extra,7,4,0.0,0.0,4,4,0,1.7049086093902588,1.7049086093902588
base-coord0-eps+0.1,extra,7,5,0.0,0.0,9,9,0,2.3979392051696777,2.3979392051696777
base-coord0-eps+0.1,extra,8,0,0.0,0.0,0,0,0,-0.0,-0.0
base-coord0-eps+0.1,extra,8,1,0.0,0.0,0,0,0,2.7631020735330303e-11,2.7631020735330303e-11
base-coord0-eps+0.1,extra,8,2,0.0,0.0,1,1,0,0.6925863027572632,0.6925863027572632
base-coord0-eps+0.1,extra,8,3,0.0,0.0,2,2,0,1.0252658128738403,1.0252658128738403
base-coord0-eps+0.1,extra,8,4,0.0,0.0,4,4,0,1.7167961597442627,1.7167961597442627
base-coord0-eps+0.1,extra,8,5,0.0,0.0,9,9,0,2.409912109375,2.409912109375
base-coord0-eps+0.1,extra,9,0,0.0,0.0,0,0,0,-0.0,-0.0
base-coord0-eps+0.1,extra,9,1,0.0,0.0,0,0,0,2.7631020735330303e-11,2.7631020735330303e-11
base-coord0-eps+0.1,extra,9,2,0.0,0.0,0,0,0,0.6928039789199829,0.6928039789199829
base-coord0-eps+0.1,extra,9,3,0.0,0.0,2,2,0,1.0483793020248413,1.0483793020248413
base-coord0-eps+0.1,extra,9,4,0.0,0.0,5,5,0,1.741260051727295,1.741260051727295
base-coord0-eps+0.1,extra,9,5,0.0,0.0,11,11,0,2.4343836307525635,2.4343836307525635
base-coord0-eps+0.1,extra,10,0,0.0,0.0,0,0,0,-0.0,-0.0
base-coord0-eps+0.1,extra,10,1,0.0,0.0,0,0,0,2.7631020735330303e-11,2.7631020735330303e-11
base-coord0-eps+0.1,extra,10,2,0.0,0.0,0,0,0,0.6931271553039551,0.6931271553039551
base-coord0-eps+0.1,extra,10,3,0.0,0.0,2,2,0,1.0418299436569214,1.0418299436569214
base-coord0-eps+0.1,extra,10,4,0.0,0.0,5,5,0,1.7349566221237183,1.7349566221237183
base-coord0-eps+0.1,extra,10,5,0.0,0.0,9,9,0,2.428034782409668,2.428034782409668
base-coord0-eps+0.1,extra,11,0,0.0,0.0,0,0,0,-0.0,-0.0
base-coord0-eps+0.1,extra,11,1,0.0,0.0,0,0,0,2.7631020735330303e-11,2.7631020735330303e-11
base-coord0-eps+0.1,extra,11,2,0.0,0.0,0,0,0,0.6931216716766357,0.6931216716766357
base-coord0-eps+0.1,extra,11,3,0.0,0.0,2,2,0,1.041774034500122,1.041774034500122
base-coord0-eps+0.1,extra,11,4,0.0,0.0,5,5,0,1.734678030014038,1.734678030014038
base-coord0-eps+0.1,extra,11,5,0.0,0.0,10,10,0,2.4278171062469482,2.4278171062469482
base-coord0-eps+0.1,extra,12,0,0.0,0.0,0,0,0,-0.0,-0.0
base-coord0-eps+0.1,extra,12,1,0.0,0.0,0,0,0,2.7631020735330303e-11,2.7631020735330303e-11
base-coord0-eps+0.1,extra,12,2,0.0,0.0,1,1,0,0.6919527649879456,0.6919527649879456
base-coord0-eps+0.1,extra,12,3,0.0,0.0,2,2,0,1.0154986381530762,1.0154986381530762
base-coord0-eps+0.1,extra,12,4,0.0,0.0,4,4,0,1.7046040296554565,1.7046040296554565
base-coord0-eps+0.1,extra,12,5,0.0,0.0,9,9,0,2.3975648880004883,2.3975648880004883
base-coord0-eps+0.1,extra,13,0,0.0,0.0,0,0,0,-0.0,-0.0
base-coord0-eps+0.1,extra,13,1,0.0,0.0,0,0,0,2.7631020735330303e-11,2.7631020735330303e-11
base-coord0-eps+0.1,extra,13,2,0.0,0.0,0,0,0,0.6925962567329407,0.6925962567329407
base-coord0-eps+0.1,extra,13,3,0.0,0.0,2,2,0,1.0490986108779907,1.0490986108779907
base-coord0-eps+0.1,extra,13,4,0.0,0.0,5,5,0,1.741088628768921,1.741088628768921
base-coord0-eps+0.1,extra,13,5,0.0,0.0,10,10,0,2.4342041015625,2.4342041015625
base-coord0-eps+0.1,extra,14,0,0.0,0.0,0,0,0,-0.0,-0.0
base-coord0-eps+0.1,extra,14,1,0.0,0.0,0,0,0,2.7631020735330303e-11,2.7631020735330303e-11
base-coord0-eps+0.1,extra,14,2,0.0,0.0,0,0,0,0.6921615600585938,0.6921615600585938
base-coord0-eps+0.1,extra,14,3,0.0,0.0,2,2,0,1.053002119064331,1.053002119064331
base-coord0-eps+0.1,extra,14,4,0.0,0.0,5,5,0,1.7449181079864502,1.7449181079864502
base-coord0-eps+0.1,extra,14,5,0.0,0.0,11,11,0,2.438016653060913,2.438016653060913
base-coord0-eps+0.1,extra,15,0,0.0,0.0,0,0,0,-0.0,-0.0
base-coord0-eps+0.1,extra,15,1,0.0,0.0,0,0,0,2.7631020735330303e-11,2.7631020735330303e-11
base-coord0-eps+0.1,extra,15,2,0.0,0.0,0,0,0,0.6929476857185364,0.6929476857185364
base-coord0-eps+0.1,extra,15,3,0.0,0.0,2,2,0,1.0461158752441406,1.0461158752441406
base-coord0-eps+0.1,extra,15,4,0.0,0.0,5,5,0,1.7390376329421997,1.7390376329421997
base-coord0-eps+0.1,extra,15,5,0.0,0.0,10,10,0,2.4321401119232178,2.4321401119232178
base-coord0-eps+0.1,extra,16,0,0.0,0.0,0,0,0,-0.0,-0.0
base-coord0-eps+0.1,extra,16,1,0.0,0.0,0,0,0,2.7631020735330303e-11,2.7631020735330303e-11
base-coord0-eps+0.1,extra,16,2,0.0,0.0,1,1,0,0.6931310892105103,0.6931310892105103
base-coord0-eps+0.1,extra,16,3,0.0,0.0,2,2,0,1.0377330780029297,1.0377330780029297
base-coord0-eps+0.1,extra,16,4,0.0,0.0,4,4,0,1.730865478515625,1.730865478515625
base-coord0-eps+0.1,extra,16,5,0.0,0.0,8,8,0,2.424008846282959,2.424008846282959
base-coord0-eps+0.1,extra,17,0,0.0,0.0,0,0,0,-0.0,-0.0
base-coord0-eps+0.1,extra,17,1,0.0,0.0,0,0,0,2.7631020735330303e-11,2.7631020735330303e-11
base-coord0-eps+0.1,extra,17,2,0.0,0.0,0,0,0,0.6930968761444092,0.6930968761444092
base-coord0-eps+0.1,extra,17,3,0.0,0.0,2,2,0,1.0429779291152954,1.0429779291152954
base-coord0-eps+0.1,extra,17,4,0.0,0.0,4,4,0,1.736116647720337,1.736116647720337
base-coord0-eps+0.1,extra,17,5,0.0,0.0,9,9,0,2.4291458129882812,2.4291458129882812
base-coord0-eps+0.1,extra,18,0,0.0,0.0,0,0,0,-0.0,-0.0
base-coord0-eps+0.1,extra,18,1,0.0,0.0,0,0,0,2.7631020735330303e-11,2.7631020735330303e-11
base-coord0-eps+0.1,extra,18,2,0.0,0.0,0,0,0,0.692670464515686,0.692670464515686
base-coord0-eps+0.1,extra,18,3,0.0,0.0,2,2,0,1.0481799840927124,1.0481799840927124
base-coord0-eps+0.1,extra,18,4,0.0,0.0,5,5,0,1.7400339841842651,1.7400339841842651
base-coord0-eps+0.1,extra,18,5,0.0,0.0,10,10,0,2.43314266204834,2.43314266204834
base-coord0-eps+0.1,extra,19,0,0.0,0.0,0,0,0,-0.0,-0.0
base-coord0-eps+0.1,extra,19,1,0.0,0.0,0,0,0,2.7631020735330303e-11,2.7631020735330303e-11
base-coord0-eps+0.1,extra,19,2,0.0,0.0,0,0,0,0.6929329037666321,0.6929329037666321
base-coord0-eps+0.1,extra,19,3,0.0,0.0,2,2,0,1.0452438592910767,1.0452438592910767
base-coord0-eps+0.1,extra,19,4,0.0,0.0,5,5,0,1.7375059127807617,1.7375059127807617
base-coord0-eps+0.1,extra,19,5,0.0,0.0,10,10,0,2.4306249618530273,2.4306249618530273
base-coord0-eps+0.1,extra,20,0,0.0,0.0,0,0,0,-0.0,-0.0
base-coord0-eps+0.1,extra,20,1,0.0,0.0,0,0,0,2.7631020735330303e-11,2.7631020735330303e-11
base-coord0-eps+0.1,extra,20,2,0.0,0.0,1,1,0,0.692352294921875,0.692352294921875
base-coord0-eps+0.1,extra,20,3,0.0,0.0,2,2,0,1.0236475467681885,1.0236475467681885
base-coord0-eps+0.1,extra,20,4,0.0,0.0,4,4,0,1.715409517288208,1.715409517288208
base-coord0-eps+0.1,extra,20,5,0.0,0.0,9,9,0,2.408513069152832,2.408513069152832
base-coord0-eps+0.1,extra,21,0,0.0,0.0,0,0,0,-0.0,-0.0
base-coord0-eps+0.1,extra,21,1,0.0,0.0,0,0,0,2.7631020735330303e-11,2.7631020735330303e-11
base-coord0-eps+0.1,extra,21,2,0.0,0.0,1,1,0,0.6927247643470764,0.6927247643470764
base-coord0-eps+0.1,extra,21,3,0.0,0.0,2,2,0,1.0286304950714111,1.0286304950714111
base-coord0-eps+0.1,extra,21,4,0.0,0.0,4,4,0,1.7210500240325928,1.7210500240325928
base-coord0-eps+0.1,extra,21,5,0.0,0.0,8,8,0,2.4141809940338135,2.4141809940338135
base-coord0-eps+0.1,extra,22,0,0.0,0.0,0,0,0,-0.0,-0.0
base-coord0-eps+0.1,extra,22,1,0.0,0.0,0,0,0,2.7631020735330303e-11,2.7631020735330303e-11
base-coord0-eps+0.1,extra,22,2,0.0,0.0,0,0,0,0.6931215524673462,0.6931215524673462
base-coord0-eps+0.1,extra,22,3,0.0,0.0,2,2,0,1.0419191122055054,1.0419191122055054
base-coord0-eps+0.1,extra,22,4,0.0,0.0,5,5,0,1.7348988056182861,1.7348988056182861
base-coord0-eps+0.1,extra,22,5,0.0,0.0,10,10,0,2.4280405044555664,2.4280405044555664
base-coord0-eps+0.1,extra,23,0,0.0,0.0,0,0,0,-0.0,-0.0
base-coord0-eps+0.1,extra,23,1,0.0,0.0,0,0,0,2.7631020735330303e-11,2.7631020735330303e-11
base-coord0-eps+0.1,extra,23,2,0.0,0.0,1,1,0,0.6928062438964844,0.6928062438964844
base-coord0-eps+0.1,extra,23,3,0.0,0.0,2,2,0,1.0286445617675781,1.0286445617675781
base-coord0-eps+0.1,extra,23,4,0.0,0.0,4,4,0,1.7208653688430786,1.7208653688430786
base-coord0-eps+0.1,extra,23,5,0.0,0.0,9,9,0,2.4138734340667725,2.4138734340667725
base-coord28-eps+0.1,base,0,0,0.0,0.0,0,0,0,-0.0,-0.0
base-coord28-eps+0.1,base,0,1,0.0,0.0,0,0,0,2.7631020735330303e-11,2.7631020735330303e-11
base-coord28-eps+0.1,base,0,2,5.429494194686413e-06,0.003030061721801758,0,0,0,0.6171221137046814,0.6195598244667053
base-coord28-eps+0.1,base,0,3,5.5222626542672515e-06,0.00303003191947937,0,0,0,1.0702056884765625,1.0709266662597656
base-coord28-eps+0.1,base,0,4,6.170565029606223e-06,0.0021271109580993652,0,0,0,1.696080207824707,1.6977430582046509
base-coord28-eps+0.1,base,0,5,6.429661880247295e-06,0.0014715492725372314,1,1,0,2.324937343597412,2.3268773555755615
base-coord28-eps+0.1,base,1,0,0.0,0.0,0,0,0,-0.0,-0.0
base-coord28-eps+0.1,base,1,1,0.0,0.0,0,0,0,2.7631020735330303e-11,2.7631020735330303e-11
base-coord28-eps+0.1,base,1,2,1.0914227459579706e-06,0.00121307373046875,0,0,0,0.5269904136657715,0.5285210609436035
base-coord28-eps+0.1,base,1,3,1.2114178389310837e-06,0.00121307373046875,1,1,0,1.0610800981521606,1.0618880987167358
base-coord28-eps+0.1,base,1,4,1.3656099326908588e-06,0.0006878599524497986,2,2,0,1.7326222658157349,1.733351230621338
base-coord28-eps+0.1,base,1,5,1.6009871615096927e-06,0.0005604475736618042,4,4,0,2.3044204711914062,2.3054394721984863
base-coord28-eps+0.1,base,2,0,0.0,0.0,0,0,0,-0.0,-0.0
base-coord28-eps+0.1,base,2,1,0.0,0.0,0,0,0,2.7631020735330303e-11,2.7631020735330303e-11
base-coord28-eps+0.1,base,2,2,9.818468242883682e-07,0.0012798905372619629,0,0,0,0.5913949012756348,0.5926100611686707
base-coord28-eps+0.1,base,2,3,1.0871735867112875e-06,0.0012798905372619629,1,1,0,1.0749508142471313,1.0754197835922241
base-coord28-eps+0.1,base,2,4,1.357482688035816e-06,0.0007477253675460815,2,2,0,1.7521616220474243,1.7526795864105225
base-coord28-eps+0.1,base,2,5,1.570890162838623e-06,0.0004463493824005127,4,4,0,2.3563497066497803,2.356933116912842
base-coord28-eps+0.1,base,3,0,0.0,0.0,0,0,0,-0.0,-0.0
base-coord28-eps+0.1,base,3,1,0.0,0.0,0,0,0,2.7631020735330303e-11,2.7631020735330303e-11
base-coord28-eps+0.1,base,3,2,1.0433723218739033e-06,0.0013155639171600342,0,0,0,0.5860381126403809,0.5873234868049622
base-coord28-eps+0.1,base,3,3,1.1463125701993704e-06,0.0013155639171600342,1,1,0,1.0852066278457642,1.0856494903564453
base-coord28-eps+0.1,base,3,4,1.8023056327365339e-06,0.0007904767990112305,2,2,0,1.7721664905548096,1.7727458477020264
base-coord28-eps+0.1,base,3,5,2.043845597654581e-06,0.0004923343658447266,4,4,0,2.379093885421753,2.3798797130584717
base-coord28-eps+0.1,base,4,0,0.0,0.0,0,0,0,-0.0,-0.0
base-coord28-eps+0.1,base,4,1,0.0,0.0,0,0,0,2.7631020735330303e-11,2.7631020735330303e-11
base-coord28-eps+0.1,base,4,2,1.0480289347469807e-06,0.001248478889465332,0,0,0,0.5541833639144897,0.5555996894836426
base-coord28-eps+0.1,base,4,3,1.0456569725647569e-06,0.0012484490871429443,1,1,0,1.06869375705719,1.069245457649231
base-coord28-eps+0.1,base,4,4,1.4132638170849532e-06,0.0007718652486801147,2,2,0,1.7079049348831177,1.7090178728103638
base-coord28-eps+0.1,base,4,5,1.5591758710797876e-06,0.0005464628338813782,4,4,0,2.323660135269165,2.3248326778411865
base-coord28-eps+0.1,base,5,0,0.0,0.0,0,0,0,-0.0,-0.0
base-coord28-eps+0.1,base,5,1,0.0,0.0,0,0,0,2.7631020735330303e-11,2.7631020735330303e-11
base-coord28-eps+0.1,base,5,2,9.472423698753119e-07,0.0011911094188690186,0,0,0,0.5436118841171265,0.5450229048728943
base-coord28-eps+0.1,base,5,3,1.0153889888897538e-06,0.0011911094188690186,1,1,0,1.0737783908843994,1.074370265007019
base-coord28-eps+0.1,base,5,4,1.4151082723401487e-06,0.0008271932601928711,1,1,0,1.718468189239502,1.7196452617645264
base-coord28-eps+0.1,base,5,5,1.658891051192768e-06,0.0005085393786430359,3,3,0,2.328511953353882,2.329756736755371
base-coord28-eps+0.1,base,6,0,0.0,0.0,0,0,0,-0.0,-0.0
base-coord28-eps+0.1,base,6,1,0.0,0.0,0,0,0,2.7631020735330303e-11,2.7631020735330303e-11
base-coord28-eps+0.1,base,6,2,6.886111805215478e-07,0.0008695423603057861,0,0,0,0.4505731463432312,0.45196980237960815
base-coord28-eps+0.1,base,6,3,1.3949756976217031e-06,0.0014024078845977783,0,0,0,1.011746883392334,1.0121322870254517
base-coord28-eps+0.1,base,6,4,4.282279405742884e-06,0.0017019808292388916,1,1,0,1.6587910652160645,1.660508394241333
base-coord28-eps+0.1,base,6,5,4.569912562146783e-06,0.0012318193912506104,3,3,0,2.227552652359009,2.229236602783203
base-coord28-eps+0.1,base,7,0,0.0,0.0,0,0,0,-0.0,-0.0
base-coord28-eps+0.1,base,7,1,0.0,0.0,0,0,0,2.7631020735330303e-11,2.7631020735330303e-11
base-coord28-eps+0.1,base,7,2,1.0196527000516653e-06,0.0011512041091918945,0,0,0,0.501283586025238,0.5028707385063171
base-coord28-eps+0.1,base,7,3,1.0704825399443507e-06,0.0011512041091918945,1,1,0,1.0551543235778809,1.05593740940094
base-coord28-eps+0.1,base,7,4,1.6835547285154462e-06,0.0010296404361724854,1,1,0,1.6177887916564941,1.6195348501205444
base-coord28-eps+0.1,base,7,5,1.8288592400494963e-06,0.0005714744329452515,3,3,0,2.2255420684814453,2.2272555828094482
base-coord28-eps+0.1,base,8,0,0.0,0.0,0,0,0,-0.0,-0.0
base-coord28-eps+0.1,base,8,1,0.0,0.0,0,0,0,2.7631020735330303e-11,2.7631020735330303e-11
base-coord28-eps+0.1,base,8,2,6.076879799365997e-07,0.0008316636085510254,0,0,0,0.4689561128616333,0.4702238440513611
base-coord28-eps+0.1,base,8,3,7.493217708542943e-07,0.0009629130363464355,1,1,0,1.0383914709091187,1.0390946865081787
base-coord28-eps+0.1,base,8,4,1.8221762729808688e-06,0.0005926229059696198,1,1,0,1.5958952903747559,1.5977410078048706
base-coord28-eps+0.1,base,8,5,2.3937609512358904e-06,0.0006144791841506958,3,3,0,2.1992292404174805,2.2009506225585938
base-coord28-eps+0.1,base,9,0,0.0,0.0,0,0,0,-0.0,-0.0
base-coord28-eps+0.1,base,9,1,0.0,0.0,0,0,0,2.7631020735330303e-11,2.7631020735330303e-11
base-coord28-eps+0.1,base,9,2,1.266133040189743e-06,0.0013432800769805908,0,0,0,0.5450583696365356,0.5466399788856506
base-coord28-eps+0.1,base,9,3,2.0296138245612383e-06,0.0016533732414245605,0,0,0,1.0674898624420166,1.0678389072418213
base-coord28-eps+0.1,base,9,4,4.457237082533538e-06,0.0011135786771774292,1,1,0,1.6491222381591797,1.6511309146881104
base-coord28-eps+0.1,base,9,5,4.972156602889299e-06,0.0009378865361213684,3,3,0,2.2161808013916016,2.217649221420288
base-coord28-eps+0.1,base,10,0,0.0,0.0,0,0,0,-0.0,-0.0
base-coord28-eps+0.1,base,10,1,0.0,0.0,0,0,0,2.7631020735330303e-11,2.7631020735330303e-11
base-coord28-eps+0.1,base,10,2,1.7050770111382008e-06,0.0018473267555236816,0,0,0,0.6805204153060913,0.681104302406311
base-coord28-eps+0.1,base,10,3,1.7380225472152233e-06,0.0018473267555236816,2,2,0,1.051751971244812,1.0511794090270996
base-coord28-eps+0.1,base,10,4,2.6772613637149334e-06,0.0013942867517471313,3,3,0,1.685776948928833,1.6857393980026245
base-coord28-eps+0.1,base,10,5,2.982567821163684e-06,0.0009044259786605835,10,10,0,2.2914929389953613,2.2912349700927734
base-coord28-eps+0.1,base,11,0,0.0,0.0,0,0,0,-0.0,-0.0
base-coord28-eps+0.1,base,11,1,0.0,0.0,0,0,0,2.7631020735330303e-11,2.7631020735330303e-11
base-coord28-eps+0.1,base,11,2,1.071923179551959e-06,0.0014576911926269531,1,1,0,0.6909429430961609,0.6907448768615723
base-coord28-eps+0.1,base,11,3,1.3489043340086937e-06,0.0014781653881072998,2,2,0,0.9875777959823608,0.9868052005767822
base-coord28-eps+0.1,base,11,4,2.610046067275107e-06,0.0011809170246124268,5,5,0,1.6459509134292603,1.6455349922180176
base-coord28-eps+0.1,base,11,5,3.090615791734308e-06,0.0008769780397415161,10,10,0,2.2671971321105957,2.2661314010620117
base-coord28-eps+0.1,base,12,0,0.0,0.0,0,0,0,-0.0,-0.0
base-coord28-eps+0.1,base,12,1,0.0,0.0,0,0,0,2.7631020735330303e-11,2.7631020735330303e-11
base-coord28-eps+0.1,base,12,2,4.394445568323135e-06,0.002867281436920166,1,1,0,0.6620690822601318,0.6605989933013916
base-coord28-eps+0.1,base,12,3,4.451663699001074e-06,0.002867281436920166,2,2,0,0.918744683265686,0.9152628183364868
base-coord28-eps+0.1,base,12,4,4.732341039925814e-06,0.0017311275005340576,5,5,0,1.589158296585083,1.585661768913269
base-coord28-eps+0.1,base,12,5,5.189314833842218e-06,0.00107555091381073,10,10,0,2.2158315181732178,2.2122106552124023
base-coord28-eps+0.1,base,13,0,0.0,0.0,0,0,0,-0.0,-0.0
base-coord28-eps+0.1,base,13,1,0.0,0.0,0,0,0,2.7631020735330303e-11,2.7631020735330303e-11
base-coord28-eps+0.1,base,13,2,3.0144001357257366e-06,0.002422630786895752,1,1,0,0.6793262958526611,0.6785030364990234
base-coord28-eps+0.1,base,13,3,3.1271338229998946e-06,0.0024225711822509766,2,2,0,0.9684105515480042,0.9659057855606079
base-coord28-eps+0.1,base,13,4,3.307759470771998e-06,0.0014637112617492676,5,5,0,1.6541523933410645,1.6516366004943848
base-coord28-eps+0.1,base,13,5,3.995897714048624e-06,0.0013202279806137085,10,10,0,2.2556893825531006,2.2524566650390625
base-coord28-eps+0.1,base,14,0,0.0,0.0,0,0,0,-0.0,-0.0
base-coord28-eps+0.1,base,14,1,0.0,0.0,0,0,0,2.7631020735330303e-11,2.7631020735330303e-11
base-coord28-eps+0.1,base,14,2,4.353467375040054e-06,0.0029497742652893066,1,1,0,0.6922781467437744,0.6920146942138672
base-coord28-eps+0.1,base,14,3,4.469940904527903e-06,0.0029497742652893066,2,2,0,1.0200303792953491,1.0176587104797363
base-coord28-eps+0.1,base,14,4,5.046967999078333e-06,0.0015552639961242676,5,5,0,1.6741700172424316,1.671751856803894
base-coord28-eps+0.1,base,14,5,6.07792753726244e-06,0.0014278143644332886,10,10,0,2.2776756286621094,2.2744224071502686
base-coord28-eps+0.1,base,15,0,0.0,0.0,0,0,0,-0.0,-0.0
base-coord28-eps+0.1,base,15,1,0.0,0.0,0,0,0,2.7631020735330303e-11,2.7631020735330303e-11
base-coord28-eps+0.1,base,15,2,5.4095289669930935e-06,0.00329512357711792,0,0,0,0.6925474405288696,0.6927540302276611
base-coord28-eps+0.1,base,15,3,5.542882718145847e-06,0.0032950937747955322,2,2,0,1.0510379076004028,1.0489484071731567
base-coord28-eps+0.1,base,15,4,6.210466381162405e-06,0.0018525272607803345,5,5,0,1.6834691762924194,1.6815627813339233
base-coord28-eps+0.1,base,15,5,7.715800165897235e-06,0.0013676881790161133,10,10,0,2.300161838531494,2.297621488571167
base-coord28-eps+0.1,base,16,0,0.0,0.0,0,0,0,-0.0,-0.0
base-coord28-eps+0.1,base,16,1,0.0,0.0,0,0,0,2.7631020735330303e-11,2.7631020735330303e-11
base-coord28-eps+0.1,base,16,2,9.632902219891548e-06,0.004294872283935547,0,0,0,0.6714673042297363,0.6732372045516968
base-coord28-eps+0.1,base,16,3,9.673356544226408e-06,0.004294872283935547,2,2,0,1.06581711769104,1.0649185180664062
base-coord28-eps+0.1,base,16,4,1.0266063327435404e-05,0.002335965633392334,1,1,0,1.7512331008911133,1.7501276731491089
base-coord28-eps+0.1,base,16,5,1.136166974902153e-05,0.0018862038850784302,1,1,0,2.311168670654297,2.3095226287841797
base-coord28-eps+0.1,base,17,0,0.0,0.0,0,0,0,-0.0,-0.0
base-coord28-eps+0.1,base,17,1,0.0,0.0,0,0,0,2.7631020735330303e-11,2.7631020735330303e-11
base-coord28-eps+0.1,base,17,2,2.320564817637205e-06,0.002046823501586914,0,0,0,0.643830418586731,0.6451399326324463
base-coord28-eps+0.1,base,17,3,2.793909516185522e-06,0.0020467936992645264,0,0,0,1.0585259199142456,1.0580205917358398
base-coord28-eps+0.1,base,17,4,3.479275619611144e-06,0.0010939985513687134,0,0,0,1.7302496433258057,1.7296030521392822
base-coord28-eps+0.1,base,17,5,4.431014531292021e-06,0.0008953288197517395,1,1,0,2.3292813301086426,2.32781982421875
base-coord28-eps+0.1,base,18,0,0.0,0.0,0,0,0,-0.0,-0.0
base-coord28-eps+0.1,base,18,1,0.0,0.0,0,0,0,2.7631020735330303e-11,2.7631020735330303e-11
base-coord28-eps+0.1,base,18,2,3.0782539397478104e-06,0.0023367106914520264,0,0,0,0.6410596370697021,0.6425970792770386
base-coord28-eps+0.1,base,18,3,3.821565769612789e-06,0.0023367106914520264,0,2,1,1.0980373620986938,1.0978760719299316
base-coord28-eps+0.1,base,18,4,4.0092418203130364e-06,0.0016323328018188477,0,0,0,1.7732656002044678,1.773081660270691
base-coord28-eps+0.1,base,18,5,5.172609235160053e-06,0.0012144148349761963,1,1,0,2.387561321258545,2.3866987228393555
base-coord28-eps+0.1,base,19,0,0.0,0.0,0,0,0,-0.0,-0.0
base-coord28-eps+0.1,base,19,1,0.0,0.0,0,0,0,2.7631020735330303e-11,2.7631020735330303e-11
base-coord28-eps+0.1,base,19,2,3.687047865241766e-06,0.002637922763824463,0,0,0,0.6597113013267517,0.6610842347145081
base-coord28-eps+0.1,base,19,3,3.727589501067996e-06,0.002637922763824463,2,2,0,1.0941323041915894,1.0936952829360962
base-coord28-eps+0.1,base,19,4,4.375018761493266e-06,0.0017170161008834839,0,0,0,1.7815150022506714,1.7812285423278809
base-coord28-eps+0.1,base,19,5,5.205973138799891e-06,0.0011435598134994507,1,1,0,2.395327091217041,2.394516706466675
base-coord28-eps+0.1,base,20,0,0.0,0.0,0,0,0,-0.0,-0.0
base-coord28-eps+0.1,base,20,1,0.0,0.0,0,0,0,2.7631020735330303e-11,2.7631020735330303e-11
base-coord28-eps+0.1,base,20,2,4.582339897751808e-06,0.0029751360416412354,0,0,0,0.6741347312927246,0.6752877831459045
base-coord28-eps+0.1,base,20,3,4.642730345949531e-06,0.0029751360416412354,2,2,0,1.0877296924591064,1.0868439674377441
base-coord28-eps+0.1,base,20,4,5.028778105042875e-06,0.0017327219247817993,4,4,0,1.7761040925979614,1.775084137916565
base-coord28-eps+0.1,base,20,5,5.779969797004014e-06,0.0011775493621826172,10,10,0,2.4005417823791504,2.399225950241089
base-coord28-eps+0.1,base,21,0,0.0,0.0,0,0,0,-0.0,-0.0
base-coord28-eps+0.1,base,21,1,0.0,0.0,0,0,0,2.7631020735330303e-11,2.7631020735330303e-11
base-coord28-eps+0.1,base,21,2,3.2496172934770584e-06,0.0025060176849365234,0,0,0,0.6726022958755493,0.6736158132553101
base-coord28-eps+0.1,base,21,3,4.66144410893321e-06,0.002532392740249634,2,2,0,1.089184284210205,1.0884476900100708
base-coord28-eps+0.1,base,21,4,4.770379746332765e-06,0.0013331323862075806,5,5,0,1.7727106809616089,1.7718521356582642
base-coord28-eps+0.1,base,21,5,5.535555828828365e-06,0.0009263157844543457,10,10,0,2.4178500175476074,2.41676664352417
base-coord28-eps+0.1,base,22,0,0.0,0.0,0,0,0,-0.0,-0.0
base-coord28-eps+0.1,base,22,1,0.0,0.0,0,0,0,2.7631020735330303e-11,2.7631020735330303e-11
base-coord28-eps+0.1,base,22,2,2.9560760594904423e-06,0.0023643076419830322,0,0,0,0.6708649396896362,0.6718628406524658
base-coord28-eps+0.1,base,22,3,4.202942363917828e-06,0.002364248037338257,2,2,0,1.0868558883666992,1.0859613418579102
base-coord28-eps+0.1,base,22,4,4.487956175580621e-06,0.0012334585189819336,5,5,0,1.7686352729797363,1.7675697803497314
base-coord28-eps+0.1,base,22,5,5.483278073370457e-06,0.000868678092956543,10,10,0,2.399759531021118,2.3983185291290283
base-coord28-eps+0.1,base,23,0,0.0,0.0,0,0,0,-0.0,-0.0
base-coord28-eps+0.1,base,23,1,0.0,0.0,0,0,0,2.7631020735330303e-11,2.7631020735330303e-11
base-coord28-eps+0.1,base,23,2,3.6543351598083973e-06,0.0026018917560577393,0,0,0,0.6563936471939087,0.6578166484832764
base-coord28-eps+0.1,base,23,3,4.531117156147957e-06,0.0026018917560577393,2,2,0,1.0963481664657593,1.0959582328796387
base-coord28-eps+0.1,base,23,4,4.596993676386774e-06,0.0015309900045394897,1,1,0,1.7548635005950928,1.7547274827957153
base-coord28-eps+0.1,base,23,5,5.372130544856191e-06,0.0009777843952178955,10,10,0,2.3660199642181396,2.365633726119995
base-coord28-eps+0.1,extra,0,0,0.0,0.0,0,0,0,-0.0,-0.0
base-coord28-eps+0.1,extra,0,1,0.0,0.0,0,0,0,2.7631020735330303e-11,2.7631020735330303e-11
base-coord28-eps+0.1,extra,0,2,0.0,0.0,1,1,0,0.6931471824645996,0.6931471824645996
base-coord28-eps+0.1,extra,0,3,0.0,0.0,2,2,0,1.0397125482559204,1.0397125482559204
base-coord28-eps+0.1,extra,0,4,0.0,0.0,4,4,0,1.7328596115112305,1.7328596115112305
base-coord28-eps+0.1,extra,0,5,0.0,0.0,9,9,0,2.42600679397583,2.42600679397583
base-coord28-eps+0.1,extra,1,0,0.0,0.0,0,0,0,-0.0,-0.0
base-coord28-eps+0.1,extra,1,1,0.0,0.0,0,0,0,2.7631020735330303e-11,2.7631020735330303e-11
base-coord28-eps+0.1,extra,1,2,0.0,0.0,1,1,0,0.6927417516708374,0.6927417516708374
base-coord28-eps+0.1,extra,1,3,0.0,0.0,2,2,0,1.0269420146942139,1.0269420146942139
base-coord28-eps+0.1,extra,1,4,0.0,0.0,4,4,0,1.7186331748962402,1.7186331748962402
base-coord28-eps+0.1,extra,1,5,0.0,0.0,9,9,0,2.4116458892822266,2.4116458892822266
base-coord28-eps+0.1,extra,2,0,0.0,0.0,0,0,0,-0.0,-0.0
base-coord28-eps+0.1,extra,2,1,0.0,0.0,0,0,0,2.7631020735330303e-11,2.7631020735330303e-11
base-coord28-eps+0.1,extra,2,2,0.0,0.0,0,0,0,0.6931122541427612,0.6931122541427612
base-coord28-eps+0.1,extra,2,3,0.0,0.0,2,2,0,1.041733741760254,1.041733741760254
base-coord28-eps+0.1,extra,2,4,0.0,0.0,5,5,0,1.73465895652771,1.73465895652771
base-coord28-eps+0.1,extra,2,5,0.0,0.0,10,10,0,2.427602767944336,2.427602767944336
base-coord28-eps+0.1,extra,3,0,0.0,0.0,0,0,0,-0.0,-0.0
base-coord28-eps+0.1,extra,3,1,0.0,0.0,0,0,0,2.7631020735330303e-11,2.7631020735330303e-11
base-coord28-eps+0.1,extra,3,2,0.0,0.0,0,0,0,0.6931002140045166,0.6931002140045166
base-coord28-eps+0.1,extra,3,3,0.0,0.0,2,2,0,1.0430138111114502,1.0430138111114502
base-coord28-eps+0.1,extra,3,4,0.0,0.0,4,4,0,1.7361564636230469,1.7361564636230469
base-coord28-eps+0.1,extra,3,5,0.0,0.0,8,8,0,2.429299831390381,2.429299831390381
base-coord28-eps+0.1,extra,4,0,0.0,0.0,0,0,0,-0.0,-0.0
base-coord28-eps+0.1,extra,4,1,0.0,0.0,0,0,0,2.7631020735330303e-11,2.7631020735330303e-11
base-coord28-eps+0.1,extra,4,2,0.0,0.0,0,0,0,0.6931115388870239,0.6931115388870239
base-coord28-eps+0.1,extra,4,3,0.0,0.0,2,2,0,1.042546272277832,1.042546272277832
base-coord28-eps+0.1,extra,4,4,0.0,0.0,4,4,0,1.735680341720581,1.735680341720581
base-coord28-eps+0.1,extra,4,5,0.0,0.0,9,9,0,2.428821086883545,2.428821086883545
base-coord28-eps+0.1,extra,5,0,0.0,0.0,0,0,0,-0.0,-0.0
base-coord28-eps+0.1,extra,5,1,0.0,0.0,0,0,0,2.7631020735330303e-11,2.7631020735330303e-11
base-coord28-eps+0.1,extra,5,2,0.0,0.0,1,1,0,0.6930249929428101,0.6930249929428101
base-coord28-eps+0.1,extra,5,3,0.0,0.0,2,2,0,1.033265471458435,1.033265471458435
base-coord28-eps+0.1,extra,5,4,0.0,0.0,4,4,0,1.7257888317108154,1.7257888317108154
base-coord28-eps+0.1,extra,5,5,0.0,0.0,8,8,0,2.418933153152466,2.418933153152466
base-coord28-eps+0.1,extra,6,0,0.0,0.0,0,0,0,-0.0,-0.0
base-coord28-eps+0.1,extra,6,1,0.0,0.0,0,0,0,2.7631020735330303e-11,2.7631020735330303e-11
base-coord28-eps+0.1,extra,6,2,0.0,0.0,1,1,0,0.692909836769104,0.692909836769104
base-coord28-eps+0.1,extra,6,3,0.0,0.0,2,2,0,1.0316202640533447,1.0316202640533447
base-coord28-eps+0.1,extra,6,4,0.0,0.0,4,4,0,1.7243648767471313,1.7243648767471313
base-coord28-eps+0.1,extra,6,5,0.0,0.0,8,8,0,2.417485237121582,2.417485237121582
base-coord28-eps+0.1,extra,7,0,0.0,0.0,0,0,0,-0.0,-0.0
base-coord28-eps+0.1,extra,7,1,0.0,0.0,0,0,0,2.7631020735330303e-11,2.7631020735330303e-11
base-coord28-eps+0.1,extra,7,2,0.0,0.0,1,1,0,0.6919175386428833,0.6919175386428833
base-coord28-eps+0.1,extra,7,3,0.0,0.0,2,2,0,1.0155481100082397,1.0155481100082397
base-coord28-eps+0.1,extra,7,4,0.0,0.0,4,4,0,1.7049086093902588,1.7049086093902588
base-coord28-eps+0.1,extra,7,5,0.0,0.0,9,9,0,2.3979392051696777,2.3979392051696777
base-coord28-eps+0.1,extra,8,0,0.0,0.0,0,0,0,-0.0,-0.0
base-coord28-eps+0.1,extra,8,1,0.0,0.0,0,0,0,2.7631020735330303e-11,2.7631020735330303e-11
base-coord28-eps+0.1,extra,8,2,0.0,0.0,1,1,0,0.6925863027572632,0.6925863027572632
base-coord28-eps+0.1,extra,8,3,0.0,0.0,2,2,0,1.0252658128738403,1.0252658128738403
base-coord28-eps+0.1,extra,8,4,0.0,0.0,4,4,0,1.7167961597442627,1.7167961597442627
base-coord28-eps+0.1,extra,8,5,0.0,0.0,9,9,0,2.409912109375,2.409912109375
base-coord28-eps+0.1,extra,9,0,0.0,0.0,0,0,0,-0.0,-0.0
base-coord28-eps+0.1,extra,9,1,0.0,0.0,0,0,0,2.7631020735330303e-11,2.7631020735330303e-11
base-coord28-eps+0.1,extra,9,2,0.0,0.0,0,0,0,0.6928039789199829,0.6928039789199829
base-coord28-eps+0.1,extra,9,3,0.0,0.0,2,2,0,1.0483793020248413,1.0483793020248413
base-coord28-eps+0.1,extra,9,4,0.0,0.0,5,5,0,1.741260051727295,1.741260051727295
base-coord28-eps+0.1,extra,9,5,0.0,0.0,11,11,0,2.4343836307525635,2.4343836307525635
base-coord28-eps+0.1,extra,10,0,0.0,0.0,0,0,0,-0.0,-0.0
base-coord28-eps+0.1,extra,10,1,0.0,0.0,0,0,0,2.7631020735330303e-11,2.7631020735330303e-11
base-coord28-eps+0.1,extra,10,2,0.0,0.0,0,0,0,0.6931271553039551,0.6931271553039551
base-coord28-eps+0.1,extra,10,3,0.0,0.0,2,2,0,1.0418299436569214,1.0418299436569214
base-coord28-eps+0.1,extra,10,4,0.0,0.0,5,5,0,1.7349566221237183,1.7349566221237183
base-coord28-eps+0.1,extra,10,5,0.0,0.0,9,9,0,2.428034782409668,2.428034782409668
base-coord28-eps+0.1,extra,11,0,0.0,0.0,0,0,0,-0.0,-0.0
base-coord28-eps+0.1,extra,11,1,0.0,0.0,0,0,0,2.7631020735330303e-11,2.7631020735330303e-11
base-coord28-eps+0.1,extra,11,2,0.0,0.0,0,0,0,0.6931216716766357,0.6931216716766357
base-coord28-eps+0.1,extra,11,3,0.0,0.0,2,2,0,1.041774034500122,1.041774034500122
base-coord28-eps+0.1,extra,11,4,0.0,0.0,5,5,0,1.734678030014038,1.734678030014038
base-coord28-eps+0.1,extra,11,5,0.0,0.0,10,10,0,2.4278171062469482,2.4278171062469482
base-coord28-eps+0.1,extra,12,0,0.0,0.0,0,0,0,-0.0,-0.0
base-coord28-eps+0.1,extra,12,1,0.0,0.0,0,0,0,2.7631020735330303e-11,2.7631020735330303e-11
base-coord28-eps+0.1,extra,12,2,0.0,0.0,1,1,0,0.6919527649879456,0.6919527649879456
base-coord28-eps+0.1,extra,12,3,0.0,0.0,2,2,0,1.0154986381530762,1.0154986381530762
base-coord28-eps+0.1,extra,12,4,0.0,0.0,4,4,0,1.7046040296554565,1.7046040296554565
base-coord28-eps+0.1,extra,12,5,0.0,0.0,9,9,0,2.3975648880004883,2.3975648880004883
base-coord28-eps+0.1,extra,13,0,0.0,0.0,0,0,0,-0.0,-0.0
base-coord28-eps+0.1,extra,13,1,0.0,0.0,0,0,0,2.7631020735330303e-11,2.7631020735330303e-11
base-coord28-eps+0.1,extra,13,2,0.0,0.0,0,0,0,0.6925962567329407,0.6925962567329407
base-coord28-eps+0.1,extra,13,3,0.0,0.0,2,2,0,1.0490986108779907,1.0490986108779907
base-coord28-eps+0.1,extra,13,4,0.0,0.0,5,5,0,1.741088628768921,1.741088628768921
base-coord28-eps+0.1,extra,13,5,0.0,0.0,10,10,0,2.4342041015625,2.4342041015625
base-coord28-eps+0.1,extra,14,0,0.0,0.0,0,0,0,-0.0,-0.0
base-coord28-eps+0.1,extra,14,1,0.0,0.0,0,0,0,2.7631020735330303e-11,2.7631020735330303e-11
base-coord28-eps+0.1,extra,14,2,0.0,0.0,0,0,0,0.6921615600585938,0.6921615600585938
base-coord28-eps+0.1,extra,14,3,0.0,0.0,2,2,0,1.053002119064331,1.053002119064331
base-coord28-eps+0.1,extra,14,4,0.0,0.0,5,5,0,1.7449181079864502,1.7449181079864502
base-coord28-eps+0.1,extra,14,5,0.0,0.0,11,11,0,2.438016653060913,2.438016653060913
base-coord28-eps+0.1,extra,15,0,0.0,0.0,0,0,0,-0.0,-0.0
base-coord28-eps+0.1,extra,15,1,0.0,0.0,0,0,0,2.7631020735330303e-11,2.7631020735330303e-11
base-coord28-eps+0.1,extra,15,2,0.0,0.0,0,0,0,0.6929476857185364,0.6929476857185364
base-coord28-eps+0.1,extra,15,3,0.0,0.0,2,2,0,1.0461158752441406,1.0461158752441406
base-coord28-eps+0.1,extra,15,4,0.0,0.0,5,5,0,1.7390376329421997,1.7390376329421997
base-coord28-eps+0.1,extra,15,5,0.0,0.0,10,10,0,2.4321401119232178,2.4321401119232178
base-coord28-eps+0.1,extra,16,0,0.0,0.0,0,0,0,-0.0,-0.0
base-coord28-eps+0.1,extra,16,1,0.0,0.0,0,0,0,2.7631020735330303e-11,2.7631020735330303e-11
base-coord28-eps+0.1,extra,16,2,0.0,0.0,1,1,0,0.6931310892105103,0.6931310892105103
base-coord28-eps+0.1,extra,16,3,0.0,0.0,2,2,0,1.0377330780029297,1.0377330780029297
base-coord28-eps+0.1,extra,16,4,0.0,0.0,4,4,0,1.730865478515625,1.730865478515625
base-coord28-eps+0.1,extra,16,5,0.0,0.0,8,8,0,2.424008846282959,2.424008846282959
base-coord28-eps+0.1,extra,17,0,0.0,0.0,0,0,0,-0.0,-0.0
base-coord28-eps+0.1,extra,17,1,0.0,0.0,0,0,0,2.7631020735330303e-11,2.7631020735330303e-11
base-coord28-eps+0.1,extra,17,2,0.0,0.0,0,0,0,0.6930968761444092,0.6930968761444092
base-coord28-eps+0.1,extra,17,3,0.0,0.0,2,2,0,1.0429779291152954,1.0429779291152954
base-coord28-eps+0.1,extra,17,4,0.0,0.0,4,4,0,1.736116647720337,1.736116647720337
base-coord28-eps+0.1,extra,17,5,0.0,0.0,9,9,0,2.4291458129882812,2.4291458129882812
base-coord28-eps+0.1,extra,18,0,0.0,0.0,0,0,0,-0.0,-0.0
base-coord28-eps+0.1,extra,18,1,0.0,0.0,0,0,0,2.7631020735330303e-11,2.7631020735330303e-11
base-coord28-eps+0.1,extra,18,2,0.0,0.0,0,0,0,0.692670464515686,0.692670464515686
base-coord28-eps+0.1,extra,18,3,0.0,0.0,2,2,0,1.0481799840927124,1.0481799840927124
base-coord28-eps+0.1,extra,18,4,0.0,0.0,5,5,0,1.7400339841842651,1.7400339841842651
base-coord28-eps+0.1,extra,18,5,0.0,0.0,10,10,0,2.43314266204834,2.43314266204834
base-coord28-eps+0.1,extra,19,0,0.0,0.0,0,0,0,-0.0,-0.0
base-coord28-eps+0.1,extra,19,1,0.0,0.0,0,0,0,2.7631020735330303e-11,2.7631020735330303e-11
base-coord28-eps+0.1,extra,19,2,0.0,0.0,0,0,0,0.6929329037666321,0.6929329037666321
base-coord28-eps+0.1,extra,19,3,0.0,0.0,2,2,0,1.0452438592910767,1.0452438592910767
base-coord28-eps+0.1,extra,19,4,0.0,0.0,5,5,0,1.7375059127807617,1.7375059127807617
base-coord28-eps+0.1,extra,19,5,0.0,0.0,10,10,0,2.4306249618530273,2.4306249618530273
base-coord28-eps+0.1,extra,20,0,0.0,0.0,0,0,0,-0.0,-0.0
base-coord28-eps+0.1,extra,20,1,0.0,0.0,0,0,0,2.7631020735330303e-11,2.7631020735330303e-11
base-coord28-eps+0.1,extra,20,2,0.0,0.0,1,1,0,0.692352294921875,0.692352294921875
base-coord28-eps+0.1,extra,20,3,0.0,0.0,2,2,0,1.0236475467681885,1.0236475467681885
base-coord28-eps+0.1,extra,20,4,0.0,0.0,4,4,0,1.715409517288208,1.715409517288208
base-coord28-eps+0.1,extra,20,5,0.0,0.0,9,9,0,2.408513069152832,2.408513069152832
base-coord28-eps+0.1,extra,21,0,0.0,0.0,0,0,0,-0.0,-0.0
base-coord28-eps+0.1,extra,21,1,0.0,0.0,0,0,0,2.7631020735330303e-11,2.7631020735330303e-11
base-coord28-eps+0.1,extra,21,2,0.0,0.0,1,1,0,0.6927247643470764,0.6927247643470764
base-coord28-eps+0.1,extra,21,3,0.0,0.0,2,2,0,1.0286304950714111,1.0286304950714111
base-coord28-eps+0.1,extra,21,4,0.0,0.0,4,4,0,1.7210500240325928,1.7210500240325928
base-coord28-eps+0.1,extra,21,5,0.0,0.0,8,8,0,2.4141809940338135,2.4141809940338135
base-coord28-eps+0.1,extra,22,0,0.0,0.0,0,0,0,-0.0,-0.0
base-coord28-eps+0.1,extra,22,1,0.0,0.0,0,0,0,2.7631020735330303e-11,2.7631020735330303e-11
base-coord28-eps+0.1,extra,22,2,0.0,0.0,0,0,0,0.6931215524673462,0.6931215524673462
base-coord28-eps+0.1,extra,22,3,0.0,0.0,2,2,0,1.0419191122055054,1.0419191122055054
base-coord28-eps+0.1,extra,22,4,0.0,0.0,5,5,0,1.7348988056182861,1.7348988056182861
base-coord28-eps+0.1,extra,22,5,0.0,0.0,10,10,0,2.4280405044555664,2.4280405044555664
base-coord28-eps+0.1,extra,23,0,0.0,0.0,0,0,0,-0.0,-0.0
base-coord28-eps+0.1,extra,23,1,0.0,0.0,0,0,0,2.7631020735330303e-11,2.7631020735330303e-11
base-coord28-eps+0.1,extra,23,2,0.0,0.0,1,1,0,0.6928062438964844,0.6928062438964844
base-coord28-eps+0.1,extra,23,3,0.0,0.0,2,2,0,1.0286445617675781,1.0286445617675781
base-coord28-eps+0.1,extra,23,4,0.0,0.0,4,4,0,1.7208653688430786,1.7208653688430786
base-coord28-eps+0.1,extra,23,5,0.0,0.0,9,9,0,2.4138734340667725,2.4138734340667725
extra-coord0-eps+0.1,base,0,0,0.0,0.0,0,0,0,-0.0,-0.0
extra-coord0-eps+0.1,base,0,1,0.0,0.0,0,0,0,2.7631020735330303e-11,2.7631020735330303e-11
extra-coord0-eps+0.1,base,0,2,0.0,0.0,0,0,0,0.6171221137046814,0.6171221137046814
extra-coord0-eps+0.1,base,0,3,0.0,0.0,0,0,0,1.0702056884765625,1.0702056884765625
extra-coord0-eps+0.1,base,0,4,0.0,0.0,0,0,0,1.696080207824707,1.696080207824707
extra-coord0-eps+0.1,base,0,5,0.0,0.0,1,1,0,2.324937343597412,2.324937343597412
extra-coord0-eps+0.1,base,1,0,0.0,0.0,0,0,0,-0.0,-0.0
extra-coord0-eps+0.1,base,1,1,0.0,0.0,0,0,0,2.7631020735330303e-11,2.7631020735330303e-11
extra-coord0-eps+0.1,base,1,2,0.0,0.0,0,0,0,0.5269904136657715,0.5269904136657715
extra-coord0-eps+0.1,base,1,3,0.0,0.0,1,1,0,1.0610800981521606,1.0610800981521606
extra-coord0-eps+0.1,base,1,4,0.0,0.0,2,2,0,1.7326222658157349,1.7326222658157349
extra-coord0-eps+0.1,base,1,5,0.0,0.0,4,4,0,2.3044204711914062,2.3044204711914062
extra-coord0-eps+0.1,base,2,0,0.0,0.0,0,0,0,-0.0,-0.0
extra-coord0-eps+0.1,base,2,1,0.0,0.0,0,0,0,2.7631020735330303e-11,2.7631020735330303e-11
extra-coord0-eps+0.1,base,2,2,0.0,0.0,0,0,0,0.5913949012756348,0.5913949012756348
extra-coord0-eps+0.1,base,2,3,0.0,0.0,1,1,0,1.0749508142471313,1.0749508142471313
extra-coord0-eps+0.1,base,2,4,0.0,0.0,2,2,0,1.7521616220474243,1.7521616220474243
extra-coord0-eps+0.1,base,2,5,0.0,0.0,4,4,0,2.3563497066497803,2.3563497066497803
extra-coord0-eps+0.1,base,3,0,0.0,0.0,0,0,0,-0.0,-0.0
extra-coord0-eps+0.1,base,3,1,0.0,0.0,0,0,0,2.7631020735330303e-11,2.7631020735330303e-11
extra-coord0-eps+0.1,base,3,2,0.0,0.0,0,0,0,0.5860381126403809,0.5860381126403809
extra-coord0-eps+0.1,base,3,3,0.0,0.0,1,1,0,1.0852066278457642,1.0852066278457642
extra-coord0-eps+0.1,base,3,4,0.0,0.0,2,2,0,1.7721664905548096,1.7721664905548096
extra-coord0-eps+0.1,base,3,5,0.0,0.0,4,4,0,2.379093885421753,2.379093885421753
extra-coord0-eps+0.1,base,4,0,0.0,0.0,0,0,0,-0.0,-0.0
extra-coord0-eps+0.1,base,4,1,0.0,0.0,0,0,0,2.7631020735330303e-11,2.7631020735330303e-11
extra-coord0-eps+0.1,base,4,2,0.0,0.0,0,0,0,0.5541833639144897,0.5541833639144897
extra-coord0-eps+0.1,base,4,3,0.0,0.0,1,1,0,1.06869375705719,1.06869375705719
extra-coord0-eps+0.1,base,4,4,0.0,0.0,2,2,0,1.7079049348831177,1.7079049348831177
extra-coord0-eps+0.1,base,4,5,0.0,0.0,4,4,0,2.323660135269165,2.323660135269165
extra-coord0-eps+0.1,base,5,0,0.0,0.0,0,0,0,-0.0,-0.0
extra-coord0-eps+0.1,base,5,1,0.0,0.0,0,0,0,2.7631020735330303e-11,2.7631020735330303e-11
extra-coord0-eps+0.1,base,5,2,0.0,0.0,0,0,0,0.5436118841171265,0.5436118841171265
extra-coord0-eps+0.1,base,5,3,0.0,0.0,1,1,0,1.0737783908843994,1.0737783908843994
extra-coord0-eps+0.1,base,5,4,0.0,0.0,1,1,0,1.718468189239502,1.718468189239502
extra-coord0-eps+0.1,base,5,5,0.0,0.0,3,3,0,2.328511953353882,2.328511953353882
extra-coord0-eps+0.1,base,6,0,0.0,0.0,0,0,0,-0.0,-0.0
extra-coord0-eps+0.1,base,6,1,0.0,0.0,0,0,0,2.7631020735330303e-11,2.7631020735330303e-11
extra-coord0-eps+0.1,base,6,2,0.0,0.0,0,0,0,0.4505731463432312,0.4505731463432312
extra-coord0-eps+0.1,base,6,3,0.0,0.0,0,0,0,1.011746883392334,1.011746883392334
extra-coord0-eps+0.1,base,6,4,0.0,0.0,1,1,0,1.6587910652160645,1.6587910652160645
extra-coord0-eps+0.1,base,6,5,0.0,0.0,3,3,0,2.227552652359009,2.227552652359009
extra-coord0-eps+0.1,base,7,0,0.0,0.0,0,0,0,-0.0,-0.0
extra-coord0-eps+0.1,base,7,1,0.0,0.0,0,0,0,2.7631020735330303e-11,2.7631020735330303e-11
extra-coord0-eps+0.1,base,7,2,0.0,0.0,0,0,0,0.501283586025238,0.501283586025238
extra-coord0-eps+0.1,base,7,3,0.0,0.0,1,1,0,1.0551543235778809,1.0551543235778809
extra-coord0-eps+0.1,base,7,4,0.0,0.0,1,1,0,1.6177887916564941,1.6177887916564941
extra-coord0-eps+0.1,base,7,5,0.0,0.0,3,3,0,2.2255420684814453,2.2255420684814453
extra-coord0-eps+0.1,base,8,0,0.0,0.0,0,0,0,-0.0,-0.0
extra-coord0-eps+0.1,base,8,1,0.0,0.0,0,0,0,2.7631020735330303e-11,2.7631020735330303e-11
extra-coord0-eps+0.1,base,8,2,0.0,0.0,0,0,0,0.4689561128616333,0.4689561128616333
extra-coord0-eps+0.1,base,8,3,0.0,0.0,1,1,0,1.0383914709091187,1.0383914709091187
extra-coord0-eps+0.1,base,8,4,0.0,0.0,1,1,0,1.5958952903747559,1.5958952903747559
extra-coord0-eps+0.1,base,8,5,0.0,0.0,3,3,0,2.1992292404174805,2.1992292404174805
extra-coord0-eps+0.1,base,9,0,0.0,0.0,0,0,0,-0.0,-0.0
extra-coord0-eps+0.1,base,9,1,0.0,0.0,0,0,0,2.7631020735330303e-11,2.7631020735330303e-11
extra-coord0-eps+0.1,base,9,2,0.0,0.0,0,0,0,0.5450583696365356,0.5450583696365356
extra-coord0-eps+0.1,base,9,3,0.0,0.0,0,0,0,1.0674898624420166,1.0674898624420166
extra-coord0-eps+0.1,base,9,4,0.0,0.0,1,1,0,1.6491222381591797,1.6491222381591797
extra-coord0-eps+0.1,base,9,5,0.0,0.0,3,3,0,2.2161808013916016,2.2161808013916016
extra-coord0-eps+0.1,base,10,0,0.0,0.0,0,0,0,-0.0,-0.0
extra-coord0-eps+0.1,base,10,1,0.0,0.0,0,0,0,2.7631020735330303e-11,2.7631020735330303e-11
extra-coord0-eps+0.1,base,10,2,0.0,0.0,0,0,0,0.6805204153060913,0.6805204153060913
extra-coord0-eps+0.1,base,10,3,0.0,0.0,2,2,0,1.051751971244812,1.051751971244812
extra-coord0-eps+0.1,base,10,4,0.0,0.0,3,3,0,1.685776948928833,1.685776948928833
extra-coord0-eps+0.1,base,10,5,0.0,0.0,10,10,0,2.2914929389953613,2.2914929389953613
extra-coord0-eps+0.1,base,11,0,0.0,0.0,0,0,0,-0.0,-0.0
extra-coord0-eps+0.1,base,11,1,0.0,0.0,0,0,0,2.7631020735330303e-11,2.7631020735330303e-11
extra-coord0-eps+0.1,base,11,2,0.0,0.0,1,1,0,0.6909429430961609,0.6909429430961609
extra-coord0-eps+0.1,base,11,3,0.0,0.0,2,2,0,0.9875777959823608,0.9875777959823608
extra-coord0-eps+0.1,base,11,4,0.0,0.0,5,5,0,1.6459509134292603,1.6459509134292603
extra-coord0-eps+0.1,base,11,5,0.0,0.0,10,10,0,2.2671971321105957,2.2671971321105957
extra-coord0-eps+0.1,base,12,0,0.0,0.0,0,0,0,-0.0,-0.0
extra-coord0-eps+0.1,base,12,1,0.0,0.0,0,0,0,2.7631020735330303e-11,2.7631020735330303e-11
extra-coord0-eps+0.1,base,12,2,0.0,0.0,1,1,0,0.6620690822601318,0.6620690822601318
extra-coord0-eps+0.1,base,12,3,0.0,0.0,2,2,0,0.918744683265686,0.918744683265686
extra-coord0-eps+0.1,base,12,4,0.0,0.0,5,5,0,1.589158296585083,1.589158296585083
extra-coord0-eps+0.1,base,12,5,0.0,0.0,10,10,0,2.2158315181732178,2.2158315181732178
extra-coord0-eps+0.1,base,13,0,0.0,0.0,0,0,0,-0.0,-0.0
extra-coord0-eps+0.1,base,13,1,0.0,0.0,0,0,0,2.7631020735330303e-11,2.7631020735330303e-11
extra-coord0-eps+0.1,base,13,2,0.0,0.0,1,1,0,0.6793262958526611,0.6793262958526611
extra-coord0-eps+0.1,base,13,3,0.0,0.0,2,2,0,0.9684105515480042,0.9684105515480042
extra-coord0-eps+0.1,base,13,4,0.0,0.0,5,5,0,1.6541523933410645,1.6541523933410645
extra-coord0-eps+0.1,base,13,5,0.0,0.0,10,10,0,2.2556893825531006,2.2556893825531006
extra-coord0-eps+0.1,base,14,0,0.0,0.0,0,0,0,-0.0,-0.0
extra-coord0-eps+0.1,base,14,1,0.0,0.0,0,0,0,2.7631020735330303e-11,2.7631020735330303e-11
extra-coord0-eps+0.1,base,14,2,0.0,0.0,1,1,0,0.6922781467437744,0.6922781467437744
extra-coord0-eps+0.1,base,14,3,0.0,0.0,2,2,0,1.0200303792953491,1.0200303792953491
extra-coord0-eps+0.1,base,14,4,0.0,0.0,5,5,0,1.6741700172424316,1.6741700172424316
extra-coord0-eps+0.1,base,14,5,0.0,0.0,10,10,0,2.2776756286621094,2.2776756286621094
extra-coord0-eps+0.1,base,15,0,0.0,0.0,0,0,0,-0.0,-0.0
extra-coord0-eps+0.1,base,15,1,0.0,0.0,0,0,0,2.7631020735330303e-11,2.7631020735330303e-11
extra-coord0-eps+0.1,base,15,2,0.0,0.0,0,0,0,0.6925474405288696,0.6925474405288696
extra-coord0-eps+0.1,base,15,3,0.0,0.0,2,2,0,1.0510379076004028,1.0510379076004028
extra-coord0-eps+0.1,base,15,4,0.0,0.0,5,5,0,1.6834691762924194,1.6834691762924194
extra-coord0-eps+0.1,base,15,5,0.0,0.0,10,10,0,2.300161838531494,2.300161838531494
extra-coord0-eps+0.1,base,16,0,0.0,0.0,0,0,0,-0.0,-0.0
extra-coord0-eps+0.1,base,16,1,0.0,0.0,0,0,0,2.7631020735330303e-11,2.7631020735330303e-11
extra-coord0-eps+0.1,base,16,2,0.0,0.0,0,0,0,0.6714673042297363,0.6714673042297363
extra-coord0-eps+0.1,base,16,3,0.0,0.0,2,2,0,1.06581711769104,1.06581711769104
extra-coord0-eps+0.1,base,16,4,0.0,0.0,1,1,0,1.7512331008911133,1.7512331008911133
extra-coord0-eps+0.1,base,16,5,0.0,0.0,1,1,0,2.311168670654297,2.311168670654297
extra-coord0-eps+0.1,base,17,0,0.0,0.0,0,0,0,-0.0,-0.0
extra-coord0-eps+0.1,base,17,1,0.0,0.0,0,0,0,2.7631020735330303e-11,2.7631020735330303e-11
extra-coord0-eps+0.1,base,17,2,0.0,0.0,0,0,0,0.643830418586731,0.643830418586731
extra-coord0-eps+0.1,base,17,3,0.0,0.0,0,0,0,1.0585259199142456,1.0585259199142456
extra-coord0-eps+0.1,base,17,4,0.0,0.0,0,0,0,1.7302496433258057,1.7302496433258057
extra-coord0-eps+0.1,base,17,5,0.0,0.0,1,1,0,2.3292813301086426,2.3292813301086426
extra-coord0-eps+0.1,base,18,0,0.0,0.0,0,0,0,-0.0,-0.0
extra-coord0-eps+0.1,base,18,1,0.0,0.0,0,0,0,2.7631020735330303e-11,2.7631020735330303e-11
extra-coord0-eps+0.1,base,18,2,0.0,0.0,0,0,0,0.6410596370697021,0.6410596370697021
extra-coord0-eps+0.1,base,18,3,0.0,0.0,0,0,0,1.0980373620986938,1.0980373620986938
extra-coord0-eps+0.1,base,18,4,0.0,0.0,0,0,0,1.7732656002044678,1.7732656002044678
extra-coord0-eps+0.1,base,18,5,0.0,0.0,1,1,0,2.387561321258545,2.387561321258545
extra-coord0-eps+0.1,base,19,0,0.0,0.0,0,0,0,-0.0,-0.0
extra-coord0-eps+0.1,base,19,1,0.0,0.0,0,0,0,2.7631020735330303e-11,2.7631020735330303e-11
extra-coord0-eps+0.1,base,19,2,0.0,0.0,0,0,0,0.6597113013267517,0.6597113013267517
extra-coord0-eps+0.1,base,19,3,0.0,0.0,2,2,0,1.0941323041915894,1.0941323041915894
extra-coord0-eps+0.1,base,19,4,0.0,0.0,0,0,0,1.7815150022506714,1.7815150022506714
extra-coord0-eps+0.1,base,19,5,0.0,0.0,1,1,0,2.395327091217041,2.395327091217041
extra-coord0-eps+0.1,base,20,0,0.0,0.0,0,0,0,-0.0,-0.0
extra-coord0-eps+0.1,base,20,1,0.0,0.0,0,0,0,2.7631020735330303e-11,2.7631020735330303e-11
extra-coord0-eps+0.1,base,20,2,0.0,0.0,0,0,0,0.6741347312927246,0.6741347312927246
extra-coord0-eps+0.1,base,20,3,0.0,0.0,2,2,0,1.0877296924591064,1.0877296924591064
extra-coord0-eps+0.1,base,20,4,0.0,0.0,4,4,0,1.7761040925979614,1.7761040925979614
extra-coord0-eps+0.1,base,20,5,0.0,0.0,10,10,0,2.4005417823791504,2.4005417823791504
extra-coord0-eps+0.1,base,21,0,0.0,0.0,0,0,0,-0.0,-0.0
extra-coord0-eps+0.1,base,21,1,0.0,0.0,0,0,0,2.7631020735330303e-11,2.7631020735330303e-11
extra-coord0-eps+0.1,base,21,2,0.0,0.0,0,0,0,0.6726022958755493,0.6726022958755493
extra-coord0-eps+0.1,base,21,3,0.0,0.0,2,2,0,1.089184284210205,1.089184284210205
extra-coord0-eps+0.1,base,21,4,0.0,0.0,5,5,0,1.7727106809616089,1.7727106809616089
extra-coord0-eps+0.1,base,21,5,0.0,0.0,10,10,0,2.4178500175476074,2.4178500175476074
extra-coord0-eps+0.1,base,22,0,0.0,0.0,0,0,0,-0.0,-0.0
extra-coord0-eps+0.1,base,22,1,0.0,0.0,0,0,0,2.7631020735330303e-11,2.7631020735330303e-11
extra-coord0-eps+0.1,base,22,2,0.0,0.0,0,0,0,0.6708649396896362,0.6708649396896362
extra-coord0-eps+0.1,base,22,3,0.0,0.0,2,2,0,1.0868558883666992,1.0868558883666992
extra-coord0-eps+0.1,base,22,4,0.0,0.0,5,5,0,1.7686352729797363,1.7686352729797363
extra-coord0-eps+0.1,base,22,5,0.0,0.0,10,10,0,2.399759531021118,2.399759531021118
extra-coord0-eps+0.1,base,23,0,0.0,0.0,0,0,0,-0.0,-0.0
extra-coord0-eps+0.1,base,23,1,0.0,0.0,0,0,0,2.7631020735330303e-11,2.7631020735330303e-11
extra-coord0-eps+0.1,base,23,2,0.0,0.0,0,0,0,0.6563936471939087,0.6563936471939087
extra-coord0-eps+0.1,base,23,3,0.0,0.0,2,2,0,1.0963481664657593,1.0963481664657593
extra-coord0-eps+0.1,base,23,4,0.0,0.0,1,1,0,1.7548635005950928,1.7548635005950928
extra-coord0-eps+0.1,base,23,5,0.0,0.0,10,10,0,2.3660199642181396,2.3660199642181396
extra-coord0-eps+0.1,extra,0,0,0.0,0.0,0,0,0,-0.0,-0.0
extra-coord0-eps+0.1,extra,0,1,0.0,0.0,0,0,0,2.7631020735330303e-11,2.7631020735330303e-11
extra-coord0-eps+0.1,extra,0,2,-2.9802407652823604e-08,7.748603820800781e-07,1,1,0,0.6931471824645996,0.6931471824645996
extra-coord0-eps+0.1,extra,0,3,-2.9801299206155818e-08,1.1324882507324219e-06,2,2,0,1.0397125482559204,1.0397131443023682
extra-coord0-eps+0.1,extra,0,4,-2.9801157097608666e-08,1.1175870895385742e-06,4,4,0,1.7328596115112305,1.7328602075576782
extra-coord0-eps+0.1,extra,0,5,-7.4493087254268175e-09,5.587935447692871e-07,9,9,0,2.42600679397583,2.4260075092315674
extra-coord0-eps+0.1,extra,1,0,0.0,0.0,0,0,0,-0.0,-0.0
extra-coord0-eps+0.1,extra,1,1,0.0,0.0,0,0,0,2.7631020735330303e-11,2.7631020735330303e-11
extra-coord0-eps+0.1,extra,1,2,8.067581802606583e-08,0.0003744363784790039,1,1,0,0.6927417516708374,0.6927628517150879
extra-coord0-eps+0.1,extra,1,3,1.6479862097185105e-07,0.00043620169162750244,2,2,0,1.0269420146942139,1.0272748470306396
extra-coord0-eps+0.1,extra,1,4,1.6028752725105733e-07,0.0003039240837097168,4,4,0,1.7186331748962402,1.7189621925354004
extra-coord0-eps+0.1,extra,1,5,1.693761078058742e-07,0.00015209242701530457,9,9,0,2.4116458892822266,2.4119749069213867
extra-coord0-eps+0.1,extra,2,0,0.0,0.0,0,0,0,-0.0,-0.0
extra-coord0-eps+0.1,extra,2,1,0.0,0.0,0,0,0,2.7631020735330303e-11,2.7631020735330303e-11
extra-coord0-eps+0.1,extra,2,2,7.714697858318686e-08,0.0003895759582519531,0,0,0,0.6931122541427612,0.6931054592132568
extra-coord0-eps+0.1,extra,2,3,1.0716513543229667e-07,0.0003895759582519531,2,2,0,1.041733741760254,1.0419752597808838
extra-coord0-eps+0.1,extra,2,4,1.5554542187601328e-07,0.00040799379348754883,5,5,0,1.73465895652771,1.7349086999893188
extra-coord0-eps+0.1,extra,2,5,1.7843922250904143e-07,0.00020422041416168213,10,10,0,2.427602767944336,2.4278526306152344
extra-coord0-eps+0.1,extra,3,0,0.0,0.0,0,0,0,-0.0,-0.0
extra-coord0-eps+0.1,extra,3,1,0.0,0.0,0,0,0,2.7631020735330303e-11,2.7631020735330303e-11
extra-coord0-eps+0.1,extra,3,2,7.42329575587064e-09,8.618831634521484e-05,0,0,0,0.6931002140045166,0.6930985450744629
extra-coord0-eps+0.1,extra,3,3,2.916067387559451e-08,0.00010135769844055176,2,2,0,1.0430138111114502,1.0430727005004883
extra-coord0-eps+0.1,extra,3,4,7.913513400126249e-09,9.670853614807129e-05,4,4,0,1.7361564636230469,1.736215591430664
extra-coord0-eps+0.1,extra,3,5,1.5095793060027063e-08,4.8413872718811035e-05,8,8,0,2.429299831390381,2.429358959197998
extra-coord0-eps+0.1,extra,4,0,0.0,0.0,0,0,0,-0.0,-0.0
extra-coord0-eps+0.1,extra,4,1,0.0,0.0,0,0,0,2.7631020735330303e-11,2.7631020735330303e-11
extra-coord0-eps+0.1,extra,4,2,-4.42119016952347e-08,2.950429916381836e-05,0,0,0,0.6931115388870239,0.6931110620498657
extra-coord0-eps+0.1,extra,4,3,1.5878754311415832e-08,2.950429916381836e-05,2,2,0,1.042546272277832,1.0425664186477661
extra-coord0-eps+0.1,extra,4,4,-2.5974259187933058e-08,3.663450479507446e-05,4,4,0,1.735680341720581,1.7357003688812256
extra-coord0-eps+0.1,extra,4,5,-1.9121216610074043e-08,1.8343329429626465e-05,9,9,0,2.428821086883545,2.4288413524627686
extra-coord0-eps+0.1,extra,5,0,0.0,0.0,0,0,0,-0.0,-0.0
extra-coord0-eps+0.1,extra,5,1,0.0,0.0,0,0,0,2.7631020735330303e-11,2.7631020735330303e-11
extra-coord0-eps+0.1,extra,5,2,1.5304249245673418e-07,0.0006013214588165283,1,1,0,0.6930249929428101,0.693043053150177
extra-coord0-eps+0.1,extra,5,3,3.078480403928552e-07,0.0006182044744491577,2,2,0,1.033265471458435,1.0337398052215576
extra-coord0-eps+0.1,extra,5,4,3.6297933547757566e-07,0.0005173683166503906,4,4,0,1.7257888317108154,1.7262578010559082
extra-coord0-eps+0.1,extra,5,5,3.615095920395106e-07,0.0002588890492916107,8,8,0,2.418933153152466,2.4194023609161377
extra-coord0-eps+0.1,extra,6,0,0.0,0.0,0,0,0,-0.0,-0.0
extra-coord0-eps+0.1,extra,6,1,0.0,0.0,0,0,0,2.7631020735330303e-11,2.7631020735330303e-11
extra-coord0-eps+0.1,extra,6,2,2.0576408132910728e-07,0.0006200075149536133,1,1,0,0.692909836769104,0.6929360628128052
extra-coord0-eps+0.1,extra,6,3,2.967368004647142e-07,0.0006229877471923828,2,2,0,1.0316202640533447,1.0320985317230225
extra-coord0-eps+0.1,extra,6,4,4.088760761078447e-07,0.0005356594920158386,4,4,0,1.7243648767471313,1.7248406410217285
extra-coord0-eps+0.1,extra,6,5,4.3806903704535216e-07,0.0002679303288459778,8,8,0,2.417485237121582,2.4179611206054688
extra-coord0-eps+0.1,extra,7,0,0.0,0.0,0,0,0,-0.0,-0.0
extra-coord0-eps+0.1,extra,7,1,0.0,0.0,0,0,0,2.7631020735330303e-11,2.7631020735330303e-11
extra-coord0-eps+0.1,extra,7,2,3.5877746995538473e-07,0.0008628368377685547,1,1,0,0.6919175386428833,0.6920017004013062
extra-coord0-eps+0.1,extra,7,3,6.717227734043263e-07,0.0008827447891235352,2,2,0,1.0155481100082397,1.0163811445236206
extra-coord0-eps+0.1,extra,7,4,7.489579729735851e-07,0.0006626248359680176,4,4,0,1.7049086093902588,1.7057279348373413
extra-coord0-eps+0.1,extra,7,5,7.333510438911617e-07,0.0003313496708869934,9,9,0,2.3979392051696777,2.3987584114074707
extra-coord0-eps+0.1,extra,8,0,0.0,0.0,0,0,0,-0.0,-0.0
extra-coord0-eps+0.1,extra,8,1,0.0,0.0,0,0,0,2.7631020735330303e-11,2.7631020735330303e-11
extra-coord0-eps+0.1,extra,8,2,2.5379995349794626e-07,0.0007114410400390625,1,1,0,0.6925863027572632,0.6926329135894775
extra-coord0-eps+0.1,extra,8,3,4.4984153646510094e-07,0.0007547736167907715,2,2,0,1.0252658128738403,1.025886058807373
extra-coord0-eps+0.1,extra,8,4,5.591537046711892e-07,0.0005842149257659912,4,4,0,1.7167961597442627,1.7174075841903687
extra-coord0-eps+0.1,extra,8,5,5.453766789287329e-07,0.0002921484410762787,9,9,0,2.409912109375,2.4105238914489746
extra-coord0-eps+0.1,extra,9,0,0.0,0.0,0,0,0,-0.0,-0.0
extra-coord0-eps+0.1,extra,9,1,0.0,0.0,0,0,0,2.7631020735330303e-11,2.7631020735330303e-11
extra-coord0-eps+0.1,extra,9,2,1.8409627955406904e-07,0.000564277172088623,0,0,0,0.6928039789199829,0.6928329467773438
extra-coord0-eps+0.1,extra,9,3,3.050154191441834e-07,0.0005819201469421387,2,2,0,1.0483793020248413,1.0480271577835083
extra-coord0-eps+0.1,extra,9,4,2.5832559913396835e-07,0.0004758089780807495,5,5,0,1.741260051727295,1.7409074306488037
extra-coord0-eps+0.1,extra,9,5,3.322438715258613e-07,0.00023818761110305786,11,11,0,2.4343836307525635,2.4340310096740723
extra-coord0-eps+0.1,extra,10,0,0.0,0.0,0,0,0,-0.0,-0.0
extra-coord0-eps+0.1,extra,10,1,0.0,0.0,0,0,0,2.7631020735330303e-11,2.7631020735330303e-11
extra-coord0-eps+0.1,extra,10,2,1.2996315490454435e-07,0.0005136430263519287,0,0,0,0.6931271553039551,0.6931331157684326
extra-coord0-eps+0.1,extra,10,3,1.717012310109567e-07,0.0005136430263519287,2,2,0,1.0418299436569214,1.04147207736969
extra-coord0-eps+0.1,extra,10,4,3.214736352674663e-07,0.00047529488801956177,5,5,0,1.7349566221237183,1.7346014976501465
extra-coord0-eps+0.1,extra,10,5,3.205204848200083e-07,0.00023775547742843628,9,9,0,2.428034782409668,2.427680015563965
extra-coord0-eps+0.1,extra,11,0,0.0,0.0,0,0,0,-0.0,-0.0
extra-coord0-eps+0.1,extra,11,1,0.0,0.0,0,0,0,2.7631020735330303e-11,2.7631020735330303e-11
extra-coord0-eps+0.1,extra,11,2,3.4036929719150066e-08,0.00032961368560791016,0,0,0,0.6931216716766357,0.6931262016296387
extra-coord0-eps+0.1,extra,11,3,1.3001590559724718e-07,0.0004086792469024658,2,2,0,1.041774034500122,1.0415689945220947
extra-coord0-eps+0.1,extra,11,4,1.6621197573840618e-07,0.00033739209175109863,5,5,0,1.734678030014038,1.7344694137573242
extra-coord0-eps+0.1,extra,11,5,9.28248482523486e-08,0.00016876310110092163,10,10,0,2.4278171062469482,2.4276084899902344
extra-coord0-eps+0.1,extra,12,0,0.0,0.0,0,0,0,-0.0,-0.0
extra-coord0-eps+0.1,extra,12,1,0.0,0.0,0,0,0,2.7631020735330303e-11,2.7631020735330303e-11
extra-coord0-eps+0.1,extra,12,2,3.6082929000258446e-07,0.000872194766998291,1,1,0,0.6919527649879456,0.692036509513855
extra-coord0-eps+0.1,extra,12,3,6.656955520156771e-07,0.0008873343467712402,2,2,0,1.0154986381530762,1.016342282295227
extra-coord0-eps+0.1,extra,12,4,7.903036021161824e-07,0.0006620287895202637,4,4,0,1.7046040296554565,1.7054387331008911
extra-coord0-eps+0.1,extra,12,5,7.937014743220061e-07,0.0003312230110168457,9,9,0,2.3975648880004883,2.398399829864502
extra-coord0-eps+0.1,extra,13,0,0.0,0.0,0,0,0,-0.0,-0.0
extra-coord0-eps+0.1,extra,13,1,0.0,0.0,0,0,0,2.7631020735330303e-11,2.7631020735330303e-11
extra-coord0-eps+0.1,extra,13,2,2.496090019121766e-07,0.0006871223449707031,0,0,0,0.6925962567329407,0.6926409602165222
extra-coord0-eps+0.1,extra,13,3,4.2307874537073076e-07,0.0008440613746643066,2,2,0,1.0490986108779907,1.0487422943115234
extra-coord0-eps+0.1,extra,13,4,5.756955943070352e-07,0.0006580352783203125,5,5,0,1.741088628768921,1.7407203912734985
extra-coord0-eps+0.1,extra,13,5,5.985020834486932e-07,0.0003292784094810486,10,10,0,2.4342041015625,2.433835744857788
extra-coord0-eps+0.1,extra,14,0,0.0,0.0,0,0,0,-0.0,-0.0
extra-coord0-eps+0.1,extra,14,1,0.0,0.0,0,0,0,2.7631020735330303e-11,2.7631020735330303e-11
extra-coord0-eps+0.1,extra,14,2,3.3791002351790667e-07,0.0008332133293151855,0,0,0,0.6921615600585938,0.6922342777252197
extra-coord0-eps+0.1,extra,14,3,6.085101631470025e-07,0.0009746551513671875,2,2,0,1.053002119064331,1.0525676012039185
extra-coord0-eps+0.1,extra,14,4,7.501730578951538e-07,0.0007778853178024292,5,5,0,1.7449181079864502,1.744469165802002
extra-coord0-eps+0.1,extra,14,5,7.597227522637695e-07,0.00038959085941314697,11,11,0,2.438016653060913,2.437567710876465
extra-coord0-eps+0.1,extra,15,0,0.0,0.0,0,0,0,-0.0,-0.0
extra-coord0-eps+0.1,extra,15,1,0.0,0.0,0,0,0,2.7631020735330303e-11,2.7631020735330303e-11
extra-coord0-eps+0.1,extra,15,2,-1.2474629329517484e-08,4.6133995056152344e-05,0,0,0,0.6929476857185364,0.6929495334625244
extra-coord0-eps+0.1,extra,15,3,-6.621485226787627e-08,7.87973403930664e-05,2,2,0,1.0461158752441406,1.046089768409729
extra-coord0-eps+0.1,extra,15,4,1.10899236460682e-08,6.732344627380371e-05,5,5,0,1.7390376329421997,1.7390120029449463
extra-coord0-eps+0.1,extra,15,5,-2.0290372049203143e-08,3.371387720108032e-05,10,10,0,2.4321401119232178,2.432114601135254
extra-coord0-eps+0.1,extra,16,0,0.0,0.0,0,0,0,-0.0,-0.0
extra-coord0-eps+0.1,extra,16,1,0.0,0.0,0,0,0,2.7631020735330303e-11,2.7631020735330303e-11
extra-coord0-eps+0.1,extra,16,2,-1.4953911886550486e-08,1.4156103134155273e-05,1,1,0,0.6931310892105103,0.6931312680244446
extra-coord0-eps+0.1,extra,16,3,-2.6558154786471277e-08,4.7072768211364746e-05,2,2,0,1.0377330780029297,1.0377426147460938
extra-coord0-eps+0.1,extra,16,4,3.3286141842836514e-08,2.4810433387756348e-05,4,4,0,1.730865478515625,1.730875015258789
extra-coord0-eps+0.1,extra,16,5,-1.8429886949888896e-08,1.2461096048355103e-05,8,8,0,2.424008846282959,2.424018383026123
extra-coord0-eps+0.1,extra,17,0,0.0,0.0,0,0,0,-0.0,-0.0
extra-coord0-eps+0.1,extra,17,1,0.0,0.0,0,0,0,2.7631020735330303e-11,2.7631020735330303e-11
extra-coord0-eps+0.1,extra,17,2,1.3721000868827105e-07,0.0005486011505126953,0,0,0,0.6930968761444092,0.6931073069572449
extra-coord0-eps+0.1,extra,17,3,2.1122400539752562e-07,0.0005637258291244507,2,2,0,1.0429779291152954,1.0425926446914673
extra-coord0-eps+0.1,extra,17,4,3.3278774935752153e-07,0.0004946589469909668,4,4,0,1.736116647720337,1.7357338666915894
extra-coord0-eps+0.1,extra,17,5,2.8741669666487724e-07,0.00024735182523727417,9,9,0,2.4291458129882812,2.428762912750244
extra-coord0-eps+0.1,extra,18,0,0.0,0.0,0,0,0,-0.0,-0.0
extra-coord0-eps+0.1,extra,18,1,0.0,0.0,0,0,0,2.7631020735330303e-11,2.7631020735330303e-11
extra-coord0-eps+0.1,extra,18,2,3.282475518062711e-07,0.00085410475730896,0,0,0,0.692670464515686,0.6927217245101929
extra-coord0-eps+0.1,extra,18,3,6.539739842992276e-07,0.0010106265544891357,2,2,0,1.0481799840927124,1.047731876373291
extra-coord0-eps+0.1,extra,18,4,8.651913958601654e-07,0.0008180141448974609,5,5,0,1.7400339841842651,1.739569902420044
extra-coord0-eps+0.1,extra,18,5,8.290990081150085e-07,0.00040912628173828125,10,10,0,2.43314266204834,2.432678699493408
extra-coord0-eps+0.1,extra,19,0,0.0,0.0,0,0,0,-0.0,-0.0
extra-coord0-eps+0.1,extra,19,1,0.0,0.0,0,0,0,2.7631020735330303e-11,2.7631020735330303e-11
extra-coord0-eps+0.1,extra,19,2,2.0852894522249699e-07,0.0006338953971862793,0,0,0,0.6929329037666321,0.6929583549499512
extra-coord0-eps+0.1,extra,19,3,3.856548573821783e-07,0.0007597506046295166,2,2,0,1.0452438592910767,1.0448939800262451
extra-coord0-eps+0.1,extra,19,4,4.968205757904798e-07,0.0006104707717895508,5,5,0,1.7375059127807617,1.7371461391448975
extra-coord0-eps+0.1,extra,19,5,4.788125806953758e-07,0.00030530989170074463,10,10,0,2.4306249618530273,2.430265426635742
extra-coord0-eps+0.1,extra,20,0,0.0,0.0,0,0,0,-0.0,-0.0
extra-coord0-eps+0.1,extra,20,1,0.0,0.0,0,0,0,2.7631020735330303e-11,2.7631020735330303e-11
extra-coord0-eps+0.1,extra,20,2,2.1084269974380732e-07,0.0006228089332580566,1,1,0,0.692352294921875,0.6924012303352356
extra-coord0-eps+0.1,extra,20,3,3.4221375244669616e-07,0.0006657838821411133,2,2,0,1.0236475467681885,1.0241848230361938
extra-coord0-eps+0.1,extra,20,4,4.0016311686486006e-07,0.0005074962973594666,4,4,0,1.715409517288208,1.715941071510315
extra-coord0-eps+0.1,extra,20,5,4.3765612645074725e-07,0.0002540312707424164,9,9,0,2.408513069152832,2.4090442657470703
extra-coord0-eps+0.1,extra,21,0,0.0,0.0,0,0,0,-0.0,-0.0
extra-coord0-eps+0.1,extra,21,1,0.0,0.0,0,0,0,2.7631020735330303e-11,2.7631020735330303e-11
extra-coord0-eps+0.1,extra,21,2,2.521555870771408e-07,0.0007098019123077393,1,1,0,0.6927247643470764,0.6927649974822998
extra-coord0-eps+0.1,extra,21,3,4.372623152448796e-07,0.0007625818252563477,2,2,0,1.0286304950714111,1.029203176498413
extra-coord0-eps+0.1,extra,21,4,5.24556526215747e-07,0.0006102174520492554,4,4,0,1.7210500240325928,1.721618890762329
extra-coord0-eps+0.1,extra,21,5,5.377223715186119e-07,0.0003052838146686554,8,8,0,2.4141809940338135,2.41474986076355
extra-coord0-eps+0.1,extra,22,0,0.0,0.0,0,0,0,-0.0,-0.0
extra-coord0-eps+0.1,extra,22,1,0.0,0.0,0,0,0,2.7631020735330303e-11,2.7631020735330303e-11
extra-coord0-eps+0.1,extra,22,2,7.260678103193641e-08,0.0004030168056488037,0,0,0,0.6931215524673462,0.6931270360946655
extra-coord0-eps+0.1,extra,22,3,1.8902710507973097e-07,0.00041797757148742676,2,2,0,1.0419191122055054,1.041658639907837
extra-coord0-eps+0.1,extra,22,4,2.2899257601238787e-07,0.0003579258918762207,5,5,0,1.7348988056182861,1.7346364259719849
extra-coord0-eps+0.1,extra,22,5,2.0540937839541584e-07,0.0001791045069694519,10,10,0,2.4280405044555664,2.4277782440185547
extra-coord0-eps+0.1,extra,23,0,0.0,0.0,0,0,0,-0.0,-0.0
extra-coord0-eps+0.1,extra,23,1,0.0,0.0,0,0,0,2.7631020735330303e-11,2.7631020735330303e-11
extra-coord0-eps+0.1,extra,23,2,-4.623507265932858e-08,0.00011560320854187012,1,1,0,0.6928062438964844,0.6928123235702515
extra-coord0-eps+0.1,extra,23,3,-3.5968696465715766e-08,0.00019086897373199463,2,2,0,1.0286445617675781,1.0287532806396484
extra-coord0-eps+0.1,extra,23,4,1.2881173461209983e-08,0.00010026246309280396,4,4,0,1.7208653688430786,1.7209722995758057
extra-coord0-eps+0.1,extra,23,5,-6.410118658095598e-09,5.0220638513565063e-05,9,9,0,2.4138734340667725,2.41398024559021
extra-coord28-eps+0.1,base,0,0,0.0,0.0,0,0,0,-0.0,-0.0
extra-coord28-eps+0.1,base,0,1,0.0,0.0,0,0,0,2.7631020735330303e-11,2.7631020735330303e-11
extra-coord28-eps+0.1,base,0,2,0.0,0.0,0,0,0,0.6171221137046814,0.6171221137046814
extra-coord28-eps+0.1,base,0,3,0.0,0.0,0,0,0,1.0702056884765625,1.0702056884765625
extra-coord28-eps+0.1,base,0,4,0.0,0.0,0,0,0,1.696080207824707,1.696080207824707
extra-coord28-eps+0.1,base,0,5,0.0,0.0,1,1,0,2.324937343597412,2.324937343597412
extra-coord28-eps+0.1,base,1,0,0.0,0.0,0,0,0,-0.0,-0.0
extra-coord28-eps+0.1,base,1,1,0.0,0.0,0,0,0,2.7631020735330303e-11,2.7631020735330303e-11
extra-coord28-eps+0.1,base,1,2,0.0,0.0,0,0,0,0.5269904136657715,0.5269904136657715
extra-coord28-eps+0.1,base,1,3,0.0,0.0,1,1,0,1.0610800981521606,1.0610800981521606
extra-coord28-eps+0.1,base,1,4,0.0,0.0,2,2,0,1.7326222658157349,1.7326222658157349
extra-coord28-eps+0.1,base,1,5,0.0,0.0,4,4,0,2.3044204711914062,2.3044204711914062
extra-coord28-eps+0.1,base,2,0,0.0,0.0,0,0,0,-0.0,-0.0
extra-coord28-eps+0.1,base,2,1,0.0,0.0,0,0,0,2.7631020735330303e-11,2.7631020735330303e-11
extra-coord28-eps+0.1,base,2,2,0.0,0.0,0,0,0,0.5913949012756348,0.5913949012756348
extra-coord28-eps+0.1,base,2,3,0.0,0.0,1,1,0,1.0749508142471313,1.0749508142471313
extra-coord28-eps+0.1,base,2,4,0.0,0.0,2,2,0,1.7521616220474243,1.7521616220474243
extra-coord28-eps+0.1,base,2,5,0.0,0.0,4,4,0,2.3563497066497803,2.3563497066497803
extra-coord28-eps+0.1,base,3,0,0.0,0.0,0,0,0,-0.0,-0.0
extra-coord28-eps+0.1,base,3,1,0.0,0.0,0,0,0,2.7631020735330303e-11,2.7631020735330303e-11
extra-coord28-eps+0.1,base,3,2,0.0,0.0,0,0,0,0.5860381126403809,0.5860381126403809
extra-coord28-eps+0.1,base,3,3,0.0,0.0,1,1,0,1.0852066278457642,1.0852066278457642
extra-coord28-eps+0.1,base,3,4,0.0,0.0,2,2,0,1.7721664905548096,1.7721664905548096
extra-coord28-eps+0.1,base,3,5,0.0,0.0,4,4,0,2.379093885421753,2.379093885421753
extra-coord28-eps+0.1,base,4,0,0.0,0.0,0,0,0,-0.0,-0.0
extra-coord28-eps+0.1,base,4,1,0.0,0.0,0,0,0,2.7631020735330303e-11,2.7631020735330303e-11
extra-coord28-eps+0.1,base,4,2,0.0,0.0,0,0,0,0.5541833639144897,0.5541833639144897
extra-coord28-eps+0.1,base,4,3,0.0,0.0,1,1,0,1.06869375705719,1.06869375705719
extra-coord28-eps+0.1,base,4,4,0.0,0.0,2,2,0,1.7079049348831177,1.7079049348831177
extra-coord28-eps+0.1,base,4,5,0.0,0.0,4,4,0,2.323660135269165,2.323660135269165
extra-coord28-eps+0.1,base,5,0,0.0,0.0,0,0,0,-0.0,-0.0
extra-coord28-eps+0.1,base,5,1,0.0,0.0,0,0,0,2.7631020735330303e-11,2.7631020735330303e-11
extra-coord28-eps+0.1,base,5,2,0.0,0.0,0,0,0,0.5436118841171265,0.5436118841171265
extra-coord28-eps+0.1,base,5,3,0.0,0.0,1,1,0,1.0737783908843994,1.0737783908843994
extra-coord28-eps+0.1,base,5,4,0.0,0.0,1,1,0,1.718468189239502,1.718468189239502
extra-coord28-eps+0.1,base,5,5,0.0,0.0,3,3,0,2.328511953353882,2.328511953353882
extra-coord28-eps+0.1,base,6,0,0.0,0.0,0,0,0,-0.0,-0.0
extra-coord28-eps+0.1,base,6,1,0.0,0.0,0,0,0,2.7631020735330303e-11,2.7631020735330303e-11
extra-coord28-eps+0.1,base,6,2,0.0,0.0,0,0,0,0.4505731463432312,0.4505731463432312
extra-coord28-eps+0.1,base,6,3,0.0,0.0,0,0,0,1.011746883392334,1.011746883392334
extra-coord28-eps+0.1,base,6,4,0.0,0.0,1,1,0,1.6587910652160645,1.6587910652160645
extra-coord28-eps+0.1,base,6,5,0.0,0.0,3,3,0,2.227552652359009,2.227552652359009
extra-coord28-eps+0.1,base,7,0,0.0,0.0,0,0,0,-0.0,-0.0
extra-coord28-eps+0.1,base,7,1,0.0,0.0,0,0,0,2.7631020735330303e-11,2.7631020735330303e-11
extra-coord28-eps+0.1,base,7,2,0.0,0.0,0,0,0,0.501283586025238,0.501283586025238
extra-coord28-eps+0.1,base,7,3,0.0,0.0,1,1,0,1.0551543235778809,1.0551543235778809
extra-coord28-eps+0.1,base,7,4,0.0,0.0,1,1,0,1.6177887916564941,1.6177887916564941
extra-coord28-eps+0.1,base,7,5,0.0,0.0,3,3,0,2.2255420684814453,2.2255420684814453
extra-coord28-eps+0.1,base,8,0,0.0,0.0,0,0,0,-0.0,-0.0
extra-coord28-eps+0.1,base,8,1,0.0,0.0,0,0,0,2.7631020735330303e-11,2.7631020735330303e-11
extra-coord28-eps+0.1,base,8,2,0.0,0.0,0,0,0,0.4689561128616333,0.4689561128616333
extra-coord28-eps+0.1,base,8,3,0.0,0.0,1,1,0,1.0383914709091187,1.0383914709091187
extra-coord28-eps+0.1,base,8,4,0.0,0.0,1,1,0,1.5958952903747559,1.5958952903747559
extra-coord28-eps+0.1,base,8,5,0.0,0.0,3,3,0,2.1992292404174805,2.1992292404174805
extra-coord28-eps+0.1,base,9,0,0.0,0.0,0,0,0,-0.0,-0.0
extra-coord28-eps+0.1,base,9,1,0.0,0.0,0,0,0,2.7631020735330303e-11,2.7631020735330303e-11
extra-coord28-eps+0.1,base,9,2,0.0,0.0,0,0,0,0.5450583696365356,0.5450583696365356
extra-coord28-eps+0.1,base,9,3,0.0,0.0,0,0,0,1.0674898624420166,1.0674898624420166
extra-coord28-eps+0.1,base,9,4,0.0,0.0,1,1,0,1.6491222381591797,1.6491222381591797
extra-coord28-eps+0.1,base,9,5,0.0,0.0,3,3,0,2.2161808013916016,2.2161808013916016
extra-coord28-eps+0.1,base,10,0,0.0,0.0,0,0,0,-0.0,-0.0
extra-coord28-eps+0.1,base,10,1,0.0,0.0,0,0,0,2.7631020735330303e-11,2.7631020735330303e-11
extra-coord28-eps+0.1,base,10,2,0.0,0.0,0,0,0,0.6805204153060913,0.6805204153060913
extra-coord28-eps+0.1,base,10,3,0.0,0.0,2,2,0,1.051751971244812,1.051751971244812
extra-coord28-eps+0.1,base,10,4,0.0,0.0,3,3,0,1.685776948928833,1.685776948928833
extra-coord28-eps+0.1,base,10,5,0.0,0.0,10,10,0,2.2914929389953613,2.2914929389953613
extra-coord28-eps+0.1,base,11,0,0.0,0.0,0,0,0,-0.0,-0.0
extra-coord28-eps+0.1,base,11,1,0.0,0.0,0,0,0,2.7631020735330303e-11,2.7631020735330303e-11
extra-coord28-eps+0.1,base,11,2,0.0,0.0,1,1,0,0.6909429430961609,0.6909429430961609
extra-coord28-eps+0.1,base,11,3,0.0,0.0,2,2,0,0.9875777959823608,0.9875777959823608
extra-coord28-eps+0.1,base,11,4,0.0,0.0,5,5,0,1.6459509134292603,1.6459509134292603
extra-coord28-eps+0.1,base,11,5,0.0,0.0,10,10,0,2.2671971321105957,2.2671971321105957
extra-coord28-eps+0.1,base,12,0,0.0,0.0,0,0,0,-0.0,-0.0
extra-coord28-eps+0.1,base,12,1,0.0,0.0,0,0,0,2.7631020735330303e-11,2.7631020735330303e-11
extra-coord28-eps+0.1,base,12,2,0.0,0.0,1,1,0,0.6620690822601318,0.6620690822601318
extra-coord28-eps+0.1,base,12,3,0.0,0.0,2,2,0,0.918744683265686,0.918744683265686
extra-coord28-eps+0.1,base,12,4,0.0,0.0,5,5,0,1.589158296585083,1.589158296585083
extra-coord28-eps+0.1,base,12,5,0.0,0.0,10,10,0,2.2158315181732178,2.2158315181732178
extra-coord28-eps+0.1,base,13,0,0.0,0.0,0,0,0,-0.0,-0.0
extra-coord28-eps+0.1,base,13,1,0.0,0.0,0,0,0,2.7631020735330303e-11,2.7631020735330303e-11
extra-coord28-eps+0.1,base,13,2,0.0,0.0,1,1,0,0.6793262958526611,0.6793262958526611
extra-coord28-eps+0.1,base,13,3,0.0,0.0,2,2,0,0.9684105515480042,0.9684105515480042
extra-coord28-eps+0.1,base,13,4,0.0,0.0,5,5,0,1.6541523933410645,1.6541523933410645
extra-coord28-eps+0.1,base,13,5,0.0,0.0,10,10,0,2.2556893825531006,2.2556893825531006
extra-coord28-eps+0.1,base,14,0,0.0,0.0,0,0,0,-0.0,-0.0
extra-coord28-eps+0.1,base,14,1,0.0,0.0,0,0,0,2.7631020735330303e-11,2.7631020735330303e-11
extra-coord28-eps+0.1,base,14,2,0.0,0.0,1,1,0,0.6922781467437744,0.6922781467437744
extra-coord28-eps+0.1,base,14,3,0.0,0.0,2,2,0,1.0200303792953491,1.0200303792953491
extra-coord28-eps+0.1,base,14,4,0.0,0.0,5,5,0,1.6741700172424316,1.6741700172424316
extra-coord28-eps+0.1,base,14,5,0.0,0.0,10,10,0,2.2776756286621094,2.2776756286621094
extra-coord28-eps+0.1,base,15,0,0.0,0.0,0,0,0,-0.0,-0.0
extra-coord28-eps+0.1,base,15,1,0.0,0.0,0,0,0,2.7631020735330303e-11,2.7631020735330303e-11
extra-coord28-eps+0.1,base,15,2,0.0,0.0,0,0,0,0.6925474405288696,0.6925474405288696
extra-coord28-eps+0.1,base,15,3,0.0,0.0,2,2,0,1.0510379076004028,1.0510379076004028
extra-coord28-eps+0.1,base,15,4,0.0,0.0,5,5,0,1.6834691762924194,1.6834691762924194
extra-coord28-eps+0.1,base,15,5,0.0,0.0,10,10,0,2.300161838531494,2.300161838531494
extra-coord28-eps+0.1,base,16,0,0.0,0.0,0,0,0,-0.0,-0.0
extra-coord28-eps+0.1,base,16,1,0.0,0.0,0,0,0,2.7631020735330303e-11,2.7631020735330303e-11
extra-coord28-eps+0.1,base,16,2,0.0,0.0,0,0,0,0.6714673042297363,0.6714673042297363
extra-coord28-eps+0.1,base,16,3,0.0,0.0,2,2,0,1.06581711769104,1.06581711769104
extra-coord28-eps+0.1,base,16,4,0.0,0.0,1,1,0,1.7512331008911133,1.7512331008911133
extra-coord28-eps+0.1,base,16,5,0.0,0.0,1,1,0,2.311168670654297,2.311168670654297
extra-coord28-eps+0.1,base,17,0,0.0,0.0,0,0,0,-0.0,-0.0
extra-coord28-eps+0.1,base,17,1,0.0,0.0,0,0,0,2.7631020735330303e-11,2.7631020735330303e-11
extra-coord28-eps+0.1,base,17,2,0.0,0.0,0,0,0,0.643830418586731,0.643830418586731
extra-coord28-eps+0.1,base,17,3,0.0,0.0,0,0,0,1.0585259199142456,1.0585259199142456
extra-coord28-eps+0.1,base,17,4,0.0,0.0,0,0,0,1.7302496433258057,1.7302496433258057
extra-coord28-eps+0.1,base,17,5,0.0,0.0,1,1,0,2.3292813301086426,2.3292813301086426
extra-coord28-eps+0.1,base,18,0,0.0,0.0,0,0,0,-0.0,-0.0
extra-coord28-eps+0.1,base,18,1,0.0,0.0,0,0,0,2.7631020735330303e-11,2.7631020735330303e-11
extra-coord28-eps+0.1,base,18,2,0.0,0.0,0,0,0,0.6410596370697021,0.6410596370697021
extra-coord28-eps+0.1,base,18,3,0.0,0.0,0,0,0,1.0980373620986938,1.0980373620986938
extra-coord28-eps+0.1,base,18,4,0.0,0.0,0,0,0,1.7732656002044678,1.7732656002044678
extra-coord28-eps+0.1,base,18,5,0.0,0.0,1,1,0,2.387561321258545,2.387561321258545
extra-coord28-eps+0.1,base,19,0,0.0,0.0,0,0,0,-0.0,-0.0
extra-coord28-eps+0.1,base,19,1,0.0,0.0,0,0,0,2.7631020735330303e-11,2.7631020735330303e-11
extra-coord28-eps+0.1,base,19,2,0.0,0.0,0,0,0,0.6597113013267517,0.6597113013267517
extra-coord28-eps+0.1,base,19,3,0.0,0.0,2,2,0,1.0941323041915894,1.0941323041915894
extra-coord28-eps+0.1,base,19,4,0.0,0.0,0,0,0,1.7815150022506714,1.7815150022506714
extra-coord28-eps+0.1,base,19,5,0.0,0.0,1,1,0,2.395327091217041,2.395327091217041
extra-coord28-eps+0.1,base,20,0,0.0,0.0,0,0,0,-0.0,-0.0
extra-coord28-eps+0.1,base,20,1,0.0,0.0,0,0,0,2.7631020735330303e-11,2.7631020735330303e-11
extra-coord28-eps+0.1,base,20,2,0.0,0.0,0,0,0,0.6741347312927246,0.6741347312927246
extra-coord28-eps+0.1,base,20,3,0.0,0.0,2,2,0,1.0877296924591064,1.0877296924591064
extra-coord28-eps+0.1,base,20,4,0.0,0.0,4,4,0,1.7761040925979614,1.7761040925979614
extra-coord28-eps+0.1,base,20,5,0.0,0.0,10,10,0,2.4005417823791504,2.4005417823791504
extra-coord28-eps+0.1,base,21,0,0.0,0.0,0,0,0,-0.0,-0.0
extra-coord28-eps+0.1,base,21,1,0.0,0.0,0,0,0,2.7631020735330303e-11,2.7631020735330303e-11
extra-coord28-eps+0.1,base,21,2,0.0,0.0,0,0,0,0.6726022958755493,0.6726022958755493
extra-coord28-eps+0.1,base,21,3,0.0,0.0,2,2,0,1.089184284210205,1.089184284210205
extra-coord28-eps+0.1,base,21,4,0.0,0.0,5,5,0,1.7727106809616089,1.7727106809616089
extra-coord28-eps+0.1,base,21,5,0.0,0.0,10,10,0,2.4178500175476074,2.4178500175476074
extra-coord28-eps+0.1,base,22,0,0.0,0.0,0,0,0,-0.0,-0.0
extra-coord28-eps+0.1,base,22,1,0.0,0.0,0,0,0,2.7631020735330303e-11,2.7631020735330303e-11
extra-coord28-eps+0.1,base,22,2,0.0,0.0,0,0,0,0.6708649396896362,0.6708649396896362
extra-coord28-eps+0.1,base,22,3,0.0,0.0,2,2,0,1.0868558883666992,1.0868558883666992
extra-coord28-eps+0.1,base,22,4,0.0,0.0,5,5,0,1.7686352729797363,1.7686352729797363
extra-coord28-eps+0.1,base,22,5,0.0,0.0,10,10,0,2.399759531021118,2.399759531021118
extra-coord28-eps+0.1,base,23,0,0.0,0.0,0,0,0,-0.0,-0.0
extra-coord28-eps+0.1,base,23,1,0.0,0.0,0,0,0,2.7631020735330303e-11,2.7631020735330303e-11
extra-coord28-eps+0.1,base,23,2,0.0,0.0,0,0,0,0.6563936471939087,0.6563936471939087
extra-coord28-eps+0.1,base,23,3,0.0,0.0,2,2,0,1.0963481664657593,1.0963481664657593
extra-coord28-eps+0.1,base,23,4,0.0,0.0,1,1,0,1.7548635005950928,1.7548635005950928
extra-coord28-eps+0.1,base,23,5,0.0,0.0,10,10,0,2.3660199642181396,2.3660199642181396
extra-coord28-eps+0.1,extra,0,0,0.0,0.0,0,0,0,-0.0,-0.0
extra-coord28-eps+0.1,extra,0,1,0.0,0.0,0,0,0,2.7631020735330303e-11,2.7631020735330303e-11
extra-coord28-eps+0.1,extra,0,2,1.2789769243681803e-13,3.5762786865234375e-07,1,1,0,0.6931471824645996,0.6931471824645996
extra-coord28-eps+0.1,extra,0,3,3.801403636316536e-13,5.513429641723633e-07,2,2,0,1.0397125482559204,1.0397121906280518
extra-coord28-eps+0.1,extra,0,4,2.980609181690852e-08,4.172325134277344e-07,4,4,0,1.7328596115112305,1.7328593730926514
extra-coord28-eps+0.1,extra,0,5,3.725192243564379e-08,2.8312206268310547e-07,9,9,0,2.42600679397583,2.42600679397583
extra-coord28-eps+0.1,extra,1,0,0.0,0.0,0,0,0,-0.0,-0.0
extra-coord28-eps+0.1,extra,1,1,0.0,0.0,0,0,0,2.7631020735330303e-11,2.7631020735330303e-11
extra-coord28-eps+0.1,extra,1,2,1.4415491023100913e-10,1.2040138244628906e-05,1,1,0,0.6927417516708374,0.6927424073219299
extra-coord28-eps+0.1,extra,1,3,-1.82626536116004e-09,2.6941299438476562e-05,2,2,0,1.0269420146942139,1.0269553661346436
extra-coord28-eps+0.1,extra,1,4,-3.7392510421341285e-08,2.0265579223632812e-05,4,4,0,1.7186331748962402,1.71864914894104
extra-coord28-eps+0.1,extra,1,5,-6.279833542066626e-09,1.2382864952087402e-05,9,9,0,2.4116458892822266,2.4116621017456055
extra-coord28-eps+0.1,extra,2,0,0.0,0.0,0,0,0,-0.0,-0.0
extra-coord28-eps+0.1,extra,2,1,0.0,0.0,0,0,0,2.7631020735330303e-11,2.7631020735330303e-11
extra-coord28-eps+0.1,extra,2,2,4.192770575173199e-10,2.0503997802734375e-05,0,0,0,0.6931122541427612,0.6931126117706299
extra-coord28-eps+0.1,extra,2,3,5.084802978672087e-08,5.8323144912719727e-05,2,2,0,1.041733741760254,1.0417253971099854
extra-coord28-eps+0.1,extra,2,4,4.110006557311863e-09,3.6403536796569824e-05,5,5,0,1.73465895652771,1.7346525192260742
extra-coord28-eps+0.1,extra,2,5,-7.774133337079547e-09,2.288818359375e-05,10,10,0,2.427602767944336,2.4275970458984375
extra-coord28-eps+0.1,extra,3,0,0.0,0.0,0,0,0,-0.0,-0.0
extra-coord28-eps+0.1,extra,3,1,0.0,0.0,0,0,0,2.7631020735330303e-11,2.7631020735330303e-11
extra-coord28-eps+0.1,extra,3,2,5.798028723802418e-10,2.4080276489257812e-05,0,0,0,0.6931002140045166,0.6931006908416748
extra-coord28-eps+0.1,extra,3,3,1.7905222193803638e-08,4.6819448471069336e-05,2,2,0,1.0430138111114502,1.042996883392334
extra-coord28-eps+0.1,extra,3,4,-2.517163011361845e-08,3.5896897315979004e-05,4,4,0,1.7361564636230469,1.7361397743225098
extra-coord28-eps+0.1,extra,3,5,-1.746855105011491e-08,1.8514692783355713e-05,8,8,0,2.429299831390381,2.4292831420898438
extra-coord28-eps+0.1,extra,4,0,0.0,0.0,0,0,0,-0.0,-0.0
extra-coord28-eps+0.1,extra,4,1,0.0,0.0,0,0,0,2.7631020735330303e-11,2.7631020735330303e-11
extra-coord28-eps+0.1,extra,4,2,3.131026460323483e-08,3.546476364135742e-05,0,0,0,0.6931115388870239,0.6931121349334717
extra-coord28-eps+0.1,extra,4,3,7.826201908756047e-09,7.49826431274414e-05,2,2,0,1.042546272277832,1.0425204038619995
extra-coord28-eps+0.1,extra,4,4,-1.8349055608268827e-08,5.5536627769470215e-05,4,4,0,1.735680341720581,1.7356541156768799
extra-coord28-eps+0.1,extra,4,5,-2.472074811521452e-08,2.9198825359344482e-05,9,9,0,2.428821086883545,2.428795099258423
extra-coord28-eps+0.1,extra,5,0,0.0,0.0,0,0,0,-0.0,-0.0
extra-coord28-eps+0.1,extra,5,1,0.0,0.0,0,0,0,2.7631020735330303e-11,2.7631020735330303e-11
extra-coord28-eps+0.1,extra,5,2,4.644334694603458e-08,3.88026237487793e-05,1,1,0,0.6930249929428101,0.6930238008499146
extra-coord28-eps+0.1,extra,5,3,-1.8034370441455394e-08,8.749961853027344e-05,2,2,0,1.033265471458435,1.0332289934158325
extra-coord28-eps+0.1,extra,5,4,-4.276807885617018e-08,6.565451622009277e-05,4,4,0,1.7257888317108154,1.7257468700408936
extra-coord28-eps+0.1,extra,5,5,-9.821178537094966e-09,3.600120544433594e-05,8,8,0,2.418933153152466,2.418891191482544
extra-coord28-eps+0.1,extra,6,0,0.0,0.0,0,0,0,-0.0,-0.0
extra-coord28-eps+0.1,extra,6,1,0.0,0.0,0,0,0,2.7631020735330303e-11,2.7631020735330303e-11
extra-coord28-eps+0.1,extra,6,2,5.471520125865936e-09,6.455183029174805e-05,1,1,0,0.692909836769104,0.6929070353507996
extra-coord28-eps+0.1,extra,6,3,5.573565431404859e-08,0.00013265013694763184,2,2,0,1.0316202640533447,1.0315654277801514
extra-coord28-eps+0.1,extra,6,4,6.862501322757453e-08,0.00010213255882263184,4,4,0,1.7243648767471313,1.7243034839630127
extra-coord28-eps+0.1,extra,6,5,1.057355802913662e-08,5.519390106201172e-05,8,8,0,2.417485237121582,2.417423725128174
extra-coord28-eps+0.1,extra,7,0,0.0,0.0,0,0,0,-0.0,-0.0
extra-coord28-eps+0.1,extra,7,1,0.0,0.0,0,0,0,2.7631020735330303e-11,2.7631020735330303e-11
extra-coord28-eps+0.1,extra,7,2,1.7273123376071453e-08,4.038214683532715e-05,1,1,0,0.6919175386428833,0.6919134855270386
extra-coord28-eps+0.1,extra,7,3,2.8172507882118225e-08,7.489323616027832e-05,2,2,0,1.0155481100082397,1.0154985189437866
extra-coord28-eps+0.1,extra,7,4,2.6884208637056872e-08,6.67572021484375e-05,4,4,0,1.7049086093902588,1.704845666885376
extra-coord28-eps+0.1,extra,7,5,2.2735093807568774e-09,3.4362077713012695e-05,9,9,0,2.3979392051696777,2.397876024246216
extra-coord28-eps+0.1,extra,8,0,0.0,0.0,0,0,0,-0.0,-0.0
extra-coord28-eps+0.1,extra,8,1,0.0,0.0,0,0,0,2.7631020735330303e-11,2.7631020735330303e-11
extra-coord28-eps+0.1,extra,8,2,1.7285401554545388e-08,2.9742717742919922e-05,1,1,0,0.6925863027572632,0.6925842761993408
extra-coord28-eps+0.1,extra,8,3,4.011235432699323e-08,6.529688835144043e-05,2,2,0,1.0252658128738403,1.025233268737793
extra-coord28-eps+0.1,extra,8,4,-2.607066562632099e-09,5.14984130859375e-05,4,4,0,1.7167961597442627,1.7167565822601318
extra-coord28-eps+0.1,extra,8,5,-2.8991280487389304e-09,2.8401613235473633e-05,9,9,0,2.409912109375,2.409872531890869
extra-coord28-eps+0.1,extra,9,0,0.0,0.0,0,0,0,-0.0,-0.0
extra-coord28-eps+0.1,extra,9,1,0.0,0.0,0,0,0,2.7631020735330303e-11,2.7631020735330303e-11
extra-coord28-eps+0.1,extra,9,2,3.8962753023952246e-08,9.1552734375e-05,0,0,0,0.6928039789199829,0.6928087472915649
extra-coord28-eps+0.1,extra,9,3,4.358298610895872e-09,0.00016555190086364746,2,2,0,1.0483793020248413,1.0483248233795166
extra-coord28-eps+0.1,extra,9,4,-3.6579876905307174e-09,0.00012293457984924316,5,5,0,1.741260051727295,1.7412116527557373
extra-coord28-eps+0.1,extra,9,5,2.5969711714424193e-08,6.529688835144043e-05,11,11,0,2.4343836307525635,2.434335231781006
extra-coord28-eps+0.1,extra,10,0,0.0,0.0,0,0,0,-0.0,-0.0
extra-coord28-eps+0.1,extra,10,1,0.0,0.0,0,0,0,2.7631020735330303e-11,2.7631020735330303e-11
extra-coord28-eps+0.1,extra,10,2,4.5929482439532876e-11,1.531839370727539e-05,0,0,0,0.6931271553039551,0.693126916885376
extra-coord28-eps+0.1,extra,10,3,1.7113507055910304e-08,4.330277442932129e-05,2,2,0,1.0418299436569214,1.0418415069580078
extra-coord28-eps+0.1,extra,10,4,-2.5848976292763837e-08,2.5704503059387207e-05,5,5,0,1.7349566221237183,1.7349679470062256
extra-coord28-eps+0.1,extra,10,5,-1.8058244677376933e-08,1.9073486328125e-05,9,9,0,2.428034782409668,2.428046703338623
extra-coord28-eps+0.1,extra,11,0,0.0,0.0,0,0,0,-0.0,-0.0
extra-coord28-eps+0.1,extra,11,1,0.0,0.0,0,0,0,2.7631020735330303e-11,2.7631020735330303e-11
extra-coord28-eps+0.1,extra,11,2,-4.480210691326647e-08,2.8014183044433594e-06,0,0,0,0.6931216716766357,0.693121612071991
extra-coord28-eps+0.1,extra,11,3,-1.3533508536056615e-08,7.018446922302246e-06,2,2,0,1.041774034500122,1.041776418685913
extra-coord28-eps+0.1,extra,11,4,-4.324863311921945e-08,3.606081008911133e-06,5,5,0,1.734678030014038,1.734680414199829
extra-coord28-eps+0.1,extra,11,5,-7.2230932346428744e-09,2.652406692504883e-06,10,10,0,2.4278171062469482,2.42781925201416
extra-coord28-eps+0.1,extra,12,0,0.0,0.0,0,0,0,-0.0,-0.0
extra-coord28-eps+0.1,extra,12,1,0.0,0.0,0,0,0,2.7631020735330303e-11,2.7631020735330303e-11
extra-coord28-eps+0.1,extra,12,2,-1.4335910236695781e-09,4.76837158203125e-06,1,1,0,0.6919527649879456,0.6919523477554321
extra-coord28-eps+0.1,extra,12,3,-4.3407453631516546e-08,1.8656253814697266e-05,2,2,0,1.0154986381530762,1.0154999494552612
extra-coord28-eps+0.1,extra,12,4,-2.3800225790182594e-08,1.1965632438659668e-05,4,4,0,1.7046040296554565,1.7046077251434326
extra-coord28-eps+0.1,extra,12,5,1.9830281416943762e-08,7.599592208862305e-06,9,9,0,2.3975648880004883,2.397568702697754
extra-coord28-eps+0.1,extra,13,0,0.0,0.0,0,0,0,-0.0,-0.0
extra-coord28-eps+0.1,extra,13,1,0.0,0.0,0,0,0,2.7631020735330303e-11,2.7631020735330303e-11
extra-coord28-eps+0.1,extra,13,2,4.6834884415147826e-08,2.5451183319091797e-05,0,0,0,0.6925962567329407,0.6925979256629944
extra-coord28-eps+0.1,extra,13,3,2.3287611838895828e-09,4.3064355850219727e-05,2,2,0,1.0490986108779907,1.0490872859954834
extra-coord28-eps+0.1,extra,13,4,-9.321183824795298e-09,3.038346767425537e-05,5,5,0,1.741088628768921,1.741080641746521
extra-coord28-eps+0.1,extra,13,5,2.270394361403305e-08,1.6666948795318604e-05,10,10,0,2.4342041015625,2.4341962337493896
extra-coord28-eps+0.1,extra,14,0,0.0,0.0,0,0,0,-0.0,-0.0
extra-coord28-eps+0.1,extra,14,1,0.0,0.0,0,0,0,2.7631020735330303e-11,2.7631020735330303e-11
extra-coord28-eps+0.1,extra,14,2,4.459616320673376e-08,2.35140323638916e-05,0,0,0,0.6921615600585938,0.6921637058258057
extra-coord28-eps+0.1,extra,14,3,2.9655438993358985e-08,3.0487775802612305e-05,2,2,0,1.053002119064331,1.052990436553955
extra-coord28-eps+0.1,extra,14,4,-2.8255726647330448e-08,2.3558735847473145e-05,5,5,0,1.7449181079864502,1.7449086904525757
extra-coord28-eps+0.1,extra,14,5,-3.006300630659098e-08,1.2382864952087402e-05,11,11,0,2.438016653060913,2.438007354736328
extra-coord28-eps+0.1,extra,15,0,0.0,0.0,0,0,0,-0.0,-0.0
extra-coord28-eps+0.1,extra,15,1,0.0,0.0,0,0,0,2.7631020735330303e-11,2.7631020735330303e-11
extra-coord28-eps+0.1,extra,15,2,4.035882739117369e-11,6.377696990966797e-06,0,0,0,0.6929476857185364,0.6929479837417603
extra-coord28-eps+0.1,extra,15,3,1.4657075553259347e-08,6.3478946685791016e-06,2,2,0,1.0461158752441406,1.0461115837097168
extra-coord28-eps+0.1,extra,15,4,1.58919988280104e-09,4.306435585021973e-06,5,5,0,1.7390376329421997,1.7390334606170654
extra-coord28-eps+0.1,extra,15,5,-2.2673305011267075e-08,2.5406479835510254e-06,10,10,0,2.4321401119232178,2.432136058807373
extra-coord28-eps+0.1,extra,16,0,0.0,0.0,0,0,0,-0.0,-0.0
extra-coord28-eps+0.1,extra,16,1,0.0,0.0,0,0,0,2.7631020735330303e-11,2.7631020735330303e-11
extra-coord28-eps+0.1,extra,16,2,-1.509056346549187e-08,8.046627044677734e-06,1,1,0,0.6931310892105103,0.6931310296058655
extra-coord28-eps+0.1,extra,16,3,-5.913875611440744e-08,1.8104910850524902e-05,2,2,0,1.0377330780029297,1.0377272367477417
extra-coord28-eps+0.1,extra,16,4,1.5757450455566868e-08,1.3977289199829102e-05,4,4,0,1.730865478515625,1.7308595180511475
extra-coord28-eps+0.1,extra,16,5,4.5807666992914164e-08,7.12275505065918e-06,8,8,0,2.424008846282959,2.4240031242370605
extra-coord28-eps+0.1,extra,17,0,0.0,0.0,0,0,0,-0.0,-0.0
extra-coord28-eps+0.1,extra,17,1,0.0,0.0,0,0,0,2.7631020735330303e-11,2.7631020735330303e-11
extra-coord28-eps+0.1,extra,17,2,2.1864252630621195e-09,4.3451786041259766e-05,0,0,0,0.6930968761444092,0.693097710609436
extra-coord28-eps+0.1,extra,17,3,-9.353243513032794e-09,6.32554292678833e-05,2,2,0,1.0429779291152954,1.0429465770721436
extra-coord28-eps+0.1,extra,17,4,-6.650225259363651e-09,5.4255127906799316e-05,4,4,0,1.736116647720337,1.7360849380493164
extra-coord28-eps+0.1,extra,17,5,-2.0900642994092777e-08,2.7939677238464355e-05,9,9,0,2.4291458129882812,2.4291141033172607
extra-coord28-eps+0.1,extra,18,0,0.0,0.0,0,0,0,-0.0,-0.0
extra-coord28-eps+0.1,extra,18,1,0.0,0.0,0,0,0,2.7631020735330303e-11,2.7631020735330303e-11
extra-coord28-eps+0.1,extra,18,2,1.6652847989462316e-09,2.7298927307128906e-05,0,0,0,0.692670464515686,0.6926721334457397
extra-coord28-eps+0.1,extra,18,3,-2.8485374059528112e-08,6.213784217834473e-05,2,2,0,1.0481799840927124,1.0481706857681274
extra-coord28-eps+0.1,extra,18,4,-2.0820152712985873e-08,4.2304396629333496e-05,5,5,0,1.7400339841842651,1.7400296926498413
extra-coord28-eps+0.1,extra,18,5,3.170066520397086e-08,2.230703830718994e-05,10,10,0,2.43314266204834,2.433138608932495
extra-coord28-eps+0.1,extra,19,0,0.0,0.0,0,0,0,-0.0,-0.0
extra-coord28-eps+0.1,extra,19,1,0.0,0.0,0,0,0,2.7631020735330303e-11,2.7631020735330303e-11
extra-coord28-eps+0.1,extra,19,2,-4.5341948862187564e-08,1.6927719116210938e-05,0,0,0,0.6929329037666321,0.6929335594177246
extra-coord28-eps+0.1,extra,19,3,-3.9711267163511366e-08,5.951523780822754e-05,2,2,0,1.0452438592910767,1.0452405214309692
extra-coord28-eps+0.1,extra,19,4,-1.494072421337478e-08,3.705918788909912e-05,5,5,0,1.7375059127807617,1.73750638961792
extra-coord28-eps+0.1,extra,19,5,1.989405973290559e-08,2.14502215385437e-05,10,10,0,2.4306249618530273,2.4306254386901855
extra-coord28-eps+0.1,extra,20,0,0.0,0.0,0,0,0,-0.0,-0.0
extra-coord28-eps+0.1,extra,20,1,0.0,0.0,0,0,0,2.7631020735330303e-11,2.7631020735330303e-11
extra-coord28-eps+0.1,extra,20,2,-2.351157490920741e-09,4.976987838745117e-06,1,1,0,0.692352294921875,0.6923526525497437
extra-coord28-eps+0.1,extra,20,3,1.4066699804970995e-08,2.282857894897461e-05,2,2,0,1.0236475467681885,1.0236482620239258
extra-coord28-eps+0.1,extra,20,4,3.0201363188098185e-08,1.4469027519226074e-05,4,4,0,1.715409517288208,1.7154086828231812
extra-coord28-eps+0.1,extra,20,5,-4.3329919208190404e-08,8.42660665512085e-06,9,9,0,2.408513069152832,2.4085118770599365
extra-coord28-eps+0.1,extra,21,0,0.0,0.0,0,0,0,-0.0,-0.0
extra-coord28-eps+0.1,extra,21,1,0.0,0.0,0,0,0,2.7631020735330303e-11,2.7631020735330303e-11
extra-coord28-eps+0.1,extra,21,2,6.086065695853904e-08,1.9758939743041992e-05,1,1,0,0.6927247643470764,0.6927258968353271
extra-coord28-eps+0.1,extra,21,3,6.04975411988562e-08,2.2456049919128418e-05,2,2,0,1.0286304950714111,1.028646469116211
extra-coord28-eps+0.1,extra,21,4,-4.4625153350352775e-08,2.1278858184814453e-05,4,4,0,1.7210500240325928,1.7210676670074463
extra-coord28-eps+0.1,extra,21,5,6.194909474288579e-09,1.1160969734191895e-05,8,8,0,2.4141809940338135,2.414198398590088
extra-coord28-eps+0.1,extra,22,0,0.0,0.0,0,0,0,-0.0,-0.0
extra-coord28-eps+0.1,extra,22,1,0.0,0.0,0,0,0,2.7631020735330303e-11,2.7631020735330303e-11
extra-coord28-eps+0.1,extra,22,2,2.9822899705322925e-08,4.5299530029296875e-06,0,0,0,0.6931215524673462,0.6931216716766357
extra-coord28-eps+0.1,extra,22,3,2.9618377084261738e-08,1.4036893844604492e-05,2,2,0,1.0419191122055054,1.041916847229004
extra-coord28-eps+0.1,extra,22,4,-5.9535750551731326e-08,9.685754776000977e-06,5,5,0,1.7348988056182861,1.7348968982696533
extra-coord28-eps+0.1,extra,22,5,-1.3450289770844392e-08,4.939734935760498e-06,10,10,0,2.4280405044555664,2.4280385971069336
extra-coord28-eps+0.1,extra,23,0,0.0,0.0,0,0,0,-0.0,-0.0
extra-coord28-eps+0.1,extra,23,1,0.0,0.0,0,0,0,2.7631020735330303e-11,2.7631020735330303e-11
extra-coord28-eps+0.1,extra,23,2,1.5795194485690445e-08,4.5418739318847656e-05,1,1,0,0.6928062438964844,0.6928039193153381
extra-coord28-eps+0.1,extra,23,3,-7.823473424650729e-09,8.22991132736206e-05,2,2,0,1.0286445617675781,1.0286006927490234
extra-coord28-eps+0.1,extra,23,4,2.794286046992056e-08,6.791949272155762e-05,4,4,0,1.7208653688430786,1.7208147048950195
extra-coord28-eps+0.1,extra,23,5,5.9096009863424115e-08,3.6716461181640625e-05,9,9,0,2.4138734340667725,2.4138221740722656
