intervention,concept,surface,piece_index,token_id,piece,decode_step,probability,rank
baseline,push,push,0,10766,▁push,0,2.0110499008296756e-06,6133
baseline,push,push,0,10766,▁push,1,0.0001389819080941379,1165
baseline,push,push,0,10766,▁push,2,1.790521309885662e-05,2712
baseline,push,push,0,10766,▁push,3,1.4428094800678082e-05,2565
baseline,push,push,0,10766,▁push,4,1.7638885765336454e-05,3373
baseline,push,push,0,10766,▁push,5,4.149072537984466e-06,3891
baseline,push,push,0,10766,▁push,6,1.0372411452408414e-05,3408
baseline,push,push,0,10766,▁push,7,1.1098530194431078e-05,4417
baseline,push,push,0,10766,▁push,8,1.0922140972979832e-05,2119
baseline,push,push,0,10766,▁push,9,9.288916771765798e-05,1044
baseline,push,push,0,10766,▁push,10,0.0003471499076113105,439
baseline,push,push,0,10766,▁push,11,9.179476023746247e-07,3443
baseline,push,push,0,10766,▁push,12,5.961092028883286e-06,2707
baseline,push,push,0,10766,▁push,13,2.0145545931882225e-05,2366
baseline,push,push,0,10766,▁push,14,2.3743916244711727e-05,2465
baseline,push,push,0,10766,▁push,15,3.245267862439505e-06,3063
baseline,push,push,0,10766,▁push,16,3.901963196994984e-08,6978
baseline,push,push,0,10766,▁push,17,0.00010091026342706755,1098
baseline,push,push,0,10766,▁push,18,6.358490645652637e-05,1354
baseline,push,push,0,10766,▁push,19,0.0008158414857462049,165
baseline,push,push,0,10766,▁push,20,8.316076127812266e-05,1366
baseline,push,push,0,10766,▁push,21,3.984693648817483e-06,2744
baseline,push,push,0,10766,▁push,22,7.0500791480299085e-06,2348
baseline,push,push,0,10766,▁push,23,2.996795592480339e-05,2393
baseline,push,pushes,0,26,▁p,0,9.175474406220019e-05,920
baseline,push,pushes,0,26,▁p,1,0.011826920323073864,2
baseline,push,pushes,0,26,▁p,2,0.005181238055229187,21
baseline,push,pushes,0,26,▁p,3,0.001442853594198823,56
baseline,push,pushes,0,26,▁p,4,0.00843492429703474,13
baseline,push,pushes,0,26,▁p,5,0.0012068261858075857,84
baseline,push,pushes,0,26,▁p,6,0.0007227681926451623,170
baseline,push,pushes,0,26,▁p,7,0.004975796211510897,27
baseline,push,pushes,0,26,▁p,8,0.0011574628297239542,86
baseline,push,pushes,0,26,▁p,9,0.001800161087885499,100
baseline,push,pushes,0,26,▁p,10,0.015948418527841568,8
baseline,push,pushes,0,26,▁p,11,5.724315997213125e-05,374
baseline,push,pushes,0,26,▁p,12,0.0009620592463761568,71
baseline,push,pushes,0,26,▁p,13,0.005411781370639801,16
baseline,push,pushes,0,26,▁p,14,0.013561475090682507,10
baseline,push,pushes,0,26,▁p,15,0.0015835793456062675,36
baseline,push,pushes,0,26,▁p,16,1.7731495972839184e-05,148
baseline,push,pushes,0,26,▁p,17,0.0029566276352852583,29
baseline,push,pushes,0,26,▁p,18,0.0022246248554438353,55
baseline,push,pushes,0,26,▁p,19,0.003030977211892605,35
baseline,push,pushes,0,26,▁p,20,0.006525732111185789,18
baseline,push,pushes,0,26,▁p,21,0.0008928300812840462,37
baseline,push,pushes,0,26,▁p,22,0.000577992876060307,66
baseline,push,pushes,0,26,▁p,23,0.006994789931923151,18
baseline,push,pushes,1,74,us,0,4.533427727437811e-06,4307
baseline,push,pushes,1,74,us,1,4.77758985653054e-05,2472
baseline,push,pushes,1,74,us,2,1.7582235045665584e-07,19038
baseline,push,pushes,1,74,us,3,3.2894324704102473e-06,5597
baseline,push,pushes,1,74,us,4,5.454483925859677e-06,5771
baseline,push,pushes,1,74,us,5,3.456559716141783e-05,1034
baseline,push,pushes,1,74,us,6,0.0003456956474110484,335
baseline,push,pushes,1,74,us,7,0.000255454215221107,592
baseline,push,pushes,1,74,us,8,8.492684173688758e-06,2444
baseline,push,pushes,1,74,us,9,3.4341162518103374e-06,5207
baseline,push,pushes,1,74,us,10,0.00012427962792571634,948
baseline,push,pushes,1,74,us,11,0.008165073581039906,20
baseline,push,pushes,1,74,us,12,0.00017579011910129339,251
baseline,push,pushes,1,74,us,13,3.316068250569515e-05,1758
baseline,push,pushes,1,74,us,14,3.931780520360917e-05,1847
baseline,push,pushes,1,74,us,15,2.339449019927997e-05,927
baseline,push,pushes,1,74,us,16,7.331729648285545e-06,330
baseline,push,pushes,1,74,us,17,2.893734199460596e-05,3348
baseline,push,pushes,1,74,us,18,7.6443946454674e-05,1155
baseline,push,pushes,1,74,us,19,8.315187187690753e-07,12482
baseline,push,pushes,1,74,us,20,7.71307895774953e-06,5070
baseline,push,pushes,1,74,us,21,7.651600753888488e-06,1778
baseline,push,pushes,1,74,us,22,8.146972504619043e-06,2144
baseline,push,pushes,1,74,us,23,3.62511163984891e-05,2152
baseline,push,pushes,2,994,hes,0,1.2187786069262074e-06,7658
baseline,push,pushes,2,994,hes,1,1.581569631525781e-05,4369
baseline,push,pushes,2,994,hes,2,2.2411718703096994e-07,17661
baseline,push,pushes,2,994,hes,3,6.218259386514546e-06,4059
baseline,push,pushes,2,994,hes,4,5.689393674401799e-06,5659
baseline,push,pushes,2,994,hes,5,1.2366816690700944e-06,7244
baseline,push,pushes,2,994,hes,6,1.7488745243099402e-06,7841
baseline,push,pushes,2,994,hes,7,2.9877271572331665e-06,7906
baseline,push,pushes,2,994,hes,8,6.839918933110312e-05,638
baseline,push,pushes,2,994,hes,9,0.0016495174495503306,110
baseline,push,pushes,2,994,hes,10,1.19331252790289e-05,3335
baseline,push,pushes,2,994,hes,11,9.743916598381475e-05,275
baseline,push,pushes,2,994,hes,12,1.3622739061247557e-05,1622
baseline,push,pushes,2,994,hes,13,5.508573394763516e-06,4853
baseline,push,pushes,2,994,hes,14,1.2116264542783028e-06,9362
baseline,push,pushes,2,994,hes,15,2.0104844224988483e-05,1032
baseline,push,pushes,2,994,hes,16,8.886278379804935e-08,4727
baseline,push,pushes,2,994,hes,17,1.0129024303751066e-06,21089
baseline,push,pushes,2,994,hes,18,7.595288479933515e-06,6559
baseline,push,pushes,2,994,hes,19,1.5240040056596627e-06,9666
baseline,push,pushes,2,994,hes,20,1.3727976693189703e-06,10388
baseline,push,pushes,2,994,hes,21,9.950126695912331e-06,1484
baseline,push,pushes,2,994,hes,22,3.7309446270228364e-06,3449
baseline,push,pushes,2,994,hes,23,3.3436997455282835e-06,6818
baseline,push,pushed,0,17595,▁pushed,0,2.0798941022803774e-06,6045
baseline,push,pushed,0,17595,▁pushed,1,1.4215989722288214e-05,4602
baseline,push,pushed,0,17595,▁pushed,2,6.882361503812717e-06,4476
baseline,push,pushed,0,17595,▁pushed,3,6.1795913097739685e-06,4067
baseline,push,pushed,0,17595,▁pushed,4,9.406490789842792e-06,4543
baseline,push,pushed,0,17595,▁pushed,5,2.823996328515932e-05,1209
baseline,push,pushed,0,17595,▁pushed,6,3.7121712921361905e-06,5667
baseline,push,pushed,0,17595,▁pushed,7,4.283372163627064e-06,6815
baseline,push,pushed,0,17595,▁pushed,8,5.645573401125148e-05,736
baseline,push,pushed,0,17595,▁pushed,9,0.0008300922345370054,208
baseline,push,pushed,0,17595,▁pushed,10,2.4616532755317166e-05,2403
baseline,push,pushed,0,17595,▁pushed,11,2.3183611119748093e-06,2056
baseline,push,pushed,0,17595,▁pushed,12,2.7727062843041494e-05,1005
baseline,push,pushed,0,17595,▁pushed,13,3.68621385860024e-06,5944
baseline,push,pushed,0,17595,▁pushed,14,4.0880463529902045e-06,5677
baseline,push,pushed,0,17595,▁pushed,15,1.2044933100696653e-05,1422
baseline,push,pushed,0,17595,▁pushed,16,3.1787184440190686e-08,7618
baseline,push,pushed,0,17595,▁pushed,17,0.00015452578372787684,738
baseline,push,pushed,0,17595,▁pushed,18,0.0002912267518695444,358
baseline,push,pushed,0,17595,▁pushed,19,2.117788972100243e-05,2401
baseline,push,pushed,0,17595,▁pushed,20,3.2725483833928593e-06,7366
baseline,push,pushed,0,17595,▁pushed,21,1.0274376336383284e-06,5952
baseline,push,pushed,0,17595,▁pushed,22,1.2204159247630741e-06,5979
baseline,push,pushed,0,17595,▁pushed,23,5.468665221997071e-06,5543
baseline,push,pushing,0,10766,▁push,0,2.0110499008296756e-06,6133
baseline,push,pushing,0,10766,▁push,1,0.0001389819080941379,1165
baseline,push,pushing,0,10766,▁push,2,1.790521309885662e-05,2712
baseline,push,pushing,0,10766,▁push,3,1.4428094800678082e-05,2565
baseline,push,pushing,0,10766,▁push,4,1.7638885765336454e-05,3373
baseline,push,pushing,0,10766,▁push,5,4.149072537984466e-06,3891
baseline,push,pushing,0,10766,▁push,6,1.0372411452408414e-05,3408
baseline,push,pushing,0,10766,▁push,7,1.1098530194431078e-05,4417
baseline,push,pushing,0,10766,▁push,8,1.0922140972979832e-05,2119
baseline,push,pushing,0,10766,▁push,9,9.288916771765798e-05,1044
baseline,push,pushing,0,10766,▁push,10,0.0003471499076113105,439
baseline,push,pushing,0,10766,▁push,11,9.179476023746247e-07,3443
baseline,push,pushing,0,10766,▁push,12,5.961092028883286e-06,2707
baseline,push,pushing,0,10766,▁push,13,2.0145545931882225e-05,2366
baseline,push,pushing,0,10766,▁push,14,2.3743916244711727e-05,2465
baseline,push,pushing,0,10766,▁push,15,3.245267862439505e-06,3063
baseline,push,pushing,0,10766,▁push,16,3.901963196994984e-08,6978
baseline,push,pushing,0,10766,▁push,17,0.00010091026342706755,1098
baseline,push,pushing,0,10766,▁push,18,6.358490645652637e-05,1354
baseline,push,pushing,0,10766,▁push,19,0.0008158414857462049,165
baseline,push,pushing,0,10766,▁push,20,8.316076127812266e-05,1366
baseline,push,pushing,0,10766,▁push,21,3.984693648817483e-06,2744
baseline,push,pushing,0,10766,▁push,22,7.0500791480299085e-06,2348
baseline,push,pushing,0,10766,▁push,23,2.996795592480339e-05,2393
baseline,push,pushing,1,30,ing,0,6.712372851325199e-06,3581
baseline,push,pushing,1,30,ing,1,3.610276280596736e-06,8331
baseline,push,pushing,1,30,ing,2,1.6464769942103885e-05,2856
baseline,push,pushing,1,30,ing,3,2.7784106350736693e-05,1689
baseline,push,pushing,1,30,ing,4,5.075921308161924e-06,5960
baseline,push,pushing,1,30,ing,5,0.00035810499684885144,186
baseline,push,pushing,1,30,ing,6,5.019246964366175e-05,1393
baseline,push,pushing,1,30,ing,7,1.4070335964788683e-05,3937
baseline,push,pushing,1,30,ing,8,0.0010797783033922315,91
baseline,push,pushing,1,30,ing,9,2.6522666303208098e-05,2066
baseline,push,pushing,1,30,ing,10,5.148540822119685e-06,4785
baseline,push,pushing,1,30,ing,11,0.00019070539565291256,184
baseline,push,pushing,1,30,ing,12,0.002099703997373581,37
baseline,push,pushing,1,30,ing,13,0.00020643956668209285,448
baseline,push,pushing,1,30,ing,14,1.927784614963457e-05,2771
baseline,push,pushing,1,30,ing,15,0.0007761397864669561,75
baseline,push,pushing,1,30,ing,16,1.6167359717655927e-05,163
baseline,push,pushing,1,30,ing,17,0.0012889872305095196,85
baseline,push,pushing,1,30,ing,18,0.002952751237899065,40
baseline,push,pushing,1,30,ing,19,4.618315188054112e-07,15738
baseline,push,pushing,1,30,ing,20,9.209165909851436e-07,12059
baseline,push,pushing,1,30,ing,21,0.00010971282608807087,228
baseline,push,pushing,1,30,ing,22,2.315097844984848e-05,1009
baseline,push,pushing,1,30,ing,23,6.0650313571386505e-06,5266
baseline,stone,stone,0,9557,▁stone,0,1.7254942576983012e-05,2380
baseline,stone,stone,0,9557,▁stone,1,0.0006642630323767662,282
baseline,stone,stone,0,9557,▁stone,2,0.00519849918782711,20
baseline,stone,stone,0,9557,▁stone,3,0.0002493071660865098,295
baseline,stone,stone,0,9557,▁stone,4,0.0007419838802888989,225
baseline,stone,stone,0,9557,▁stone,5,2.86951290036086e-05,1196
baseline,stone,stone,0,9557,▁stone,6,0.0002516270615160465,435
baseline,stone,stone,0,9557,▁stone,7,0.0008205386693589389,197
baseline,stone,stone,0,9557,▁stone,8,2.185398079745937e-05,1397
baseline,stone,stone,0,9557,▁stone,9,3.4980097552761436e-05,1777
baseline,stone,stone,0,9557,▁stone,10,0.006024693138897419,26
baseline,stone,stone,0,9557,▁stone,11,5.992313163005747e-05,369
baseline,stone,stone,0,9557,▁stone,12,0.0031705487053841352,29
baseline,stone,stone,0,9557,▁stone,13,0.022552015259861946,4
baseline,stone,stone,0,9557,▁stone,14,0.009827413596212864,13
baseline,stone,stone,0,9557,▁stone,15,0.0030732585582882166,18
baseline,stone,stone,0,9557,▁stone,16,1.4558770544681465e-06,1038
baseline,stone,stone,0,9557,▁stone,17,0.0019461445044726133,43
baseline,stone,stone,0,9557,▁stone,18,0.0006976838922128081,160
baseline,stone,stone,0,9557,▁stone,19,0.0013952431036159396,95
baseline,stone,stone,0,9557,▁stone,20,0.0036655685398727655,30
baseline,stone,stone,0,9557,▁stone,21,0.00041386098018847406,81
baseline,stone,stone,0,9557,▁stone,22,0.0005896170623600483,64
baseline,stone,stone,0,9557,▁stone,23,0.0027243427466601133,52
baseline,stone,stones,0,19056,▁stones,0,1.1728085155482404e-05,2814
baseline,stone,stones,0,19056,▁stones,1,0.0013230739859864116,126
baseline,stone,stones,0,19056,▁stones,2,0.0004080092185176909,286
baseline,stone,stones,0,19056,▁stones,3,0.00019083384540863335,363
baseline,stone,stones,0,19056,▁stones,4,0.0005709040560759604,298
baseline,stone,stones,0,19056,▁stones,5,3.0496414183289744e-05,1147
baseline,stone,stones,0,19056,▁stones,6,0.0003220731159672141,360
baseline,stone,stones,0,19056,▁stones,7,0.0004439560871105641,365
baseline,stone,stones,0,19056,▁stones,8,2.4474772999383276e-06,4933
baseline,stone,stones,0,19056,▁stones,9,2.3889801013865508e-05,2167
baseline,stone,stones,0,19056,▁stones,10,0.00019008174422197044,714
baseline,stone,stones,0,19056,▁stones,11,5.970166512270225e-06,1233
baseline,stone,stones,0,19056,▁stones,12,0.00010617896623443812,348
baseline,stone,stones,0,19056,▁stones,13,0.006149077322334051,13
baseline,stone,stones,0,19056,▁stones,14,0.004036839120090008,38
baseline,stone,stones,0,19056,▁stones,15,0.0003889357321895659,131
baseline,stone,stones,0,19056,▁stones,16,6.112907158239977e-07,1755
baseline,stone,stones,0,19056,▁stones,17,0.0006814721273258328,172
baseline,stone,stones,0,19056,▁stones,18,0.00045471623889170587,229
baseline,stone,stones,0,19056,▁stones,19,8.412078022956848e-05,1002
baseline,stone,stones,0,19056,▁stones,20,0.002148882020264864,61
baseline,stone,stones,0,19056,▁stones,21,0.00015421828720718622,169
baseline,stone,stones,0,19056,▁stones,22,0.0003973600687459111,101
baseline,stone,stones,0,19056,▁stones,23,0.001974709564819932,67
baseline,stone,rock,0,8500,▁rock,0,6.469020945587545e-07,10193
baseline,stone,rock,0,8500,▁rock,1,6.43112653051503e-05,2058
baseline,stone,rock,0,8500,▁rock,2,0.00025775283575057983,432
baseline,stone,rock,0,8500,▁rock,3,3.379541158210486e-05,1494
baseline,stone,rock,0,8500,▁rock,4,0.0002082260325551033,702
baseline,stone,rock,0,8500,▁rock,5,4.016999355371809e-06,3962
baseline,stone,rock,0,8500,▁rock,6,7.96225322119426e-06,3904
baseline,stone,rock,0,8500,▁rock,7,7.049312262097374e-05,1622
baseline,stone,rock,0,8500,▁rock,8,5.987056397316337e-07,9765
baseline,stone,rock,0,8500,▁rock,9,4.590742719301488e-06,4569
baseline,stone,rock,0,8500,▁rock,10,0.0003547235974110663,428
baseline,stone,rock,0,8500,▁rock,11,6.810583386140934e-07,4073
baseline,stone,rock,0,8500,▁rock,12,3.8474328903248534e-05,778
baseline,stone,rock,0,8500,▁rock,13,0.0004895886522717774,182
baseline,stone,rock,0,8500,▁rock,14,0.0008315105806104839,162
baseline,stone,rock,0,8500,▁rock,15,7.782004831824452e-05,396
baseline,stone,rock,0,8500,▁rock,16,1.0758346746797542e-07,4331
baseline,stone,rock,0,8500,▁rock,17,3.436695988057181e-05,2933
baseline,stone,rock,0,8500,▁rock,18,4.08882369811181e-05,1936
baseline,stone,rock,0,8500,▁rock,19,5.54891157662496e-05,1333
baseline,stone,rock,0,8500,▁rock,20,0.0004619200772140175,324
baseline,stone,rock,0,8500,▁rock,21,2.5996181648224592e-05,742
baseline,stone,rock,0,8500,▁rock,22,4.6254266635514796e-05,589
baseline,stone,rock,0,8500,▁rock,23,0.0008521979325450957,166
baseline,stone,rocks,0,8500,▁rock,0,6.469020945587545e-07,10193
baseline,stone,rocks,0,8500,▁rock,1,6.43112653051503e-05,2058
baseline,stone,rocks,0,8500,▁rock,2,0.00025775283575057983,432
baseline,stone,rocks,0,8500,▁rock,3,3.379541158210486e-05,1494
baseline,stone,rocks,0,8500,▁rock,4,0.0002082260325551033,702
baseline,stone,rocks,0,8500,▁rock,5,4.016999355371809e-06,3962
baseline,stone,rocks,0,8500,▁rock,6,7.96225322119426e-06,3904
baseline,stone,rocks,0,8500,▁rock,7,7.049312262097374e-05,1622
baseline,stone,rocks,0,8500,▁rock,8,5.987056397316337e-07,9765
baseline,stone,rocks,0,8500,▁rock,9,4.590742719301488e-06,4569
baseline,stone,rocks,0,8500,▁rock,10,0.0003547235974110663,428
baseline,stone,rocks,0,8500,▁rock,11,6.810583386140934e-07,4073
baseline,stone,rocks,0,8500,▁rock,12,3.8474328903248534e-05,778
baseline,stone,rocks,0,8500,▁rock,13,0.0004895886522717774,182
baseline,stone,rocks,0,8500,▁rock,14,0.0008315105806104839,162
baseline,stone,rocks,0,8500,▁rock,15,7.782004831824452e-05,396
baseline,stone,rocks,0,8500,▁rock,16,1.0758346746797542e-07,4331
baseline,stone,rocks,0,8500,▁rock,17,3.436695988057181e-05,2933
baseline,stone,rocks,0,8500,▁rock,18,4.08882369811181e-05,1936
baseline,stone,rocks,0,8500,▁rock,19,5.54891157662496e-05,1333
baseline,stone,rocks,0,8500,▁rock,20,0.0004619200772140175,324
baseline,stone,rocks,0,8500,▁rock,21,2.5996181648224592e-05,742
baseline,stone,rocks,0,8500,▁rock,22,4.6254266635514796e-05,589
baseline,stone,rocks,0,8500,▁rock,23,0.0008521979325450957,166
baseline,stone,rocks,1,28561,s,0,2.0667224816861562e-05,2186
baseline,stone,rocks,1,28561,s,1,0.00020670477533712983,839
baseline,stone,rocks,1,28561,s,2,2.4202322492783424e-06,7209
baseline,stone,rocks,1,28561,s,3,0.00022685076692141593,309
baseline,stone,rocks,1,28561,s,4,0.0017645988846197724,86
baseline,stone,rocks,1,28561,s,5,0.00022386196360457689,275
baseline,stone,rocks,1,28561,s,6,5.874519956705626e-06,4563
baseline,stone,rocks,1,28561,s,7,4.941482620779425e-05,2050
baseline,stone,rocks,1,28561,s,8,0.006980327423661947,24
baseline,stone,rocks,1,28561,s,9,1.0509196727070957e-05,3170
baseline,stone,rocks,1,28561,s,10,4.377088203000312e-08,24844
baseline,stone,rocks,1,28561,s,11,0.0015283743850886822,64
baseline,stone,rocks,1,28561,s,12,9.702729585114866e-05,377
baseline,stone,rocks,1,28561,s,13,6.555284926434979e-05,1103
baseline,stone,rocks,1,28561,s,14,0.00029253476532176137,445
baseline,stone,rocks,1,28561,s,15,0.00018751939933281392,220
baseline,stone,rocks,1,28561,s,16,1.1180160981894005e-05,229
baseline,stone,rocks,1,28561,s,17,0.00024297811614815146,480
baseline,stone,rocks,1,28561,s,18,0.0032230590004473925,39
baseline,stone,rocks,1,28561,s,19,2.2895048459758982e-05,2283
baseline,stone,rocks,1,28561,s,20,6.744770507793874e-05,1587
baseline,stone,rocks,1,28561,s,21,0.0007014783914200962,51
baseline,stone,rocks,1,28561,s,22,4.007916504633613e-05,672
baseline,stone,rocks,1,28561,s,23,0.0003517097211442888,403
baseline,stone,boulder,0,34,▁b,0,0.00019699244876392186,517
baseline,stone,boulder,0,34,▁b,1,0.003802602645009756,30
baseline,stone,boulder,0,34,▁b,2,0.003589007304981351,32
baseline,stone,boulder,0,34,▁b,3,0.0016480153426527977,44
baseline,stone,boulder,0,34,▁b,4,0.006683798972517252,17
baseline,stone,boulder,0,34,▁b,5,0.0008183752652257681,106
baseline,stone,boulder,0,34,▁b,6,0.0010135238990187645,127
baseline,stone,boulder,0,34,▁b,7,0.007279164157807827,13
baseline,stone,boulder,0,34,▁b,8,0.0007396255386993289,124
baseline,stone,boulder,0,34,▁b,9,0.0014813343295827508,117
baseline,stone,boulder,0,34,▁b,10,0.009758180007338524,14
baseline,stone,boulder,0,34,▁b,11,4.7234236262738705e-05,410
baseline,stone,boulder,0,34,▁b,12,0.0007676414679735899,81
baseline,stone,boulder,0,34,▁b,13,0.0011981558054685593,79
baseline,stone,boulder,0,34,▁b,14,0.0038273571990430355,42
baseline,stone,boulder,0,34,▁b,15,0.014618651941418648,7
baseline,stone,boulder,0,34,▁b,16,1.1079020623583347e-05,235
baseline,stone,boulder,0,34,▁b,17,0.0016901715425774455,59
baseline,stone,boulder,0,34,▁b,18,0.0015344771090894938,71
baseline,stone,boulder,0,34,▁b,19,0.0016342500457540154,80
baseline,stone,boulder,0,34,▁b,20,0.0032653268426656723,39
baseline,stone,boulder,0,34,▁b,21,0.0005594244576059282,62
baseline,stone,boulder,0,34,▁b,22,0.0002976534015033394,129
baseline,stone,boulder,0,34,▁b,23,0.0031299362890422344,44
baseline,stone,boulder,1,356,ould,0,2.0010301682304998e-07,16813
baseline,stone,boulder,1,356,ould,1,3.4401611515022523e-07,18885
baseline,stone,boulder,1,356,ould,2,1.2931019455209025e-06,9388
baseline,stone,boulder,1,356,ould,3,2.4396302933382685e-07,16341
baseline,stone,boulder,1,356,ould,4,1.6337200747784664e-07,20571
baseline,stone,boulder,1,356,ould,5,9.627810726442476e-08,19409
baseline,stone,boulder,1,356,ould,6,1.1860586823786434e-07,20609
baseline,stone,boulder,1,356,ould,7,1.226695900413688e-07,23377
baseline,stone,boulder,1,356,ould,8,3.575560185709037e-07,12160
baseline,stone,boulder,1,356,ould,9,4.7355584342767543e-07,11817
baseline,stone,boulder,1,356,ould,10,1.7856286831374746e-06,7538
baseline,stone,boulder,1,356,ould,11,2.1393349015852436e-05,612
baseline,stone,boulder,1,356,ould,12,8.139187229971867e-06,2240
baseline,stone,boulder,1,356,ould,13,2.781627472359105e-06,6799
baseline,stone,boulder,1,356,ould,14,1.3440419479593402e-06,9005
baseline,stone,boulder,1,356,ould,15,1.4846155238501524e-07,12626
baseline,stone,boulder,1,356,ould,16,4.532101272047839e-08,6499
baseline,stone,boulder,1,356,ould,17,2.607636133689084e-06,14830
baseline,stone,boulder,1,356,ould,18,1.4342456324811792e-06,15978
baseline,stone,boulder,1,356,ould,19,1.7948834738490405e-06,8966
baseline,stone,boulder,1,356,ould,20,4.84190081806446e-07,15317
baseline,stone,boulder,1,356,ould,21,9.136423955169448e-07,6327
baseline,stone,boulder,1,356,ould,22,7.180173611232021e-08,17972
baseline,stone,boulder,1,356,ould,23,1.6709890360289137e-07,20066
baseline,stone,boulder,2,8,er,0,5.0381436267343815e-06,4113
baseline,stone,boulder,2,8,er,1,3.3238973173865816e-06,8614
baseline,stone,boulder,2,8,er,2,3.0013737273293373e-07,16158
baseline,stone,boulder,2,8,er,3,7.830770300643053e-06,3604
baseline,stone,boulder,2,8,er,4,5.407218395703239e-06,5793
baseline,stone,boulder,2,8,er,5,2.4088460122584365e-05,1339
baseline,stone,boulder,2,8,er,6,7.26142161511234e-06,4109
baseline,stone,boulder,2,8,er,7,1.2619606422958896e-05,4152
baseline,stone,boulder,2,8,er,8,4.216848174110055e-05,905
baseline,stone,boulder,2,8,er,9,2.0842757294303738e-05,2338
baseline,stone,boulder,2,8,er,10,2.518197834433522e-05,2375
baseline,stone,boulder,2,8,er,11,0.026892079040408134,8
baseline,stone,boulder,2,8,er,12,0.0007550864247605205,82
baseline,stone,boulder,2,8,er,13,4.963842366123572e-05,1348
baseline,stone,boulder,2,8,er,14,3.5122637200402096e-05,1971
baseline,stone,boulder,2,8,er,15,5.377683191909455e-05,517
baseline,stone,boulder,2,8,er,16,1.3367584870138671e-05,196
baseline,stone,boulder,2,8,er,17,0.0002989461936522275,366
baseline,stone,boulder,2,8,er,18,0.00032616022508591413,323
baseline,stone,boulder,2,8,er,19,1.938271680046455e-06,8666
baseline,stone,boulder,2,8,er,20,1.3894103858547169e-06,10341
baseline,stone,boulder,2,8,er,21,0.00012905182666145265,195
baseline,stone,boulder,2,8,er,22,1.87985242519062e-05,1192
baseline,stone,boulder,2,8,er,23,2.6293388145859353e-05,2572
baseline,stone,boulders,0,34,▁b,0,0.00019699244876392186,517
baseline,stone,boulders,0,34,▁b,1,0.003802602645009756,30
baseline,stone,boulders,0,34,▁b,2,0.003589007304981351,32
baseline,stone,boulders,0,34,▁b,3,0.0016480153426527977,44
baseline,stone,boulders,0,34,▁b,4,0.006683798972517252,17
baseline,stone,boulders,0,34,▁b,5,0.0008183752652257681,106
baseline,stone,boulders,0,34,▁b,6,0.0010135238990187645,127
baseline,stone,boulders,0,34,▁b,7,0.007279164157807827,13
baseline,stone,boulders,0,34,▁b,8,0.0007396255386993289,124
baseline,stone,boulders,0,34,▁b,9,0.0014813343295827508,117
baseline,stone,boulders,0,34,▁b,10,0.009758180007338524,14
baseline,stone,boulders,0,34,▁b,11,4.7234236262738705e-05,410
baseline,stone,boulders,0,34,▁b,12,0.0007676414679735899,81
baseline,stone,boulders,0,34,▁b,13,0.0011981558054685593,79
baseline,stone,boulders,0,34,▁b,14,0.0038273571990430355,42
baseline,stone,boulders,0,34,▁b,15,0.014618651941418648,7
baseline,stone,boulders,0,34,▁b,16,1.1079020623583347e-05,235
baseline,stone,boulders,0,34,▁b,17,0.0016901715425774455,59
baseline,stone,boulders,0,34,▁b,18,0.0015344771090894938,71
baseline,stone,boulders,0,34,▁b,19,0.0016342500457540154,80
baseline,stone,boulders,0,34,▁b,20,0.0032653268426656723,39
baseline,stone,boulders,0,34,▁b,21,0.0005594244576059282,62
baseline,stone,boulders,0,34,▁b,22,0.0002976534015033394,129
baseline,stone,boulders,0,34,▁b,23,0.0031299362890422344,44
baseline,stone,boulders,1,356,ould,0,2.0010301682304998e-07,16813
baseline,stone,boulders,1,356,ould,1,3.4401611515022523e-07,18885
baseline,stone,boulders,1,356,ould,2,1.2931019455209025e-06,9388
baseline,stone,boulders,1,356,ould,3,2.4396302933382685e-07,16341
baseline,stone,boulders,1,356,ould,4,1.6337200747784664e-07,20571
baseline,stone,boulders,1,356,ould,5,9.627810726442476e-08,19409
baseline,stone,boulders,1,356,ould,6,1.1860586823786434e-07,20609
baseline,stone,boulders,1,356,ould,7,1.226695900413688e-07,23377
baseline,stone,boulders,1,356,ould,8,3.575560185709037e-07,12160
baseline,stone,boulders,1,356,ould,9,4.7355584342767543e-07,11817
baseline,stone,boulders,1,356,ould,10,1.7856286831374746e-06,7538
baseline,stone,boulders,1,356,ould,11,2.1393349015852436e-05,612
baseline,stone,boulders,1,356,ould,12,8.139187229971867e-06,2240
baseline,stone,boulders,1,356,ould,13,2.781627472359105e-06,6799
baseline,stone,boulders,1,356,ould,14,1.3440419479593402e-06,9005
baseline,stone,boulders,1,356,ould,15,1.4846155238501524e-07,12626
baseline,stone,boulders,1,356,ould,16,4.532101272047839e-08,6499
baseline,stone,boulders,1,356,ould,17,2.607636133689084e-06,14830
baseline,stone,boulders,1,356,ould,18,1.4342456324811792e-06,15978
baseline,stone,boulders,1,356,ould,19,1.7948834738490405e-06,8966
baseline,stone,boulders,1,356,ould,20,4.84190081806446e-07,15317
baseline,stone,boulders,1,356,ould,21,9.136423955169448e-07,6327
baseline,stone,boulders,1,356,ould,22,7.180173611232021e-08,17972
baseline,stone,boulders,1,356,ould,23,1.6709890360289137e-07,20066
baseline,stone,boulders,2,88,ers,0,8.428159162576776e-06,3211
baseline,stone,boulders,2,88,ers,1,3.0512239845847944e-06,8892
baseline,stone,boulders,2,88,ers,2,4.3856670117747854e-07,14199
baseline,stone,boulders,2,88,ers,3,1.3311826478457078e-05,2685
baseline,stone,boulders,2,88,ers,4,6.9193777108012e-07,12917
baseline,stone,boulders,2,88,ers,5,3.9545407162222546e-06,3994
baseline,stone,boulders,2,88,ers,6,2.714967308747873e-07,16051
baseline,stone,boulders,2,88,ers,7,1.5101832673281024e-07,22323
baseline,stone,boulders,2,88,ers,8,1.7292892380282865e-06,5885
baseline,stone,boulders,2,88,ers,9,1.3249776884549647e-06,7780
baseline,stone,boulders,2,88,ers,10,2.4286979538601372e-08,26976
baseline,stone,boulders,2,88,ers,11,7.895168528193608e-05,320
baseline,stone,boulders,2,88,ers,12,7.3578892624937e-05,479
baseline,stone,boulders,2,88,ers,13,1.542498830531258e-05,2754
baseline,stone,boulders,2,88,ers,14,1.9161163891112665e-06,7838
baseline,stone,boulders,2,88,ers,15,0.0002144805039279163,199
baseline,stone,boulders,2,88,ers,16,4.614086265064543e-06,486
baseline,stone,boulders,2,88,ers,17,0.00021747179562225938,530
baseline,stone,boulders,2,88,ers,18,0.0013648964231833816,79
baseline,stone,boulders,2,88,ers,19,5.61797560294508e-06,5154
baseline,stone,boulders,2,88,ers,20,4.6121883201521996e-07,15576
baseline,stone,boulders,2,88,ers,21,0.00034052744740620255,90
baseline,stone,boulders,2,88,ers,22,0.0001396564912283793,242
baseline,stone,boulders,2,88,ers,23,7.120060672605177e-06,4870
base-coord0-eps+0.1,push,push,0,10766,▁push,0,2.0256895822967635e-06,6115
base-coord0-eps+0.1,push,push,0,10766,▁push,1,0.0001391598052578047,1159
base-coord0-eps+0.1,push,push,0,10766,▁push,2,1.8197528333985247e-05,2680
base-coord0-eps+0.1,push,push,0,10766,▁push,3,1.4435064258577768e-05,2570
base-coord0-eps+0.1,push,push,0,10766,▁push,4,1.7719075913191773e-05,3347
base-coord0-eps+0.1,push,push,0,10766,▁push,5,4.240097496222006e-06,3860
base-coord0-eps+0.1,push,push,0,10766,▁push,6,1.0413036761747207e-05,3415
base-coord0-eps+0.1,push,push,0,10766,▁push,7,1.12170937427436e-05,4385
base-coord0-eps+0.1,push,push,0,10766,▁push,8,1.1177769920323044e-05,2086
base-coord0-eps+0.1,push,push,0,10766,▁push,9,9.249032154912129e-05,1047
base-coord0-eps+0.1,push,push,0,10766,▁push,10,0.0003421489673200995,442
base-coord0-eps+0.1,push,push,0,10766,▁push,11,9.148629374067241e-07,3453
base-coord0-eps+0.1,push,push,0,10766,▁push,12,6.003997896186775e-06,2704
base-coord0-eps+0.1,push,push,0,10766,▁push,13,2.0095052605029196e-05,2374
base-coord0-eps+0.1,push,push,0,10766,▁push,14,2.312420474481769e-05,2507
base-coord0-eps+0.1,push,push,0,10766,▁push,15,3.236051043131738e-06,3099
base-coord0-eps+0.1,push,push,0,10766,▁push,16,3.964975903159029e-08,7008
base-coord0-eps+0.1,push,push,0,10766,▁push,17,0.00010382088657934219,1072
base-coord0-eps+0.1,push,push,0,10766,▁push,18,6.37756020296365e-05,1359
base-coord0-eps+0.1,push,push,0,10766,▁push,19,0.0008132864604704082,166
base-coord0-eps+0.1,push,push,0,10766,▁push,20,8.226595673477277e-05,1390
base-coord0-eps+0.1,push,push,0,10766,▁push,21,4.023906512884423e-06,2763
base-coord0-eps+0.1,push,push,0,10766,▁push,22,7.098969490471063e-06,2358
base-coord0-eps+0.1,push,push,0,10766,▁push,23,2.967085129057523e-05,2416
base-coord0-eps+0.1,push,pushes,0,26,▁p,0,9.122394840233028e-05,926
base-coord0-eps+0.1,push,pushes,0,26,▁p,1,0.011828104965388775,2
base-coord0-eps+0.1,push,pushes,0,26,▁p,2,0.005169939715415239,21
base-coord0-eps+0.1,push,pushes,0,26,▁p,3,0.0014558426337316632,55
base-coord0-eps+0.1,push,pushes,0,26,▁p,4,0.008475622162222862,13
base-coord0-eps+0.1,push,pushes,0,26,▁p,5,0.0012171590933576226,84
base-coord0-eps+0.1,push,pushes,0,26,▁p,6,0.000725985155440867,170
base-coord0-eps+0.1,push,pushes,0,26,▁p,7,0.005008788779377937,26
base-coord0-eps+0.1,push,pushes,0,26,▁p,8,0.001166837872005999,86
base-coord0-eps+0.1,push,pushes,0,26,▁p,9,0.00179608806502074,101
base-coord0-eps+0.1,push,pushes,0,26,▁p,10,0.015926092863082886,8
base-coord0-eps+0.1,push,pushes,0,26,▁p,11,5.704361683456227e-05,376
base-coord0-eps+0.1,push,pushes,0,26,▁p,12,0.0009677592315711081,71
base-coord0-eps+0.1,push,pushes,0,26,▁p,13,0.005436256527900696,16
base-coord0-eps+0.1,push,pushes,0,26,▁p,14,0.013546466827392578,10
base-coord0-eps+0.1,push,pushes,0,26,▁p,15,0.0016015003202483058,36
base-coord0-eps+0.1,push,pushes,0,26,▁p,16,1.810636058507953e-05,147
base-coord0-eps+0.1,push,pushes,0,26,▁p,17,0.002962255384773016,29
base-coord0-eps+0.1,push,pushes,0,26,▁p,18,0.002223164774477482,55
base-coord0-eps+0.1,push,pushes,0,26,▁p,19,0.0030507552437484264,35
base-coord0-eps+0.1,push,pushes,0,26,▁p,20,0.00653980765491724,18
base-coord0-eps+0.1,push,pushes,0,26,▁p,21,0.0008988188346847892,36
base-coord0-eps+0.1,push,pushes,0,26,▁p,22,0.0005811788141727448,67
base-coord0-eps+0.1,push,pushes,0,26,▁p,23,0.007002852391451597,18
base-coord0-eps+0.1,push,pushes,1,74,us,0,4.43337376054842e-06,4339
base-coord0-eps+0.1,push,pushes,1,74,us,1,4.720415745396167e-05,2479
base-coord0-eps+0.1,push,pushes,1,74,us,2,1.7280559916343918e-07,19066
base-coord0-eps+0.1,push,pushes,1,74,us,3,3.271445393693284e-06,5618
base-coord0-eps+0.1,push,pushes,1,74,us,4,5.393730134528596e-06,5783
base-coord0-eps+0.1,push,pushes,1,74,us,5,3.4148422855651006e-05,1049
base-coord0-eps+0.1,push,pushes,1,74,us,6,0.0003447544586379081,336
base-coord0-eps+0.1,push,pushes,1,74,us,7,0.00025157444179058075,602
base-coord0-eps+0.1,push,pushes,1,74,us,8,8.444716513622552e-06,2456
base-coord0-eps+0.1,push,pushes,1,74,us,9,3.415971150388941e-06,5227
base-coord0-eps+0.1,push,pushes,1,74,us,10,0.00012422904546838254,951
base-coord0-eps+0.1,push,pushes,1,74,us,11,0.008179260417819023,20
base-coord0-eps+0.1,push,pushes,1,74,us,12,0.00017581161228008568,250
base-coord0-eps+0.1,push,pushes,1,74,us,13,3.323810960864648e-05,1767
base-coord0-eps+0.1,push,pushes,1,74,us,14,3.917335197911598e-05,1856
base-coord0-eps+0.1,push,pushes,1,74,us,15,2.3492857508244924e-05,940
base-coord0-eps+0.1,push,pushes,1,74,us,16,7.509284387197113e-06,329
base-coord0-eps+0.1,push,pushes,1,74,us,17,2.8782298613805324e-05,3386
base-coord0-eps+0.1,push,pushes,1,74,us,18,7.571648893645033e-05,1168
base-coord0-eps+0.1,push,pushes,1,74,us,19,8.329827210218355e-07,12520
base-coord0-eps+0.1,push,pushes,1,74,us,20,7.74841373640811e-06,5096
base-coord0-eps+0.1,push,pushes,1,74,us,21,7.739760803815443e-06,1788
base-coord0-eps+0.1,push,pushes,1,74,us,22,8.304159564431757e-06,2138
base-coord0-eps+0.1,push,pushes,1,74,us,23,3.626216130214743e-05,2153
base-coord0-eps+0.1,push,pushes,2,994,hes,0,1.2249876135683735e-06,7645
base-coord0-eps+0.1,push,pushes,2,994,hes,1,1.5601837731082924e-05,4390
base-coord0-eps+0.1,push,pushes,2,994,hes,2,2.2385239617506159e-07,17622
base-coord0-eps+0.1,push,pushes,2,994,hes,3,6.211606432771077e-06,4068
base-coord0-eps+0.1,push,pushes,2,994,hes,4,5.674709882441675e-06,5647
base-coord0-eps+0.1,push,pushes,2,994,hes,5,1.2507077826739987e-06,7205
base-coord0-eps+0.1,push,pushes,2,994,hes,6,1.7725395764500718e-06,7816
base-coord0-eps+0.1,push,pushes,2,994,hes,7,2.9967025056976127e-06,7886
base-coord0-eps+0.1,push,pushes,2,994,hes,8,6.967533408896998e-05,631
base-coord0-eps+0.1,push,pushes,2,994,hes,9,0.0016664398135617375,107
base-coord0-eps+0.1,push,pushes,2,994,hes,10,1.1914738934137858e-05,3340
base-coord0-eps+0.1,push,pushes,2,994,hes,11,9.712520113680512e-05,276
base-coord0-eps+0.1,push,pushes,2,994,hes,12,1.3703150216315407e-05,1624
base-coord0-eps+0.1,push,pushes,2,994,hes,13,5.4908327911107335e-06,4887
base-coord0-eps+0.1,push,pushes,2,994,hes,14,1.1861681059599505e-06,9451
base-coord0-eps+0.1,push,pushes,2,994,hes,15,2.028189555858262e-05,1036
base-coord0-eps+0.1,push,pushes,2,994,hes,16,8.993188771455607e-08,4761
base-coord0-eps+0.1,push,pushes,2,994,hes,17,1.0143772897208692e-06,21135
base-coord0-eps+0.1,push,pushes,2,994,hes,18,7.566057774965884e-06,6631
base-coord0-eps+0.1,push,pushes,2,994,hes,19,1.513820052423398e-06,9737
base-coord0-eps+0.1,push,pushes,2,994,hes,20,1.3521832897822605e-06,10504
base-coord0-eps+0.1,push,pushes,2,994,hes,21,9.977277841244359e-06,1499
base-coord0-eps+0.1,push,pushes,2,994,hes,22,3.7633942611137172e-06,3453
base-coord0-eps+0.1,push,pushes,2,994,hes,23,3.253862587371259e-06,6899
base-coord0-eps+0.1,push,pushed,0,17595,▁pushed,0,2.1001656023145188e-06,6014
base-coord0-eps+0.1,push,pushed,0,17595,▁pushed,1,1.4186159205564763e-05,4599
base-coord0-eps+0.1,push,pushed,0,17595,▁pushed,2,6.90762772137532e-06,4453
base-coord0-eps+0.1,push,pushed,0,17595,▁pushed,3,6.1040473156026565e-06,4100
base-coord0-eps+0.1,push,pushed,0,17595,▁pushed,4,9.385066732647829e-06,4525
base-coord0-eps+0.1,push,pushed,0,17595,▁pushed,5,2.8392365493346006e-05,1207
base-coord0-eps+0.1,push,pushed,0,17595,▁pushed,6,3.7295335459930357e-06,5674
base-coord0-eps+0.1,push,pushed,0,17595,▁pushed,7,4.305537913751323e-06,6794
base-coord0-eps+0.1,push,pushed,0,17595,▁pushed,8,5.718841930502094e-05,732
base-coord0-eps+0.1,push,pushed,0,17595,▁pushed,9,0.0008289150428026915,208
base-coord0-eps+0.1,push,pushed,0,17595,▁pushed,10,2.4262584702228196e-05,2425
base-coord0-eps+0.1,push,pushed,0,17595,▁pushed,11,2.3096013137546834e-06,2061
base-coord0-eps+0.1,push,pushed,0,17595,▁pushed,12,2.7978026992059313e-05,1001
base-coord0-eps+0.1,push,pushed,0,17595,▁pushed,13,3.6810795336350566e-06,5969
base-coord0-eps+0.1,push,pushed,0,17595,▁pushed,14,3.989889592048712e-06,5754
base-coord0-eps+0.1,push,pushed,0,17595,▁pushed,15,1.201990289700916e-05,1436
base-coord0-eps+0.1,push,pushed,0,17595,▁pushed,16,3.203160758857848e-08,7681
base-coord0-eps+0.1,push,pushed,0,17595,▁pushed,17,0.00015619181795045733,726
base-coord0-eps+0.1,push,pushed,0,17595,▁pushed,18,0.00028904422651976347,359
base-coord0-eps+0.1,push,pushed,0,17595,▁pushed,19,2.112726724590175e-05,2418
base-coord0-eps+0.1,push,pushed,0,17595,▁pushed,20,3.234316181988106e-06,7456
base-coord0-eps+0.1,push,pushed,0,17595,▁pushed,21,1.0298945198883303e-06,6005
base-coord0-eps+0.1,push,pushed,0,17595,▁pushed,22,1.2235174153829576e-06,6019
base-coord0-eps+0.1,push,pushed,0,17595,▁pushed,23,5.409134701039875e-06,5583
base-coord0-eps+0.1,push,pushing,0,10766,▁push,0,2.0256895822967635e-06,6115
base-coord0-eps+0.1,push,pushing,0,10766,▁push,1,0.0001391598052578047,1159
base-coord0-eps+0.1,push,pushing,0,10766,▁push,2,1.8197528333985247e-05,2680
base-coord0-eps+0.1,push,pushing,0,10766,▁push,3,1.4435064258577768e-05,2570
base-coord0-eps+0.1,push,pushing,0,10766,▁push,4,1.7719075913191773e-05,3347
base-coord0-eps+0.1,push,pushing,0,10766,▁push,5,4.240097496222006e-06,3860
base-coord0-eps+0.1,push,pushing,0,10766,▁push,6,1.0413036761747207e-05,3415
base-coord0-eps+0.1,push,pushing,0,10766,▁push,7,1.12170937427436e-05,4385
base-coord0-eps+0.1,push,pushing,0,10766,▁push,8,1.1177769920323044e-05,2086
base-coord0-eps+0.1,push,pushing,0,10766,▁push,9,9.249032154912129e-05,1047
base-coord0-eps+0.1,push,pushing,0,10766,▁push,10,0.0003421489673200995,442
base-coord0-eps+0.1,push,pushing,0,10766,▁push,11,9.148629374067241e-07,3453
base-coord0-eps+0.1,push,pushing,0,10766,▁push,12,6.003997896186775e-06,2704
base-coord0-eps+0.1,push,pushing,0,10766,▁push,13,2.0095052605029196e-05,2374
base-coord0-eps+0.1,push,pushing,0,10766,▁push,14,2.312420474481769e-05,2507
base-coord0-eps+0.1,push,pushing,0,10766,▁push,15,3.236051043131738e-06,3099
base-coord0-eps+0.1,push,pushing,0,10766,▁push,16,3.964975903159029e-08,7008
base-coord0-eps+0.1,push,pushing,0,10766,▁push,17,0.00010382088657934219,1072
base-coord0-eps+0.1,push,pushing,0,10766,▁push,18,6.37756020296365e-05,1359
base-coord0-eps+0.1,push,pushing,0,10766,▁push,19,0.0008132864604704082,166
base-coord0-eps+0.1,push,pushing,0,10766,▁push,20,8.226595673477277e-05,1390
base-coord0-eps+0.1,push,pushing,0,10766,▁push,21,4.023906512884423e-06,2763
base-coord0-eps+0.1,push,pushing,0,10766,▁push,22,7.098969490471063e-06,2358
base-coord0-eps+0.1,push,pushing,0,10766,▁push,23,2.967085129057523e-05,2416
base-coord0-eps+0.1,push,pushing,1,30,ing,0,6.657428002654342e-06,3588
base-coord0-eps+0.1,push,pushing,1,30,ing,1,3.5916575598093914e-06,8317
base-coord0-eps+0.1,push,pushing,1,30,ing,2,1.6236124793067575e-05,2870
base-coord0-eps+0.1,push,pushing,1,30,ing,3,2.777473855530843e-05,1700
base-coord0-eps+0.1,push,pushing,1,30,ing,4,5.035945378040196e-06,5960
base-coord0-eps+0.1,push,pushing,1,30,ing,5,0.0003555580915417522,187
base-coord0-eps+0.1,push,pushing,1,30,ing,6,5.081817289465107e-05,1386
base-coord0-eps+0.1,push,pushing,1,30,ing,7,1.4048699085833505e-05,3943
base-coord0-eps+0.1,push,pushing,1,30,ing,8,0.0010778129799291492,92
base-coord0-eps+0.1,push,pushing,1,30,ing,9,2.6354926376370713e-05,2073
base-coord0-eps+0.1,push,pushing,1,30,ing,10,5.131110810907558e-06,4796
base-coord0-eps+0.1,push,pushing,1,30,ing,11,0.00019005086505785584,185
base-coord0-eps+0.1,push,pushing,1,30,ing,12,0.0021025999449193478,36
base-coord0-eps+0.1,push,pushing,1,30,ing,13,0.0002083040017168969,446
base-coord0-eps+0.1,push,pushing,1,30,ing,14,1.9020373656530865e-05,2796
base-coord0-eps+0.1,push,pushing,1,30,ing,15,0.000772843835875392,75
base-coord0-eps+0.1,push,pushing,1,30,ing,16,1.6652607882861048e-05,163
base-coord0-eps+0.1,push,pushing,1,30,ing,17,0.00127600715495646,87
base-coord0-eps+0.1,push,pushing,1,30,ing,18,0.0028911454137414694,41
base-coord0-eps+0.1,push,pushing,1,30,ing,19,4.6955386778790853e-07,15722
base-coord0-eps+0.1,push,pushing,1,30,ing,20,9.28711187953013e-07,12089
base-coord0-eps+0.1,push,pushing,1,30,ing,21,0.00011069089669035748,227
base-coord0-eps+0.1,push,pushing,1,30,ing,22,2.3340462576015852e-05,1014
base-coord0-eps+0.1,push,pushing,1,30,ing,23,6.029833002685336e-06,5289
base-coord0-eps+0.1,stone,stone,0,9557,▁stone,0,1.72342624864541e-05,2376
base-coord0-eps+0.1,stone,stone,0,9557,▁stone,1,0.0006665493128821254,284
base-coord0-eps+0.1,stone,stone,0,9557,▁stone,2,0.00528277363628149,19
base-coord0-eps+0.1,stone,stone,0,9557,▁stone,3,0.00025589767028577626,292
base-coord0-eps+0.1,stone,stone,0,9557,▁stone,4,0.0007594470516778529,219
base-coord0-eps+0.1,stone,stone,0,9557,▁stone,5,2.9608150725835003e-05,1170
base-coord0-eps+0.1,stone,stone,0,9557,▁stone,6,0.0002579287101980299,430
base-coord0-eps+0.1,stone,stone,0,9557,▁stone,7,0.0008416547789238393,189
base-coord0-eps+0.1,stone,stone,0,9557,▁stone,8,2.247991506010294e-05,1377
base-coord0-eps+0.1,stone,stone,0,9557,▁stone,9,3.579635813366622e-05,1758
base-coord0-eps+0.1,stone,stone,0,9557,▁stone,10,0.006108630448579788,26
base-coord0-eps+0.1,stone,stone,0,9557,▁stone,11,5.998204869683832e-05,369
base-coord0-eps+0.1,stone,stone,0,9557,▁stone,12,0.003160605439916253,29
base-coord0-eps+0.1,stone,stone,0,9557,▁stone,13,0.022545188665390015,4
base-coord0-eps+0.1,stone,stone,0,9557,▁stone,14,0.009837127290666103,13
base-coord0-eps+0.1,stone,stone,0,9557,▁stone,15,0.0031359440181404352,18
base-coord0-eps+0.1,stone,stone,0,9557,▁stone,16,1.4692939203087008e-06,1052
base-coord0-eps+0.1,stone,stone,0,9557,▁stone,17,0.0018863503355532885,46
base-coord0-eps+0.1,stone,stone,0,9557,▁stone,18,0.0006822188734076917,162
base-coord0-eps+0.1,stone,stone,0,9557,▁stone,19,0.0013736420078203082,97
base-coord0-eps+0.1,stone,stone,0,9557,▁stone,20,0.00360037456266582,31
base-coord0-eps+0.1,stone,stone,0,9557,▁stone,21,0.00041577426600269973,80
base-coord0-eps+0.1,stone,stone,0,9557,▁stone,22,0.0005851070745848119,66
base-coord0-eps+0.1,stone,stone,0,9557,▁stone,23,0.002726912032812834,51
base-coord0-eps+0.1,stone,stones,0,19056,▁stones,0,1.1551991519809235e-05,2829
base-coord0-eps+0.1,stone,stones,0,19056,▁stones,1,0.0013218000531196594,127
base-coord0-eps+0.1,stone,stones,0,19056,▁stones,2,0.00041073656757362187,286
base-coord0-eps+0.1,stone,stones,0,19056,▁stones,3,0.00019409882952459157,353
base-coord0-eps+0.1,stone,stones,0,19056,▁stones,4,0.0005836545024067163,291
base-coord0-eps+0.1,stone,stones,0,19056,▁stones,5,3.128923344775103e-05,1127
base-coord0-eps+0.1,stone,stones,0,19056,▁stones,6,0.000328983151121065,355
base-coord0-eps+0.1,stone,stones,0,19056,▁stones,7,0.000455226720077917,355
base-coord0-eps+0.1,stone,stones,0,19056,▁stones,8,2.506913006072864e-06,4878
base-coord0-eps+0.1,stone,stones,0,19056,▁stones,9,2.4298406060552225e-05,2152
base-coord0-eps+0.1,stone,stones,0,19056,▁stones,10,0.00019236071966588497,707
base-coord0-eps+0.1,stone,stones,0,19056,▁stones,11,5.935431545367464e-06,1241
base-coord0-eps+0.1,stone,stones,0,19056,▁stones,12,0.00010539893992245197,350
base-coord0-eps+0.1,stone,stones,0,19056,▁stones,13,0.006115330848842859,13
base-coord0-eps+0.1,stone,stones,0,19056,▁stones,14,0.00401408551260829,38
base-coord0-eps+0.1,stone,stones,0,19056,▁stones,15,0.0003915239649359137,130
base-coord0-eps+0.1,stone,stones,0,19056,▁stones,16,6.130474048404722e-07,1786
base-coord0-eps+0.1,stone,stones,0,19056,▁stones,17,0.0006527111399918795,176
base-coord0-eps+0.1,stone,stones,0,19056,▁stones,18,0.0004407124943099916,236
base-coord0-eps+0.1,stone,stones,0,19056,▁stones,19,8.278541645267978e-05,1021
base-coord0-eps+0.1,stone,stones,0,19056,▁stones,20,0.0020966138690710068,62
base-coord0-eps+0.1,stone,stones,0,19056,▁stones,21,0.00015331020404119045,170
base-coord0-eps+0.1,stone,stones,0,19056,▁stones,22,0.0003909823135472834,104
base-coord0-eps+0.1,stone,stones,0,19056,▁stones,23,0.001971497433260083,66
base-coord0-eps+0.1,stone,rock,0,8500,▁rock,0,6.526032052533992e-07,10156
base-coord0-eps+0.1,stone,rock,0,8500,▁rock,1,6.449154898291454e-05,2052
base-coord0-eps+0.1,stone,rock,0,8500,▁rock,2,0.0002607557107694447,430
base-coord0-eps+0.1,stone,rock,0,8500,▁rock,3,3.441054650465958e-05,1484
base-coord0-eps+0.1,stone,rock,0,8500,▁rock,4,0.00021194906730670482,688
base-coord0-eps+0.1,stone,rock,0,8500,▁rock,5,4.103866558580194e-06,3915
base-coord0-eps+0.1,stone,rock,0,8500,▁rock,6,8.131861250149086e-06,3877
base-coord0-eps+0.1,stone,rock,0,8500,▁rock,7,7.175650534918532e-05,1597
base-coord0-eps+0.1,stone,rock,0,8500,▁rock,8,6.119561248851824e-07,9672
base-coord0-eps+0.1,stone,rock,0,8500,▁rock,9,4.656188139051665e-06,4548
base-coord0-eps+0.1,stone,rock,0,8500,▁rock,10,0.0003561834746506065,428
base-coord0-eps+0.1,stone,rock,0,8500,▁rock,11,6.775563861083356e-07,4093
base-coord0-eps+0.1,stone,rock,0,8500,▁rock,12,3.795581142185256e-05,793
base-coord0-eps+0.1,stone,rock,0,8500,▁rock,13,0.0004848555545322597,184
base-coord0-eps+0.1,stone,rock,0,8500,▁rock,14,0.0008266566437669098,162
base-coord0-eps+0.1,stone,rock,0,8500,▁rock,15,7.900919445091859e-05,396
base-coord0-eps+0.1,stone,rock,0,8500,▁rock,16,1.0829167962356223e-07,4361
base-coord0-eps+0.1,stone,rock,0,8500,▁rock,17,3.380272755748592e-05,2981
base-coord0-eps+0.1,stone,rock,0,8500,▁rock,18,4.03757112508174e-05,1961
base-coord0-eps+0.1,stone,rock,0,8500,▁rock,19,5.484199573402293e-05,1342
base-coord0-eps+0.1,stone,rock,0,8500,▁rock,20,0.00045347839477472007,333
base-coord0-eps+0.1,stone,rock,0,8500,▁rock,21,2.6137367967749014e-05,750
base-coord0-eps+0.1,stone,rock,0,8500,▁rock,22,4.577369327307679e-05,604
base-coord0-eps+0.1,stone,rock,0,8500,▁rock,23,0.0008538858965039253,166
base-coord0-eps+0.1,stone,rocks,0,8500,▁rock,0,6.526032052533992e-07,10156
base-coord0-eps+0.1,stone,rocks,0,8500,▁rock,1,6.449154898291454e-05,2052
base-coord0-eps+0.1,stone,rocks,0,8500,▁rock,2,0.0002607557107694447,430
base-coord0-eps+0.1,stone,rocks,0,8500,▁rock,3,3.441054650465958e-05,1484
base-coord0-eps+0.1,stone,rocks,0,8500,▁rock,4,0.00021194906730670482,688
base-coord0-eps+0.1,stone,rocks,0,8500,▁rock,5,4.103866558580194e-06,3915
base-coord0-eps+0.1,stone,rocks,0,8500,▁rock,6,8.131861250149086e-06,3877
base-coord0-eps+0.1,stone,rocks,0,8500,▁rock,7,7.175650534918532e-05,1597
base-coord0-eps+0.1,stone,rocks,0,8500,▁rock,8,6.119561248851824e-07,9672
base-coord0-eps+0.1,stone,rocks,0,8500,▁rock,9,4.656188139051665e-06,4548
base-coord0-eps+0.1,stone,rocks,0,8500,▁rock,10,0.0003561834746506065,428
base-coord0-eps+0.1,stone,rocks,0,8500,▁rock,11,6.775563861083356e-07,4093
base-coord0-eps+0.1,stone,rocks,0,8500,▁rock,12,3.795581142185256e-05,793
base-coord0-eps+0.1,stone,rocks,0,8500,▁rock,13,0.0004848555545322597,184
base-coord0-eps+0.1,stone,rocks,0,8500,▁rock,14,0.0008266566437669098,162
base-coord0-eps+0.1,stone,rocks,0,8500,▁rock,15,7.900919445091859e-05,396
base-coord0-eps+0.1,stone,rocks,0,8500,▁rock,16,1.0829167962356223e-07,4361
base-coord0-eps+0.1,stone,rocks,0,8500,▁rock,17,3.380272755748592e-05,2981
base-coord0-eps+0.1,stone,rocks,0,8500,▁rock,18,4.03757112508174e-05,1961
base-coord0-eps+0.1,stone,rocks,0,8500,▁rock,19,5.484199573402293e-05,1342
base-coord0-eps+0.1,stone,rocks,0,8500,▁rock,20,0.00045347839477472007,333
base-coord0-eps+0.1,stone,rocks,0,8500,▁rock,21,2.6137367967749014e-05,750
base-coord0-eps+0.1,stone,rocks,0,8500,▁rock,22,4.577369327307679e-05,604
base-coord0-eps+0.1,stone,rocks,0,8500,▁rock,23,0.0008538858965039253,166
base-coord0-eps+0.1,stone,rocks,1,28561,s,0,2.0838091586483642e-05,2175
base-coord0-eps+0.1,stone,rocks,1,28561,s,1,0.0002082869177684188,834
base-coord0-eps+0.1,stone,rocks,1,28561,s,2,2.430751010251697e-06,7175
base-coord0-eps+0.1,stone,rocks,1,28561,s,3,0.00022693513892591,310
base-coord0-eps+0.1,stone,rocks,1,28561,s,4,0.0017632775707170367,87
base-coord0-eps+0.1,stone,rocks,1,28561,s,5,0.00022337096743285656,275
base-coord0-eps+0.1,stone,rocks,1,28561,s,6,5.925897312408779e-06,4567
base-coord0-eps+0.1,stone,rocks,1,28561,s,7,4.971252928953618e-05,2039
base-coord0-eps+0.1,stone,rocks,1,28561,s,8,0.0070235771127045155,24
base-coord0-eps+0.1,stone,rocks,1,28561,s,9,1.0504626516194548e-05,3177
base-coord0-eps+0.1,stone,rocks,1,28561,s,10,4.3433193042119456e-08,24897
base-coord0-eps+0.1,stone,rocks,1,28561,s,11,0.0014961828710511327,65
base-coord0-eps+0.1,stone,rocks,1,28561,s,12,9.541971667204052e-05,383
base-coord0-eps+0.1,stone,rocks,1,28561,s,13,6.487406062660739e-05,1114
base-coord0-eps+0.1,stone,rocks,1,28561,s,14,0.0002888052840717137,449
base-coord0-eps+0.1,stone,rocks,1,28561,s,15,0.000185289274668321,223
base-coord0-eps+0.1,stone,rocks,1,28561,s,16,1.1178156455571298e-05,240
base-coord0-eps+0.1,stone,rocks,1,28561,s,17,0.00023784051882103086,488
base-coord0-eps+0.1,stone,rocks,1,28561,s,18,0.0031499264296144247,39
base-coord0-eps+0.1,stone,rocks,1,28561,s,19,2.2715499653713778e-05,2303
base-coord0-eps+0.1,stone,rocks,1,28561,s,20,6.750505417585373e-05,1595
base-coord0-eps+0.1,stone,rocks,1,28561,s,21,0.0006919253501109779,52
base-coord0-eps+0.1,stone,rocks,1,28561,s,22,3.9437156374333426e-05,682
base-coord0-eps+0.1,stone,rocks,1,28561,s,23,0.00035006029065698385,406
base-coord0-eps+0.1,stone,boulder,0,34,▁b,0,0.00020115113875363022,513
base-coord0-eps+0.1,stone,boulder,0,34,▁b,1,0.0038303015753626823,30
base-coord0-eps+0.1,stone,boulder,0,34,▁b,2,0.003597466042265296,32
base-coord0-eps+0.1,stone,boulder,0,34,▁b,3,0.001653065555728972,44
base-coord0-eps+0.1,stone,boulder,0,34,▁b,4,0.0067046890035271645,17
base-coord0-eps+0.1,stone,boulder,0,34,▁b,5,0.0008212949032895267,106
base-coord0-eps+0.1,stone,boulder,0,34,▁b,6,0.0010157960932701826,125
base-coord0-eps+0.1,stone,boulder,0,34,▁b,7,0.007310506887733936,12
base-coord0-eps+0.1,stone,boulder,0,34,▁b,8,0.0007405175711028278,124
base-coord0-eps+0.1,stone,boulder,0,34,▁b,9,0.0014681818429380655,118
base-coord0-eps+0.1,stone,boulder,0,34,▁b,10,0.009723919443786144,14
base-coord0-eps+0.1,stone,boulder,0,34,▁b,11,4.677647666539997e-05,411
base-coord0-eps+0.1,stone,boulder,0,34,▁b,12,0.0007596343639306724,81
base-coord0-eps+0.1,stone,boulder,0,34,▁b,13,0.0011829400900751352,81
base-coord0-eps+0.1,stone,boulder,0,34,▁b,14,0.0038072322495281696,43
base-coord0-eps+0.1,stone,boulder,0,34,▁b,15,0.01476308610290289,7
base-coord0-eps+0.1,stone,boulder,0,34,▁b,16,1.1066612387367059e-05,245
base-coord0-eps+0.1,stone,boulder,0,34,▁b,17,0.0016755569959059358,59
base-coord0-eps+0.1,stone,boulder,0,34,▁b,18,0.0015102061443030834,71
base-coord0-eps+0.1,stone,boulder,0,34,▁b,19,0.0016171009046956897,79
base-coord0-eps+0.1,stone,boulder,0,34,▁b,20,0.0032355429138988256,39
base-coord0-eps+0.1,stone,boulder,0,34,▁b,21,0.0005574924871325493,62
base-coord0-eps+0.1,stone,boulder,0,34,▁b,22,0.00029624151648022234,130
base-coord0-eps+0.1,stone,boulder,0,34,▁b,23,0.003126133931800723,43
base-coord0-eps+0.1,stone,boulder,1,356,ould,0,2.020966718419004e-07,16755
base-coord0-eps+0.1,stone,boulder,1,356,ould,1,3.438135252054053e-07,18830
base-coord0-eps+0.1,stone,boulder,1,356,ould,2,1.3065547364021768e-06,9324
base-coord0-eps+0.1,stone,boulder,1,356,ould,3,2.4761951067375776e-07,16265
base-coord0-eps+0.1,stone,boulder,1,356,ould,4,1.6507961220213474e-07,20447
base-coord0-eps+0.1,stone,boulder,1,356,ould,5,9.8613796239988e-08,19253
base-coord0-eps+0.1,stone,boulder,1,356,ould,6,1.2040526087275794e-07,20569
base-coord0-eps+0.1,stone,boulder,1,356,ould,7,1.2447276276361663e-07,23302
base-coord0-eps+0.1,stone,boulder,1,356,ould,8,3.654680256204301e-07,12082
base-coord0-eps+0.1,stone,boulder,1,356,ould,9,4.808210292139847e-07,11760
base-coord0-eps+0.1,stone,boulder,1,356,ould,10,1.7984895066547324e-06,7526
base-coord0-eps+0.1,stone,boulder,1,356,ould,11,2.1434239897644147e-05,614
base-coord0-eps+0.1,stone,boulder,1,356,ould,12,8.170095497916918e-06,2243
base-coord0-eps+0.1,stone,boulder,1,356,ould,13,2.816606183841941e-06,6775
base-coord0-eps+0.1,stone,boulder,1,356,ould,14,1.348967543890467e-06,8992
base-coord0-eps+0.1,stone,boulder,1,356,ould,15,1.50585023561689e-07,12661
base-coord0-eps+0.1,stone,boulder,1,356,ould,16,4.686198096237604e-08,6488
base-coord0-eps+0.1,stone,boulder,1,356,ould,17,2.593435056041926e-06,14942
base-coord0-eps+0.1,stone,boulder,1,356,ould,18,1.4342862186822458e-06,16059
base-coord0-eps+0.1,stone,boulder,1,356,ould,19,1.8158998500439338e-06,8961
base-coord0-eps+0.1,stone,boulder,1,356,ould,20,4.89332421693689e-07,15321
base-coord0-eps+0.1,stone,boulder,1,356,ould,21,9.257649935534573e-07,6345
base-coord0-eps+0.1,stone,boulder,1,356,ould,22,7.35535863327641e-08,17928
base-coord0-eps+0.1,stone,boulder,1,356,ould,23,1.6864909468949918e-07,20028
base-coord0-eps+0.1,stone,boulder,2,8,er,0,5.0702906264632475e-06,4101
base-coord0-eps+0.1,stone,boulder,2,8,er,1,3.31658384311595e-06,8592
base-coord0-eps+0.1,stone,boulder,2,8,er,2,2.9883000252084457e-07,16140
base-coord0-eps+0.1,stone,boulder,2,8,er,3,7.838984856789466e-06,3606
base-coord0-eps+0.1,stone,boulder,2,8,er,4,5.392671027948381e-06,5784
base-coord0-eps+0.1,stone,boulder,2,8,er,5,2.3950829927343875e-05,1349
base-coord0-eps+0.1,stone,boulder,2,8,er,6,7.298994660231983e-06,4115
base-coord0-eps+0.1,stone,boulder,2,8,er,7,1.2574523680086713e-05,4156
base-coord0-eps+0.1,stone,boulder,2,8,er,8,4.222713323542848e-05,905
base-coord0-eps+0.1,stone,boulder,2,8,er,9,2.083230356220156e-05,2342
base-coord0-eps+0.1,stone,boulder,2,8,er,10,2.517204120522365e-05,2376
base-coord0-eps+0.1,stone,boulder,2,8,er,11,0.026784181594848633,8
base-coord0-eps+0.1,stone,boulder,2,8,er,12,0.0007511890726163983,82
base-coord0-eps+0.1,stone,boulder,2,8,er,13,4.984850966138765e-05,1352
base-coord0-eps+0.1,stone,boulder,2,8,er,14,3.474151162663475e-05,1983
base-coord0-eps+0.1,stone,boulder,2,8,er,15,5.363489253795706e-05,526
base-coord0-eps+0.1,stone,boulder,2,8,er,16,1.3745840988121927e-05,194
base-coord0-eps+0.1,stone,boulder,2,8,er,17,0.00029602652648463845,374
base-coord0-eps+0.1,stone,boulder,2,8,er,18,0.0003243020619265735,322
base-coord0-eps+0.1,stone,boulder,2,8,er,19,1.9514434370648814e-06,8674
base-coord0-eps+0.1,stone,boulder,2,8,er,20,1.384852794217295e-06,10403
base-coord0-eps+0.1,stone,boulder,2,8,er,21,0.00012875880929641426,198
base-coord0-eps+0.1,stone,boulder,2,8,er,22,1.8883738448494114e-05,1198
base-coord0-eps+0.1,stone,boulder,2,8,er,23,2.6046840503113344e-05,2589
base-coord0-eps+0.1,stone,boulders,0,34,▁b,0,0.00020115113875363022,513
base-coord0-eps+0.1,stone,boulders,0,34,▁b,1,0.0038303015753626823,30
base-coord0-eps+0.1,stone,boulders,0,34,▁b,2,0.003597466042265296,32
base-coord0-eps+0.1,stone,boulders,0,34,▁b,3,0.001653065555728972,44
base-coord0-eps+0.1,stone,boulders,0,34,▁b,4,0.0067046890035271645,17
base-coord0-eps+0.1,stone,boulders,0,34,▁b,5,0.0008212949032895267,106
base-coord0-eps+0.1,stone,boulders,0,34,▁b,6,0.0010157960932701826,125
base-coord0-eps+0.1,stone,boulders,0,34,▁b,7,0.007310506887733936,12
base-coord0-eps+0.1,stone,boulders,0,34,▁b,8,0.0007405175711028278,124
base-coord0-eps+0.1,stone,boulders,0,34,▁b,9,0.0014681818429380655,118
base-coord0-eps+0.1,stone,boulders,0,34,▁b,10,0.009723919443786144,14
base-coord0-eps+0.1,stone,boulders,0,34,▁b,11,4.677647666539997e-05,411
base-coord0-eps+0.1,stone,boulders,0,34,▁b,12,0.0007596343639306724,81
base-coord0-eps+0.1,stone,boulders,0,34,▁b,13,0.0011829400900751352,81
base-coord0-eps+0.1,stone,boulders,0,34,▁b,14,0.0038072322495281696,43
base-coord0-eps+0.1,stone,boulders,0,34,▁b,15,0.01476308610290289,7
base-coord0-eps+0.1,stone,boulders,0,34,▁b,16,1.1066612387367059e-05,245
base-coord0-eps+0.1,stone,boulders,0,34,▁b,17,0.0016755569959059358,59
base-coord0-eps+0.1,stone,boulders,0,34,▁b,18,0.0015102061443030834,71
base-coord0-eps+0.1,stone,boulders,0,34,▁b,19,0.0016171009046956897,79
base-coord0-eps+0.1,stone,boulders,0,34,▁b,20,0.0032355429138988256,39
base-coord0-eps+0.1,stone,boulders,0,34,▁b,21,0.0005574924871325493,62
base-coord0-eps+0.1,stone,boulders,0,34,▁b,22,0.00029624151648022234,130
base-coord0-eps+0.1,stone,boulders,0,34,▁b,23,0.003126133931800723,43
base-coord0-eps+0.1,stone,boulders,1,356,ould,0,2.020966718419004e-07,16755
base-coord0-eps+0.1,stone,boulders,1,356,ould,1,3.438135252054053e-07,18830
base-coord0-eps+0.1,stone,boulders,1,356,ould,2,1.3065547364021768e-06,9324
base-coord0-eps+0.1,stone,boulders,1,356,ould,3,2.4761951067375776e-07,16265
base-coord0-eps+0.1,stone,boulders,1,356,ould,4,1.6507961220213474e-07,20447
base-coord0-eps+0.1,stone,boulders,1,356,ould,5,9.8613796239988e-08,19253
base-coord0-eps+0.1,stone,boulders,1,356,ould,6,1.2040526087275794e-07,20569
base-coord0-eps+0.1,stone,boulders,1,356,ould,7,1.2447276276361663e-07,23302
base-coord0-eps+0.1,stone,boulders,1,356,ould,8,3.654680256204301e-07,12082
base-coord0-eps+0.1,stone,boulders,1,356,ould,9,4.808210292139847e-07,11760
base-coord0-eps+0.1,stone,boulders,1,356,ould,10,1.7984895066547324e-06,7526
base-coord0-eps+0.1,stone,boulders,1,356,ould,11,2.1434239897644147e-05,614
base-coord0-eps+0.1,stone,boulders,1,356,ould,12,8.170095497916918e-06,2243
base-coord0-eps+0.1,stone,boulders,1,356,ould,13,2.816606183841941e-06,6775
base-coord0-eps+0.1,stone,boulders,1,356,ould,14,1.348967543890467e-06,8992
base-coord0-eps+0.1,stone,boulders,1,356,ould,15,1.50585023561689e-07,12661
base-coord0-eps+0.1,stone,boulders,1,356,ould,16,4.686198096237604e-08,6488
base-coord0-eps+0.1,stone,boulders,1,356,ould,17,2.593435056041926e-06,14942
base-coord0-eps+0.1,stone,boulders,1,356,ould,18,1.4342862186822458e-06,16059
base-coord0-eps+0.1,stone,boulders,1,356,ould,19,1.8158998500439338e-06,8961
base-coord0-eps+0.1,stone,boulders,1,356,ould,20,4.89332421693689e-07,15321
base-coord0-eps+0.1,stone,boulders,1,356,ould,21,9.257649935534573e-07,6345
base-coord0-eps+0.1,stone,boulders,1,356,ould,22,7.35535863327641e-08,17928
base-coord0-eps+0.1,stone,boulders,1,356,ould,23,1.6864909468949918e-07,20028
base-coord0-eps+0.1,stone,boulders,2,88,ers,0,8.517107744410168e-06,3198
base-coord0-eps+0.1,stone,boulders,2,88,ers,1,3.049122142328997e-06,8871
base-coord0-eps+0.1,stone,boulders,2,88,ers,2,4.3649555436786613e-07,14176
base-coord0-eps+0.1,stone,boulders,2,88,ers,3,1.341319421044318e-05,2677
base-coord0-eps+0.1,stone,boulders,2,88,ers,4,6.91756440573954e-07,12860
base-coord0-eps+0.1,stone,boulders,2,88,ers,5,3.956961336371023e-06,3992
base-coord0-eps+0.1,stone,boulders,2,88,ers,6,2.747545977399568e-07,16025
base-coord0-eps+0.1,stone,boulders,2,88,ers,7,1.5204612680008722e-07,22275
base-coord0-eps+0.1,stone,boulders,2,88,ers,8,1.7543651438245433e-06,5853
base-coord0-eps+0.1,stone,boulders,2,88,ers,9,1.3268655720821698e-06,7787
base-coord0-eps+0.1,stone,boulders,2,88,ers,10,2.4407256660197163e-08,26971
base-coord0-eps+0.1,stone,boulders,2,88,ers,11,7.837759767426178e-05,321
base-coord0-eps+0.1,stone,boulders,2,88,ers,12,7.300784636754543e-05,487
base-coord0-eps+0.1,stone,boulders,2,88,ers,13,1.5360039469669573e-05,2773
base-coord0-eps+0.1,stone,boulders,2,88,ers,14,1.886578729681787e-06,7894
base-coord0-eps+0.1,stone,boulders,2,88,ers,15,0.00021214812295511365,203
base-coord0-eps+0.1,stone,boulders,2,88,ers,16,4.6911031859053764e-06,486
base-coord0-eps+0.1,stone,boulders,2,88,ers,17,0.00021482500596903265,538
base-coord0-eps+0.1,stone,boulders,2,88,ers,18,0.0013501308858394623,79
base-coord0-eps+0.1,stone,boulders,2,88,ers,19,5.646365025313571e-06,5173
base-coord0-eps+0.1,stone,boulders,2,88,ers,20,4.6048387503105914e-07,15668
base-coord0-eps+0.1,stone,boulders,2,88,ers,21,0.0003415289393160492,90
base-coord0-eps+0.1,stone,boulders,2,88,ers,22,0.00014027416182216257,244
base-coord0-eps+0.1,stone,boulders,2,88,ers,23,7.095508408383466e-06,4886
base-coord28-eps+0.1,push,push,0,10766,▁push,0,1.957807398866862e-06,6152
base-coord28-eps+0.1,push,push,0,10766,▁push,1,0.00013687499449588358,1180
base-coord28-eps+0.1,push,push,0,10766,▁push,2,1.7733676941134036e-05,2722
base-coord28-eps+0.1,push,push,0,10766,▁push,3,1.4267648111854214e-05,2574
base-coord28-eps+0.1,push,push,0,10766,▁push,4,1.7591813957551494e-05,3368
base-coord28-eps+0.1,push,push,0,10766,▁push,5,4.127115516894264e-06,3904
base-coord28-eps+0.1,push,push,0,10766,▁push,6,1.0240495612379164e-05,3426
base-coord28-eps+0.1,push,push,0,10766,▁push,7,1.1071144399465993e-05,4410
base-coord28-eps+0.1,push,push,0,10766,▁push,8,1.0814820598170627e-05,2138
base-coord28-eps+0.1,push,push,0,10766,▁push,9,9.259602666134015e-05,1048
base-coord28-eps+0.1,push,push,0,10766,▁push,10,0.00034303130814805627,441
base-coord28-eps+0.1,push,push,0,10766,▁push,11,9.172370596388646e-07,3458
base-coord28-eps+0.1,push,push,0,10766,▁push,12,6.02042155151139e-06,2707
base-coord28-eps+0.1,push,push,0,10766,▁push,13,1.960248664545361e-05,2370
base-coord28-eps+0.1,push,push,0,10766,▁push,14,2.3259672161657363e-05,2468
base-coord28-eps+0.1,push,push,0,10766,▁push,15,3.3621120110183256e-06,3073
base-coord28-eps+0.1,push,push,0,10766,▁push,16,4.1956688789923646e-08,6929
base-coord28-eps+0.1,push,push,0,10766,▁push,17,0.00010047800606116652,1107
base-coord28-eps+0.1,push,push,0,10766,▁push,18,6.13487500231713e-05,1380
base-coord28-eps+0.1,push,push,0,10766,▁push,19,0.0007935829926282167,169
base-coord28-eps+0.1,push,push,0,10766,▁push,20,8.097397221717983e-05,1390
base-coord28-eps+0.1,push,push,0,10766,▁push,21,3.8642488107143436e-06,2795
base-coord28-eps+0.1,push,push,0,10766,▁push,22,6.80791254126234e-06,2379
base-coord28-eps+0.1,push,push,0,10766,▁push,23,2.907845555455424e-05,2433
base-coord28-eps+0.1,push,pushes,0,26,▁p,0,9.142608178080991e-05,911
base-coord28-eps+0.1,push,pushes,0,26,▁p,1,0.011831600219011307,2
base-coord28-eps+0.1,push,pushes,0,26,▁p,2,0.0052272905595600605,21
base-coord28-eps+0.1,push,pushes,0,26,▁p,3,0.001441303757019341,55
base-coord28-eps+0.1,push,pushes,0,26,▁p,4,0.008463920094072819,13
base-coord28-eps+0.1,push,pushes,0,26,▁p,5,0.0012087696231901646,84
base-coord28-eps+0.1,push,pushes,0,26,▁p,6,0.0007082136580720544,175
base-coord28-eps+0.1,push,pushes,0,26,▁p,7,0.004960156045854092,27
base-coord28-eps+0.1,push,pushes,0,26,▁p,8,0.0011500761611387134,86
base-coord28-eps+0.1,push,pushes,0,26,▁p,9,0.0017716448055580258,102
base-coord28-eps+0.1,push,pushes,0,26,▁p,10,0.015867311507463455,8
base-coord28-eps+0.1,push,pushes,0,26,▁p,11,5.74567420699168e-05,374
base-coord28-eps+0.1,push,pushes,0,26,▁p,12,0.0009749497985467315,72
base-coord28-eps+0.1,push,pushes,0,26,▁p,13,0.0053166537545621395,16
base-coord28-eps+0.1,push,pushes,0,26,▁p,14,0.013621045276522636,10
base-coord28-eps+0.1,push,pushes,0,26,▁p,15,0.0016524475067853928,38
base-coord28-eps+0.1,push,pushes,0,26,▁p,16,1.896830326586496e-05,146
base-coord28-eps+0.1,push,pushes,0,26,▁p,17,0.0029442247468978167,31
base-coord28-eps+0.1,push,pushes,0,26,▁p,18,0.002195467473939061,55
base-coord28-eps+0.1,push,pushes,0,26,▁p,19,0.003017620649188757,35
base-coord28-eps+0.1,push,pushes,0,26,▁p,20,0.006541048642247915,18
base-coord28-eps+0.1,push,pushes,0,26,▁p,21,0.0008840901427902281,37
base-coord28-eps+0.1,push,pushes,0,26,▁p,22,0.0005661292234435678,68
base-coord28-eps+0.1,push,pushes,0,26,▁p,23,0.00697550643235445,18
base-coord28-eps+0.1,push,pushes,1,74,us,0,4.495561370276846e-06,4286
base-coord28-eps+0.1,push,pushes,1,74,us,1,4.744929901789874e-05,2476
base-coord28-eps+0.1,push,pushes,1,74,us,2,1.7490053494384483e-07,19029
base-coord28-eps+0.1,push,pushes,1,74,us,3,3.2632894999551354e-06,5608
base-coord28-eps+0.1,push,pushes,1,74,us,4,5.463041816256009e-06,5761
base-coord28-eps+0.1,push,pushes,1,74,us,5,3.452923192526214e-05,1040
base-coord28-eps+0.1,push,pushes,1,74,us,6,0.00034630237496457994,334
base-coord28-eps+0.1,push,pushes,1,74,us,7,0.000255326071055606,593
base-coord28-eps+0.1,push,pushes,1,74,us,8,8.381124644074589e-06,2470
base-coord28-eps+0.1,push,pushes,1,74,us,9,3.414279717617319e-06,5224
base-coord28-eps+0.1,push,pushes,1,74,us,10,0.0001245103485416621,950
base-coord28-eps+0.1,push,pushes,1,74,us,11,0.008181770332157612,21
base-coord28-eps+0.1,push,pushes,1,74,us,12,0.000173155713127926,253
base-coord28-eps+0.1,push,pushes,1,74,us,13,3.1922470952849835e-05,1769
base-coord28-eps+0.1,push,pushes,1,74,us,14,3.8202906580409035e-05,1858
base-coord28-eps+0.1,push,pushes,1,74,us,15,2.3970631445990875e-05,948
base-coord28-eps+0.1,push,pushes,1,74,us,16,7.693260158703197e-06,333
base-coord28-eps+0.1,push,pushes,1,74,us,17,2.862893779820297e-05,3355
base-coord28-eps+0.1,push,pushes,1,74,us,18,7.56039225962013e-05,1149
base-coord28-eps+0.1,push,pushes,1,74,us,19,8.186349873540166e-07,12418
base-coord28-eps+0.1,push,pushes,1,74,us,20,7.691462997172493e-06,5062
base-coord28-eps+0.1,push,pushes,1,74,us,21,7.5786210800288245e-06,1778
base-coord28-eps+0.1,push,pushes,1,74,us,22,8.073201570368838e-06,2135
base-coord28-eps+0.1,push,pushes,1,74,us,23,3.618767368607223e-05,2145
base-coord28-eps+0.1,push,pushes,2,994,hes,0,1.1879334351760917e-06,7695
base-coord28-eps+0.1,push,pushes,2,994,hes,1,1.5465702745132148e-05,4408
base-coord28-eps+0.1,push,pushes,2,994,hes,2,2.2265953703026753e-07,17678
base-coord28-eps+0.1,push,pushes,2,994,hes,3,6.073027179809287e-06,4092
base-coord28-eps+0.1,push,pushes,2,994,hes,4,5.633829459839035e-06,5676
base-coord28-eps+0.1,push,pushes,2,994,hes,5,1.2440418686310295e-06,7214
base-coord28-eps+0.1,push,pushes,2,994,hes,6,1.7054866248145117e-06,7917
base-coord28-eps+0.1,push,pushes,2,994,hes,7,2.957373226308846e-06,7918
base-coord28-eps+0.1,push,pushes,2,994,hes,8,6.975910946493968e-05,632
base-coord28-eps+0.1,push,pushes,2,994,hes,9,0.0016313322121277452,110
base-coord28-eps+0.1,push,pushes,2,994,hes,10,1.2049600627506152e-05,3316
base-coord28-eps+0.1,push,pushes,2,994,hes,11,9.871842485154048e-05,269
base-coord28-eps+0.1,push,pushes,2,994,hes,12,1.4150562492432073e-05,1593
base-coord28-eps+0.1,push,pushes,2,994,hes,13,5.433570095192408e-06,4827
base-coord28-eps+0.1,push,pushes,2,994,hes,14,1.1842430467368104e-06,9375
base-coord28-eps+0.1,push,pushes,2,994,hes,15,2.1250945792417042e-05,1033
base-coord28-eps+0.1,push,pushes,2,994,hes,16,9.460406857897397e-08,4729
base-coord28-eps+0.1,push,pushes,2,994,hes,17,1.0182239975620178e-06,20913
base-coord28-eps+0.1,push,pushes,2,994,hes,18,7.503620963689173e-06,6520
base-coord28-eps+0.1,push,pushes,2,994,hes,19,1.495593551226193e-06,9646
base-coord28-eps+0.1,push,pushes,2,994,hes,20,1.3549569075621548e-06,10404
base-coord28-eps+0.1,push,pushes,2,994,hes,21,9.799844519875478e-06,1492
base-coord28-eps+0.1,push,pushes,2,994,hes,22,3.7019699448137544e-06,3428
base-coord28-eps+0.1,push,pushes,2,994,hes,23,3.232904418837279e-06,6891
base-coord28-eps+0.1,push,pushed,0,17595,▁pushed,0,2.0657812456192914e-06,6005
base-coord28-eps+0.1,push,pushed,0,17595,▁pushed,1,1.3925073290010914e-05,4644
base-coord28-eps+0.1,push,pushed,0,17595,▁pushed,2,6.838239187345607e-06,4485
base-coord28-eps+0.1,push,pushed,0,17595,▁pushed,3,6.063767159503186e-06,4094
base-coord28-eps+0.1,push,pushed,0,17595,▁pushed,4,9.312989277532324e-06,4554
base-coord28-eps+0.1,push,pushed,0,17595,▁pushed,5,2.8081974960514344e-05,1210
base-coord28-eps+0.1,push,pushed,0,17595,▁pushed,6,3.6596791233023396e-06,5681
base-coord28-eps+0.1,push,pushed,0,17595,▁pushed,7,4.236516360833775e-06,6836
base-coord28-eps+0.1,push,pushed,0,17595,▁pushed,8,5.6040851632133126e-05,741
base-coord28-eps+0.1,push,pushed,0,17595,▁pushed,9,0.0008338361512869596,207
base-coord28-eps+0.1,push,pushed,0,17595,▁pushed,10,2.4684535674168728e-05,2398
base-coord28-eps+0.1,push,pushed,0,17595,▁pushed,11,2.36992218560772e-06,2039
base-coord28-eps+0.1,push,pushed,0,17595,▁pushed,12,2.8792768716812134e-05,990
base-coord28-eps+0.1,push,pushed,0,17595,▁pushed,13,3.701363993968698e-06,5867
base-coord28-eps+0.1,push,pushed,0,17595,▁pushed,14,4.088380592293106e-06,5633
base-coord28-eps+0.1,push,pushed,0,17595,▁pushed,15,1.2862690709880553e-05,1412
base-coord28-eps+0.1,push,pushed,0,17595,▁pushed,16,3.4691879591264296e-08,7521
base-coord28-eps+0.1,push,pushed,0,17595,▁pushed,17,0.0001572513283463195,719
base-coord28-eps+0.1,push,pushed,0,17595,▁pushed,18,0.0002921527193393558,357
base-coord28-eps+0.1,push,pushed,0,17595,▁pushed,19,2.1048081180197187e-05,2395
base-coord28-eps+0.1,push,pushed,0,17595,▁pushed,20,3.254621788073564e-06,7356
base-coord28-eps+0.1,push,pushed,0,17595,▁pushed,21,1.0197122719546314e-06,5956
base-coord28-eps+0.1,push,pushed,0,17595,▁pushed,22,1.2068718433511094e-06,5977
base-coord28-eps+0.1,push,pushed,0,17595,▁pushed,23,5.3763810683449265e-06,5566
base-coord28-eps+0.1,push,pushing,0,10766,▁push,0,1.957807398866862e-06,6152
base-coord28-eps+0.1,push,pushing,0,10766,▁push,1,0.00013687499449588358,1180
base-coord28-eps+0.1,push,pushing,0,10766,▁push,2,1.7733676941134036e-05,2722
base-coord28-eps+0.1,push,pushing,0,10766,▁push,3,1.4267648111854214e-05,2574
base-coord28-eps+0.1,push,pushing,0,10766,▁push,4,1.7591813957551494e-05,3368
base-coord28-eps+0.1,push,pushing,0,10766,▁push,5,4.127115516894264e-06,3904
base-coord28-eps+0.1,push,pushing,0,10766,▁push,6,1.0240495612379164e-05,3426
base-coord28-eps+0.1,push,pushing,0,10766,▁push,7,1.1071144399465993e-05,4410
base-coord28-eps+0.1,push,pushing,0,10766,▁push,8,1.0814820598170627e-05,2138
base-coord28-eps+0.1,push,pushing,0,10766,▁push,9,9.259602666134015e-05,1048
base-coord28-eps+0.1,push,pushing,0,10766,▁push,10,0.00034303130814805627,441
base-coord28-eps+0.1,push,pushing,0,10766,▁push,11,9.172370596388646e-07,3458
base-coord28-eps+0.1,push,pushing,0,10766,▁push,12,6.02042155151139e-06,2707
base-coord28-eps+0.1,push,pushing,0,10766,▁push,13,1.960248664545361e-05,2370
base-coord28-eps+0.1,push,pushing,0,10766,▁push,14,2.3259672161657363e-05,2468
base-coord28-eps+0.1,push,pushing,0,10766,▁push,15,3.3621120110183256e-06,3073
base-coord28-eps+0.1,push,pushing,0,10766,▁push,16,4.1956688789923646e-08,6929
base-coord28-eps+0.1,push,pushing,0,10766,▁push,17,0.00010047800606116652,1107
base-coord28-eps+0.1,push,pushing,0,10766,▁push,18,6.13487500231713e-05,1380
base-coord28-eps+0.1,push,pushing,0,10766,▁push,19,0.0007935829926282167,169
base-coord28-eps+0.1,push,pushing,0,10766,▁push,20,8.097397221717983e-05,1390
base-coord28-eps+0.1,push,pushing,0,10766,▁push,21,3.8642488107143436e-06,2795
base-coord28-eps+0.1,push,pushing,0,10766,▁push,22,6.80791254126234e-06,2379
base-coord28-eps+0.1,push,pushing,0,10766,▁push,23,2.907845555455424e-05,2433
base-coord28-eps+0.1,push,pushing,1,30,ing,0,6.5752328737289645e-06,3583
base-coord28-eps+0.1,push,pushing,1,30,ing,1,3.551872396201361e-06,8358
base-coord28-eps+0.1,push,pushing,1,30,ing,2,1.639984293433372e-05,2857
base-coord28-eps+0.1,push,pushing,1,30,ing,3,2.7630559998215176e-05,1684
base-coord28-eps+0.1,push,pushing,1,30,ing,4,5.001369117962895e-06,5980
base-coord28-eps+0.1,push,pushing,1,30,ing,5,0.00035861620563082397,185
base-coord28-eps+0.1,push,pushing,1,30,ing,6,5.113036240800284e-05,1371
base-coord28-eps+0.1,push,pushing,1,30,ing,7,1.3946214494353626e-05,3951
base-coord28-eps+0.1,push,pushing,1,30,ing,8,0.0010660173138603568,93
base-coord28-eps+0.1,push,pushing,1,30,ing,9,2.6654561224859208e-05,2057
base-coord28-eps+0.1,push,pushing,1,30,ing,10,5.105624495627126e-06,4790
base-coord28-eps+0.1,push,pushing,1,30,ing,11,0.00018914617248810828,185
base-coord28-eps+0.1,push,pushing,1,30,ing,12,0.0021382204722613096,37
base-coord28-eps+0.1,push,pushing,1,30,ing,13,0.00020600526477210224,447
base-coord28-eps+0.1,push,pushing,1,30,ing,14,1.8828857719199732e-05,2783
base-coord28-eps+0.1,push,pushing,1,30,ing,15,0.0008139210403896868,75
base-coord28-eps+0.1,push,pushing,1,30,ing,16,1.7473836123826914e-05,161
base-coord28-eps+0.1,push,pushing,1,30,ing,17,0.0013051503337919712,87
base-coord28-eps+0.1,push,pushing,1,30,ing,18,0.0030394666828215122,40
base-coord28-eps+0.1,push,pushing,1,30,ing,19,4.7629035293539346e-07,15434
base-coord28-eps+0.1,push,pushing,1,30,ing,20,9.22274693948566e-07,12009
base-coord28-eps+0.1,push,pushing,1,30,ing,21,0.0001094093022402376,228
base-coord28-eps+0.1,push,pushing,1,30,ing,22,2.3348266040557064e-05,1005
base-coord28-eps+0.1,push,pushing,1,30,ing,23,6.044562269380549e-06,5252
base-coord28-eps+0.1,stone,stone,0,9557,▁stone,0,1.7628099158173427e-05,2327
base-coord28-eps+0.1,stone,stone,0,9557,▁stone,1,0.0006982509512454271,266
base-coord28-eps+0.1,stone,stone,0,9557,▁stone,2,0.005408368073403835,20
base-coord28-eps+0.1,stone,stone,0,9557,▁stone,3,0.00025590803124941885,289
base-coord28-eps+0.1,stone,stone,0,9557,▁stone,4,0.0007678946130909026,216
base-coord28-eps+0.1,stone,stone,0,9557,▁stone,5,2.9382261345745064e-05,1177
base-coord28-eps+0.1,stone,stone,0,9557,▁stone,6,0.0002588985953480005,423
base-coord28-eps+0.1,stone,stone,0,9557,▁stone,7,0.0008478202507831156,186
base-coord28-eps+0.1,stone,stone,0,9557,▁stone,8,2.2668133169645444e-05,1371
base-coord28-eps+0.1,stone,stone,0,9557,▁stone,9,3.6596775316866115e-05,1737
base-coord28-eps+0.1,stone,stone,0,9557,▁stone,10,0.006250819191336632,24
base-coord28-eps+0.1,stone,stone,0,9557,▁stone,11,6.27534682280384e-05,363
base-coord28-eps+0.1,stone,stone,0,9557,▁stone,12,0.0033312945161014795,29
base-coord28-eps+0.1,stone,stone,0,9557,▁stone,13,0.022658636793494225,4
base-coord28-eps+0.1,stone,stone,0,9557,▁stone,14,0.0100692268460989,13
base-coord28-eps+0.1,stone,stone,0,9557,▁stone,15,0.0034005725756287575,17
base-coord28-eps+0.1,stone,stone,0,9557,▁stone,16,1.6476952851007809e-06,1009
base-coord28-eps+0.1,stone,stone,0,9557,▁stone,17,0.001959867076948285,44
base-coord28-eps+0.1,stone,stone,0,9557,▁stone,18,0.0007012885762378573,159
base-coord28-eps+0.1,stone,stone,0,9557,▁stone,19,0.0014354255981743336,92
base-coord28-eps+0.1,stone,stone,0,9557,▁stone,20,0.003765248227864504,29
base-coord28-eps+0.1,stone,stone,0,9557,▁stone,21,0.0004242746508680284,78
base-coord28-eps+0.1,stone,stone,0,9557,▁stone,22,0.0005979310953989625,64
base-coord28-eps+0.1,stone,stone,0,9557,▁stone,23,0.002780232345685363,50
base-coord28-eps+0.1,stone,stones,0,19056,▁stones,0,1.1873336916323751e-05,2778
base-coord28-eps+0.1,stone,stones,0,19056,▁stones,1,0.0013505960814654827,125
base-coord28-eps+0.1,stone,stones,0,19056,▁stones,2,0.00041132178739644587,287
base-coord28-eps+0.1,stone,stones,0,19056,▁stones,3,0.00019028448150493205,359
base-coord28-eps+0.1,stone,stones,0,19056,▁stones,4,0.0005740089691244066,297
base-coord28-eps+0.1,stone,stones,0,19056,▁stones,5,3.039665170945227e-05,1156
base-coord28-eps+0.1,stone,stones,0,19056,▁stones,6,0.0003267467545811087,353
base-coord28-eps+0.1,stone,stones,0,19056,▁stones,7,0.0004469143459573388,366
base-coord28-eps+0.1,stone,stones,0,19056,▁stones,8,2.4566741103626555e-06,4929
base-coord28-eps+0.1,stone,stones,0,19056,▁stones,9,2.4652616048115306e-05,2141
base-coord28-eps+0.1,stone,stones,0,19056,▁stones,10,0.00019519898341968656,692
base-coord28-eps+0.1,stone,stones,0,19056,▁stones,11,6.140237928775605e-06,1213
base-coord28-eps+0.1,stone,stones,0,19056,▁stones,12,0.0001104935072362423,340
base-coord28-eps+0.1,stone,stones,0,19056,▁stones,13,0.006169699598103762,13
base-coord28-eps+0.1,stone,stones,0,19056,▁stones,14,0.004117903299629688,38
base-coord28-eps+0.1,stone,stones,0,19056,▁stones,15,0.0004178125236649066,128
base-coord28-eps+0.1,stone,stones,0,19056,▁stones,16,6.839339334874239e-07,1711
base-coord28-eps+0.1,stone,stones,0,19056,▁stones,17,0.000686496845446527,172
base-coord28-eps+0.1,stone,stones,0,19056,▁stones,18,0.00045904776197858155,225
base-coord28-eps+0.1,stone,stones,0,19056,▁stones,19,8.585462637711316e-05,977
base-coord28-eps+0.1,stone,stones,0,19056,▁stones,20,0.0022062899079173803,58
base-coord28-eps+0.1,stone,stones,0,19056,▁stones,21,0.00015542870096396655,169
base-coord28-eps+0.1,stone,stones,0,19056,▁stones,22,0.00039699417538940907,101
base-coord28-eps+0.1,stone,stones,0,19056,▁stones,23,0.002000244567170739,67
base-coord28-eps+0.1,stone,rock,0,8500,▁rock,0,6.266755008255132e-07,10248
base-coord28-eps+0.1,stone,rock,0,8500,▁rock,1,6.570616824319586e-05,2019
base-coord28-eps+0.1,stone,rock,0,8500,▁rock,2,0.000264440372120589,425
base-coord28-eps+0.1,stone,rock,0,8500,▁rock,3,3.4253149351570755e-05,1483
base-coord28-eps+0.1,stone,rock,0,8500,▁rock,4,0.00021247693803161383,684
base-coord28-eps+0.1,stone,rock,0,8500,▁rock,5,4.089936282980489e-06,3924
base-coord28-eps+0.1,stone,rock,0,8500,▁rock,6,8.128325134748593e-06,3850
base-coord28-eps+0.1,stone,rock,0,8500,▁rock,7,7.219141843961552e-05,1592
base-coord28-eps+0.1,stone,rock,0,8500,▁rock,8,6.14609120930254e-07,9656
base-coord28-eps+0.1,stone,rock,0,8500,▁rock,9,4.736557457363233e-06,4509
base-coord28-eps+0.1,stone,rock,0,8500,▁rock,10,0.0003642407536972314,424
base-coord28-eps+0.1,stone,rock,0,8500,▁rock,11,6.979768727433111e-07,4035
base-coord28-eps+0.1,stone,rock,0,8500,▁rock,12,3.930160528398119e-05,774
base-coord28-eps+0.1,stone,rock,0,8500,▁rock,13,0.00048247299855574965,183
base-coord28-eps+0.1,stone,rock,0,8500,▁rock,14,0.0008430396555922925,159
base-coord28-eps+0.1,stone,rock,0,8500,▁rock,15,8.407637506024912e-05,394
base-coord28-eps+0.1,stone,rock,0,8500,▁rock,16,1.2012191064059152e-07,4254
base-coord28-eps+0.1,stone,rock,0,8500,▁rock,17,3.4210705052828416e-05,2911
base-coord28-eps+0.1,stone,rock,0,8500,▁rock,18,4.0256887587020174e-05,1931
base-coord28-eps+0.1,stone,rock,0,8500,▁rock,19,5.5690463341306895e-05,1315
base-coord28-eps+0.1,stone,rock,0,8500,▁rock,20,0.0004705575411207974,322
base-coord28-eps+0.1,stone,rock,0,8500,▁rock,21,2.6365474695921876e-05,728
base-coord28-eps+0.1,stone,rock,0,8500,▁rock,22,4.649454785976559e-05,583
base-coord28-eps+0.1,stone,rock,0,8500,▁rock,23,0.0008732998394407332,165
base-coord28-eps+0.1,stone,rocks,0,8500,▁rock,0,6.266755008255132e-07,10248
base-coord28-eps+0.1,stone,rocks,0,8500,▁rock,1,6.570616824319586e-05,2019
base-coord28-eps+0.1,stone,rocks,0,8500,▁rock,2,0.000264440372120589,425
base-coord28-eps+0.1,stone,rocks,0,8500,▁rock,3,3.4253149351570755e-05,1483
base-coord28-eps+0.1,stone,rocks,0,8500,▁rock,4,0.00021247693803161383,684
base-coord28-eps+0.1,stone,rocks,0,8500,▁rock,5,4.089936282980489e-06,3924
base-coord28-eps+0.1,stone,rocks,0,8500,▁rock,6,8.128325134748593e-06,3850
base-coord28-eps+0.1,stone,rocks,0,8500,▁rock,7,7.219141843961552e-05,1592
base-coord28-eps+0.1,stone,rocks,0,8500,▁rock,8,6.14609120930254e-07,9656
base-coord28-eps+0.1,stone,rocks,0,8500,▁rock,9,4.736557457363233e-06,4509
base-coord28-eps+0.1,stone,rocks,0,8500,▁rock,10,0.0003642407536972314,424
base-coord28-eps+0.1,stone,rocks,0,8500,▁rock,11,6.979768727433111e-07,4035
base-coord28-eps+0.1,stone,rocks,0,8500,▁rock,12,3.930160528398119e-05,774
base-coord28-eps+0.1,stone,rocks,0,8500,▁rock,13,0.00048247299855574965,183
base-coord28-eps+0.1,stone,rocks,0,8500,▁rock,14,0.0008430396555922925,159
base-coord28-eps+0.1,stone,rocks,0,8500,▁rock,15,8.407637506024912e-05,394
base-coord28-eps+0.1,stone,rocks,0,8500,▁rock,16,1.2012191064059152e-07,4254
base-coord28-eps+0.1,stone,rocks,0,8500,▁rock,17,3.4210705052828416e-05,2911
base-coord28-eps+0.1,stone,rocks,0,8500,▁rock,18,4.0256887587020174e-05,1931
base-coord28-eps+0.1,stone,rocks,0,8500,▁rock,19,5.5690463341306895e-05,1315
base-coord28-eps+0.1,stone,rocks,0,8500,▁rock,20,0.0004705575411207974,322
base-coord28-eps+0.1,stone,rocks,0,8500,▁rock,21,2.6365474695921876e-05,728
base-coord28-eps+0.1,stone,rocks,0,8500,▁rock,22,4.649454785976559e-05,583
base-coord28-eps+0.1,stone,rocks,0,8500,▁rock,23,0.0008732998394407332,165
base-coord28-eps+0.1,stone,rocks,1,28561,s,0,2.0657880668295547e-05,2173
base-coord28-eps+0.1,stone,rocks,1,28561,s,1,0.00020499601669143885,851
base-coord28-eps+0.1,stone,rocks,1,28561,s,2,2.3969978428795002e-06,7231
base-coord28-eps+0.1,stone,rocks,1,28561,s,3,0.000224296934902668,311
base-coord28-eps+0.1,stone,rocks,1,28561,s,4,0.0017696941504254937,86
base-coord28-eps+0.1,stone,rocks,1,28561,s,5,0.00022250386246014386,275
base-coord28-eps+0.1,stone,rocks,1,28561,s,6,5.841996880917577e-06,4560
base-coord28-eps+0.1,stone,rocks,1,28561,s,7,4.946055560139939e-05,2046
base-coord28-eps+0.1,stone,rocks,1,28561,s,8,0.007003116887062788,24
base-coord28-eps+0.1,stone,rocks,1,28561,s,9,1.0399860912002623e-05,3193
base-coord28-eps+0.1,stone,rocks,1,28561,s,10,4.324380498132996e-08,24859
base-coord28-eps+0.1,stone,rocks,1,28561,s,11,0.0014791010180488229,65
base-coord28-eps+0.1,stone,rocks,1,28561,s,12,9.742197289597243e-05,381
base-coord28-eps+0.1,stone,rocks,1,28561,s,13,6.449616921599954e-05,1107
base-coord28-eps+0.1,stone,rocks,1,28561,s,14,0.0002866826835088432,449
base-coord28-eps+0.1,stone,rocks,1,28561,s,15,0.00019294634694233537,224
base-coord28-eps+0.1,stone,rocks,1,28561,s,16,1.1844877917610575e-05,239
base-coord28-eps+0.1,stone,rocks,1,28561,s,17,0.0002397034113528207,487
base-coord28-eps+0.1,stone,rocks,1,28561,s,18,0.003169721458107233,39
base-coord28-eps+0.1,stone,rocks,1,28561,s,19,2.2576492483494803e-05,2279
base-coord28-eps+0.1,stone,rocks,1,28561,s,20,6.600982305826619e-05,1601
base-coord28-eps+0.1,stone,rocks,1,28561,s,21,0.00069477001670748,52
base-coord28-eps+0.1,stone,rocks,1,28561,s,22,3.9282633224502206e-05,677
base-coord28-eps+0.1,stone,rocks,1,28561,s,23,0.00034837721614167094,408
base-coord28-eps+0.1,stone,boulder,0,34,▁b,0,0.00019414864073041826,522
base-coord28-eps+0.1,stone,boulder,0,34,▁b,1,0.0037779370322823524,30
base-coord28-eps+0.1,stone,boulder,0,34,▁b,2,0.003611344611272216,32
base-coord28-eps+0.1,stone,boulder,0,34,▁b,3,0.0016205522697418928,44
base-coord28-eps+0.1,stone,boulder,0,34,▁b,4,0.006650608032941818,17
base-coord28-eps+0.1,stone,boulder,0,34,▁b,5,0.0008144066669046879,107
base-coord28-eps+0.1,stone,boulder,0,34,▁b,6,0.0009900069562718272,127
base-coord28-eps+0.1,stone,boulder,0,34,▁b,7,0.007192328572273254,13
base-coord28-eps+0.1,stone,boulder,0,34,▁b,8,0.0007311036461032927,125
base-coord28-eps+0.1,stone,boulder,0,34,▁b,9,0.0014481126563623548,118
base-coord28-eps+0.1,stone,boulder,0,34,▁b,10,0.009684132412075996,14
base-coord28-eps+0.1,stone,boulder,0,34,▁b,11,4.6940913307480514e-05,410
base-coord28-eps+0.1,stone,boulder,0,34,▁b,12,0.0007691092323511839,81
base-coord28-eps+0.1,stone,boulder,0,34,▁b,13,0.001156996819190681,81
base-coord28-eps+0.1,stone,boulder,0,34,▁b,14,0.0037880316376686096,42
base-coord28-eps+0.1,stone,boulder,0,34,▁b,15,0.015154256485402584,7
base-coord28-eps+0.1,stone,boulder,0,34,▁b,16,1.184618849947583e-05,238
base-coord28-eps+0.1,stone,boulder,0,34,▁b,17,0.0016847621882334352,59
base-coord28-eps+0.1,stone,boulder,0,34,▁b,18,0.0015078235883265734,71
base-coord28-eps+0.1,stone,boulder,0,34,▁b,19,0.0016090224962681532,81
base-coord28-eps+0.1,stone,boulder,0,34,▁b,20,0.0032121767289936543,40
base-coord28-eps+0.1,stone,boulder,0,34,▁b,21,0.0005453522899188101,62
base-coord28-eps+0.1,stone,boulder,0,34,▁b,22,0.0002843217516783625,130
base-coord28-eps+0.1,stone,boulder,0,34,▁b,23,0.0030586642678827047,46
base-coord28-eps+0.1,stone,boulder,1,356,ould,0,1.98253246708191e-07,16714
base-coord28-eps+0.1,stone,boulder,1,356,ould,1,3.503139112126519e-07,18751
base-coord28-eps+0.1,stone,boulder,1,356,ould,2,1.3188474667913397e-06,9299
base-coord28-eps+0.1,stone,boulder,1,356,ould,3,2.444856477268331e-07,16290
base-coord28-eps+0.1,stone,boulder,1,356,ould,4,1.6556944615331304e-07,20477
base-coord28-eps+0.1,stone,boulder,1,356,ould,5,9.765560804453344e-08,19294
base-coord28-eps+0.1,stone,boulder,1,356,ould,6,1.1947203404361062e-07,20540
base-coord28-eps+0.1,stone,boulder,1,356,ould,7,1.23100448945479e-07,23347
base-coord28-eps+0.1,stone,boulder,1,356,ould,8,3.6435505990084494e-07,12070
base-coord28-eps+0.1,stone,boulder,1,356,ould,9,4.841771783503646e-07,11700
base-coord28-eps+0.1,stone,boulder,1,356,ould,10,1.8171394913224503e-06,7475
base-coord28-eps+0.1,stone,boulder,1,356,ould,11,2.1803689378430136e-05,610
base-coord28-eps+0.1,stone,boulder,1,356,ould,12,8.475552931486163e-06,2201
base-coord28-eps+0.1,stone,boulder,1,356,ould,13,2.7876230888068676e-06,6717
base-coord28-eps+0.1,stone,boulder,1,356,ould,14,1.3624381836052635e-06,8879
base-coord28-eps+0.1,stone,boulder,1,356,ould,15,1.5999283675682818e-07,12480
base-coord28-eps+0.1,stone,boulder,1,356,ould,16,5.042693018708633e-08,6359
base-coord28-eps+0.1,stone,boulder,1,356,ould,17,2.6220816380373435e-06,14654
base-coord28-eps+0.1,stone,boulder,1,356,ould,18,1.4592617390007945e-06,15666
base-coord28-eps+0.1,stone,boulder,1,356,ould,19,1.8034936601907248e-06,8850
base-coord28-eps+0.1,stone,boulder,1,356,ould,20,4.980535095455707e-07,15109
base-coord28-eps+0.1,stone,boulder,1,356,ould,21,9.370872362524096e-07,6222
base-coord28-eps+0.1,stone,boulder,1,356,ould,22,7.275571789477908e-08,17791
base-coord28-eps+0.1,stone,boulder,1,356,ould,23,1.6883790010524535e-07,19943
base-coord28-eps+0.1,stone,boulder,2,8,er,0,5.131869784236187e-06,4052
base-coord28-eps+0.1,stone,boulder,2,8,er,1,3.307259703433374e-06,8606
base-coord28-eps+0.1,stone,boulder,2,8,er,2,3.0324119393299043e-07,16096
base-coord28-eps+0.1,stone,boulder,2,8,er,3,7.897413524915464e-06,3586
base-coord28-eps+0.1,stone,boulder,2,8,er,4,5.451389370136894e-06,5766
base-coord28-eps+0.1,stone,boulder,2,8,er,5,2.446400139888283e-05,1326
base-coord28-eps+0.1,stone,boulder,2,8,er,6,7.396937689918559e-06,4059
base-coord28-eps+0.1,stone,boulder,2,8,er,7,1.271513247047551e-05,4133
base-coord28-eps+0.1,stone,boulder,2,8,er,8,4.2146060877712443e-05,907
base-coord28-eps+0.1,stone,boulder,2,8,er,9,2.10218749998603e-05,2319
base-coord28-eps+0.1,stone,boulder,2,8,er,10,2.508400211809203e-05,2378
base-coord28-eps+0.1,stone,boulder,2,8,er,11,0.027220262214541435,7
base-coord28-eps+0.1,stone,boulder,2,8,er,12,0.000766115786973387,82
base-coord28-eps+0.1,stone,boulder,2,8,er,13,5.0134862249251455e-05,1325
base-coord28-eps+0.1,stone,boulder,2,8,er,14,3.479547376628034e-05,1960
base-coord28-eps+0.1,stone,boulder,2,8,er,15,5.6458316976204515e-05,526
base-coord28-eps+0.1,stone,boulder,2,8,er,16,1.4478060620604083e-05,194
base-coord28-eps+0.1,stone,boulder,2,8,er,17,0.0002977463882416487,375
base-coord28-eps+0.1,stone,boulder,2,8,er,18,0.00032080578966997564,329
base-coord28-eps+0.1,stone,boulder,2,8,er,19,1.96162818610901e-06,8531
base-coord28-eps+0.1,stone,boulder,2,8,er,20,1.3969668088975595e-06,10276
base-coord28-eps+0.1,stone,boulder,2,8,er,21,0.0001291304943151772,191
base-coord28-eps+0.1,stone,boulder,2,8,er,22,1.918127054523211e-05,1159
base-coord28-eps+0.1,stone,boulder,2,8,er,23,2.6351330234319903e-05,2562
base-coord28-eps+0.1,stone,boulders,0,34,▁b,0,0.00019414864073041826,522
base-coord28-eps+0.1,stone,boulders,0,34,▁b,1,0.0037779370322823524,30
base-coord28-eps+0.1,stone,boulders,0,34,▁b,2,0.003611344611272216,32
base-coord28-eps+0.1,stone,boulders,0,34,▁b,3,0.0016205522697418928,44
base-coord28-eps+0.1,stone,boulders,0,34,▁b,4,0.006650608032941818,17
base-coord28-eps+0.1,stone,boulders,0,34,▁b,5,0.0008144066669046879,107
base-coord28-eps+0.1,stone,boulders,0,34,▁b,6,0.0009900069562718272,127
base-coord28-eps+0.1,stone,boulders,0,34,▁b,7,0.007192328572273254,13
base-coord28-eps+0.1,stone,boulders,0,34,▁b,8,0.0007311036461032927,125
base-coord28-eps+0.1,stone,boulders,0,34,▁b,9,0.0014481126563623548,118
base-coord28-eps+0.1,stone,boulders,0,34,▁b,10,0.009684132412075996,14
base-coord28-eps+0.1,stone,boulders,0,34,▁b,11,4.6940913307480514e-05,410
base-coord28-eps+0.1,stone,boulders,0,34,▁b,12,0.0007691092323511839,81
base-coord28-eps+0.1,stone,boulders,0,34,▁b,13,0.001156996819190681,81
base-coord28-eps+0.1,stone,boulders,0,34,▁b,14,0.0037880316376686096,42
base-coord28-eps+0.1,stone,boulders,0,34,▁b,15,0.015154256485402584,7
base-coord28-eps+0.1,stone,boulders,0,34,▁b,16,1.184618849947583e-05,238
base-coord28-eps+0.1,stone,boulders,0,34,▁b,17,0.0016847621882334352,59
base-coord28-eps+0.1,stone,boulders,0,34,▁b,18,0.0015078235883265734,71
base-coord28-eps+0.1,stone,boulders,0,34,▁b,19,0.0016090224962681532,81
base-coord28-eps+0.1,stone,boulders,0,34,▁b,20,0.0032121767289936543,40
base-coord28-eps+0.1,stone,boulders,0,34,▁b,21,0.0005453522899188101,62
base-coord28-eps+0.1,stone,boulders,0,34,▁b,22,0.0002843217516783625,130
base-coord28-eps+0.1,stone,boulders,0,34,▁b,23,0.0030586642678827047,46
base-coord28-eps+0.1,stone,boulders,1,356,ould,0,1.98253246708191e-07,16714
base-coord28-eps+0.1,stone,boulders,1,356,ould,1,3.503139112126519e-07,18751
base-coord28-eps+0.1,stone,boulders,1,356,ould,2,1.3188474667913397e-06,9299
base-coord28-eps+0.1,stone,boulders,1,356,ould,3,2.444856477268331e-07,16290
base-coord28-eps+0.1,stone,boulders,1,356,ould,4,1.6556944615331304e-07,20477
base-coord28-eps+0.1,stone,boulders,1,356,ould,5,9.765560804453344e-08,19294
base-coord28-eps+0.1,stone,boulders,1,356,ould,6,1.1947203404361062e-07,20540
base-coord28-eps+0.1,stone,boulders,1,356,ould,7,1.23100448945479e-07,23347
base-coord28-eps+0.1,stone,boulders,1,356,ould,8,3.6435505990084494e-07,12070
base-coord28-eps+0.1,stone,boulders,1,356,ould,9,4.841771783503646e-07,11700
base-coord28-eps+0.1,stone,boulders,1,356,ould,10,1.8171394913224503e-06,7475
base-coord28-eps+0.1,stone,boulders,1,356,ould,11,2.1803689378430136e-05,610
base-coord28-eps+0.1,stone,boulders,1,356,ould,12,8.475552931486163e-06,2201
base-coord28-eps+0.1,stone,boulders,1,356,ould,13,2.7876230888068676e-06,6717
base-coord28-eps+0.1,stone,boulders,1,356,ould,14,1.3624381836052635e-06,8879
base-coord28-eps+0.1,stone,boulders,1,356,ould,15,1.5999283675682818e-07,12480
base-coord28-eps+0.1,stone,boulders,1,356,ould,16,5.042693018708633e-08,6359
base-coord28-eps+0.1,stone,boulders,1,356,ould,17,2.6220816380373435e-06,14654
base-coord28-eps+0.1,stone,boulders,1,356,ould,18,1.4592617390007945e-06,15666
base-coord28-eps+0.1,stone,boulders,1,356,ould,19,1.8034936601907248e-06,8850
base-coord28-eps+0.1,stone,boulders,1,356,ould,20,4.980535095455707e-07,15109
base-coord28-eps+0.1,stone,boulders,1,356,ould,21,9.370872362524096e-07,6222
base-coord28-eps+0.1,stone,boulders,1,356,ould,22,7.275571789477908e-08,17791
base-coord28-eps+0.1,stone,boulders,1,356,ould,23,1.6883790010524535e-07,19943
base-coord28-eps+0.1,stone,boulders,2,88,ers,0,8.595068720751442e-06,3167
base-coord28-eps+0.1,stone,boulders,2,88,ers,1,3.0139835871523246e-06,8917
base-coord28-eps+0.1,stone,boulders,2,88,ers,2,4.3792928750008286e-07,14185
base-coord28-eps+0.1,stone,boulders,2,88,ers,3,1.3171239515941124e-05,2699
base-coord28-eps+0.1,stone,boulders,2,88,ers,4,6.920123496456654e-07,12882
base-coord28-eps+0.1,stone,boulders,2,88,ers,5,3.989025117334677e-06,3984
base-coord28-eps+0.1,stone,boulders,2,88,ers,6,2.7455786266727955e-07,15955
base-coord28-eps+0.1,stone,boulders,2,88,ers,7,1.508033733443881e-07,22304
base-coord28-eps+0.1,stone,boulders,2,88,ers,8,1.7303430013271281e-06,5879
base-coord28-eps+0.1,stone,boulders,2,88,ers,9,1.3295720009409706e-06,7768
base-coord28-eps+0.1,stone,boulders,2,88,ers,10,2.439630897299594e-08,26939
base-coord28-eps+0.1,stone,boulders,2,88,ers,11,7.898366311565042e-05,318
base-coord28-eps+0.1,stone,boulders,2,88,ers,12,7.418714085360989e-05,486
base-coord28-eps+0.1,stone,boulders,2,88,ers,13,1.542158679512795e-05,2720
base-coord28-eps+0.1,stone,boulders,2,88,ers,14,1.8715096530286246e-06,7842
base-coord28-eps+0.1,stone,boulders,2,88,ers,15,0.00022312604414764792,202
base-coord28-eps+0.1,stone,boulders,2,88,ers,16,4.860112767346436e-06,492
base-coord28-eps+0.1,stone,boulders,2,88,ers,17,0.00021781378018204123,535
base-coord28-eps+0.1,stone,boulders,2,88,ers,18,0.0013424376957118511,80
base-coord28-eps+0.1,stone,boulders,2,88,ers,19,5.506876732397359e-06,5143
base-coord28-eps+0.1,stone,boulders,2,88,ers,20,4.5735743015029584e-07,15549
base-coord28-eps+0.1,stone,boulders,2,88,ers,21,0.0003363628056831658,92
base-coord28-eps+0.1,stone,boulders,2,88,ers,22,0.00013713902444578707,246
base-coord28-eps+0.1,stone,boulders,2,88,ers,23,7.057401489873882e-06,4863
extra-coord0-eps+0.1,push,push,0,10766,▁push,0,2.010921889450401e-06,6133
extra-coord0-eps+0.1,push,push,0,10766,▁push,1,0.00013897701865062118,1165
extra-coord0-eps+0.1,push,push,0,10766,▁push,2,1.7899674276122823e-05,2712
extra-coord0-eps+0.1,push,push,0,10766,▁push,3,1.4440331142395735e-05,2565
extra-coord0-eps+0.1,push,push,0,10766,▁push,4,1.763815089361742e-05,3373
extra-coord0-eps+0.1,push,push,0,10766,▁push,5,4.1489101931802e-06,3891
extra-coord0-eps+0.1,push,push,0,10766,▁push,6,1.037758011079859e-05,3408
extra-coord0-eps+0.1,push,push,0,10766,▁push,7,1.1096991329395678e-05,4417
extra-coord0-eps+0.1,push,push,0,10766,▁push,8,1.091782542061992e-05,2119
extra-coord0-eps+0.1,push,push,0,10766,▁push,9,9.294245683122426e-05,1044
extra-coord0-eps+0.1,push,push,0,10766,▁push,10,0.00034713713102974,439
extra-coord0-eps+0.1,push,push,0,10766,▁push,11,9.181098334920534e-07,3443
extra-coord0-eps+0.1,push,push,0,10766,▁push,12,5.96140216657659e-06,2708
extra-coord0-eps+0.1,push,push,0,10766,▁push,13,2.0141807908657938e-05,2366
extra-coord0-eps+0.1,push,push,0,10766,▁push,14,2.3735810827929527e-05,2466
extra-coord0-eps+0.1,push,push,0,10766,▁push,15,3.2442944757349323e-06,3063
extra-coord0-eps+0.1,push,push,0,10766,▁push,16,3.9059816714370754e-08,6978
extra-coord0-eps+0.1,push,push,0,10766,▁push,17,0.00010087522241519764,1098
extra-coord0-eps+0.1,push,push,0,10766,▁push,18,6.358277460094541e-05,1355
extra-coord0-eps+0.1,push,push,0,10766,▁push,19,0.0008159501594491303,165
extra-coord0-eps+0.1,push,push,0,10766,▁push,20,8.316145977005363e-05,1366
extra-coord0-eps+0.1,push,push,0,10766,▁push,21,3.984808245149907e-06,2744
extra-coord0-eps+0.1,push,push,0,10766,▁push,22,7.0486617005371954e-06,2349
extra-coord0-eps+0.1,push,push,0,10766,▁push,23,2.9972872653161176e-05,2393
extra-coord0-eps+0.1,push,pushes,0,26,▁p,0,9.175703598884866e-05,920
extra-coord0-eps+0.1,push,pushes,0,26,▁p,1,0.011825529858469963,2
extra-coord0-eps+0.1,push,pushes,0,26,▁p,2,0.0051819500513374805,21
extra-coord0-eps+0.1,push,pushes,0,26,▁p,3,0.0014433481264859438,56
extra-coord0-eps+0.1,push,pushes,0,26,▁p,4,0.008437281474471092,13
extra-coord0-eps+0.1,push,pushes,0,26,▁p,5,0.0012064108159393072,84
extra-coord0-eps+0.1,push,pushes,0,26,▁p,6,0.0007227156311273575,170
extra-coord0-eps+0.1,push,pushes,0,26,▁p,7,0.004974151961505413,27
extra-coord0-eps+0.1,push,pushes,0,26,▁p,8,0.0011566155590116978,86
extra-coord0-eps+0.1,push,pushes,0,26,▁p,9,0.0017995737725868821,100
extra-coord0-eps+0.1,push,pushes,0,26,▁p,10,0.015945687890052795,8
extra-coord0-eps+0.1,push,pushes,0,26,▁p,11,5.7227345678256825e-05,374
extra-coord0-eps+0.1,push,pushes,0,26,▁p,12,0.0009623629157431424,71
extra-coord0-eps+0.1,push,pushes,0,26,▁p,13,0.005411595106124878,16
extra-coord0-eps+0.1,push,pushes,0,26,▁p,14,0.013562101870775223,10
extra-coord0-eps+0.1,push,pushes,0,26,▁p,15,0.0015837635146453977,36
extra-coord0-eps+0.1,push,pushes,0,26,▁p,16,1.774970587575808e-05,148
extra-coord0-eps+0.1,push,pushes,0,26,▁p,17,0.002957504941150546,29
extra-coord0-eps+0.1,push,pushes,0,26,▁p,18,0.0022247505839914083,55
extra-coord0-eps+0.1,push,pushes,0,26,▁p,19,0.0030314649920910597,35
extra-coord0-eps+0.1,push,pushes,0,26,▁p,20,0.006525034550577402,18
extra-coord0-eps+0.1,push,pushes,0,26,▁p,21,0.0008930464391596615,37
extra-coord0-eps+0.1,push,pushes,0,26,▁p,22,0.0005779642960987985,66
extra-coord0-eps+0.1,push,pushes,0,26,▁p,23,0.006996664684265852,18
extra-coord0-eps+0.1,push,pushes,1,74,us,0,4.5340120777837e-06,4306
extra-coord0-eps+0.1,push,pushes,1,74,us,1,4.7782628826098517e-05,2472
extra-coord0-eps+0.1,push,pushes,1,74,us,2,1.7590210177331755e-07,19037
extra-coord0-eps+0.1,push,pushes,1,74,us,3,3.292231667728629e-06,5596
extra-coord0-eps+0.1,push,pushes,1,74,us,4,5.452579443954164e-06,5773
extra-coord0-eps+0.1,push,pushes,1,74,us,5,3.456016202108003e-05,1034
extra-coord0-eps+0.1,push,pushes,1,74,us,6,0.00034591573057696223,335
extra-coord0-eps+0.1,push,pushes,1,74,us,7,0.0002552811929490417,593
extra-coord0-eps+0.1,push,pushes,1,74,us,8,8.493984751112293e-06,2444
extra-coord0-eps+0.1,push,pushes,1,74,us,9,3.439227384660626e-06,5205
extra-coord0-eps+0.1,push,pushes,1,74,us,10,0.00012433253868948668,946
extra-coord0-eps+0.1,push,pushes,1,74,us,11,0.008167451247572899,20
extra-coord0-eps+0.1,push,pushes,1,74,us,12,0.00017576117534190416,251
extra-coord0-eps+0.1,push,pushes,1,74,us,13,3.313843990326859e-05,1758
extra-coord0-eps+0.1,push,pushes,1,74,us,14,3.928589285351336e-05,1847
extra-coord0-eps+0.1,push,pushes,1,74,us,15,2.3387987312162295e-05,928
extra-coord0-eps+0.1,push,pushes,1,74,us,16,7.338986051763641e-06,330
extra-coord0-eps+0.1,push,pushes,1,74,us,17,2.8953718356206082e-05,3347
extra-coord0-eps+0.1,push,pushes,1,74,us,18,7.645367441000417e-05,1155
extra-coord0-eps+0.1,push,pushes,1,74,us,19,8.318706932186615e-07,12480
extra-coord0-eps+0.1,push,pushes,1,74,us,20,7.71575105318334e-06,5069
extra-coord0-eps+0.1,push,pushes,1,74,us,21,7.652200110896956e-06,1778
extra-coord0-eps+0.1,push,pushes,1,74,us,22,8.144068488036282e-06,2144
extra-coord0-eps+0.1,push,pushes,1,74,us,23,3.622236181399785e-05,2152
extra-coord0-eps+0.1,push,pushes,2,994,hes,0,1.2187659876872203e-06,7659
extra-coord0-eps+0.1,push,pushes,2,994,hes,1,1.581710239406675e-05,4369
extra-coord0-eps+0.1,push,pushes,2,994,hes,2,2.242515648731569e-07,17659
extra-coord0-eps+0.1,push,pushes,2,994,hes,3,6.224595836101798e-06,4058
extra-coord0-eps+0.1,push,pushes,2,994,hes,4,5.690266789315501e-06,5660
extra-coord0-eps+0.1,push,pushes,2,994,hes,5,1.236689968209248e-06,7246
extra-coord0-eps+0.1,push,pushes,2,994,hes,6,1.7490001482656226e-06,7842
extra-coord0-eps+0.1,push,pushes,2,994,hes,7,2.9894958970544394e-06,7905
extra-coord0-eps+0.1,push,pushes,2,994,hes,8,6.837151158833876e-05,639
extra-coord0-eps+0.1,push,pushes,2,994,hes,9,0.0016489479457959533,110
extra-coord0-eps+0.1,push,pushes,2,994,hes,10,1.1934085705433972e-05,3334
extra-coord0-eps+0.1,push,pushes,2,994,hes,11,9.74762297119014e-05,275
extra-coord0-eps+0.1,push,pushes,2,994,hes,12,1.3624550774693489e-05,1623
extra-coord0-eps+0.1,push,pushes,2,994,hes,13,5.507304194907192e-06,4853
extra-coord0-eps+0.1,push,pushes,2,994,hes,14,1.211770950249047e-06,9360
extra-coord0-eps+0.1,push,pushes,2,994,hes,15,2.0101668269489892e-05,1032
extra-coord0-eps+0.1,push,pushes,2,994,hes,16,8.895158742916465e-08,4728
extra-coord0-eps+0.1,push,pushes,2,994,hes,17,1.0137588333236636e-06,21081
extra-coord0-eps+0.1,push,pushes,2,994,hes,18,7.599609489261638e-06,6555
extra-coord0-eps+0.1,push,pushes,2,994,hes,19,1.5245691429299768e-06,9667
extra-coord0-eps+0.1,push,pushes,2,994,hes,20,1.3732721981796203e-06,10388
extra-coord0-eps+0.1,push,pushes,2,994,hes,21,9.95054688246455e-06,1484
extra-coord0-eps+0.1,push,pushes,2,994,hes,22,3.7275349313858896e-06,3452
extra-coord0-eps+0.1,push,pushes,2,994,hes,23,3.3444634937040973e-06,6818
extra-coord0-eps+0.1,push,pushed,0,17595,▁pushed,0,2.0796126136701787e-06,6045
extra-coord0-eps+0.1,push,pushed,0,17595,▁pushed,1,1.4214378097676672e-05,4604
extra-coord0-eps+0.1,push,pushed,0,17595,▁pushed,2,6.882286925247172e-06,4474
extra-coord0-eps+0.1,push,pushed,0,17595,▁pushed,3,6.185468919284176e-06,4066
extra-coord0-eps+0.1,push,pushed,0,17595,▁pushed,4,9.410975508217234e-06,4542
extra-coord0-eps+0.1,push,pushed,0,17595,▁pushed,5,2.8250606192159466e-05,1209
extra-coord0-eps+0.1,push,pushed,0,17595,▁pushed,6,3.7134614103706554e-06,5667
extra-coord0-eps+0.1,push,pushed,0,17595,▁pushed,7,4.2826968638109975e-06,6815
extra-coord0-eps+0.1,push,pushed,0,17595,▁pushed,8,5.645953569910489e-05,736
extra-coord0-eps+0.1,push,pushed,0,17595,▁pushed,9,0.00082987523637712,208
extra-coord0-eps+0.1,push,pushed,0,17595,▁pushed,10,2.4612058041384444e-05,2403
extra-coord0-eps+0.1,push,pushed,0,17595,▁pushed,11,2.318633960385341e-06,2056
extra-coord0-eps+0.1,push,pushed,0,17595,▁pushed,12,2.7728556233341806e-05,1005
extra-coord0-eps+0.1,push,pushed,0,17595,▁pushed,13,3.68563155461743e-06,5944
extra-coord0-eps+0.1,push,pushed,0,17595,▁pushed,14,4.086638909939211e-06,5677
extra-coord0-eps+0.1,push,pushed,0,17595,▁pushed,15,1.2043570677633397e-05,1423
extra-coord0-eps+0.1,push,pushed,0,17595,▁pushed,16,3.1812394496455454e-08,7617
extra-coord0-eps+0.1,push,pushed,0,17595,▁pushed,17,0.0001544652768643573,738
extra-coord0-eps+0.1,push,pushed,0,17595,▁pushed,18,0.0002912087948061526,358
extra-coord0-eps+0.1,push,pushed,0,17595,▁pushed,19,2.117893563990947e-05,2401
extra-coord0-eps+0.1,push,pushed,0,17595,▁pushed,20,3.271921968917013e-06,7369
extra-coord0-eps+0.1,push,pushed,0,17595,▁pushed,21,1.0274045507685514e-06,5953
extra-coord0-eps+0.1,push,pushed,0,17595,▁pushed,22,1.2201030585856643e-06,5980
extra-coord0-eps+0.1,push,pushed,0,17595,▁pushed,23,5.469360985443927e-06,5543
extra-coord0-eps+0.1,push,pushing,0,10766,▁push,0,2.010921889450401e-06,6133
extra-coord0-eps+0.1,push,pushing,0,10766,▁push,1,0.00013897701865062118,1165
extra-coord0-eps+0.1,push,pushing,0,10766,▁push,2,1.7899674276122823e-05,2712
extra-coord0-eps+0.1,push,pushing,0,10766,▁push,3,1.4440331142395735e-05,2565
extra-coord0-eps+0.1,push,pushing,0,10766,▁push,4,1.763815089361742e-05,3373
extra-coord0-eps+0.1,push,pushing,0,10766,▁push,5,4.1489101931802e-06,3891
extra-coord0-eps+0.1,push,pushing,0,10766,▁push,6,1.037758011079859e-05,3408
extra-coord0-eps+0.1,push,pushing,0,10766,▁push,7,1.1096991329395678e-05,4417
extra-coord0-eps+0.1,push,pushing,0,10766,▁push,8,1.091782542061992e-05,2119
extra-coord0-eps+0.1,push,pushing,0,10766,▁push,9,9.294245683122426e-05,1044
extra-coord0-eps+0.1,push,pushing,0,10766,▁push,10,0.00034713713102974,439
extra-coord0-eps+0.1,push,pushing,0,10766,▁push,11,9.181098334920534e-07,3443
extra-coord0-eps+0.1,push,pushing,0,10766,▁push,12,5.96140216657659e-06,2708
extra-coord0-eps+0.1,push,pushing,0,10766,▁push,13,2.0141807908657938e-05,2366
extra-coord0-eps+0.1,push,pushing,0,10766,▁push,14,2.3735810827929527e-05,2466
extra-coord0-eps+0.1,push,pushing,0,10766,▁push,15,3.2442944757349323e-06,3063
extra-coord0-eps+0.1,push,pushing,0,10766,▁push,16,3.9059816714370754e-08,6978
extra-coord0-eps+0.1,push,pushing,0,10766,▁push,17,0.00010087522241519764,1098
extra-coord0-eps+0.1,push,pushing,0,10766,▁push,18,6.358277460094541e-05,1355
extra-coord0-eps+0.1,push,pushing,0,10766,▁push,19,0.0008159501594491303,165
extra-coord0-eps+0.1,push,pushing,0,10766,▁push,20,8.316145977005363e-05,1366
extra-coord0-eps+0.1,push,pushing,0,10766,▁push,21,3.984808245149907e-06,2744
extra-coord0-eps+0.1,push,pushing,0,10766,▁push,22,7.0486617005371954e-06,2349
extra-coord0-eps+0.1,push,pushing,0,10766,▁push,23,2.9972872653161176e-05,2393
extra-coord0-eps+0.1,push,pushing,1,30,ing,0,6.713507445965661e-06,3581
extra-coord0-eps+0.1,push,pushing,1,30,ing,1,3.6109486245550215e-06,8330
extra-coord0-eps+0.1,push,pushing,1,30,ing,2,1.6470603441121057e-05,2856
extra-coord0-eps+0.1,push,pushing,1,30,ing,3,2.778860834951047e-05,1689
extra-coord0-eps+0.1,push,pushing,1,30,ing,4,5.076559773442568e-06,5959
extra-coord0-eps+0.1,push,pushing,1,30,ing,5,0.00035818462492898107,185
extra-coord0-eps+0.1,push,pushing,1,30,ing,6,5.019995296606794e-05,1393
extra-coord0-eps+0.1,push,pushing,1,30,ing,7,1.4070613360672724e-05,3938
extra-coord0-eps+0.1,push,pushing,1,30,ing,8,0.001079672365449369,91
extra-coord0-eps+0.1,push,pushing,1,30,ing,9,2.6515959689277224e-05,2067
extra-coord0-eps+0.1,push,pushing,1,30,ing,10,5.149057869857643e-06,4785
extra-coord0-eps+0.1,push,pushing,1,30,ing,11,0.0001907068071886897,184
extra-coord0-eps+0.1,push,pushing,1,30,ing,12,0.002098933095112443,37
extra-coord0-eps+0.1,push,pushing,1,30,ing,13,0.00020631034567486495,448
extra-coord0-eps+0.1,push,pushing,1,30,ing,14,1.9280778360553086e-05,2770
extra-coord0-eps+0.1,push,pushing,1,30,ing,15,0.0007763102767057717,75
extra-coord0-eps+0.1,push,pushing,1,30,ing,16,1.617529233044479e-05,163
extra-coord0-eps+0.1,push,pushing,1,30,ing,17,0.001289888983592391,85
extra-coord0-eps+0.1,push,pushing,1,30,ing,18,0.002952887676656246,40
extra-coord0-eps+0.1,push,pushing,1,30,ing,19,4.6183006929823023e-07,15739
extra-coord0-eps+0.1,push,pushing,1,30,ing,20,9.208632718582521e-07,12063
extra-coord0-eps+0.1,push,pushing,1,30,ing,21,0.00010972791642416269,228
extra-coord0-eps+0.1,push,pushing,1,30,ing,22,2.3154314476414584e-05,1009
extra-coord0-eps+0.1,push,pushing,1,30,ing,23,6.06935054747737e-06,5265
extra-coord0-eps+0.1,stone,stone,0,9557,▁stone,0,1.7256674254895188e-05,2380
extra-coord0-eps+0.1,stone,stone,0,9557,▁stone,1,0.0006643926608376205,282
extra-coord0-eps+0.1,stone,stone,0,9557,▁stone,2,0.0052008130587637424,20
extra-coord0-eps+0.1,stone,stone,0,9557,▁stone,3,0.00024957998539321125,295
extra-coord0-eps+0.1,stone,stone,0,9557,▁stone,4,0.0007422093185596168,225
extra-coord0-eps+0.1,stone,stone,0,9557,▁stone,5,2.8701455448754132e-05,1195
extra-coord0-eps+0.1,stone,stone,0,9557,▁stone,6,0.00025160660152323544,435
extra-coord0-eps+0.1,stone,stone,0,9557,▁stone,7,0.0008203606703318655,197
extra-coord0-eps+0.1,stone,stone,0,9557,▁stone,8,2.1855223167221993e-05,1397
extra-coord0-eps+0.1,stone,stone,0,9557,▁stone,9,3.502438994473778e-05,1776
extra-coord0-eps+0.1,stone,stone,0,9557,▁stone,10,0.006024479866027832,26
extra-coord0-eps+0.1,stone,stone,0,9557,▁stone,11,5.9920635976595804e-05,369
extra-coord0-eps+0.1,stone,stone,0,9557,▁stone,12,0.00317045534029603,29
extra-coord0-eps+0.1,stone,stone,0,9557,▁stone,13,0.02253434993326664,4
extra-coord0-eps+0.1,stone,stone,0,9557,▁stone,14,0.00982833281159401,13
extra-coord0-eps+0.1,stone,stone,0,9557,▁stone,15,0.0030736494809389114,18
extra-coord0-eps+0.1,stone,stone,0,9557,▁stone,16,1.4569764061889146e-06,1038
extra-coord0-eps+0.1,stone,stone,0,9557,▁stone,17,0.001945830648764968,43
extra-coord0-eps+0.1,stone,stone,0,9557,▁stone,18,0.0006978511228226125,160
extra-coord0-eps+0.1,stone,stone,0,9557,▁stone,19,0.0013954449677839875,95
extra-coord0-eps+0.1,stone,stone,0,9557,▁stone,20,0.0036671289708465338,30
extra-coord0-eps+0.1,stone,stone,0,9557,▁stone,21,0.0004138614167459309,81
extra-coord0-eps+0.1,stone,stone,0,9557,▁stone,22,0.0005893206689506769,64
extra-coord0-eps+0.1,stone,stone,0,9557,▁stone,23,0.0027256773319095373,52
extra-coord0-eps+0.1,stone,stones,0,19056,▁stones,0,1.1728323443094268e-05,2814
extra-coord0-eps+0.1,stone,stones,0,19056,▁stones,1,0.0013231548946350813,126
extra-coord0-eps+0.1,stone,stones,0,19056,▁stones,2,0.0004080454236827791,286
extra-coord0-eps+0.1,stone,stones,0,19056,▁stones,3,0.00019090263231191784,363
extra-coord0-eps+0.1,stone,stones,0,19056,▁stones,4,0.0005708758835680783,298
extra-coord0-eps+0.1,stone,stones,0,19056,▁stones,5,3.0493971280520782e-05,1147
extra-coord0-eps+0.1,stone,stones,0,19056,▁stones,6,0.0003222260274924338,360
extra-coord0-eps+0.1,stone,stones,0,19056,▁stones,7,0.0004440092307049781,366
extra-coord0-eps+0.1,stone,stones,0,19056,▁stones,8,2.4474597921653185e-06,4934
extra-coord0-eps+0.1,stone,stones,0,19056,▁stones,9,2.3906446585897356e-05,2167
extra-coord0-eps+0.1,stone,stones,0,19056,▁stones,10,0.00019015750149264932,714
extra-coord0-eps+0.1,stone,stones,0,19056,▁stones,11,5.971626251266571e-06,1234
extra-coord0-eps+0.1,stone,stones,0,19056,▁stones,12,0.00010617820225888863,348
extra-coord0-eps+0.1,stone,stones,0,19056,▁stones,13,0.006150325760245323,13
extra-coord0-eps+0.1,stone,stones,0,19056,▁stones,14,0.004038315732032061,38
extra-coord0-eps+0.1,stone,stones,0,19056,▁stones,15,0.00038902752567082644,131
extra-coord0-eps+0.1,stone,stones,0,19056,▁stones,16,6.119751105870819e-07,1754
extra-coord0-eps+0.1,stone,stones,0,19056,▁stones,17,0.0006819000700488687,172
extra-coord0-eps+0.1,stone,stones,0,19056,▁stones,18,0.00045513984514400363,229
extra-coord0-eps+0.1,stone,stones,0,19056,▁stones,19,8.417882054345682e-05,1002
extra-coord0-eps+0.1,stone,stones,0,19056,▁stones,20,0.002149239182472229,61
extra-coord0-eps+0.1,stone,stones,0,19056,▁stones,21,0.00015420361887663603,169
extra-coord0-eps+0.1,stone,stones,0,19056,▁stones,22,0.00039723151712678373,101
extra-coord0-eps+0.1,stone,stones,0,19056,▁stones,23,0.001976062310859561,67
extra-coord0-eps+0.1,stone,rock,0,8500,▁rock,0,6.469231834671518e-07,10193
extra-coord0-eps+0.1,stone,rock,0,8500,▁rock,1,6.431787187466398e-05,2058
extra-coord0-eps+0.1,stone,rock,0,8500,▁rock,2,0.0002576762926764786,432
extra-coord0-eps+0.1,stone,rock,0,8500,▁rock,3,3.381578062544577e-05,1494
extra-coord0-eps+0.1,stone,rock,0,8500,▁rock,4,0.00020822518854402006,702
extra-coord0-eps+0.1,stone,rock,0,8500,▁rock,5,4.018099389213603e-06,3962
extra-coord0-eps+0.1,stone,rock,0,8500,▁rock,6,7.967222700244747e-06,3903
extra-coord0-eps+0.1,stone,rock,0,8500,▁rock,7,7.053642912069336e-05,1621
extra-coord0-eps+0.1,stone,rock,0,8500,▁rock,8,5.989516012050444e-07,9765
extra-coord0-eps+0.1,stone,rock,0,8500,▁rock,9,4.591965989675373e-06,4571
extra-coord0-eps+0.1,stone,rock,0,8500,▁rock,10,0.0003546717925928533,428
extra-coord0-eps+0.1,stone,rock,0,8500,▁rock,11,6.811858384025982e-07,4072
extra-coord0-eps+0.1,stone,rock,0,8500,▁rock,12,3.8494566979352385e-05,778
extra-coord0-eps+0.1,stone,rock,0,8500,▁rock,13,0.0004895823076367378,182
extra-coord0-eps+0.1,stone,rock,0,8500,▁rock,14,0.0008313794969581068,162
extra-coord0-eps+0.1,stone,rock,0,8500,▁rock,15,7.784160698065534e-05,396
extra-coord0-eps+0.1,stone,rock,0,8500,▁rock,16,1.0766982683207971e-07,4331
extra-coord0-eps+0.1,stone,rock,0,8500,▁rock,17,3.437342820689082e-05,2933
extra-coord0-eps+0.1,stone,rock,0,8500,▁rock,18,4.087396519025788e-05,1937
extra-coord0-eps+0.1,stone,rock,0,8500,▁rock,19,5.548005719901994e-05,1333
extra-coord0-eps+0.1,stone,rock,0,8500,▁rock,20,0.0004618970851879567,324
extra-coord0-eps+0.1,stone,rock,0,8500,▁rock,21,2.600188963697292e-05,742
extra-coord0-eps+0.1,stone,rock,0,8500,▁rock,22,4.62442658317741e-05,589
extra-coord0-eps+0.1,stone,rock,0,8500,▁rock,23,0.0008520479896105826,166
extra-coord0-eps+0.1,stone,rocks,0,8500,▁rock,0,6.469231834671518e-07,10193
extra-coord0-eps+0.1,stone,rocks,0,8500,▁rock,1,6.431787187466398e-05,2058
extra-coord0-eps+0.1,stone,rocks,0,8500,▁rock,2,0.0002576762926764786,432
extra-coord0-eps+0.1,stone,rocks,0,8500,▁rock,3,3.381578062544577e-05,1494
extra-coord0-eps+0.1,stone,rocks,0,8500,▁rock,4,0.00020822518854402006,702
extra-coord0-eps+0.1,stone,rocks,0,8500,▁rock,5,4.018099389213603e-06,3962
extra-coord0-eps+0.1,stone,rocks,0,8500,▁rock,6,7.967222700244747e-06,3903
extra-coord0-eps+0.1,stone,rocks,0,8500,▁rock,7,7.053642912069336e-05,1621
extra-coord0-eps+0.1,stone,rocks,0,8500,▁rock,8,5.989516012050444e-07,9765
extra-coord0-eps+0.1,stone,rocks,0,8500,▁rock,9,4.591965989675373e-06,4571
extra-coord0-eps+0.1,stone,rocks,0,8500,▁rock,10,0.0003546717925928533,428
extra-coord0-eps+0.1,stone,rocks,0,8500,▁rock,11,6.811858384025982e-07,4072
extra-coord0-eps+0.1,stone,rocks,0,8500,▁rock,12,3.8494566979352385e-05,778
extra-coord0-eps+0.1,stone,rocks,0,8500,▁rock,13,0.0004895823076367378,182
extra-coord0-eps+0.1,stone,rocks,0,8500,▁rock,14,0.0008313794969581068,162
extra-coord0-eps+0.1,stone,rocks,0,8500,▁rock,15,7.784160698065534e-05,396
extra-coord0-eps+0.1,stone,rocks,0,8500,▁rock,16,1.0766982683207971e-07,4331
extra-coord0-eps+0.1,stone,rocks,0,8500,▁rock,17,3.437342820689082e-05,2933
extra-coord0-eps+0.1,stone,rocks,0,8500,▁rock,18,4.087396519025788e-05,1937
extra-coord0-eps+0.1,stone,rocks,0,8500,▁rock,19,5.548005719901994e-05,1333
extra-coord0-eps+0.1,stone,rocks,0,8500,▁rock,20,0.0004618970851879567,324
extra-coord0-eps+0.1,stone,rocks,0,8500,▁rock,21,2.600188963697292e-05,742
extra-coord0-eps+0.1,stone,rocks,0,8500,▁rock,22,4.62442658317741e-05,589
extra-coord0-eps+0.1,stone,rocks,0,8500,▁rock,23,0.0008520479896105826,166
extra-coord0-eps+0.1,stone,rocks,1,28561,s,0,2.0668076103902422e-05,2186
extra-coord0-eps+0.1,stone,rocks,1,28561,s,1,0.00020669416699092835,839
extra-coord0-eps+0.1,stone,rocks,1,28561,s,2,2.419285010546446e-06,7211
extra-coord0-eps+0.1,stone,rocks,1,28561,s,3,0.00022676237858831882,309
extra-coord0-eps+0.1,stone,rocks,1,28561,s,4,0.0017639633733779192,86
extra-coord0-eps+0.1,stone,rocks,1,28561,s,5,0.00022380435257218778,275
extra-coord0-eps+0.1,stone,rocks,1,28561,s,6,5.872157544217771e-06,4567
extra-coord0-eps+0.1,stone,rocks,1,28561,s,7,4.939692735206336e-05,2050
extra-coord0-eps+0.1,stone,rocks,1,28561,s,8,0.006980111822485924,24
extra-coord0-eps+0.1,stone,rocks,1,28561,s,9,1.0506654689379502e-05,3171
extra-coord0-eps+0.1,stone,rocks,1,28561,s,10,4.376659390459281e-08,24845
extra-coord0-eps+0.1,stone,rocks,1,28561,s,11,0.0015279666986316442,64
extra-coord0-eps+0.1,stone,rocks,1,28561,s,12,9.70318797044456e-05,377
extra-coord0-eps+0.1,stone,rocks,1,28561,s,13,6.556981679750606e-05,1102
extra-coord0-eps+0.1,stone,rocks,1,28561,s,14,0.0002925229200627655,445
extra-coord0-eps+0.1,stone,rocks,1,28561,s,15,0.00018746127898339182,220
extra-coord0-eps+0.1,stone,rocks,1,28561,s,16,1.1184290997334756e-05,229
extra-coord0-eps+0.1,stone,rocks,1,28561,s,17,0.0002429605956422165,480
extra-coord0-eps+0.1,stone,rocks,1,28561,s,18,0.003222402883693576,39
extra-coord0-eps+0.1,stone,rocks,1,28561,s,19,2.288358155055903e-05,2284
extra-coord0-eps+0.1,stone,rocks,1,28561,s,20,6.74093680572696e-05,1588
extra-coord0-eps+0.1,stone,rocks,1,28561,s,21,0.0007014396833255887,51
extra-coord0-eps+0.1,stone,rocks,1,28561,s,22,4.0051625546766445e-05,672
extra-coord0-eps+0.1,stone,rocks,1,28561,s,23,0.00035179645055904984,403
extra-coord0-eps+0.1,stone,boulder,0,34,▁b,0,0.00019698120013345033,517
extra-coord0-eps+0.1,stone,boulder,0,34,▁b,1,0.0038021898362785578,30
extra-coord0-eps+0.1,stone,boulder,0,34,▁b,2,0.003588649909943342,32
extra-coord0-eps+0.1,stone,boulder,0,34,▁b,3,0.0016477990429848433,44
extra-coord0-eps+0.1,stone,boulder,0,34,▁b,4,0.006684598512947559,17
extra-coord0-eps+0.1,stone,boulder,0,34,▁b,5,0.0008182101882994175,106
extra-coord0-eps+0.1,stone,boulder,0,34,▁b,6,0.0010130115551874042,127
extra-coord0-eps+0.1,stone,boulder,0,34,▁b,7,0.00727941794320941,13
extra-coord0-eps+0.1,stone,boulder,0,34,▁b,8,0.0007395667489618063,124
extra-coord0-eps+0.1,stone,boulder,0,34,▁b,9,0.0014811342116445303,117
extra-coord0-eps+0.1,stone,boulder,0,34,▁b,10,0.009757336229085922,14
extra-coord0-eps+0.1,stone,boulder,0,34,▁b,11,4.722897938336246e-05,410
extra-coord0-eps+0.1,stone,boulder,0,34,▁b,12,0.0007676391396671534,81
extra-coord0-eps+0.1,stone,boulder,0,34,▁b,13,0.0011981840943917632,79
extra-coord0-eps+0.1,stone,boulder,0,34,▁b,14,0.0038282624445855618,42
extra-coord0-eps+0.1,stone,boulder,0,34,▁b,15,0.014618218876421452,7
extra-coord0-eps+0.1,stone,boulder,0,34,▁b,16,1.1095021363871638e-05,235
extra-coord0-eps+0.1,stone,boulder,0,34,▁b,17,0.0016900477930903435,59
extra-coord0-eps+0.1,stone,boulder,0,34,▁b,18,0.0015348985325545073,71
extra-coord0-eps+0.1,stone,boulder,0,34,▁b,19,0.00163492641877383,80
extra-coord0-eps+0.1,stone,boulder,0,34,▁b,20,0.003265277948230505,39
extra-coord0-eps+0.1,stone,boulder,0,34,▁b,21,0.0005592869129031897,62
extra-coord0-eps+0.1,stone,boulder,0,34,▁b,22,0.00029767799424007535,129
extra-coord0-eps+0.1,stone,boulder,0,34,▁b,23,0.003132645972073078,44
extra-coord0-eps+0.1,stone,boulder,1,356,ould,0,2.0010820378502103e-07,16812
extra-coord0-eps+0.1,stone,boulder,1,356,ould,1,3.4403288395878917e-07,18885
extra-coord0-eps+0.1,stone,boulder,1,356,ould,2,1.293582386097114e-06,9388
extra-coord0-eps+0.1,stone,boulder,1,356,ould,3,2.4416897304035956e-07,16343
extra-coord0-eps+0.1,stone,boulder,1,356,ould,4,1.6343837216936663e-07,20570
extra-coord0-eps+0.1,stone,boulder,1,356,ould,5,9.634322850615717e-08,19405
extra-coord0-eps+0.1,stone,boulder,1,356,ould,6,1.1859154369631142e-07,20611
extra-coord0-eps+0.1,stone,boulder,1,356,ould,7,1.2266742999145208e-07,23378
extra-coord0-eps+0.1,stone,boulder,1,356,ould,8,3.5757634009314643e-07,12161
extra-coord0-eps+0.1,stone,boulder,1,356,ould,9,4.741697239296627e-07,11813
extra-coord0-eps+0.1,stone,boulder,1,356,ould,10,1.7846130049292697e-06,7539
extra-coord0-eps+0.1,stone,boulder,1,356,ould,11,2.139580283255782e-05,612
extra-coord0-eps+0.1,stone,boulder,1,356,ould,12,8.135583811963443e-06,2241
extra-coord0-eps+0.1,stone,boulder,1,356,ould,13,2.7809464882011525e-06,6798
extra-coord0-eps+0.1,stone,boulder,1,356,ould,14,1.3439253052638378e-06,9005
extra-coord0-eps+0.1,stone,boulder,1,356,ould,15,1.4858993324651237e-07,12623
extra-coord0-eps+0.1,stone,boulder,1,356,ould,16,4.5322195774133434e-08,6502
extra-coord0-eps+0.1,stone,boulder,1,356,ould,17,2.6083905595442047e-06,14831
extra-coord0-eps+0.1,stone,boulder,1,356,ould,18,1.435140916328237e-06,15977
extra-coord0-eps+0.1,stone,boulder,1,356,ould,19,1.7955525208890322e-06,8963
extra-coord0-eps+0.1,stone,boulder,1,356,ould,20,4.843365672968503e-07,15316
extra-coord0-eps+0.1,stone,boulder,1,356,ould,21,9.13827307158499e-07,6325
extra-coord0-eps+0.1,stone,boulder,1,356,ould,22,7.178497440918363e-08,17973
extra-coord0-eps+0.1,stone,boulder,1,356,ould,23,1.6719366158213234e-07,20065
extra-coord0-eps+0.1,stone,boulder,2,8,er,0,5.038279141444946e-06,4113
extra-coord0-eps+0.1,stone,boulder,2,8,er,1,3.3240974062209716e-06,8614
extra-coord0-eps+0.1,stone,boulder,2,8,er,2,3.001730419782689e-07,16159
extra-coord0-eps+0.1,stone,boulder,2,8,er,3,7.832614755898248e-06,3604
extra-coord0-eps+0.1,stone,boulder,2,8,er,4,5.409073764894856e-06,5794
extra-coord0-eps+0.1,stone,boulder,2,8,er,5,2.4094575564959086e-05,1339
extra-coord0-eps+0.1,stone,boulder,2,8,er,6,7.264242412929889e-06,4108
extra-coord0-eps+0.1,stone,boulder,2,8,er,7,1.262184014194645e-05,4152
extra-coord0-eps+0.1,stone,boulder,2,8,er,8,4.2171162931481376e-05,905
extra-coord0-eps+0.1,stone,boulder,2,8,er,9,2.0867000785074197e-05,2337
extra-coord0-eps+0.1,stone,boulder,2,8,er,10,2.519279769330751e-05,2373
extra-coord0-eps+0.1,stone,boulder,2,8,er,11,0.026885394006967545,8
extra-coord0-eps+0.1,stone,boulder,2,8,er,12,0.0007547671557404101,82
extra-coord0-eps+0.1,stone,boulder,2,8,er,13,4.960640944773331e-05,1348
extra-coord0-eps+0.1,stone,boulder,2,8,er,14,3.512826515361667e-05,1971
extra-coord0-eps+0.1,stone,boulder,2,8,er,15,5.3785879572387785e-05,517
extra-coord0-eps+0.1,stone,boulder,2,8,er,16,1.3381503777054604e-05,196
extra-coord0-eps+0.1,stone,boulder,2,8,er,17,0.00029901982634328306,366
extra-coord0-eps+0.1,stone,boulder,2,8,er,18,0.00032622128492221236,323
extra-coord0-eps+0.1,stone,boulder,2,8,er,19,1.9388685359444935e-06,8666
extra-coord0-eps+0.1,stone,boulder,2,8,er,20,1.3896493555876077e-06,10341
extra-coord0-eps+0.1,stone,boulder,2,8,er,21,0.0001290790387429297,195
extra-coord0-eps+0.1,stone,boulder,2,8,er,22,1.880037598311901e-05,1192
extra-coord0-eps+0.1,stone,boulder,2,8,er,23,2.630511335155461e-05,2573
extra-coord0-eps+0.1,stone,boulders,0,34,▁b,0,0.00019698120013345033,517
extra-coord0-eps+0.1,stone,boulders,0,34,▁b,1,0.0038021898362785578,30
extra-coord0-eps+0.1,stone,boulders,0,34,▁b,2,0.003588649909943342,32
extra-coord0-eps+0.1,stone,boulders,0,34,▁b,3,0.0016477990429848433,44
extra-coord0-eps+0.1,stone,boulders,0,34,▁b,4,0.006684598512947559,17
extra-coord0-eps+0.1,stone,boulders,0,34,▁b,5,0.0008182101882994175,106
extra-coord0-eps+0.1,stone,boulders,0,34,▁b,6,0.0010130115551874042,127
extra-coord0-eps+0.1,stone,boulders,0,34,▁b,7,0.00727941794320941,13
extra-coord0-eps+0.1,stone,boulders,0,34,▁b,8,0.0007395667489618063,124
extra-coord0-eps+0.1,stone,boulders,0,34,▁b,9,0.0014811342116445303,117
extra-coord0-eps+0.1,stone,boulders,0,34,▁b,10,0.009757336229085922,14
extra-coord0-eps+0.1,stone,boulders,0,34,▁b,11,4.722897938336246e-05,410
extra-coord0-eps+0.1,stone,boulders,0,34,▁b,12,0.0007676391396671534,81
extra-coord0-eps+0.1,stone,boulders,0,34,▁b,13,0.0011981840943917632,79
extra-coord0-eps+0.1,stone,boulders,0,34,▁b,14,0.0038282624445855618,42
extra-coord0-eps+0.1,stone,boulders,0,34,▁b,15,0.014618218876421452,7
extra-coord0-eps+0.1,stone,boulders,0,34,▁b,16,1.1095021363871638e-05,235
extra-coord0-eps+0.1,stone,boulders,0,34,▁b,17,0.0016900477930903435,59
extra-coord0-eps+0.1,stone,boulders,0,34,▁b,18,0.0015348985325545073,71
extra-coord0-eps+0.1,stone,boulders,0,34,▁b,19,0.00163492641877383,80
extra-coord0-eps+0.1,stone,boulders,0,34,▁b,20,0.003265277948230505,39
extra-coord0-eps+0.1,stone,boulders,0,34,▁b,21,0.0005592869129031897,62
extra-coord0-eps+0.1,stone,boulders,0,34,▁b,22,0.00029767799424007535,129
extra-coord0-eps+0.1,stone,boulders,0,34,▁b,23,0.003132645972073078,44
extra-coord0-eps+0.1,stone,boulders,1,356,ould,0,2.0010820378502103e-07,16812
extra-coord0-eps+0.1,stone,boulders,1,356,ould,1,3.4403288395878917e-07,18885
extra-coord0-eps+0.1,stone,boulders,1,356,ould,2,1.293582386097114e-06,9388
extra-coord0-eps+0.1,stone,boulders,1,356,ould,3,2.4416897304035956e-07,16343
extra-coord0-eps+0.1,stone,boulders,1,356,ould,4,1.6343837216936663e-07,20570
extra-coord0-eps+0.1,stone,boulders,1,356,ould,5,9.634322850615717e-08,19405
extra-coord0-eps+0.1,stone,boulders,1,356,ould,6,1.1859154369631142e-07,20611
extra-coord0-eps+0.1,stone,boulders,1,356,ould,7,1.2266742999145208e-07,23378
extra-coord0-eps+0.1,stone,boulders,1,356,ould,8,3.5757634009314643e-07,12161
extra-coord0-eps+0.1,stone,boulders,1,356,ould,9,4.741697239296627e-07,11813
extra-coord0-eps+0.1,stone,boulders,1,356,ould,10,1.7846130049292697e-06,7539
extra-coord0-eps+0.1,stone,boulders,1,356,ould,11,2.139580283255782e-05,612
extra-coord0-eps+0.1,stone,boulders,1,356,ould,12,8.135583811963443e-06,2241
extra-coord0-eps+0.1,stone,boulders,1,356,ould,13,2.7809464882011525e-06,6798
extra-coord0-eps+0.1,stone,boulders,1,356,ould,14,1.3439253052638378e-06,9005
extra-coord0-eps+0.1,stone,boulders,1,356,ould,15,1.4858993324651237e-07,12623
extra-coord0-eps+0.1,stone,boulders,1,356,ould,16,4.5322195774133434e-08,6502
extra-coord0-eps+0.1,stone,boulders,1,356,ould,17,2.6083905595442047e-06,14831
extra-coord0-eps+0.1,stone,boulders,1,356,ould,18,1.435140916328237e-06,15977
extra-coord0-eps+0.1,stone,boulders,1,356,ould,19,1.7955525208890322e-06,8963
extra-coord0-eps+0.1,stone,boulders,1,356,ould,20,4.843365672968503e-07,15316
extra-coord0-eps+0.1,stone,boulders,1,356,ould,21,9.13827307158499e-07,6325
extra-coord0-eps+0.1,stone,boulders,1,356,ould,22,7.178497440918363e-08,17973
extra-coord0-eps+0.1,stone,boulders,1,356,ould,23,1.6719366158213234e-07,20065
extra-coord0-eps+0.1,stone,boulders,2,88,ers,0,8.42817644297611e-06,3211
extra-coord0-eps+0.1,stone,boulders,2,88,ers,1,3.050936584259034e-06,8893
extra-coord0-eps+0.1,stone,boulders,2,88,ers,2,4.386309058190818e-07,14198
extra-coord0-eps+0.1,stone,boulders,2,88,ers,3,1.3315088835952338e-05,2686
extra-coord0-eps+0.1,stone,boulders,2,88,ers,4,6.920089390405337e-07,12919
extra-coord0-eps+0.1,stone,boulders,2,88,ers,5,3.952534825657494e-06,3996
extra-coord0-eps+0.1,stone,boulders,2,88,ers,6,2.714318156904483e-07,16053
extra-coord0-eps+0.1,stone,boulders,2,88,ers,7,1.510047269448478e-07,22325
extra-coord0-eps+0.1,stone,boulders,2,88,ers,8,1.7279122630498023e-06,5886
extra-coord0-eps+0.1,stone,boulders,2,88,ers,9,1.3238907285995083e-06,7783
extra-coord0-eps+0.1,stone,boulders,2,88,ers,10,2.429402989889695e-08,26975
extra-coord0-eps+0.1,stone,boulders,2,88,ers,11,7.886923413025215e-05,320
extra-coord0-eps+0.1,stone,boulders,2,88,ers,12,7.352722604991868e-05,481
extra-coord0-eps+0.1,stone,boulders,2,88,ers,13,1.5420977433677763e-05,2754
extra-coord0-eps+0.1,stone,boulders,2,88,ers,14,1.9151370906911325e-06,7840
extra-coord0-eps+0.1,stone,boulders,2,88,ers,15,0.00021435860253404826,199
extra-coord0-eps+0.1,stone,boulders,2,88,ers,16,4.612922111846274e-06,486
extra-coord0-eps+0.1,stone,boulders,2,88,ers,17,0.00021734558686148375,531
extra-coord0-eps+0.1,stone,boulders,2,88,ers,18,0.001366433105431497,79
extra-coord0-eps+0.1,stone,boulders,2,88,ers,19,5.623045126412762e-06,5150
extra-coord0-eps+0.1,stone,boulders,2,88,ers,20,4.611014787769818e-07,15579
extra-coord0-eps+0.1,stone,boulders,2,88,ers,21,0.00034033122938126326,90
extra-coord0-eps+0.1,stone,boulders,2,88,ers,22,0.00013962308003101498,242
extra-coord0-eps+0.1,stone,boulders,2,88,ers,23,7.121047929103952e-06,4870
extra-coord28-eps+0.1,push,push,0,10766,▁push,0,2.011053766182158e-06,6134
extra-coord28-eps+0.1,push,push,0,10766,▁push,1,0.00013893601135350764,1165
extra-coord28-eps+0.1,push,push,0,10766,▁push,2,1.789214184100274e-05,2712
extra-coord28-eps+0.1,push,push,0,10766,▁push,3,1.446150508854771e-05,2564
extra-coord28-eps+0.1,push,push,0,10766,▁push,4,1.7633039533393458e-05,3374
extra-coord28-eps+0.1,push,push,0,10766,▁push,5,4.150179393036524e-06,3893
extra-coord28-eps+0.1,push,push,0,10766,▁push,6,1.0392680451332126e-05,3408
extra-coord28-eps+0.1,push,push,0,10766,▁push,7,1.1092627573816571e-05,4418
extra-coord28-eps+0.1,push,push,0,10766,▁push,8,1.0910884157055989e-05,2119
extra-coord28-eps+0.1,push,push,0,10766,▁push,9,9.305612184107304e-05,1043
extra-coord28-eps+0.1,push,push,0,10766,▁push,10,0.0003470759838819504,439
extra-coord28-eps+0.1,push,push,0,10766,▁push,11,9.179316862173437e-07,3443
extra-coord28-eps+0.1,push,push,0,10766,▁push,12,5.960785983916139e-06,2708
extra-coord28-eps+0.1,push,push,0,10766,▁push,13,2.0136329112574458e-05,2366
extra-coord28-eps+0.1,push,push,0,10766,▁push,14,2.3709089873591438e-05,2469
extra-coord28-eps+0.1,push,push,0,10766,▁push,15,3.2428324630018324e-06,3064
extra-coord28-eps+0.1,push,push,0,10766,▁push,16,3.914168544838503e-08,6978
extra-coord28-eps+0.1,push,push,0,10766,▁push,17,0.0001007692699204199,1099
extra-coord28-eps+0.1,push,push,0,10766,▁push,18,6.357872916851193e-05,1355
extra-coord28-eps+0.1,push,push,0,10766,▁push,19,0.00081624899758026,165
extra-coord28-eps+0.1,push,push,0,10766,▁push,20,8.31938159535639e-05,1367
extra-coord28-eps+0.1,push,push,0,10766,▁push,21,3.987577656516805e-06,2747
extra-coord28-eps+0.1,push,push,0,10766,▁push,22,7.0513492573809344e-06,2349
extra-coord28-eps+0.1,push,push,0,10766,▁push,23,2.998546369781252e-05,2393
extra-coord28-eps+0.1,push,pushes,0,26,▁p,0,9.17458237381652e-05,920
extra-coord28-eps+0.1,push,pushes,0,26,▁p,1,0.011815717443823814,2
extra-coord28-eps+0.1,push,pushes,0,26,▁p,2,0.005184693727642298,21
extra-coord28-eps+0.1,push,pushes,0,26,▁p,3,0.0014439531369134784,56
extra-coord28-eps+0.1,push,pushes,0,26,▁p,4,0.008438322693109512,13
extra-coord28-eps+0.1,push,pushes,0,26,▁p,5,0.0012056749546900392,84
extra-coord28-eps+0.1,push,pushes,0,26,▁p,6,0.0007226895540952682,170
extra-coord28-eps+0.1,push,pushes,0,26,▁p,7,0.004969211760908365,27
extra-coord28-eps+0.1,push,pushes,0,26,▁p,8,0.0011545444140210748,86
extra-coord28-eps+0.1,push,pushes,0,26,▁p,9,0.0017980050761252642,100
extra-coord28-eps+0.1,push,pushes,0,26,▁p,10,0.01592857763171196,8
extra-coord28-eps+0.1,push,pushes,0,26,▁p,11,5.7174620451405644e-05,374
extra-coord28-eps+0.1,push,pushes,0,26,▁p,12,0.0009629291598685086,71
extra-coord28-eps+0.1,push,pushes,0,26,▁p,13,0.005408808123320341,16
extra-coord28-eps+0.1,push,pushes,0,26,▁p,14,0.013553417287766933,10
extra-coord28-eps+0.1,push,pushes,0,26,▁p,15,0.0015838817926123738,36
extra-coord28-eps+0.1,push,pushes,0,26,▁p,16,1.779003105184529e-05,148
extra-coord28-eps+0.1,push,pushes,0,26,▁p,17,0.0029584479052573442,29
extra-coord28-eps+0.1,push,pushes,0,26,▁p,18,0.0022237193770706654,55
extra-coord28-eps+0.1,push,pushes,0,26,▁p,19,0.0030302898958325386,35
extra-coord28-eps+0.1,push,pushes,0,26,▁p,20,0.006517807021737099,18
extra-coord28-eps+0.1,push,pushes,0,26,▁p,21,0.0008932657656259835,36
extra-coord28-eps+0.1,push,pushes,0,26,▁p,22,0.0005773918237537146,66
extra-coord28-eps+0.1,push,pushes,0,26,▁p,23,0.006995388772338629,18
extra-coord28-eps+0.1,push,pushes,1,74,us,0,4.5358410716289654e-06,4308
extra-coord28-eps+0.1,push,pushes,1,74,us,1,4.782010364579037e-05,2471
extra-coord28-eps+0.1,push,pushes,1,74,us,2,1.7620392611661373e-07,19029
extra-coord28-eps+0.1,push,pushes,1,74,us,3,3.2995724268403137e-06,5594
extra-coord28-eps+0.1,push,pushes,1,74,us,4,5.450931439554552e-06,5773
extra-coord28-eps+0.1,push,pushes,1,74,us,5,3.455715341260657e-05,1035
extra-coord28-eps+0.1,push,pushes,1,74,us,6,0.000346697197528556,335
extra-coord28-eps+0.1,push,pushes,1,74,us,7,0.0002548833435866982,596
extra-coord28-eps+0.1,push,pushes,1,74,us,8,8.498085662722588e-06,2444
extra-coord28-eps+0.1,push,pushes,1,74,us,9,3.446751406954718e-06,5200
extra-coord28-eps+0.1,push,pushes,1,74,us,10,0.00012437385157682002,946
extra-coord28-eps+0.1,push,pushes,1,74,us,11,0.008168141357600689,20
extra-coord28-eps+0.1,push,pushes,1,74,us,12,0.00017573936202097684,251
extra-coord28-eps+0.1,push,pushes,1,74,us,13,3.313049819553271e-05,1759
extra-coord28-eps+0.1,push,pushes,1,74,us,14,3.9238613680936396e-05,1847
extra-coord28-eps+0.1,push,pushes,1,74,us,15,2.3380011043627746e-05,928
extra-coord28-eps+0.1,push,pushes,1,74,us,16,7.357434242294403e-06,330
extra-coord28-eps+0.1,push,pushes,1,74,us,17,2.8981041396036744e-05,3344
extra-coord28-eps+0.1,push,pushes,1,74,us,18,7.650962652405724e-05,1155
extra-coord28-eps+0.1,push,pushes,1,74,us,19,8.32778709991544e-07,12478
extra-coord28-eps+0.1,push,pushes,1,74,us,20,7.72146086092107e-06,5067
extra-coord28-eps+0.1,push,pushes,1,74,us,21,7.656874913664069e-06,1779
extra-coord28-eps+0.1,push,pushes,1,74,us,22,8.143189006659668e-06,2145
extra-coord28-eps+0.1,push,pushes,1,74,us,23,3.615799141698517e-05,2155
extra-coord28-eps+0.1,push,pushes,2,994,hes,0,1.2196704801681335e-06,7656
extra-coord28-eps+0.1,push,pushes,2,994,hes,1,1.583723133080639e-05,4368
extra-coord28-eps+0.1,push,pushes,2,994,hes,2,2.2477625805095158e-07,17648
extra-coord28-eps+0.1,push,pushes,2,994,hes,3,6.236940407688962e-06,4053
extra-coord28-eps+0.1,push,pushes,2,994,hes,4,5.697135748050641e-06,5657
extra-coord28-eps+0.1,push,pushes,2,994,hes,5,1.237864921677101e-06,7245
extra-coord28-eps+0.1,push,pushes,2,994,hes,6,1.7516771322334534e-06,7843
extra-coord28-eps+0.1,push,pushes,2,994,hes,7,2.9944797006464796e-06,7903
extra-coord28-eps+0.1,push,pushes,2,994,hes,8,6.835703970864415e-05,639
extra-coord28-eps+0.1,push,pushes,2,994,hes,9,0.001649218611419201,110
extra-coord28-eps+0.1,push,pushes,2,994,hes,10,1.1953161447308958e-05,3333
extra-coord28-eps+0.1,push,pushes,2,994,hes,11,9.759941895026714e-05,275
extra-coord28-eps+0.1,push,pushes,2,994,hes,12,1.3628030501422472e-05,1624
extra-coord28-eps+0.1,push,pushes,2,994,hes,13,5.514140411833068e-06,4852
extra-coord28-eps+0.1,push,pushes,2,994,hes,14,1.213670316246862e-06,9357
extra-coord28-eps+0.1,push,pushes,2,994,hes,15,2.01249622477917e-05,1031
extra-coord28-eps+0.1,push,pushes,2,994,hes,16,8.923142047478905e-08,4724
extra-coord28-eps+0.1,push,pushes,2,994,hes,17,1.0158241821045522e-06,21068
extra-coord28-eps+0.1,push,pushes,2,994,hes,18,7.609271051478572e-06,6545
extra-coord28-eps+0.1,push,pushes,2,994,hes,19,1.5260224017765722e-06,9666
extra-coord28-eps+0.1,push,pushes,2,994,hes,20,1.3749960316999932e-06,10388
extra-coord28-eps+0.1,push,pushes,2,994,hes,21,9.964158380171284e-06,1483
extra-coord28-eps+0.1,push,pushes,2,994,hes,22,3.723998588611721e-06,3452
extra-coord28-eps+0.1,push,pushes,2,994,hes,23,3.3476267162768636e-06,6818
extra-coord28-eps+0.1,push,pushed,0,17595,▁pushed,0,2.0797788238269277e-06,6045
extra-coord28-eps+0.1,push,pushed,0,17595,▁pushed,1,1.4211308553058188e-05,4609
extra-coord28-eps+0.1,push,pushed,0,17595,▁pushed,2,6.882796242280165e-06,4474
extra-coord28-eps+0.1,push,pushed,0,17595,▁pushed,3,6.1960454331710935e-06,4066
extra-coord28-eps+0.1,push,pushed,0,17595,▁pushed,4,9.418561603524722e-06,4541
extra-coord28-eps+0.1,push,pushed,0,17595,▁pushed,5,2.828351171046961e-05,1209
extra-coord28-eps+0.1,push,pushed,0,17595,▁pushed,6,3.7183224321779562e-06,5664
extra-coord28-eps+0.1,push,pushed,0,17595,▁pushed,7,4.2805058910744265e-06,6819
extra-coord28-eps+0.1,push,pushed,0,17595,▁pushed,8,5.648891965392977e-05,736
extra-coord28-eps+0.1,push,pushed,0,17595,▁pushed,9,0.0008295663283206522,208
extra-coord28-eps+0.1,push,pushed,0,17595,▁pushed,10,2.459642564645037e-05,2403
extra-coord28-eps+0.1,push,pushed,0,17595,▁pushed,11,2.3192210392153356e-06,2055
extra-coord28-eps+0.1,push,pushed,0,17595,▁pushed,12,2.7730242436518893e-05,1005
extra-coord28-eps+0.1,push,pushed,0,17595,▁pushed,13,3.6855117286904715e-06,5944
extra-coord28-eps+0.1,push,pushed,0,17595,▁pushed,14,4.084742613486014e-06,5678
extra-coord28-eps+0.1,push,pushed,0,17595,▁pushed,15,1.2046607480442617e-05,1424
extra-coord28-eps+0.1,push,pushed,0,17595,▁pushed,16,3.1884301421314376e-08,7619
extra-coord28-eps+0.1,push,pushed,0,17595,▁pushed,17,0.00015433732187375426,739
extra-coord28-eps+0.1,push,pushed,0,17595,▁pushed,18,0.00029127439484000206,358
extra-coord28-eps+0.1,push,pushed,0,17595,▁pushed,19,2.1189176550251432e-05,2402
extra-coord28-eps+0.1,push,pushed,0,17595,▁pushed,20,3.2712243864807533e-06,7371
extra-coord28-eps+0.1,push,pushed,0,17595,▁pushed,21,1.027975258693914e-06,5956
extra-coord28-eps+0.1,push,pushed,0,17595,▁pushed,22,1.2196526313346112e-06,5984
extra-coord28-eps+0.1,push,pushed,0,17595,▁pushed,23,5.469900315802079e-06,5543
extra-coord28-eps+0.1,push,pushing,0,10766,▁push,0,2.011053766182158e-06,6134
extra-coord28-eps+0.1,push,pushing,0,10766,▁push,1,0.00013893601135350764,1165
extra-coord28-eps+0.1,push,pushing,0,10766,▁push,2,1.789214184100274e-05,2712
extra-coord28-eps+0.1,push,pushing,0,10766,▁push,3,1.446150508854771e-05,2564
extra-coord28-eps+0.1,push,pushing,0,10766,▁push,4,1.7633039533393458e-05,3374
extra-coord28-eps+0.1,push,pushing,0,10766,▁push,5,4.150179393036524e-06,3893
extra-coord28-eps+0.1,push,pushing,0,10766,▁push,6,1.0392680451332126e-05,3408
extra-coord28-eps+0.1,push,pushing,0,10766,▁push,7,1.1092627573816571e-05,4418
extra-coord28-eps+0.1,push,pushing,0,10766,▁push,8,1.0910884157055989e-05,2119
extra-coord28-eps+0.1,push,pushing,0,10766,▁push,9,9.305612184107304e-05,1043
extra-coord28-eps+0.1,push,pushing,0,10766,▁push,10,0.0003470759838819504,439
extra-coord28-eps+0.1,push,pushing,0,10766,▁push,11,9.179316862173437e-07,3443
extra-coord28-eps+0.1,push,pushing,0,10766,▁push,12,5.960785983916139e-06,2708
extra-coord28-eps+0.1,push,pushing,0,10766,▁push,13,2.0136329112574458e-05,2366
extra-coord28-eps+0.1,push,pushing,0,10766,▁push,14,2.3709089873591438e-05,2469
extra-coord28-eps+0.1,push,pushing,0,10766,▁push,15,3.2428324630018324e-06,3064
extra-coord28-eps+0.1,push,pushing,0,10766,▁push,16,3.914168544838503e-08,6978
extra-coord28-eps+0.1,push,pushing,0,10766,▁push,17,0.0001007692699204199,1099
extra-coord28-eps+0.1,push,pushing,0,10766,▁push,18,6.357872916851193e-05,1355
extra-coord28-eps+0.1,push,pushing,0,10766,▁push,19,0.00081624899758026,165
extra-coord28-eps+0.1,push,pushing,0,10766,▁push,20,8.31938159535639e-05,1367
extra-coord28-eps+0.1,push,pushing,0,10766,▁push,21,3.987577656516805e-06,2747
extra-coord28-eps+0.1,push,pushing,0,10766,▁push,22,7.0513492573809344e-06,2349
extra-coord28-eps+0.1,push,pushing,0,10766,▁push,23,2.998546369781252e-05,2393
extra-coord28-eps+0.1,push,pushing,1,30,ing,0,6.716931693517836e-06,3580
extra-coord28-eps+0.1,push,pushing,1,30,ing,1,3.61173010787752e-06,8331
extra-coord28-eps+0.1,push,pushing,1,30,ing,2,1.6486643289681524e-05,2855
extra-coord28-eps+0.1,push,pushing,1,30,ing,3,2.779866372293327e-05,1689
extra-coord28-eps+0.1,push,pushing,1,30,ing,4,5.078680715087103e-06,5959
extra-coord28-eps+0.1,push,pushing,1,30,ing,5,0.00035842612851411104,184
extra-coord28-eps+0.1,push,pushing,1,30,ing,6,5.0234135414939374e-05,1394
extra-coord28-eps+0.1,push,pushing,1,30,ing,7,1.4073465536057483e-05,3938
extra-coord28-eps+0.1,push,pushing,1,30,ing,8,0.0010796209098771214,91
extra-coord28-eps+0.1,push,pushing,1,30,ing,9,2.6516505386098288e-05,2067
extra-coord28-eps+0.1,push,pushing,1,30,ing,10,5.152336143510183e-06,4785
extra-coord28-eps+0.1,push,pushing,1,30,ing,11,0.0001906968973344192,184
extra-coord28-eps+0.1,push,pushing,1,30,ing,12,0.0020979088731110096,37
extra-coord28-eps+0.1,push,pushing,1,30,ing,13,0.0002062144922092557,449
extra-coord28-eps+0.1,push,pushing,1,30,ing,14,1.928323217725847e-05,2771
extra-coord28-eps+0.1,push,pushing,1,30,ing,15,0.0007768393843434751,75
extra-coord28-eps+0.1,push,pushing,1,30,ing,16,1.6205362044274807e-05,163
extra-coord28-eps+0.1,push,pushing,1,30,ing,17,0.0012917041312903166,85
extra-coord28-eps+0.1,push,pushing,1,30,ing,18,0.002954077674075961,40
extra-coord28-eps+0.1,push,pushing,1,30,ing,19,4.620459037596447e-07,15740
extra-coord28-eps+0.1,push,pushing,1,30,ing,20,9.212105851474917e-07,12064
extra-coord28-eps+0.1,push,pushing,1,30,ing,21,0.00010986418783431873,228
extra-coord28-eps+0.1,push,pushing,1,30,ing,22,2.318272709089797e-05,1009
extra-coord28-eps+0.1,push,pushing,1,30,ing,23,6.079780177969951e-06,5264
extra-coord28-eps+0.1,stone,stone,0,9557,▁stone,0,1.7272725017392077e-05,2380
extra-coord28-eps+0.1,stone,stone,0,9557,▁stone,1,0.0006649665301665664,282
extra-coord28-eps+0.1,stone,stone,0,9557,▁stone,2,0.005209776107221842,20
extra-coord28-eps+0.1,stone,stone,0,9557,▁stone,3,0.0002501550770830363,292
extra-coord28-eps+0.1,stone,stone,0,9557,▁stone,4,0.0007428025710396469,225
extra-coord28-eps+0.1,stone,stone,0,9557,▁stone,5,2.8728911274811253e-05,1195
extra-coord28-eps+0.1,stone,stone,0,9557,▁stone,6,0.00025164266116917133,435
extra-coord28-eps+0.1,stone,stone,0,9557,▁stone,7,0.0008201306336559355,197
extra-coord28-eps+0.1,stone,stone,0,9557,▁stone,8,2.1868505427846685e-05,1397
extra-coord28-eps+0.1,stone,stone,0,9557,▁stone,9,3.510682290652767e-05,1775
extra-coord28-eps+0.1,stone,stone,0,9557,▁stone,10,0.006027582101523876,26
extra-coord28-eps+0.1,stone,stone,0,9557,▁stone,11,5.993483864585869e-05,368
extra-coord28-eps+0.1,stone,stone,0,9557,▁stone,12,0.003170253708958626,29
extra-coord28-eps+0.1,stone,stone,0,9557,▁stone,13,0.022512394934892654,4
extra-coord28-eps+0.1,stone,stone,0,9557,▁stone,14,0.009832764975726604,13
extra-coord28-eps+0.1,stone,stone,0,9557,▁stone,15,0.0030762413516640663,18
extra-coord28-eps+0.1,stone,stone,0,9557,▁stone,16,1.4607711591452244e-06,1039
extra-coord28-eps+0.1,stone,stone,0,9557,▁stone,17,0.0019459363538771868,43
extra-coord28-eps+0.1,stone,stone,0,9557,▁stone,18,0.00069870037259534,160
extra-coord28-eps+0.1,stone,stone,0,9557,▁stone,19,0.0013966223923489451,95
extra-coord28-eps+0.1,stone,stone,0,9557,▁stone,20,0.0036707695107907057,30
extra-coord28-eps+0.1,stone,stone,0,9557,▁stone,21,0.0004140996898058802,81
extra-coord28-eps+0.1,stone,stone,0,9557,▁stone,22,0.0005892803310416639,64
extra-coord28-eps+0.1,stone,stone,0,9557,▁stone,23,0.0027298275381326675,52
extra-coord28-eps+0.1,stone,stones,0,19056,▁stones,0,1.1736343367374502e-05,2814
extra-coord28-eps+0.1,stone,stones,0,19056,▁stones,1,0.0013237993698567152,126
extra-coord28-eps+0.1,stone,stones,0,19056,▁stones,2,0.00040831792284734547,286
extra-coord28-eps+0.1,stone,stones,0,19056,▁stones,3,0.00019099246128462255,363
extra-coord28-eps+0.1,stone,stones,0,19056,▁stones,4,0.0005707517848350108,298
extra-coord28-eps+0.1,stone,stones,0,19056,▁stones,5,3.049559200007934e-05,1147
extra-coord28-eps+0.1,stone,stones,0,19056,▁stones,6,0.00032258688588626683,360
extra-coord28-eps+0.1,stone,stones,0,19056,▁stones,7,0.0004441301862243563,366
extra-coord28-eps+0.1,stone,stones,0,19056,▁stones,8,2.4494518129358767e-06,4933
extra-coord28-eps+0.1,stone,stones,0,19056,▁stones,9,2.3943708583828993e-05,2167
extra-coord28-eps+0.1,stone,stones,0,19056,▁stones,10,0.00019039590551983565,713
extra-coord28-eps+0.1,stone,stones,0,19056,▁stones,11,5.9735657487181015e-06,1234
extra-coord28-eps+0.1,stone,stones,0,19056,▁stones,12,0.00010616097279125825,348
extra-coord28-eps+0.1,stone,stones,0,19056,▁stones,13,0.0061510405503213406,13
extra-coord28-eps+0.1,stone,stones,0,19056,▁stones,14,0.0040394458919763565,38
extra-coord28-eps+0.1,stone,stones,0,19056,▁stones,15,0.00038933553150855005,131
extra-coord28-eps+0.1,stone,stones,0,19056,▁stones,16,6.135473995527718e-07,1754
extra-coord28-eps+0.1,stone,stones,0,19056,▁stones,17,0.000682644487824291,172
extra-coord28-eps+0.1,stone,stones,0,19056,▁stones,18,0.00045594823313876987,228
extra-coord28-eps+0.1,stone,stones,0,19056,▁stones,19,8.430780144408345e-05,1002
extra-coord28-eps+0.1,stone,stones,0,19056,▁stones,20,0.0021502170711755753,61
extra-coord28-eps+0.1,stone,stones,0,19056,▁stones,21,0.00015429443737957627,169
extra-coord28-eps+0.1,stone,stones,0,19056,▁stones,22,0.0003972575650550425,101
extra-coord28-eps+0.1,stone,stones,0,19056,▁stones,23,0.001979043474420905,67
extra-coord28-eps+0.1,stone,rock,0,8500,▁rock,0,6.473847520283016e-07,10190
extra-coord28-eps+0.1,stone,rock,0,8500,▁rock,1,6.436883268179372e-05,2057
extra-coord28-eps+0.1,stone,rock,0,8500,▁rock,2,0.00025754206581041217,432
extra-coord28-eps+0.1,stone,rock,0,8500,▁rock,3,3.384460796951316e-05,1493
extra-coord28-eps+0.1,stone,rock,0,8500,▁rock,4,0.00020826641411986202,702
extra-coord28-eps+0.1,stone,rock,0,8500,▁rock,5,4.024034296890022e-06,3962
extra-coord28-eps+0.1,stone,rock,0,8500,▁rock,6,7.984082913026214e-06,3900
extra-coord28-eps+0.1,stone,rock,0,8500,▁rock,7,7.062967051751912e-05,1621
extra-coord28-eps+0.1,stone,rock,0,8500,▁rock,8,5.998697361064842e-07,9757
extra-coord28-eps+0.1,stone,rock,0,8500,▁rock,9,4.5942024371470325e-06,4572
extra-coord28-eps+0.1,stone,rock,0,8500,▁rock,10,0.0003547067171894014,428
extra-coord28-eps+0.1,stone,rock,0,8500,▁rock,11,6.813518211856717e-07,4071
extra-coord28-eps+0.1,stone,rock,0,8500,▁rock,12,3.853742600767873e-05,778
extra-coord28-eps+0.1,stone,rock,0,8500,▁rock,13,0.0004895676975138485,182
extra-coord28-eps+0.1,stone,rock,0,8500,▁rock,14,0.0008312540012411773,162
extra-coord28-eps+0.1,stone,rock,0,8500,▁rock,15,7.793411350576207e-05,396
extra-coord28-eps+0.1,stone,rock,0,8500,▁rock,16,1.0794489924137451e-07,4331
extra-coord28-eps+0.1,stone,rock,0,8500,▁rock,17,3.4393789974274114e-05,2933
extra-coord28-eps+0.1,stone,rock,0,8500,▁rock,18,4.086908302269876e-05,1938
extra-coord28-eps+0.1,stone,rock,0,8500,▁rock,19,5.548824992729351e-05,1333
extra-coord28-eps+0.1,stone,rock,0,8500,▁rock,20,0.00046200124779716134,324
extra-coord28-eps+0.1,stone,rock,0,8500,▁rock,21,2.604324254207313e-05,741
extra-coord28-eps+0.1,stone,rock,0,8500,▁rock,22,4.625497604138218e-05,589
extra-coord28-eps+0.1,stone,rock,0,8500,▁rock,23,0.0008520121336914599,166
extra-coord28-eps+0.1,stone,rocks,0,8500,▁rock,0,6.473847520283016e-07,10190
extra-coord28-eps+0.1,stone,rocks,0,8500,▁rock,1,6.436883268179372e-05,2057
extra-coord28-eps+0.1,stone,rocks,0,8500,▁rock,2,0.00025754206581041217,432
extra-coord28-eps+0.1,stone,rocks,0,8500,▁rock,3,3.384460796951316e-05,1493
extra-coord28-eps+0.1,stone,rocks,0,8500,▁rock,4,0.00020826641411986202,702
extra-coord28-eps+0.1,stone,rocks,0,8500,▁rock,5,4.024034296890022e-06,3962
extra-coord28-eps+0.1,stone,rocks,0,8500,▁rock,6,7.984082913026214e-06,3900
extra-coord28-eps+0.1,stone,rocks,0,8500,▁rock,7,7.062967051751912e-05,1621
extra-coord28-eps+0.1,stone,rocks,0,8500,▁rock,8,5.998697361064842e-07,9757
extra-coord28-eps+0.1,stone,rocks,0,8500,▁rock,9,4.5942024371470325e-06,4572
extra-coord28-eps+0.1,stone,rocks,0,8500,▁rock,10,0.0003547067171894014,428
extra-coord28-eps+0.1,stone,rocks,0,8500,▁rock,11,6.813518211856717e-07,4071
extra-coord28-eps+0.1,stone,rocks,0,8500,▁rock,12,3.853742600767873e-05,778
extra-coord28-eps+0.1,stone,rocks,0,8500,▁rock,13,0.0004895676975138485,182
extra-coord28-eps+0.1,stone,rocks,0,8500,▁rock,14,0.0008312540012411773,162
extra-coord28-eps+0.1,stone,rocks,0,8500,▁rock,15,7.793411350576207e-05,396
extra-coord28-eps+0.1,stone,rocks,0,8500,▁rock,16,1.0794489924137451e-07,4331
extra-coord28-eps+0.1,stone,rocks,0,8500,▁rock,17,3.4393789974274114e-05,2933
extra-coord28-eps+0.1,stone,rocks,0,8500,▁rock,18,4.086908302269876e-05,1938
extra-coord28-eps+0.1,stone,rocks,0,8500,▁rock,19,5.548824992729351e-05,1333
extra-coord28-eps+0.1,stone,rocks,0,8500,▁rock,20,0.00046200124779716134,324
extra-coord28-eps+0.1,stone,rocks,0,8500,▁rock,21,2.604324254207313e-05,741
extra-coord28-eps+0.1,stone,rocks,0,8500,▁rock,22,4.625497604138218e-05,589
extra-coord28-eps+0.1,stone,rocks,0,8500,▁rock,23,0.0008520121336914599,166
extra-coord28-eps+0.1,stone,rocks,1,28561,s,0,2.0668920114985667e-05,2186
extra-coord28-eps+0.1,stone,rocks,1,28561,s,1,0.00020657724235206842,842
extra-coord28-eps+0.1,stone,rocks,1,28561,s,2,2.4167777610273333e-06,7215
extra-coord28-eps+0.1,stone,rocks,1,28561,s,3,0.00022655776410829276,310
extra-coord28-eps+0.1,stone,rocks,1,28561,s,4,0.001762139843776822,86
extra-coord28-eps+0.1,stone,rocks,1,28561,s,5,0.00022370934311766177,275
extra-coord28-eps+0.1,stone,rocks,1,28561,s,6,5.8658310990722384e-06,4574
extra-coord28-eps+0.1,stone,rocks,1,28561,s,7,4.933384116156958e-05,2054
extra-coord28-eps+0.1,stone,rocks,1,28561,s,8,0.00697710458189249,24
extra-coord28-eps+0.1,stone,rocks,1,28561,s,9,1.0499048585188575e-05,3173
extra-coord28-eps+0.1,stone,rocks,1,28561,s,10,4.3729436072226235e-08,24852
extra-coord28-eps+0.1,stone,rocks,1,28561,s,11,0.001525982515886426,64
extra-coord28-eps+0.1,stone,rocks,1,28561,s,12,9.700030932435766e-05,377
extra-coord28-eps+0.1,stone,rocks,1,28561,s,13,6.558169116033241e-05,1103
extra-coord28-eps+0.1,stone,rocks,1,28561,s,14,0.00029251197702251375,445
extra-coord28-eps+0.1,stone,rocks,1,28561,s,15,0.00018742728570941836,220
extra-coord28-eps+0.1,stone,rocks,1,28561,s,16,1.1192384590685833e-05,230
extra-coord28-eps+0.1,stone,rocks,1,28561,s,17,0.0002428158331895247,481
extra-coord28-eps+0.1,stone,rocks,1,28561,s,18,0.0032203365117311478,39
extra-coord28-eps+0.1,stone,rocks,1,28561,s,19,2.284870970470365e-05,2286
extra-coord28-eps+0.1,stone,rocks,1,28561,s,20,6.72816822770983e-05,1590
extra-coord28-eps+0.1,stone,rocks,1,28561,s,21,0.0007013800786808133,51
extra-coord28-eps+0.1,stone,rocks,1,28561,s,22,3.9998361899051815e-05,672
extra-coord28-eps+0.1,stone,rocks,1,28561,s,23,0.0003517670265864581,403
extra-coord28-eps+0.1,stone,boulder,0,34,▁b,0,0.00019692059140652418,518
extra-coord28-eps+0.1,stone,boulder,0,34,▁b,1,0.003799854079261422,30
extra-coord28-eps+0.1,stone,boulder,0,34,▁b,2,0.0035880841314792633,32
extra-coord28-eps+0.1,stone,boulder,0,34,▁b,3,0.00164747831877321,44
extra-coord28-eps+0.1,stone,boulder,0,34,▁b,4,0.00668192096054554,17
extra-coord28-eps+0.1,stone,boulder,0,34,▁b,5,0.0008176309056580067,106
extra-coord28-eps+0.1,stone,boulder,0,34,▁b,6,0.0010116166668012738,127
extra-coord28-eps+0.1,stone,boulder,0,34,▁b,7,0.007275923155248165,13
extra-coord28-eps+0.1,stone,boulder,0,34,▁b,8,0.0007392963161692023,124
extra-coord28-eps+0.1,stone,boulder,0,34,▁b,9,0.001480255275964737,117
extra-coord28-eps+0.1,stone,boulder,0,34,▁b,10,0.009747815318405628,14
extra-coord28-eps+0.1,stone,boulder,0,34,▁b,11,4.720193464891054e-05,410
extra-coord28-eps+0.1,stone,boulder,0,34,▁b,12,0.0007678561960346997,81
extra-coord28-eps+0.1,stone,boulder,0,34,▁b,13,0.0011979532428085804,79
extra-coord28-eps+0.1,stone,boulder,0,34,▁b,14,0.0038279807195067406,42
extra-coord28-eps+0.1,stone,boulder,0,34,▁b,15,0.01461774855852127,7
extra-coord28-eps+0.1,stone,boulder,0,34,▁b,16,1.1127132893307135e-05,234
extra-coord28-eps+0.1,stone,boulder,0,34,▁b,17,0.0016899198526516557,59
extra-coord28-eps+0.1,stone,boulder,0,34,▁b,18,0.0015350488247349858,71
extra-coord28-eps+0.1,stone,boulder,0,34,▁b,19,0.001635457156226039,79
extra-coord28-eps+0.1,stone,boulder,0,34,▁b,20,0.0032641442958265543,39
extra-coord28-eps+0.1,stone,boulder,0,34,▁b,21,0.0005591004737652838,62
extra-coord28-eps+0.1,stone,boulder,0,34,▁b,22,0.0002976871619466692,129
extra-coord28-eps+0.1,stone,boulder,0,34,▁b,23,0.0031372227240353823,44
extra-coord28-eps+0.1,stone,boulder,1,356,ould,0,2.0037685999341193e-07,16808
extra-coord28-eps+0.1,stone,boulder,1,356,ould,1,3.4440256513335044e-07,18883
extra-coord28-eps+0.1,stone,boulder,1,356,ould,2,1.2957563058080268e-06,9382
extra-coord28-eps+0.1,stone,boulder,1,356,ould,3,2.446025746394298e-07,16343
extra-coord28-eps+0.1,stone,boulder,1,356,ould,4,1.635944641975584e-07,20567
extra-coord28-eps+0.1,stone,boulder,1,356,ould,5,9.654508659195926e-08,19398
extra-coord28-eps+0.1,stone,boulder,1,356,ould,6,1.1868643667867218e-07,20616
extra-coord28-eps+0.1,stone,boulder,1,356,ould,7,1.2269534011011274e-07,23378
extra-coord28-eps+0.1,stone,boulder,1,356,ould,8,3.5777929952018894e-07,12163
extra-coord28-eps+0.1,stone,boulder,1,356,ould,9,4.7545097459078534e-07,11804
extra-coord28-eps+0.1,stone,boulder,1,356,ould,10,1.7844195099314675e-06,7541
extra-coord28-eps+0.1,stone,boulder,1,356,ould,11,2.1409427063190378e-05,612
extra-coord28-eps+0.1,stone,boulder,1,356,ould,12,8.130446076393127e-06,2241
extra-coord28-eps+0.1,stone,boulder,1,356,ould,13,2.7820949526358163e-06,6797
extra-coord28-eps+0.1,stone,boulder,1,356,ould,14,1.344625616184203e-06,9004
extra-coord28-eps+0.1,stone,boulder,1,356,ould,15,1.4899140410307155e-07,12612
extra-coord28-eps+0.1,stone,boulder,1,356,ould,16,4.5384627611610995e-08,6506
extra-coord28-eps+0.1,stone,boulder,1,356,ould,17,2.6110215003427584e-06,14828
extra-coord28-eps+0.1,stone,boulder,1,356,ould,18,1.4384954738488887e-06,15965
extra-coord28-eps+0.1,stone,boulder,1,356,ould,19,1.7986338889386388e-06,8957
extra-coord28-eps+0.1,stone,boulder,1,356,ould,20,4.848784556088503e-07,15308
extra-coord28-eps+0.1,stone,boulder,1,356,ould,21,9.15349744445848e-07,6323
extra-coord28-eps+0.1,stone,boulder,1,356,ould,22,7.184885930655582e-08,17969
extra-coord28-eps+0.1,stone,boulder,1,356,ould,23,1.674839893439639e-07,20064
extra-coord28-eps+0.1,stone,boulder,2,8,er,0,5.041681106376927e-06,4113
extra-coord28-eps+0.1,stone,boulder,2,8,er,1,3.3249950774916215e-06,8614
extra-coord28-eps+0.1,stone,boulder,2,8,er,2,3.003069366513955e-07,16157
extra-coord28-eps+0.1,stone,boulder,2,8,er,3,7.838243618607521e-06,3605
extra-coord28-eps+0.1,stone,boulder,2,8,er,4,5.412995506048901e-06,5793
extra-coord28-eps+0.1,stone,boulder,2,8,er,5,2.4122849936247803e-05,1336
extra-coord28-eps+0.1,stone,boulder,2,8,er,6,7.2725024438113905e-06,4107
extra-coord28-eps+0.1,stone,boulder,2,8,er,7,1.2633492588065565e-05,4150
extra-coord28-eps+0.1,stone,boulder,2,8,er,8,4.221740164211951e-05,903
extra-coord28-eps+0.1,stone,boulder,2,8,er,9,2.0921908799209632e-05,2337
extra-coord28-eps+0.1,stone,boulder,2,8,er,10,2.521437818359118e-05,2372
extra-coord28-eps+0.1,stone,boulder,2,8,er,11,0.026877716183662415,8
extra-coord28-eps+0.1,stone,boulder,2,8,er,12,0.0007537192432209849,82
extra-coord28-eps+0.1,stone,boulder,2,8,er,13,4.95645945193246e-05,1351
extra-coord28-eps+0.1,stone,boulder,2,8,er,14,3.514394484227523e-05,1972
extra-coord28-eps+0.1,stone,boulder,2,8,er,15,5.384625183069147e-05,517
extra-coord28-eps+0.1,stone,boulder,2,8,er,16,1.3418198250292335e-05,196
extra-coord28-eps+0.1,stone,boulder,2,8,er,17,0.00029927288414910436,366
extra-coord28-eps+0.1,stone,boulder,2,8,er,18,0.0003265540872234851,323
extra-coord28-eps+0.1,stone,boulder,2,8,er,19,1.940446281878394e-06,8668
extra-coord28-eps+0.1,stone,boulder,2,8,er,20,1.3902027831136365e-06,10343
extra-coord28-eps+0.1,stone,boulder,2,8,er,21,0.00012914164108224213,194
extra-coord28-eps+0.1,stone,boulder,2,8,er,22,1.881102434708737e-05,1192
extra-coord28-eps+0.1,stone,boulder,2,8,er,23,2.632881296449341e-05,2574
extra-coord28-eps+0.1,stone,boulders,0,34,▁b,0,0.00019692059140652418,518
extra-coord28-eps+0.1,stone,boulders,0,34,▁b,1,0.003799854079261422,30
extra-coord28-eps+0.1,stone,boulders,0,34,▁b,2,0.0035880841314792633,32
extra-coord28-eps+0.1,stone,boulders,0,34,▁b,3,0.00164747831877321,44
extra-coord28-eps+0.1,stone,boulders,0,34,▁b,4,0.00668192096054554,17
extra-coord28-eps+0.1,stone,boulders,0,34,▁b,5,0.0008176309056580067,106
extra-coord28-eps+0.1,stone,boulders,0,34,▁b,6,0.0010116166668012738,127
extra-coord28-eps+0.1,stone,boulders,0,34,▁b,7,0.007275923155248165,13
extra-coord28-eps+0.1,stone,boulders,0,34,▁b,8,0.0007392963161692023,124
extra-coord28-eps+0.1,stone,boulders,0,34,▁b,9,0.001480255275964737,117
extra-coord28-eps+0.1,stone,boulders,0,34,▁b,10,0.009747815318405628,14
extra-coord28-eps+0.1,stone,boulders,0,34,▁b,11,4.720193464891054e-05,410
extra-coord28-eps+0.1,stone,boulders,0,34,▁b,12,0.0007678561960346997,81
extra-coord28-eps+0.1,stone,boulders,0,34,▁b,13,0.0011979532428085804,79
extra-coord28-eps+0.1,stone,boulders,0,34,▁b,14,0.0038279807195067406,42
extra-coord28-eps+0.1,stone,boulders,0,34,▁b,15,0.01461774855852127,7
extra-coord28-eps+0.1,stone,boulders,0,34,▁b,16,1.1127132893307135e-05,234
extra-coord28-eps+0.1,stone,boulders,0,34,▁b,17,0.0016899198526516557,59
extra-coord28-eps+0.1,stone,boulders,0,34,▁b,18,0.0015350488247349858,71
extra-coord28-eps+0.1,stone,boulders,0,34,▁b,19,0.001635457156226039,79
extra-coord28-eps+0.1,stone,boulders,0,34,▁b,20,0.0032641442958265543,39
extra-coord28-eps+0.1,stone,boulders,0,34,▁b,21,0.0005591004737652838,62
extra-coord28-eps+0.1,stone,boulders,0,34,▁b,22,0.0002976871619466692,129
extra-coord28-eps+0.1,stone,boulders,0,34,▁b,23,0.0031372227240353823,44
extra-coord28-eps+0.1,stone,boulders,1,356,ould,0,2.0037685999341193e-07,16808
extra-coord28-eps+0.1,stone,boulders,1,356,ould,1,3.4440256513335044e-07,18883
extra-coord28-eps+0.1,stone,boulders,1,356,ould,2,1.2957563058080268e-06,9382
extra-coord28-eps+0.1,stone,boulders,1,356,ould,3,2.446025746394298e-07,16343
extra-coord28-eps+0.1,stone,boulders,1,356,ould,4,1.635944641975584e-07,20567
extra-coord28-eps+0.1,stone,boulders,1,356,ould,5,9.654508659195926e-08,19398
extra-coord28-eps+0.1,stone,boulders,1,356,ould,6,1.1868643667867218e-07,20616
extra-coord28-eps+0.1,stone,boulders,1,356,ould,7,1.2269534011011274e-07,23378
extra-coord28-eps+0.1,stone,boulders,1,356,ould,8,3.5777929952018894e-07,12163
extra-coord28-eps+0.1,stone,boulders,1,356,ould,9,4.7545097459078534e-07,11804
extra-coord28-eps+0.1,stone,boulders,1,356,ould,10,1.7844195099314675e-06,7541
extra-coord28-eps+0.1,stone,boulders,1,356,ould,11,2.1409427063190378e-05,612
extra-coord28-eps+0.1,stone,boulders,1,356,ould,12,8.130446076393127e-06,2241
extra-coord28-eps+0.1,stone,boulders,1,356,ould,13,2.7820949526358163e-06,6797
extra-coord28-eps+0.1,stone,boulders,1,356,ould,14,1.344625616184203e-06,9004
extra-coord28-eps+0.1,stone,boulders,1,356,ould,15,1.4899140410307155e-07,12612
extra-coord28-eps+0.1,stone,boulders,1,356,ould,16,4.5384627611610995e-08,6506
extra-coord28-eps+0.1,stone,boulders,1,356,ould,17,2.6110215003427584e-06,14828
extra-coord28-eps+0.1,stone,boulders,1,356,ould,18,1.4384954738488887e-06,15965
extra-coord28-eps+0.1,stone,boulders,1,356,ould,19,1.7986338889386388e-06,8957
extra-coord28-eps+0.1,stone,boulders,1,356,ould,20,4.848784556088503e-07,15308
extra-coord28-eps+0.1,stone,boulders,1,356,ould,21,9.15349744445848e-07,6323
extra-coord28-eps+0.1,stone,boulders,1,356,ould,22,7.184885930655582e-08,17969
extra-coord28-eps+0.1,stone,boulders,1,356,ould,23,1.674839893439639e-07,20064
extra-coord28-eps+0.1,stone,boulders,2,88,ers,0,8.430257366853766e-06,3210
extra-coord28-eps+0.1,stone,boulders,2,88,ers,1,3.048874305022764e-06,8897
extra-coord28-eps+0.1,stone,boulders,2,88,ers,2,4.3879057898266183e-07,14199
extra-coord28-eps+0.1,stone,boulders,2,88,ers,3,1.3321140613697935e-05,2687
extra-coord28-eps+0.1,stone,boulders,2,88,ers,4,6.920254804754222e-07,12922
extra-coord28-eps+0.1,stone,boulders,2,88,ers,5,3.949274741898989e-06,3999
extra-coord28-eps+0.1,stone,boulders,2,88,ers,6,2.7149749826094194e-07,16062
extra-coord28-eps+0.1,stone,boulders,2,88,ers,7,1.5100552275271184e-07,22329
extra-coord28-eps+0.1,stone,boulders,2,88,ers,8,1.7257995068575838e-06,5889
extra-coord28-eps+0.1,stone,boulders,2,88,ers,9,1.3228350326244254e-06,7786
extra-coord28-eps+0.1,stone,boulders,2,88,ers,10,2.430916978823916e-08,26975
extra-coord28-eps+0.1,stone,boulders,2,88,ers,11,7.872006244724616e-05,320
extra-coord28-eps+0.1,stone,boulders,2,88,ers,12,7.341566379182041e-05,481
extra-coord28-eps+0.1,stone,boulders,2,88,ers,13,1.5408641047542915e-05,2755
extra-coord28-eps+0.1,stone,boulders,2,88,ers,14,1.9129527117911493e-06,7846
extra-coord28-eps+0.1,stone,boulders,2,88,ers,15,0.00021415730589069426,199
extra-coord28-eps+0.1,stone,boulders,2,88,ers,16,4.612813881976763e-06,486
extra-coord28-eps+0.1,stone,boulders,2,88,ers,17,0.00021709730208385736,531
extra-coord28-eps+0.1,stone,boulders,2,88,ers,18,0.001369060599245131,79
extra-coord28-eps+0.1,stone,boulders,2,88,ers,19,5.6327812671952415e-06,5147
extra-coord28-eps+0.1,stone,boulders,2,88,ers,20,4.610361941104202e-07,15588
extra-coord28-eps+0.1,stone,boulders,2,88,ers,21,0.0003401530848350376,90
extra-coord28-eps+0.1,stone,boulders,2,88,ers,22,0.00013962984667159617,242
extra-coord28-eps+0.1,stone,boulders,2,88,ers,23,7.125438969524112e-06,4870
