2026/09/04 21:09:03.057, NVIDIA GeForce RTX 3090, P8, 270.00 W, 41.26 W, 42, 1 MiB, 24576 MiB, 0 %
2026/09/04 21:09:13.066, NVIDIA GeForce RTX 3090, P2, 270.00 W, 169.52 W, 60, 2020 MiB, 24576 MiB, 30 %
2026/09/04 21:09:23.068, NVIDIA GeForce RTX 3090, P2, 270.00 W, 168.49 W, 61, 2020 MiB, 24576 MiB, 25 %
2026/09/04 21:09:33.069, NVIDIA GeForce RTX 3090, P2, 270.00 W, 161.62 W, 61, 2020 MiB, 24576 MiB, 1 %
2026/09/04 21:09:43.070, NVIDIA GeForce RTX 3090, P2, 270.00 W, 204.30 W, 69, 6218 MiB, 24576 MiB, 2 %
2026/09/04 21:09:53.072, NVIDIA GeForce RTX 3090, P2, 270.00 W, 211.39 W, 67, 7222 MiB, 24576 MiB, 6 %
2026/09/04 21:10:03.073, NVIDIA GeForce RTX 3090, P2, 270.00 W, 233.34 W, 70, 7222 MiB, 24576 MiB, 16 %
2026/09/04 21:10:13.074, NVIDIA GeForce RTX 3090, P2, 270.00 W, 236.29 W, 70, 7222 MiB, 24576 MiB, 30 %
2026/09/04 21:10:23.075, NVIDIA GeForce RTX 3090, P2, 270.00 W, 213.95 W, 70, 7222 MiB, 24576 MiB, 9 %
2026/09/04 21:10:33.077, NVIDIA GeForce RTX 3090, P2, 270.00 W, 205.94 W, 67, 7222 MiB, 24576 MiB, 36 %
2026/09/04 21:10:43.078, NVIDIA GeForce RTX 3090, P2, 270.00 W, 239.21 W, 71, 7222 MiB, 24576 MiB, 31 %
2026/09/04 21:10:53.079, NVIDIA GeForce RTX 3090, P2, 270.00 W, 236.70 W, 71, 7222 MiB, 24576 MiB, 46 %
2026/09/04 21:11:03.080, NVIDIA GeForce RTX 3090, P2, 270.00 W, 221.55 W, 70, 7222 MiB, 24576 MiB, 21 %
2026/09/04 21:11:13.082, NVIDIA GeForce RTX 3090, P2, 270.00 W, 213.97 W, 69, 7222 MiB, 24576 MiB, 30 %
2026/09/04 21:11:23.083, NVIDIA GeForce RTX 3090, P2, 270.00 W, 238.37 W, 70, 7222 MiB, 24576 MiB, 5 %
2026/09/04 21:11:33.084, NVIDIA GeForce RTX 3090, P2, 270.00 W, 233.34 W, 70, 7222 MiB, 24576 MiB, 47 %
2026/09/04 21:11:43.085, NVIDIA GeForce RTX 3090, P2, 270.00 W, 231.76 W, 71, 7222 MiB, 24576 MiB, 48 %
2026/09/04 21:11:53.086, NVIDIA GeForce RTX 3090, P2, 270.00 W, 224.09 W, 71, 7222 MiB, 24576 MiB, 46 %
2026/09/04 21:12:03.088, NVIDIA GeForce RTX 3090, P2, 270.00 W, 212.93 W, 68, 7222 MiB, 24576 MiB, 43 %
2026/09/04 21:12:13.089, NVIDIA GeForce RTX 3090, P2, 270.00 W, 234.91 W, 71, 7222 MiB, 24576 MiB, 44 %
2026/09/04 21:12:23.090, NVIDIA GeForce RTX 3090, P2, 270.00 W, 241.15 W, 72, 7222 MiB, 24576 MiB, 47 %
2026/09/04 21:12:33.091, NVIDIA GeForce RTX 3090, P2, 270.00 W, 219.59 W, 70, 7222 MiB, 24576 MiB, 28 %
2026/09/04 21:12:43.093, NVIDIA GeForce RTX 3090, P2, 270.00 W, 216.83 W, 68, 7222 MiB, 24576 MiB, 47 %
2026/09/04 21:12:53.094, NVIDIA GeForce RTX 3090, P2, 270.00 W, 230.95 W, 69, 7222 MiB, 24576 MiB, 30 %
2026/09/04 21:13:03.095, NVIDIA GeForce RTX 3090, P2, 270.00 W, 238.61 W, 71, 7222 MiB, 24576 MiB, 50 %
2026/09/04 21:13:13.096, NVIDIA GeForce RTX 3090, P2, 270.00 W, 241.62 W, 71, 7222 MiB, 24576 MiB, 20 %
2026/09/04 21:13:23.097, NVIDIA GeForce RTX 3090, P2, 270.00 W, 222.43 W, 71, 7222 MiB, 24576 MiB, 47 %
2026/09/04 21:13:33.099, NVIDIA GeForce RTX 3090, P2, 270.00 W, 211.46 W, 69, 7222 MiB, 24576 MiB, 5 %
2026/09/04 21:13:43.100, NVIDIA GeForce RTX 3090, P2, 270.00 W, 230.97 W, 70, 7222 MiB, 24576 MiB, 30 %
2026/09/04 21:13:53.101, NVIDIA GeForce RTX 3090, P2, 270.00 W, 233.26 W, 71, 7222 MiB, 24576 MiB, 47 %
2026/09/04 21:14:03.102, NVIDIA GeForce RTX 3090, P2, 270.00 W, 223.00 W, 71, 7222 MiB, 24576 MiB, 45 %
2026/09/04 21:14:13.104, NVIDIA GeForce RTX 3090, P2, 270.00 W, 215.24 W, 70, 7222 MiB, 24576 MiB, 30 %
2026/09/04 21:14:23.105, NVIDIA GeForce RTX 3090, P2, 270.00 W, 224.56 W, 71, 7222 MiB, 24576 MiB, 10 %
2026/09/04 21:14:33.106, NVIDIA GeForce RTX 3090, P2, 270.00 W, 232.51 W, 69, 7222 MiB, 24576 MiB, 47 %
2026/09/04 21:14:43.107, NVIDIA GeForce RTX 3090, P2, 270.00 W, 232.15 W, 71, 7222 MiB, 24576 MiB, 45 %
2026/09/04 21:14:53.108, NVIDIA GeForce RTX 3090, P2, 270.00 W, 225.20 W, 72, 7222 MiB, 24576 MiB, 25 %
2026/09/04 21:15:03.110, NVIDIA GeForce RTX 3090, P2, 270.00 W, 221.35 W, 71, 7222 MiB, 24576 MiB, 5 %
2026/09/04 21:15:13.111, NVIDIA GeForce RTX 3090, P2, 270.00 W, 221.79 W, 70, 7222 MiB, 24576 MiB, 3 %
2026/09/04 21:15:23.112, NVIDIA GeForce RTX 3090, P2, 270.00 W, 230.37 W, 69, 7222 MiB, 24576 MiB, 43 %
2026/09/04 21:15:33.114, NVIDIA GeForce RTX 3090, P2, 270.00 W, 219.27 W, 72, 7222 MiB, 24576 MiB, 30 %
2026/09/04 21:15:43.115, NVIDIA GeForce RTX 3090, P2, 270.00 W, 212.10 W, 70, 7222 MiB, 24576 MiB, 16 %
2026/09/04 21:15:53.116, NVIDIA GeForce RTX 3090, P2, 270.00 W, 228.20 W, 71, 7222 MiB, 24576 MiB, 30 %
2026/09/04 21:16:03.117, NVIDIA GeForce RTX 3090, P2, 270.00 W, 235.51 W, 72, 7222 MiB, 24576 MiB, 21 %
2026/09/04 21:16:13.119, NVIDIA GeForce RTX 3090, P2, 270.00 W, 238.42 W, 71, 7222 MiB, 24576 MiB, 30 %
2026/09/04 21:16:23.120, NVIDIA GeForce RTX 3090, P2, 270.00 W, 221.91 W, 70, 7222 MiB, 24576 MiB, 48 %
2026/09/04 21:16:33.121, NVIDIA GeForce RTX 3090, P2, 270.00 W, 221.41 W, 72, 7222 MiB, 24576 MiB, 0 %
2026/09/04 21:16:43.123, NVIDIA GeForce RTX 3090, P2, 270.00 W, 224.74 W, 71, 7222 MiB, 24576 MiB, 6 %
2026/09/04 21:16:53.124, NVIDIA GeForce RTX 3090, P2, 270.00 W, 226.46 W, 71, 7222 MiB, 24576 MiB, 31 %
2026/09/04 21:17:03.125, NVIDIA GeForce RTX 3090, P2, 270.00 W, 224.83 W, 72, 7222 MiB, 24576 MiB, 41 %
2026/09/04 21:17:13.126, NVIDIA GeForce RTX 3090, P2, 270.00 W, 208.29 W, 69, 7222 MiB, 24576 MiB, 48 %
2026/09/04 21:17:23.128, NVIDIA GeForce RTX 3090, P2, 270.00 W, 235.97 W, 73, 7222 MiB, 24576 MiB, 47 %
2026/09/04 21:17:33.129, NVIDIA GeForce RTX 3090, P2, 270.00 W, 230.77 W, 71, 7222 MiB, 24576 MiB, 32 %
2026/09/04 21:17:43.130, NVIDIA GeForce RTX 3090, P2, 270.00 W, 219.06 W, 72, 7222 MiB, 24576 MiB, 22 %
2026/09/04 21:17:53.131, NVIDIA GeForce RTX 3090, P2, 270.00 W, 220.80 W, 72, 7222 MiB, 24576 MiB, 31 %
2026/09/04 21:18:03.133, NVIDIA GeForce RTX 3090, P2, 270.00 W, 222.76 W, 71, 7222 MiB, 24576 MiB, 9 %
2026/09/04 21:18:13.135, NVIDIA GeForce RTX 3090, P2, 270.00 W, 226.04 W, 70, 7222 MiB, 24576 MiB, 48 %
2026/09/04 21:18:23.136, NVIDIA GeForce RTX 3090, P2, 270.00 W, 219.71 W, 71, 7222 MiB, 24576 MiB, 9 %
2026/09/04 21:18:33.137, NVIDIA GeForce RTX 3090, P2, 270.00 W, 213.51 W, 70, 7222 MiB, 24576 MiB, 5 %
2026/09/04 21:18:43.138, NVIDIA GeForce RTX 3090, P2, 270.00 W, 223.77 W, 72, 7222 MiB, 24576 MiB, 32 %
2026/09/04 21:18:53.140, NVIDIA GeForce RTX 3090, P2, 270.00 W, 235.99 W, 72, 7222 MiB, 24576 MiB, 40 %
2026/09/04 21:19:03.141, NVIDIA GeForce RTX 3090, P2, 270.00 W, 225.77 W, 73, 7222 MiB, 24576 MiB, 47 %
2026/09/04 21:19:13.142, NVIDIA GeForce RTX 3090, P2, 270.00 W, 213.93 W, 72, 7222 MiB, 24576 MiB, 46 %
2026/09/04 21:19:23.143, NVIDIA GeForce RTX 3090, P2, 270.00 W, 214.86 W, 71, 7222 MiB, 24576 MiB, 48 %
2026/09/04 21:19:33.144, NVIDIA GeForce RTX 3090, P2, 270.00 W, 233.65 W, 72, 7222 MiB, 24576 MiB, 48 %
2026/09/04 21:19:43.145, NVIDIA GeForce RTX 3090, P2, 270.00 W, 229.89 W, 72, 7222 MiB, 24576 MiB, 28 %
2026/09/04 21:19:53.146, NVIDIA GeForce RTX 3090, P2, 270.00 W, 225.13 W, 73, 7222 MiB, 24576 MiB, 44 %
2026/09/04 21:20:03.148, NVIDIA GeForce RTX 3090, P2, 270.00 W, 212.87 W, 71, 7222 MiB, 24576 MiB, 47 %
2026/09/04 21:20:13.149, NVIDIA GeForce RTX 3090, P2, 270.00 W, 217.22 W, 71, 7222 MiB, 24576 MiB, 50 %
2026/09/04 21:20:23.150, NVIDIA GeForce RTX 3090, P2, 270.00 W, 214.54 W, 72, 7222 MiB, 24576 MiB, 39 %
2026/09/04 21:20:33.151, NVIDIA GeForce RTX 3090, P2, 270.00 W, 219.47 W, 72, 7222 MiB, 24576 MiB, 15 %
2026/09/04 21:20:43.152, NVIDIA GeForce RTX 3090, P2, 270.00 W, 233.93 W, 71, 7222 MiB, 24576 MiB, 20 %
2026/09/04 21:20:53.154, NVIDIA GeForce RTX 3090, P2, 270.00 W, 215.23 W, 70, 7222 MiB, 24576 MiB, 33 %
2026/09/04 21:21:03.155, NVIDIA GeForce RTX 3090, P2, 270.00 W, 221.43 W, 73, 7222 MiB, 24576 MiB, 44 %
2026/09/04 21:21:13.156, NVIDIA GeForce RTX 3090, P2, 270.00 W, 222.40 W, 71, 7222 MiB, 24576 MiB, 0 %
2026/09/04 21:21:23.157, NVIDIA GeForce RTX 3090, P2, 270.00 W, 218.46 W, 73, 7222 MiB, 24576 MiB, 52 %
2026/09/04 21:21:33.158, NVIDIA GeForce RTX 3090, P2, 270.00 W, 228.98 W, 72, 7222 MiB, 24576 MiB, 47 %
2026/09/04 21:21:43.160, NVIDIA GeForce RTX 3090, P2, 270.00 W, 210.75 W, 72, 7222 MiB, 24576 MiB, 30 %
2026/09/04 21:21:53.161, NVIDIA GeForce RTX 3090, P2, 270.00 W, 222.19 W, 71, 7222 MiB, 24576 MiB, 5 %
2026/09/04 21:22:03.162, NVIDIA GeForce RTX 3090, P2, 270.00 W, 238.23 W, 72, 7222 MiB, 24576 MiB, 49 %
2026/09/04 21:22:13.163, NVIDIA GeForce RTX 3090, P2, 270.00 W, 220.88 W, 72, 7222 MiB, 24576 MiB, 5 %
2026/09/04 21:22:23.164, NVIDIA GeForce RTX 3090, P2, 270.00 W, 205.75 W, 70, 7222 MiB, 24576 MiB, 48 %
2026/09/04 21:22:33.166, NVIDIA GeForce RTX 3090, P2, 270.00 W, 226.06 W, 72, 7222 MiB, 24576 MiB, 49 %
2026/09/04 21:22:43.167, NVIDIA GeForce RTX 3090, P2, 270.00 W, 227.94 W, 72, 7222 MiB, 24576 MiB, 47 %
2026/09/04 21:22:53.168, NVIDIA GeForce RTX 3090, P2, 270.00 W, 223.48 W, 73, 7222 MiB, 24576 MiB, 46 %
2026/09/04 21:23:03.170, NVIDIA GeForce RTX 3090, P2, 270.00 W, 210.77 W, 72, 7222 MiB, 24576 MiB, 26 %
2026/09/04 21:23:13.171, NVIDIA GeForce RTX 3090, P2, 270.00 W, 216.81 W, 71, 7222 MiB, 24576 MiB, 31 %
2026/09/04 21:23:23.172, NVIDIA GeForce RTX 3090, P2, 270.00 W, 228.88 W, 71, 7222 MiB, 24576 MiB, 38 %
2026/09/04 21:23:33.173, NVIDIA GeForce RTX 3090, P2, 270.00 W, 222.11 W, 72, 7222 MiB, 24576 MiB, 43 %
2026/09/04 21:23:43.175, NVIDIA GeForce RTX 3090, P2, 270.00 W, 221.84 W, 73, 7222 MiB, 24576 MiB, 13 %
2026/09/04 21:23:53.176, NVIDIA GeForce RTX 3090, P2, 270.00 W, 223.93 W, 73, 7222 MiB, 24576 MiB, 32 %
2026/09/04 21:24:03.177, NVIDIA GeForce RTX 3090, P2, 270.00 W, 218.97 W, 73, 7222 MiB, 24576 MiB, 0 %
2026/09/04 21:24:13.178, NVIDIA GeForce RTX 3090, P2, 270.00 W, 218.95 W, 71, 7222 MiB, 24576 MiB, 0 %
2026/09/04 21:24:23.180, NVIDIA GeForce RTX 3090, P2, 270.00 W, 225.00 W, 72, 7222 MiB, 24576 MiB, 30 %
2026/09/04 21:24:33.181, NVIDIA GeForce RTX 3090, P2, 270.00 W, 232.31 W, 73, 7222 MiB, 24576 MiB, 48 %
2026/09/04 21:24:43.182, NVIDIA GeForce RTX 3090, P2, 270.00 W, 217.83 W, 74, 7222 MiB, 24576 MiB, 48 %
2026/09/04 21:24:53.184, NVIDIA GeForce RTX 3090, P2, 270.00 W, 214.66 W, 71, 7222 MiB, 24576 MiB, 48 %
2026/09/04 21:25:03.185, NVIDIA GeForce RTX 3090, P2, 270.00 W, 225.54 W, 74, 7222 MiB, 24576 MiB, 29 %
2026/09/04 21:25:13.186, NVIDIA GeForce RTX 3090, P2, 270.00 W, 233.63 W, 72, 7222 MiB, 24576 MiB, 25 %
2026/09/04 21:25:23.187, NVIDIA GeForce RTX 3090, P2, 270.00 W, 222.38 W, 74, 7222 MiB, 24576 MiB, 46 %
2026/09/04 21:25:33.188, NVIDIA GeForce RTX 3090, P2, 270.00 W, 209.94 W, 71, 7222 MiB, 24576 MiB, 8 %
2026/09/04 21:25:43.189, NVIDIA GeForce RTX 3090, P2, 270.00 W, 227.44 W, 72, 7222 MiB, 24576 MiB, 31 %
2026/09/04 21:25:53.191, NVIDIA GeForce RTX 3090, P2, 270.00 W, 228.37 W, 72, 7222 MiB, 24576 MiB, 39 %
2026/09/04 21:26:03.192, NVIDIA GeForce RTX 3090, P2, 270.00 W, 219.27 W, 73, 7222 MiB, 24576 MiB, 30 %
2026/09/04 21:26:13.193, NVIDIA GeForce RTX 3090, P2, 270.00 W, 210.55 W, 71, 7222 MiB, 24576 MiB, 0 %
2026/09/04 21:26:23.194, NVIDIA GeForce RTX 3090, P2, 270.00 W, 236.66 W, 73, 7222 MiB, 24576 MiB, 48 %
2026/09/04 21:26:33.195, NVIDIA GeForce RTX 3090, P2, 270.00 W, 236.48 W, 72, 7222 MiB, 24576 MiB, 4 %
2026/09/04 21:26:43.197, NVIDIA GeForce RTX 3090, P2, 270.00 W, 221.67 W, 73, 7222 MiB, 24576 MiB, 19 %
2026/09/04 21:26:53.198, NVIDIA GeForce RTX 3090, P2, 270.00 W, 207.56 W, 71, 7222 MiB, 24576 MiB, 50 %
2026/09/04 21:27:03.199, NVIDIA GeForce RTX 3090, P2, 270.00 W, 221.88 W, 73, 7222 MiB, 24576 MiB, 4 %
2026/09/04 21:27:13.200, NVIDIA GeForce RTX 3090, P2, 270.00 W, 224.10 W, 72, 7222 MiB, 24576 MiB, 47 %
2026/09/04 21:27:23.202, NVIDIA GeForce RTX 3090, P2, 270.00 W, 223.22 W, 74, 7222 MiB, 24576 MiB, 0 %
2026/09/04 21:27:33.203, NVIDIA GeForce RTX 3090, P2, 270.00 W, 211.21 W, 71, 7222 MiB, 24576 MiB, 48 %
2026/09/04 21:27:43.204, NVIDIA GeForce RTX 3090, P2, 270.00 W, 222.58 W, 73, 7222 MiB, 24576 MiB, 49 %
2026/09/04 21:27:53.205, NVIDIA GeForce RTX 3090, P2, 270.00 W, 227.24 W, 73, 7222 MiB, 24576 MiB, 44 %
2026/09/04 21:28:03.207, NVIDIA GeForce RTX 3090, P2, 270.00 W, 215.69 W, 73, 7222 MiB, 24576 MiB, 43 %
2026/09/04 21:28:13.208, NVIDIA GeForce RTX 3090, P2, 270.00 W, 211.84 W, 71, 7222 MiB, 24576 MiB, 47 %
2026/09/04 21:28:23.209, NVIDIA GeForce RTX 3090, P2, 270.00 W, 222.74 W, 73, 7222 MiB, 24576 MiB, 8 %
2026/09/04 21:28:33.210, NVIDIA GeForce RTX 3090, P2, 270.00 W, 225.54 W, 71, 7222 MiB, 24576 MiB, 22 %
2026/09/04 21:28:43.212, NVIDIA GeForce RTX 3090, P2, 270.00 W, 219.27 W, 74, 7222 MiB, 24576 MiB, 0 %
2026/09/04 21:28:53.213, NVIDIA GeForce RTX 3090, P2, 270.00 W, 223.38 W, 73, 7222 MiB, 24576 MiB, 42 %
2026/09/04 21:29:03.214, NVIDIA GeForce RTX 3090, P2, 270.00 W, 222.61 W, 72, 7222 MiB, 24576 MiB, 0 %
2026/09/04 21:29:13.216, NVIDIA GeForce RTX 3090, P2, 270.00 W, 230.12 W, 73, 7222 MiB, 24576 MiB, 49 %
2026/09/04 21:29:23.217, NVIDIA GeForce RTX 3090, P2, 270.00 W, 232.68 W, 73, 7222 MiB, 24576 MiB, 33 %
2026/09/04 21:29:33.218, NVIDIA GeForce RTX 3090, P2, 270.00 W, 221.70 W, 74, 7222 MiB, 24576 MiB, 0 %
2026/09/04 21:29:43.220, NVIDIA GeForce RTX 3090, P2, 270.00 W, 205.58 W, 71, 7222 MiB, 24576 MiB, 50 %
2026/09/04 21:29:53.221, NVIDIA GeForce RTX 3090, P2, 270.00 W, 227.78 W, 73, 7222 MiB, 24576 MiB, 19 %
2026/09/04 21:30:03.222, NVIDIA GeForce RTX 3090, P2, 270.00 W, 228.57 W, 73, 7222 MiB, 24576 MiB, 48 %
2026/09/04 21:30:13.224, NVIDIA GeForce RTX 3090, P2, 270.00 W, 226.84 W, 73, 7222 MiB, 24576 MiB, 48 %
2026/09/04 21:30:23.225, NVIDIA GeForce RTX 3090, P2, 270.00 W, 214.66 W, 73, 7222 MiB, 24576 MiB, 45 %
2026/09/04 21:30:33.227, NVIDIA GeForce RTX 3090, P2, 270.00 W, 218.83 W, 72, 7222 MiB, 24576 MiB, 30 %
2026/09/04 21:30:43.228, NVIDIA GeForce RTX 3090, P2, 270.00 W, 224.10 W, 73, 7222 MiB, 24576 MiB, 46 %
2026/09/04 21:30:53.229, NVIDIA GeForce RTX 3090, P2, 270.00 W, 231.71 W, 72, 7222 MiB, 24576 MiB, 14 %
2026/09/04 21:31:03.230, NVIDIA GeForce RTX 3090, P2, 270.00 W, 215.14 W, 73, 7222 MiB, 24576 MiB, 26 %
2026/09/04 21:31:13.232, NVIDIA GeForce RTX 3090, P2, 270.00 W, 212.36 W, 72, 7222 MiB, 24576 MiB, 23 %
2026/09/04 21:31:23.233, NVIDIA GeForce RTX 3090, P2, 270.00 W, 219.14 W, 72, 7222 MiB, 24576 MiB, 31 %
2026/09/04 21:31:33.234, NVIDIA GeForce RTX 3090, P2, 270.00 W, 220.94 W, 72, 7222 MiB, 24576 MiB, 49 %
2026/09/04 21:31:43.235, NVIDIA GeForce RTX 3090, P2, 270.00 W, 219.77 W, 73, 7222 MiB, 24576 MiB, 15 %
2026/09/04 21:31:53.237, NVIDIA GeForce RTX 3090, P2, 270.00 W, 211.48 W, 72, 7222 MiB, 24576 MiB, 22 %
2026/09/04 21:32:03.238, NVIDIA GeForce RTX 3090, P2, 270.00 W, 222.17 W, 73, 7222 MiB, 24576 MiB, 4 %
2026/09/04 21:32:13.240, NVIDIA GeForce RTX 3090, P2, 270.00 W, 224.83 W, 73, 7222 MiB, 24576 MiB, 46 %
2026/09/04 21:32:23.241, NVIDIA GeForce RTX 3090, P2, 270.00 W, 223.30 W, 74, 7222 MiB, 24576 MiB, 31 %
2026/09/04 21:32:33.243, NVIDIA GeForce RTX 3090, P2, 270.00 W, 210.22 W, 73, 7222 MiB, 24576 MiB, 41 %
2026/09/04 21:32:43.244, NVIDIA GeForce RTX 3090, P2, 270.00 W, 220.02 W, 72, 7222 MiB, 24576 MiB, 29 %
2026/09/04 21:32:53.245, NVIDIA GeForce RTX 3090, P2, 270.00 W, 233.09 W, 73, 7222 MiB, 24576 MiB, 7 %
2026/09/04 21:33:03.247, NVIDIA GeForce RTX 3090, P2, 270.00 W, 228.83 W, 72, 7222 MiB, 24576 MiB, 31 %
2026/09/04 21:33:13.248, NVIDIA GeForce RTX 3090, P2, 270.00 W, 215.45 W, 72, 7222 MiB, 24576 MiB, 8 %
2026/09/04 21:33:23.250, NVIDIA GeForce RTX 3090, P2, 270.00 W, 226.46 W, 73, 7222 MiB, 24576 MiB, 4 %
2026/09/04 21:33:33.251, NVIDIA GeForce RTX 3090, P2, 270.00 W, 209.86 W, 72, 7222 MiB, 24576 MiB, 48 %
2026/09/04 21:33:43.252, NVIDIA GeForce RTX 3090, P2, 270.00 W, 223.72 W, 73, 7222 MiB, 24576 MiB, 48 %
2026/09/04 21:33:53.254, NVIDIA GeForce RTX 3090, P2, 270.00 W, 218.42 W, 71, 7222 MiB, 24576 MiB, 6 %
2026/09/04 21:34:03.255, NVIDIA GeForce RTX 3090, P2, 270.00 W, 220.27 W, 74, 7222 MiB, 24576 MiB, 21 %
2026/09/04 21:34:13.256, NVIDIA GeForce RTX 3090, P2, 270.00 W, 205.57 W, 72, 7222 MiB, 24576 MiB, 12 %
2026/09/04 21:34:23.257, NVIDIA GeForce RTX 3090, P2, 270.00 W, 223.54 W, 73, 7222 MiB, 24576 MiB, 48 %
2026/09/04 21:34:33.258, NVIDIA GeForce RTX 3090, P2, 270.00 W, 223.26 W, 72, 7222 MiB, 24576 MiB, 51 %
2026/09/04 21:34:43.260, NVIDIA GeForce RTX 3090, P2, 270.00 W, 219.97 W, 74, 7222 MiB, 24576 MiB, 0 %
2026/09/04 21:34:53.261, NVIDIA GeForce RTX 3090, P2, 270.00 W, 208.99 W, 72, 7222 MiB, 24576 MiB, 48 %
2026/09/04 21:35:03.262, NVIDIA GeForce RTX 3090, P2, 270.00 W, 224.21 W, 72, 7222 MiB, 24576 MiB, 28 %
2026/09/04 21:35:13.263, NVIDIA GeForce RTX 3090, P2, 270.00 W, 227.98 W, 73, 7222 MiB, 24576 MiB, 49 %
2026/09/04 21:35:23.265, NVIDIA GeForce RTX 3090, P2, 270.00 W, 222.32 W, 73, 7222 MiB, 24576 MiB, 47 %
2026/09/04 21:35:33.266, NVIDIA GeForce RTX 3090, P2, 270.00 W, 227.93 W, 73, 7222 MiB, 24576 MiB, 8 %
2026/09/04 21:35:43.267, NVIDIA GeForce RTX 3090, P2, 270.00 W, 215.95 W, 72, 7222 MiB, 24576 MiB, 3 %
2026/09/04 21:35:53.268, NVIDIA GeForce RTX 3090, P2, 270.00 W, 227.62 W, 73, 7222 MiB, 24576 MiB, 48 %
2026/09/04 21:36:03.269, NVIDIA GeForce RTX 3090, P2, 270.00 W, 229.91 W, 73, 7222 MiB, 24576 MiB, 50 %
2026/09/04 21:36:13.271, NVIDIA GeForce RTX 3090, P2, 270.00 W, 215.79 W, 74, 7222 MiB, 24576 MiB, 46 %
2026/09/04 21:36:23.272, NVIDIA GeForce RTX 3090, P2, 270.00 W, 216.53 W, 72, 7222 MiB, 24576 MiB, 46 %
2026/09/04 21:36:33.273, NVIDIA GeForce RTX 3090, P2, 270.00 W, 225.48 W, 73, 7222 MiB, 24576 MiB, 37 %
2026/09/04 21:36:43.275, NVIDIA GeForce RTX 3090, P2, 270.00 W, 235.27 W, 72, 7222 MiB, 24576 MiB, 30 %
2026/09/04 21:36:53.276, NVIDIA GeForce RTX 3090, P2, 270.00 W, 221.93 W, 74, 7222 MiB, 24576 MiB, 0 %
2026/09/04 21:37:03.278, NVIDIA GeForce RTX 3090, P2, 270.00 W, 210.40 W, 72, 7222 MiB, 24576 MiB, 18 %
2026/09/04 21:37:13.279, NVIDIA GeForce RTX 3090, P2, 270.00 W, 223.75 W, 72, 7222 MiB, 24576 MiB, 13 %
2026/09/04 21:37:23.281, NVIDIA GeForce RTX 3090, P2, 270.00 W, 232.90 W, 72, 7222 MiB, 24576 MiB, 27 %
2026/09/04 21:37:33.282, NVIDIA GeForce RTX 3090, P2, 270.00 W, 211.97 W, 74, 7222 MiB, 24576 MiB, 10 %
2026/09/04 21:37:43.283, NVIDIA GeForce RTX 3090, P2, 270.00 W, 217.69 W, 72, 7222 MiB, 24576 MiB, 47 %
2026/09/04 21:37:53.285, NVIDIA GeForce RTX 3090, P2, 270.00 W, 221.79 W, 72, 7222 MiB, 24576 MiB, 33 %
2026/09/04 21:38:03.286, NVIDIA GeForce RTX 3090, P2, 270.00 W, 226.78 W, 73, 7222 MiB, 24576 MiB, 11 %
2026/09/04 21:38:13.288, NVIDIA GeForce RTX 3090, P2, 270.00 W, 216.19 W, 74, 7222 MiB, 24576 MiB, 0 %
2026/09/04 21:38:23.289, NVIDIA GeForce RTX 3090, P2, 270.00 W, 224.01 W, 74, 7222 MiB, 24576 MiB, 0 %
2026/09/04 21:38:33.291, NVIDIA GeForce RTX 3090, P2, 270.00 W, 204.96 W, 72, 7222 MiB, 24576 MiB, 45 %
2026/09/04 21:38:43.292, NVIDIA GeForce RTX 3090, P2, 270.00 W, 228.50 W, 73, 7222 MiB, 24576 MiB, 48 %
2026/09/04 21:38:53.293, NVIDIA GeForce RTX 3090, P2, 270.00 W, 219.00 W, 73, 7222 MiB, 24576 MiB, 31 %
2026/09/04 21:39:03.295, NVIDIA GeForce RTX 3090, P2, 270.00 W, 224.35 W, 73, 7222 MiB, 24576 MiB, 43 %
2026/09/04 21:39:13.296, NVIDIA GeForce RTX 3090, P2, 270.00 W, 215.56 W, 73, 7222 MiB, 24576 MiB, 5 %
2026/09/04 21:39:23.297, NVIDIA GeForce RTX 3090, P2, 270.00 W, 217.83 W, 72, 7222 MiB, 24576 MiB, 36 %
2026/09/04 21:39:33.299, NVIDIA GeForce RTX 3090, P2, 270.00 W, 230.73 W, 73, 7222 MiB, 24576 MiB, 36 %
2026/09/04 21:39:43.300, NVIDIA GeForce RTX 3090, P2, 270.00 W, 219.29 W, 73, 7222 MiB, 24576 MiB, 30 %
2026/09/04 21:39:53.301, NVIDIA GeForce RTX 3090, P2, 270.00 W, 205.12 W, 71, 7222 MiB, 24576 MiB, 0 %
2026/09/04 21:40:03.302, NVIDIA GeForce RTX 3090, P2, 270.00 W, 224.82 W, 73, 7222 MiB, 24576 MiB, 12 %
2026/09/04 21:40:13.304, NVIDIA GeForce RTX 3090, P2, 270.00 W, 216.11 W, 72, 7222 MiB, 24576 MiB, 48 %
2026/09/04 21:40:23.305, NVIDIA GeForce RTX 3090, P2, 270.00 W, 202.63 W, 72, 7222 MiB, 24576 MiB, 38 %
2026/09/04 21:40:33.306, NVIDIA GeForce RTX 3090, P2, 270.00 W, 218.33 W, 72, 7222 MiB, 24576 MiB, 0 %
2026/09/04 21:40:43.307, NVIDIA GeForce RTX 3090, P2, 270.00 W, 229.37 W, 74, 7222 MiB, 24576 MiB, 38 %
2026/09/04 21:40:53.308, NVIDIA GeForce RTX 3090, P2, 270.00 W, 228.96 W, 72, 7222 MiB, 24576 MiB, 17 %
2026/09/04 21:41:03.310, NVIDIA GeForce RTX 3090, P2, 270.00 W, 217.04 W, 72, 7222 MiB, 24576 MiB, 34 %
2026/09/04 21:41:13.311, NVIDIA GeForce RTX 3090, P2, 270.00 W, 204.88 W, 71, 7222 MiB, 24576 MiB, 3 %
2026/09/04 21:41:23.312, NVIDIA GeForce RTX 3090, P2, 270.00 W, 223.14 W, 73, 7222 MiB, 24576 MiB, 45 %
2026/09/04 21:41:33.313, NVIDIA GeForce RTX 3090, P2, 270.00 W, 231.34 W, 74, 7222 MiB, 24576 MiB, 47 %
2026/09/04 21:41:43.314, NVIDIA GeForce RTX 3090, P2, 270.00 W, 222.41 W, 73, 7222 MiB, 24576 MiB, 5 %
2026/09/04 21:41:53.316, NVIDIA GeForce RTX 3090, P2, 270.00 W, 225.62 W, 73, 7222 MiB, 24576 MiB, 7 %
2026/09/04 21:42:03.317, NVIDIA GeForce RTX 3090, P2, 270.00 W, 224.33 W, 73, 7222 MiB, 24576 MiB, 14 %
2026/09/04 21:42:13.318, NVIDIA GeForce RTX 3090, P2, 270.00 W, 221.84 W, 72, 7222 MiB, 24576 MiB, 36 %
2026/09/04 21:42:23.320, NVIDIA GeForce RTX 3090, P2, 270.00 W, 219.90 W, 74, 7222 MiB, 24576 MiB, 17 %
2026/09/04 21:42:33.321, NVIDIA GeForce RTX 3090, P2, 270.00 W, 212.22 W, 71, 7222 MiB, 24576 MiB, 22 %
2026/09/04 21:42:43.322, NVIDIA GeForce RTX 3090, P2, 270.00 W, 222.46 W, 74, 7222 MiB, 24576 MiB, 17 %
2026/09/04 21:42:53.323, NVIDIA GeForce RTX 3090, P2, 270.00 W, 223.11 W, 74, 7222 MiB, 24576 MiB, 47 %
2026/09/04 21:43:03.325, NVIDIA GeForce RTX 3090, P2, 270.00 W, 226.54 W, 72, 7222 MiB, 24576 MiB, 31 %
2026/09/04 21:43:13.326, NVIDIA GeForce RTX 3090, P2, 270.00 W, 225.09 W, 74, 7222 MiB, 24576 MiB, 0 %
2026/09/04 21:43:23.327, NVIDIA GeForce RTX 3090, P2, 270.00 W, 214.24 W, 74, 7222 MiB, 24576 MiB, 31 %
2026/09/04 21:43:33.329, NVIDIA GeForce RTX 3090, P2, 270.00 W, 223.97 W, 73, 7222 MiB, 24576 MiB, 7 %
2026/09/04 21:43:43.330, NVIDIA GeForce RTX 3090, P2, 270.00 W, 224.96 W, 72, 7222 MiB, 24576 MiB, 32 %
2026/09/04 21:43:53.331, NVIDIA GeForce RTX 3090, P2, 270.00 W, 228.80 W, 74, 7222 MiB, 24576 MiB, 47 %
2026/09/04 21:44:03.332, NVIDIA GeForce RTX 3090, P2, 270.00 W, 220.17 W, 74, 7222 MiB, 24576 MiB, 47 %
2026/09/04 21:44:13.334, NVIDIA GeForce RTX 3090, P2, 270.00 W, 215.91 W, 74, 7222 MiB, 24576 MiB, 34 %
2026/09/04 21:44:23.335, NVIDIA GeForce RTX 3090, P2, 270.00 W, 211.24 W, 72, 7222 MiB, 24576 MiB, 49 %
2026/09/04 21:44:33.336, NVIDIA GeForce RTX 3090, P2, 270.00 W, 222.20 W, 72, 7222 MiB, 24576 MiB, 49 %
2026/09/04 21:44:43.337, NVIDIA GeForce RTX 3090, P2, 270.00 W, 222.94 W, 73, 7222 MiB, 24576 MiB, 39 %
2026/09/04 21:44:53.338, NVIDIA GeForce RTX 3090, P2, 270.00 W, 211.98 W, 73, 7222 MiB, 24576 MiB, 31 %
2026/09/04 21:45:03.340, NVIDIA GeForce RTX 3090, P2, 270.00 W, 224.85 W, 74, 7222 MiB, 24576 MiB, 48 %
2026/09/04 21:45:13.341, NVIDIA GeForce RTX 3090, P2, 270.00 W, 227.71 W, 73, 7222 MiB, 24576 MiB, 49 %
2026/09/04 21:45:23.342, NVIDIA GeForce RTX 3090, P2, 270.00 W, 222.91 W, 74, 7222 MiB, 24576 MiB, 0 %
2026/09/04 21:45:33.344, NVIDIA GeForce RTX 3090, P2, 270.00 W, 229.77 W, 74, 7222 MiB, 24576 MiB, 0 %
2026/09/04 21:45:43.345, NVIDIA GeForce RTX 3090, P2, 270.00 W, 220.39 W, 72, 7222 MiB, 24576 MiB, 5 %
2026/09/04 21:45:53.346, NVIDIA GeForce RTX 3090, P2, 270.00 W, 223.42 W, 72, 7222 MiB, 24576 MiB, 9 %
2026/09/04 21:46:03.348, NVIDIA GeForce RTX 3090, P2, 270.00 W, 229.12 W, 72, 7222 MiB, 24576 MiB, 32 %
2026/09/04 21:46:13.349, NVIDIA GeForce RTX 3090, P2, 270.00 W, 221.23 W, 74, 7222 MiB, 24576 MiB, 30 %
2026/09/04 21:46:23.350, NVIDIA GeForce RTX 3090, P2, 270.00 W, 216.74 W, 74, 7222 MiB, 24576 MiB, 47 %
2026/09/04 21:46:33.352, NVIDIA GeForce RTX 3090, P2, 270.00 W, 218.42 W, 72, 7222 MiB, 24576 MiB, 0 %
2026/09/04 21:46:43.353, NVIDIA GeForce RTX 3090, P2, 270.00 W, 222.27 W, 73, 7222 MiB, 24576 MiB, 49 %
2026/09/04 21:46:53.354, NVIDIA GeForce RTX 3090, P2, 270.00 W, 231.62 W, 73, 7222 MiB, 24576 MiB, 25 %
2026/09/04 21:47:03.356, NVIDIA GeForce RTX 3090, P2, 270.00 W, 222.29 W, 74, 7222 MiB, 24576 MiB, 29 %
2026/09/04 21:47:13.357, NVIDIA GeForce RTX 3090, P2, 270.00 W, 219.92 W, 71, 7222 MiB, 24576 MiB, 0 %
2026/09/04 21:47:23.358, NVIDIA GeForce RTX 3090, P2, 270.00 W, 229.00 W, 72, 7222 MiB, 24576 MiB, 48 %
2026/09/04 21:47:33.359, NVIDIA GeForce RTX 3090, P2, 270.00 W, 226.35 W, 74, 7222 MiB, 24576 MiB, 43 %
2026/09/04 21:47:43.361, NVIDIA GeForce RTX 3090, P2, 270.00 W, 219.65 W, 74, 7222 MiB, 24576 MiB, 47 %
2026/09/04 21:47:53.362, NVIDIA GeForce RTX 3090, P2, 270.00 W, 207.07 W, 72, 7222 MiB, 24576 MiB, 0 %
2026/09/04 21:48:03.363, NVIDIA GeForce RTX 3090, P2, 270.00 W, 227.18 W, 73, 7222 MiB, 24576 MiB, 49 %
2026/09/04 21:48:13.364, NVIDIA GeForce RTX 3090, P2, 270.00 W, 229.63 W, 73, 7222 MiB, 24576 MiB, 47 %
2026/09/04 21:48:23.366, NVIDIA GeForce RTX 3090, P2, 270.00 W, 213.36 W, 73, 7222 MiB, 24576 MiB, 48 %
2026/09/04 21:48:33.367, NVIDIA GeForce RTX 3090, P2, 270.00 W, 208.18 W, 71, 7222 MiB, 24576 MiB, 0 %
2026/09/04 21:48:43.368, NVIDIA GeForce RTX 3090, P2, 270.00 W, 224.21 W, 73, 7222 MiB, 24576 MiB, 49 %
2026/09/04 21:48:53.369, NVIDIA GeForce RTX 3090, P2, 270.00 W, 230.82 W, 73, 7222 MiB, 24576 MiB, 53 %
2026/09/04 21:49:03.371, NVIDIA GeForce RTX 3090, P2, 270.00 W, 220.38 W, 74, 7222 MiB, 24576 MiB, 47 %
2026/09/04 21:49:13.372, NVIDIA GeForce RTX 3090, P2, 270.00 W, 202.76 W, 71, 7222 MiB, 24576 MiB, 0 %
2026/09/04 21:49:23.373, NVIDIA GeForce RTX 3090, P2, 270.00 W, 226.09 W, 72, 7222 MiB, 24576 MiB, 6 %
2026/09/04 21:49:33.375, NVIDIA GeForce RTX 3090, P2, 270.00 W, 229.05 W, 74, 7222 MiB, 24576 MiB, 35 %
2026/09/04 21:49:43.376, NVIDIA GeForce RTX 3090, P2, 270.00 W, 222.87 W, 74, 7222 MiB, 24576 MiB, 40 %
2026/09/04 21:49:53.377, NVIDIA GeForce RTX 3090, P2, 270.00 W, 212.89 W, 73, 7222 MiB, 24576 MiB, 30 %
2026/09/04 21:50:03.379, NVIDIA GeForce RTX 3090, P2, 270.00 W, 223.63 W, 72, 7222 MiB, 24576 MiB, 10 %
2026/09/04 21:50:13.380, NVIDIA GeForce RTX 3090, P2, 270.00 W, 224.58 W, 73, 7222 MiB, 24576 MiB, 34 %
2026/09/04 21:50:23.381, NVIDIA GeForce RTX 3090, P2, 270.00 W, 220.19 W, 74, 7222 MiB, 24576 MiB, 36 %
2026/09/04 21:50:33.382, NVIDIA GeForce RTX 3090, P2, 270.00 W, 219.57 W, 74, 7222 MiB, 24576 MiB, 35 %
2026/09/04 21:50:43.384, NVIDIA GeForce RTX 3090, P2, 270.00 W, 208.26 W, 71, 7222 MiB, 24576 MiB, 49 %
2026/09/04 21:50:53.385, NVIDIA GeForce RTX 3090, P2, 270.00 W, 223.17 W, 73, 7222 MiB, 24576 MiB, 50 %
2026/09/04 21:51:03.386, NVIDIA GeForce RTX 3090, P2, 270.00 W, 229.71 W, 73, 7222 MiB, 24576 MiB, 50 %
2026/09/04 21:51:13.387, NVIDIA GeForce RTX 3090, P2, 270.00 W, 215.97 W, 74, 7222 MiB, 24576 MiB, 47 %
2026/09/04 21:51:23.389, NVIDIA GeForce RTX 3090, P2, 270.00 W, 208.88 W, 72, 7222 MiB, 24576 MiB, 0 %
2026/09/04 21:51:33.390, NVIDIA GeForce RTX 3090, P2, 270.00 W, 221.91 W, 73, 7222 MiB, 24576 MiB, 34 %
2026/09/04 21:51:43.391, NVIDIA GeForce RTX 3090, P2, 270.00 W, 229.79 W, 72, 7222 MiB, 24576 MiB, 31 %
2026/09/04 21:51:53.393, NVIDIA GeForce RTX 3090, P2, 270.00 W, 224.97 W, 73, 7222 MiB, 24576 MiB, 49 %
2026/09/04 21:52:03.394, NVIDIA GeForce RTX 3090, P2, 270.00 W, 215.89 W, 73, 7222 MiB, 24576 MiB, 0 %
2026/09/04 21:52:13.395, NVIDIA GeForce RTX 3090, P2, 270.00 W, 209.35 W, 72, 7222 MiB, 24576 MiB, 48 %
2026/09/04 21:52:23.397, NVIDIA GeForce RTX 3090, P2, 270.00 W, 224.96 W, 73, 7222 MiB, 24576 MiB, 48 %
2026/09/04 21:52:33.398, NVIDIA GeForce RTX 3090, P2, 270.00 W, 235.41 W, 73, 7222 MiB, 24576 MiB, 39 %
2026/09/04 21:52:43.399, NVIDIA GeForce RTX 3090, P2, 270.00 W, 218.91 W, 73, 7222 MiB, 24576 MiB, 28 %
2026/09/04 21:52:53.400, NVIDIA GeForce RTX 3090, P2, 270.00 W, 206.83 W, 73, 7222 MiB, 24576 MiB, 16 %
2026/09/04 21:53:03.401, NVIDIA GeForce RTX 3090, P2, 270.00 W, 219.84 W, 73, 7224 MiB, 24576 MiB, 30 %
2026/09/04 21:53:13.403, NVIDIA GeForce RTX 3090, P2, 270.00 W, 232.21 W, 72, 7224 MiB, 24576 MiB, 3 %
2026/09/04 21:53:23.404, NVIDIA GeForce RTX 3090, P2, 270.00 W, 222.71 W, 74, 7224 MiB, 24576 MiB, 0 %
2026/09/04 21:53:33.405, NVIDIA GeForce RTX 3090, P2, 270.00 W, 213.62 W, 72, 7224 MiB, 24576 MiB, 50 %
2026/09/04 21:53:43.406, NVIDIA GeForce RTX 3090, P2, 270.00 W, 221.47 W, 75, 7224 MiB, 24576 MiB, 47 %
2026/09/04 21:53:53.407, NVIDIA GeForce RTX 3090, P2, 270.00 W, 232.51 W, 72, 7224 MiB, 24576 MiB, 4 %
2026/09/04 21:54:03.409, NVIDIA GeForce RTX 3090, P2, 270.00 W, 215.58 W, 73, 7224 MiB, 24576 MiB, 40 %
2026/09/04 21:54:13.410, NVIDIA GeForce RTX 3090, P2, 270.00 W, 224.00 W, 75, 7224 MiB, 24576 MiB, 0 %
2026/09/04 21:54:23.411, NVIDIA GeForce RTX 3090, P2, 270.00 W, 208.62 W, 71, 7224 MiB, 24576 MiB, 50 %
2026/09/04 21:54:33.413, NVIDIA GeForce RTX 3090, P2, 270.00 W, 217.54 W, 74, 7224 MiB, 24576 MiB, 47 %
2026/09/04 21:54:43.414, NVIDIA GeForce RTX 3090, P2, 270.00 W, 225.88 W, 72, 7224 MiB, 24576 MiB, 34 %
2026/09/04 21:54:53.415, NVIDIA GeForce RTX 3090, P2, 270.00 W, 202.71 W, 73, 7224 MiB, 24576 MiB, 25 %
2026/09/04 21:55:03.416, NVIDIA GeForce RTX 3090, P2, 270.00 W, 212.82 W, 73, 7224 MiB, 24576 MiB, 21 %
2026/09/04 21:55:13.418, NVIDIA GeForce RTX 3090, P2, 270.00 W, 224.72 W, 73, 7224 MiB, 24576 MiB, 26 %
2026/09/04 21:55:23.419, NVIDIA GeForce RTX 3090, P2, 270.00 W, 232.77 W, 72, 7224 MiB, 24576 MiB, 4 %
2026/09/04 21:55:33.420, NVIDIA GeForce RTX 3090, P2, 270.00 W, 230.00 W, 74, 7224 MiB, 24576 MiB, 47 %
2026/09/04 21:55:43.422, NVIDIA GeForce RTX 3090, P2, 270.00 W, 221.90 W, 73, 7224 MiB, 24576 MiB, 7 %
2026/09/04 21:55:53.423, NVIDIA GeForce RTX 3090, P2, 270.00 W, 210.55 W, 71, 7224 MiB, 24576 MiB, 47 %
2026/09/04 21:56:03.424, NVIDIA GeForce RTX 3090, P2, 270.00 W, 221.77 W, 74, 7224 MiB, 24576 MiB, 37 %
2026/09/04 21:56:13.426, NVIDIA GeForce RTX 3090, P2, 270.00 W, 226.94 W, 72, 7224 MiB, 24576 MiB, 26 %
2026/09/04 21:56:23.427, NVIDIA GeForce RTX 3090, P2, 270.00 W, 223.86 W, 75, 7224 MiB, 24576 MiB, 52 %
2026/09/04 21:56:33.428, NVIDIA GeForce RTX 3090, P2, 270.00 W, 210.12 W, 72, 7224 MiB, 24576 MiB, 0 %
2026/09/04 21:56:43.430, NVIDIA GeForce RTX 3090, P2, 270.00 W, 225.15 W, 73, 7224 MiB, 24576 MiB, 5 %
2026/09/04 21:56:53.431, NVIDIA GeForce RTX 3090, P2, 270.00 W, 228.45 W, 72, 7224 MiB, 24576 MiB, 36 %
2026/09/04 21:57:03.432, NVIDIA GeForce RTX 3090, P2, 270.00 W, 224.81 W, 74, 7224 MiB, 24576 MiB, 31 %
2026/09/04 21:57:13.434, NVIDIA GeForce RTX 3090, P2, 270.00 W, 217.91 W, 74, 7224 MiB, 24576 MiB, 46 %
2026/09/04 21:57:23.435, NVIDIA GeForce RTX 3090, P2, 270.00 W, 207.47 W, 72, 7224 MiB, 24576 MiB, 49 %
2026/09/04 21:57:33.436, NVIDIA GeForce RTX 3090, P2, 270.00 W, 225.87 W, 73, 7224 MiB, 24576 MiB, 49 %
2026/09/04 21:57:43.438, NVIDIA GeForce RTX 3090, P2, 270.00 W, 221.26 W, 72, 7224 MiB, 24576 MiB, 51 %
2026/09/04 21:57:53.439, NVIDIA GeForce RTX 3090, P2, 270.00 W, 224.87 W, 73, 7224 MiB, 24576 MiB, 30 %
2026/09/04 21:58:03.440, NVIDIA GeForce RTX 3090, P2, 270.00 W, 222.11 W, 72, 7224 MiB, 24576 MiB, 0 %
2026/09/04 21:58:13.442, NVIDIA GeForce RTX 3090, P2, 270.00 W, 221.52 W, 74, 7224 MiB, 24576 MiB, 37 %
2026/09/04 21:58:23.443, NVIDIA GeForce RTX 3090, P2, 270.00 W, 217.10 W, 73, 7224 MiB, 24576 MiB, 30 %
2026/09/04 21:58:33.445, NVIDIA GeForce RTX 3090, P2, 270.00 W, 207.93 W, 72, 7224 MiB, 24576 MiB, 5 %
2026/09/04 21:58:43.446, NVIDIA GeForce RTX 3090, P2, 270.00 W, 216.56 W, 72, 7224 MiB, 24576 MiB, 5 %
2026/09/04 21:58:53.447, NVIDIA GeForce RTX 3090, P2, 270.00 W, 227.66 W, 73, 7224 MiB, 24576 MiB, 41 %
2026/09/04 21:59:03.449, NVIDIA GeForce RTX 3090, P2, 270.00 W, 232.60 W, 73, 7224 MiB, 24576 MiB, 23 %
2026/09/04 21:59:13.450, NVIDIA GeForce RTX 3090, P2, 270.00 W, 220.88 W, 73, 7224 MiB, 24576 MiB, 17 %
2026/09/04 21:59:23.451, NVIDIA GeForce RTX 3090, P2, 270.00 W, 212.62 W, 73, 7224 MiB, 24576 MiB, 5 %
2026/09/04 21:59:33.452, NVIDIA GeForce RTX 3090, P2, 270.00 W, 224.19 W, 73, 7224 MiB, 24576 MiB, 11 %
2026/09/04 21:59:43.454, NVIDIA GeForce RTX 3090, P2, 270.00 W, 232.14 W, 72, 7224 MiB, 24576 MiB, 5 %
2026/09/04 21:59:53.455, NVIDIA GeForce RTX 3090, P2, 270.00 W, 218.06 W, 74, 7224 MiB, 24576 MiB, 22 %
2026/09/04 22:00:03.456, NVIDIA GeForce RTX 3090, P2, 270.00 W, 216.32 W, 74, 7224 MiB, 24576 MiB, 4 %
2026/09/04 22:00:13.457, NVIDIA GeForce RTX 3090, P2, 270.00 W, 210.44 W, 72, 7224 MiB, 24576 MiB, 37 %
2026/09/04 22:00:23.459, NVIDIA GeForce RTX 3090, P2, 270.00 W, 227.26 W, 73, 7224 MiB, 24576 MiB, 49 %
2026/09/04 22:00:33.460, NVIDIA GeForce RTX 3090, P2, 270.00 W, 225.32 W, 72, 7224 MiB, 24576 MiB, 48 %
2026/09/04 22:00:43.461, NVIDIA GeForce RTX 3090, P2, 270.00 W, 223.79 W, 74, 7726 MiB, 24576 MiB, 0 %
2026/09/04 22:00:53.462, NVIDIA GeForce RTX 3090, P2, 270.00 W, 205.36 W, 71, 7726 MiB, 24576 MiB, 34 %
2026/09/04 22:01:03.463, NVIDIA GeForce RTX 3090, P2, 270.00 W, 221.91 W, 73, 7726 MiB, 24576 MiB, 0 %
2026/09/04 22:01:13.465, NVIDIA GeForce RTX 3090, P2, 270.00 W, 229.94 W, 72, 7726 MiB, 24576 MiB, 27 %
2026/09/04 22:01:23.466, NVIDIA GeForce RTX 3090, P2, 270.00 W, 224.01 W, 73, 7726 MiB, 24576 MiB, 47 %
2026/09/04 22:01:33.467, NVIDIA GeForce RTX 3090, P2, 270.00 W, 204.03 W, 72, 7726 MiB, 24576 MiB, 0 %
2026/09/04 22:01:43.468, NVIDIA GeForce RTX 3090, P2, 270.00 W, 207.90 W, 71, 7726 MiB, 24576 MiB, 25 %
2026/09/04 22:01:53.470, NVIDIA GeForce RTX 3090, P2, 270.00 W, 223.44 W, 72, 7726 MiB, 24576 MiB, 42 %
2026/09/04 22:02:03.471, NVIDIA GeForce RTX 3090, P2, 270.00 W, 232.76 W, 72, 7726 MiB, 24576 MiB, 23 %
2026/09/04 22:02:13.472, NVIDIA GeForce RTX 3090, P2, 270.00 W, 223.93 W, 74, 7726 MiB, 24576 MiB, 31 %
2026/09/04 22:02:23.474, NVIDIA GeForce RTX 3090, P2, 270.00 W, 212.45 W, 72, 7726 MiB, 24576 MiB, 42 %
2026/09/04 22:02:33.475, NVIDIA GeForce RTX 3090, P2, 270.00 W, 219.84 W, 72, 7726 MiB, 24576 MiB, 12 %
2026/09/04 22:02:43.476, NVIDIA GeForce RTX 3090, P2, 270.00 W, 223.76 W, 73, 7726 MiB, 24576 MiB, 49 %
2026/09/04 22:02:53.477, NVIDIA GeForce RTX 3090, P2, 270.00 W, 227.03 W, 72, 7726 MiB, 24576 MiB, 30 %
2026/09/04 22:03:03.478, NVIDIA GeForce RTX 3090, P2, 270.00 W, 220.78 W, 74, 7726 MiB, 24576 MiB, 30 %
2026/09/04 22:03:13.480, NVIDIA GeForce RTX 3090, P2, 270.00 W, 207.07 W, 71, 7726 MiB, 24576 MiB, 46 %
2026/09/04 22:03:23.481, NVIDIA GeForce RTX 3090, P2, 270.00 W, 219.70 W, 72, 7726 MiB, 24576 MiB, 40 %
2026/09/04 22:03:33.482, NVIDIA GeForce RTX 3090, P2, 270.00 W, 234.21 W, 73, 7726 MiB, 24576 MiB, 29 %
2026/09/04 22:03:43.483, NVIDIA GeForce RTX 3090, P2, 270.00 W, 221.55 W, 73, 7726 MiB, 24576 MiB, 6 %
2026/09/04 22:03:53.485, NVIDIA GeForce RTX 3090, P2, 270.00 W, 214.31 W, 72, 7726 MiB, 24576 MiB, 47 %
2026/09/04 22:04:03.486, NVIDIA GeForce RTX 3090, P2, 270.00 W, 225.53 W, 73, 7726 MiB, 24576 MiB, 7 %
2026/09/04 22:04:13.487, NVIDIA GeForce RTX 3090, P2, 270.00 W, 222.73 W, 72, 7726 MiB, 24576 MiB, 49 %
2026/09/04 22:04:23.488, NVIDIA GeForce RTX 3090, P2, 270.00 W, 225.52 W, 73, 7726 MiB, 24576 MiB, 50 %
2026/09/04 22:04:33.489, NVIDIA GeForce RTX 3090, P2, 270.00 W, 225.39 W, 74, 7726 MiB, 24576 MiB, 40 %
2026/09/04 22:04:43.490, NVIDIA GeForce RTX 3090, P2, 270.00 W, 209.77 W, 72, 7726 MiB, 24576 MiB, 45 %
2026/09/04 22:04:53.492, NVIDIA GeForce RTX 3090, P2, 270.00 W, 216.85 W, 73, 7726 MiB, 24576 MiB, 4 %
2026/09/04 22:05:03.494, NVIDIA GeForce RTX 3090, P2, 270.00 W, 218.42 W, 72, 7726 MiB, 24576 MiB, 17 %
2026/09/04 22:05:13.495, NVIDIA GeForce RTX 3090, P2, 270.00 W, 215.71 W, 71, 7726 MiB, 24576 MiB, 30 %
2026/09/04 22:05:23.496, NVIDIA GeForce RTX 3090, P2, 270.00 W, 215.65 W, 72, 7726 MiB, 24576 MiB, 32 %
2026/09/04 22:05:33.497, NVIDIA GeForce RTX 3090, P2, 270.00 W, 212.31 W, 72, 7726 MiB, 24576 MiB, 5 %
2026/09/04 22:05:43.499, NVIDIA GeForce RTX 3090, P2, 270.00 W, 223.48 W, 73, 7726 MiB, 24576 MiB, 24 %
2026/09/04 22:05:53.500, NVIDIA GeForce RTX 3090, P2, 270.00 W, 218.65 W, 73, 7726 MiB, 24576 MiB, 30 %
2026/09/04 22:06:03.501, NVIDIA GeForce RTX 3090, P2, 270.00 W, 211.80 W, 71, 7726 MiB, 24576 MiB, 25 %
2026/09/04 22:06:13.502, NVIDIA GeForce RTX 3090, P2, 270.00 W, 215.53 W, 72, 7726 MiB, 24576 MiB, 3 %
2026/09/04 22:06:23.503, NVIDIA GeForce RTX 3090, P2, 270.00 W, 223.23 W, 73, 7726 MiB, 24576 MiB, 47 %
2026/09/04 22:06:33.505, NVIDIA GeForce RTX 3090, P2, 270.00 W, 230.60 W, 73, 7726 MiB, 24576 MiB, 47 %
2026/09/04 22:06:43.506, NVIDIA GeForce RTX 3090, P2, 270.00 W, 219.09 W, 74, 7726 MiB, 24576 MiB, 0 %
2026/09/04 22:06:53.507, NVIDIA GeForce RTX 3090, P2, 270.00 W, 210.99 W, 72, 7726 MiB, 24576 MiB, 48 %
2026/09/04 22:07:03.508, NVIDIA GeForce RTX 3090, P2, 270.00 W, 227.98 W, 73, 7726 MiB, 24576 MiB, 48 %
2026/09/04 22:07:13.510, NVIDIA GeForce RTX 3090, P2, 270.00 W, 217.64 W, 72, 7726 MiB, 24576 MiB, 42 %
2026/09/04 22:07:23.511, NVIDIA GeForce RTX 3090, P2, 270.00 W, 217.09 W, 74, 7726 MiB, 24576 MiB, 37 %
2026/09/04 22:07:33.512, NVIDIA GeForce RTX 3090, P2, 270.00 W, 217.24 W, 72, 7726 MiB, 24576 MiB, 30 %
2026/09/04 22:07:43.513, NVIDIA GeForce RTX 3090, P2, 270.00 W, 226.99 W, 72, 7726 MiB, 24576 MiB, 44 %
2026/09/04 22:07:53.514, NVIDIA GeForce RTX 3090, P2, 270.00 W, 218.67 W, 74, 7726 MiB, 24576 MiB, 30 %
2026/09/04 22:08:03.516, NVIDIA GeForce RTX 3090, P2, 270.00 W, 217.48 W, 73, 7726 MiB, 24576 MiB, 18 %
2026/09/04 22:08:13.517, NVIDIA GeForce RTX 3090, P2, 270.00 W, 218.82 W, 72, 7726 MiB, 24576 MiB, 46 %
2026/09/04 22:08:23.518, NVIDIA GeForce RTX 3090, P2, 270.00 W, 211.68 W, 72, 7726 MiB, 24576 MiB, 50 %
2026/09/04 22:08:33.519, NVIDIA GeForce RTX 3090, P2, 270.00 W, 229.82 W, 73, 7726 MiB, 24576 MiB, 50 %
2026/09/04 22:08:43.520, NVIDIA GeForce RTX 3090, P2, 270.00 W, 219.72 W, 73, 7726 MiB, 24576 MiB, 38 %
2026/09/04 22:08:53.522, NVIDIA GeForce RTX 3090, P2, 270.00 W, 219.12 W, 72, 7726 MiB, 24576 MiB, 15 %
2026/09/04 22:09:03.523, NVIDIA GeForce RTX 3090, P2, 270.00 W, 223.62 W, 73, 7726 MiB, 24576 MiB, 7 %
2026/09/04 22:09:13.524, NVIDIA GeForce RTX 3090, P2, 270.00 W, 236.87 W, 73, 7726 MiB, 24576 MiB, 43 %
2026/09/04 22:09:23.525, NVIDIA GeForce RTX 3090, P2, 270.00 W, 226.82 W, 74, 7726 MiB, 24576 MiB, 47 %
2026/09/04 22:09:33.526, NVIDIA GeForce RTX 3090, P2, 270.00 W, 219.67 W, 74, 7726 MiB, 24576 MiB, 47 %
2026/09/04 22:09:43.528, NVIDIA GeForce RTX 3090, P2, 270.00 W, 209.41 W, 72, 7726 MiB, 24576 MiB, 0 %
2026/09/04 22:09:53.529, NVIDIA GeForce RTX 3090, P2, 270.00 W, 221.76 W, 75, 7726 MiB, 24576 MiB, 46 %
2026/09/04 22:10:03.530, NVIDIA GeForce RTX 3090, P2, 270.00 W, 225.00 W, 73, 7726 MiB, 24576 MiB, 48 %
2026/09/04 22:10:13.531, NVIDIA GeForce RTX 3090, P2, 270.00 W, 232.15 W, 74, 7726 MiB, 24576 MiB, 47 %
2026/09/04 22:10:23.532, NVIDIA GeForce RTX 3090, P2, 270.00 W, 220.49 W, 73, 7726 MiB, 24576 MiB, 30 %
2026/09/04 22:10:33.533, NVIDIA GeForce RTX 3090, P2, 270.00 W, 208.58 W, 72, 7726 MiB, 24576 MiB, 30 %
2026/09/04 22:10:43.535, NVIDIA GeForce RTX 3090, P2, 270.00 W, 221.02 W, 73, 7726 MiB, 24576 MiB, 8 %
2026/09/04 22:10:53.536, NVIDIA GeForce RTX 3090, P2, 270.00 W, 224.63 W, 71, 7726 MiB, 24576 MiB, 24 %
2026/09/04 22:11:03.537, NVIDIA GeForce RTX 3090, P2, 270.00 W, 215.21 W, 74, 7726 MiB, 24576 MiB, 29 %
2026/09/04 22:11:13.538, NVIDIA GeForce RTX 3090, P2, 270.00 W, 219.59 W, 73, 7726 MiB, 24576 MiB, 47 %
2026/09/04 22:11:23.540, NVIDIA GeForce RTX 3090, P2, 270.00 W, 219.64 W, 72, 7726 MiB, 24576 MiB, 0 %
2026/09/04 22:11:33.541, NVIDIA GeForce RTX 3090, P2, 270.00 W, 223.64 W, 72, 7726 MiB, 24576 MiB, 49 %
2026/09/04 22:11:43.542, NVIDIA GeForce RTX 3090, P2, 270.00 W, 220.81 W, 72, 7726 MiB, 24576 MiB, 8 %
2026/09/04 22:11:53.543, NVIDIA GeForce RTX 3090, P2, 270.00 W, 218.25 W, 72, 7726 MiB, 24576 MiB, 25 %
2026/09/04 22:12:03.544, NVIDIA GeForce RTX 3090, P2, 270.00 W, 209.33 W, 74, 7726 MiB, 24576 MiB, 50 %
2026/09/04 22:12:13.545, NVIDIA GeForce RTX 3090, P2, 270.00 W, 210.43 W, 71, 7726 MiB, 24576 MiB, 48 %
2026/09/04 22:12:23.547, NVIDIA GeForce RTX 3090, P2, 270.00 W, 224.43 W, 73, 7726 MiB, 24576 MiB, 10 %
2026/09/04 22:12:33.548, NVIDIA GeForce RTX 3090, P2, 270.00 W, 223.22 W, 74, 7726 MiB, 24576 MiB, 48 %
2026/09/04 22:12:43.549, NVIDIA GeForce RTX 3090, P2, 270.00 W, 225.92 W, 72, 7726 MiB, 24576 MiB, 45 %
2026/09/04 22:12:53.550, NVIDIA GeForce RTX 3090, P2, 270.00 W, 214.47 W, 74, 7726 MiB, 24576 MiB, 0 %
2026/09/04 22:13:03.551, NVIDIA GeForce RTX 3090, P2, 270.00 W, 212.26 W, 72, 7726 MiB, 24576 MiB, 31 %
2026/09/04 22:13:13.552, NVIDIA GeForce RTX 3090, P2, 270.00 W, 233.26 W, 73, 7726 MiB, 24576 MiB, 18 %
2026/09/04 22:13:23.554, NVIDIA GeForce RTX 3090, P2, 270.00 W, 218.87 W, 73, 7726 MiB, 24576 MiB, 19 %
2026/09/04 22:13:33.555, NVIDIA GeForce RTX 3090, P2, 270.00 W, 206.23 W, 73, 7726 MiB, 24576 MiB, 25 %
2026/09/04 22:13:43.556, NVIDIA GeForce RTX 3090, P2, 270.00 W, 227.52 W, 74, 7726 MiB, 24576 MiB, 39 %
2026/09/04 22:13:53.557, NVIDIA GeForce RTX 3090, P2, 270.00 W, 219.82 W, 72, 7726 MiB, 24576 MiB, 50 %
2026/09/04 22:14:03.558, NVIDIA GeForce RTX 3090, P2, 270.00 W, 208.90 W, 74, 7726 MiB, 24576 MiB, 45 %
2026/09/04 22:14:13.560, NVIDIA GeForce RTX 3090, P2, 270.00 W, 216.54 W, 74, 7726 MiB, 24576 MiB, 6 %
2026/09/04 22:14:23.561, NVIDIA GeForce RTX 3090, P2, 270.00 W, 209.58 W, 72, 7726 MiB, 24576 MiB, 23 %
2026/09/04 22:14:33.562, NVIDIA GeForce RTX 3090, P2, 270.00 W, 227.71 W, 73, 7726 MiB, 24576 MiB, 26 %
2026/09/04 22:14:43.563, NVIDIA GeForce RTX 3090, P2, 270.00 W, 232.66 W, 72, 7726 MiB, 24576 MiB, 4 %
2026/09/04 22:14:53.564, NVIDIA GeForce RTX 3090, P2, 270.00 W, 215.20 W, 71, 7726 MiB, 24576 MiB, 49 %
2026/09/04 22:15:03.565, NVIDIA GeForce RTX 3090, P2, 270.00 W, 214.88 W, 73, 7726 MiB, 24576 MiB, 31 %
2026/09/04 22:15:13.567, NVIDIA GeForce RTX 3090, P2, 270.00 W, 214.49 W, 72, 7726 MiB, 24576 MiB, 30 %
2026/09/04 22:15:23.568, NVIDIA GeForce RTX 3090, P2, 270.00 W, 225.29 W, 73, 7726 MiB, 24576 MiB, 2 %
2026/09/04 22:15:33.569, NVIDIA GeForce RTX 3090, P2, 270.00 W, 226.51 W, 72, 7726 MiB, 24576 MiB, 48 %
2026/09/04 22:15:43.570, NVIDIA GeForce RTX 3090, P2, 270.00 W, 222.17 W, 74, 7726 MiB, 24576 MiB, 40 %
2026/09/04 22:15:53.572, NVIDIA GeForce RTX 3090, P2, 270.00 W, 215.47 W, 74, 7726 MiB, 24576 MiB, 32 %
2026/09/04 22:16:03.573, NVIDIA GeForce RTX 3090, P2, 270.00 W, 224.76 W, 72, 7726 MiB, 24576 MiB, 12 %
2026/09/04 22:16:13.574, NVIDIA GeForce RTX 3090, P2, 270.00 W, 236.17 W, 72, 7726 MiB, 24576 MiB, 20 %
2026/09/04 22:16:23.576, NVIDIA GeForce RTX 3090, P2, 270.00 W, 216.79 W, 74, 7726 MiB, 24576 MiB, 30 %
2026/09/04 22:16:33.577, NVIDIA GeForce RTX 3090, P2, 270.00 W, 211.93 W, 73, 7726 MiB, 24576 MiB, 5 %
2026/09/04 22:16:43.578, NVIDIA GeForce RTX 3090, P2, 270.00 W, 211.66 W, 72, 7726 MiB, 24576 MiB, 41 %
2026/09/04 22:16:53.579, NVIDIA GeForce RTX 3090, P2, 270.00 W, 218.10 W, 72, 7726 MiB, 24576 MiB, 6 %
2026/09/04 22:17:03.580, NVIDIA GeForce RTX 3090, P2, 270.00 W, 223.44 W, 72, 7726 MiB, 24576 MiB, 34 %
2026/09/04 22:17:13.581, NVIDIA GeForce RTX 3090, P2, 270.00 W, 220.18 W, 74, 7726 MiB, 24576 MiB, 9 %
2026/09/04 22:17:23.583, NVIDIA GeForce RTX 3090, P2, 270.00 W, 216.03 W, 74, 7726 MiB, 24576 MiB, 5 %
2026/09/04 22:17:33.584, NVIDIA GeForce RTX 3090, P2, 270.00 W, 215.01 W, 72, 7726 MiB, 24576 MiB, 0 %
2026/09/04 22:17:43.585, NVIDIA GeForce RTX 3090, P2, 270.00 W, 218.09 W, 74, 7726 MiB, 24576 MiB, 44 %
2026/09/04 22:17:53.586, NVIDIA GeForce RTX 3090, P2, 270.00 W, 224.18 W, 73, 7726 MiB, 24576 MiB, 48 %
2026/09/04 22:18:03.588, NVIDIA GeForce RTX 3090, P2, 270.00 W, 228.50 W, 74, 7726 MiB, 24576 MiB, 0 %
2026/09/04 22:18:13.589, NVIDIA GeForce RTX 3090, P2, 270.00 W, 217.52 W, 74, 7726 MiB, 24576 MiB, 35 %
2026/09/04 22:18:23.590, NVIDIA GeForce RTX 3090, P2, 270.00 W, 216.93 W, 72, 7726 MiB, 24576 MiB, 27 %
2026/09/04 22:18:33.592, NVIDIA GeForce RTX 3090, P2, 270.00 W, 228.39 W, 73, 7726 MiB, 24576 MiB, 32 %
2026/09/04 22:18:43.593, NVIDIA GeForce RTX 3090, P2, 270.00 W, 228.71 W, 74, 7726 MiB, 24576 MiB, 27 %
2026/09/04 22:18:53.594, NVIDIA GeForce RTX 3090, P2, 270.00 W, 211.10 W, 73, 7726 MiB, 24576 MiB, 44 %
2026/09/04 22:19:03.595, NVIDIA GeForce RTX 3090, P2, 270.00 W, 218.24 W, 72, 7726 MiB, 24576 MiB, 0 %
2026/09/04 22:19:13.596, NVIDIA GeForce RTX 3090, P2, 270.00 W, 225.84 W, 73, 7726 MiB, 24576 MiB, 19 %
2026/09/04 22:19:23.598, NVIDIA GeForce RTX 3090, P2, 270.00 W, 231.64 W, 73, 7726 MiB, 24576 MiB, 49 %
2026/09/04 22:19:33.599, NVIDIA GeForce RTX 3090, P2, 270.00 W, 225.07 W, 73, 7726 MiB, 24576 MiB, 46 %
2026/09/04 22:19:43.600, NVIDIA GeForce RTX 3090, P2, 270.00 W, 216.72 W, 73, 7726 MiB, 24576 MiB, 0 %
2026/09/04 22:19:53.601, NVIDIA GeForce RTX 3090, P2, 270.00 W, 210.40 W, 72, 7726 MiB, 24576 MiB, 0 %
2026/09/04 22:20:03.603, NVIDIA GeForce RTX 3090, P2, 270.00 W, 222.31 W, 73, 7726 MiB, 24576 MiB, 49 %
2026/09/04 22:20:13.604, NVIDIA GeForce RTX 3090, P2, 270.00 W, 234.55 W, 73, 7726 MiB, 24576 MiB, 41 %
2026/09/04 22:20:23.605, NVIDIA GeForce RTX 3090, P2, 270.00 W, 220.56 W, 74, 7726 MiB, 24576 MiB, 26 %
2026/09/04 22:20:33.606, NVIDIA GeForce RTX 3090, P2, 270.00 W, 209.32 W, 72, 7726 MiB, 24576 MiB, 34 %
2026/09/04 22:20:43.608, NVIDIA GeForce RTX 3090, P2, 270.00 W, 211.96 W, 72, 7726 MiB, 24576 MiB, 0 %
2026/09/04 22:20:53.609, NVIDIA GeForce RTX 3090, P2, 270.00 W, 230.06 W, 73, 7726 MiB, 24576 MiB, 48 %
2026/09/04 22:21:03.610, NVIDIA GeForce RTX 3090, P2, 270.00 W, 226.19 W, 73, 7726 MiB, 24576 MiB, 50 %
2026/09/04 22:21:13.611, NVIDIA GeForce RTX 3090, P2, 270.00 W, 202.31 W, 71, 7726 MiB, 24576 MiB, 8 %
2026/09/04 22:21:23.613, NVIDIA GeForce RTX 3090, P2, 270.00 W, 221.33 W, 73, 7726 MiB, 24576 MiB, 48 %
2026/09/04 22:21:33.614, NVIDIA GeForce RTX 3090, P2, 270.00 W, 232.05 W, 72, 7726 MiB, 24576 MiB, 31 %
2026/09/04 22:21:43.615, NVIDIA GeForce RTX 3090, P2, 270.00 W, 215.76 W, 73, 7726 MiB, 24576 MiB, 19 %
2026/09/04 22:21:53.617, NVIDIA GeForce RTX 3090, P2, 270.00 W, 229.86 W, 74, 7726 MiB, 24576 MiB, 0 %
2026/09/04 22:22:03.618, NVIDIA GeForce RTX 3090, P2, 270.00 W, 222.48 W, 72, 7726 MiB, 24576 MiB, 47 %
2026/09/04 22:22:13.619, NVIDIA GeForce RTX 3090, P2, 270.00 W, 225.48 W, 73, 7726 MiB, 24576 MiB, 31 %
2026/09/04 22:22:23.621, NVIDIA GeForce RTX 3090, P2, 270.00 W, 218.21 W, 73, 7726 MiB, 24576 MiB, 33 %
2026/09/04 22:22:33.622, NVIDIA GeForce RTX 3090, P2, 270.00 W, 221.08 W, 73, 7726 MiB, 24576 MiB, 24 %
2026/09/04 22:22:43.623, NVIDIA GeForce RTX 3090, P2, 270.00 W, 206.68 W, 72, 7726 MiB, 24576 MiB, 45 %
2026/09/04 22:22:53.625, NVIDIA GeForce RTX 3090, P2, 270.00 W, 235.52 W, 73, 7726 MiB, 24576 MiB, 34 %
2026/09/04 22:23:03.626, NVIDIA GeForce RTX 3090, P2, 270.00 W, 218.21 W, 74, 7726 MiB, 24576 MiB, 27 %
2026/09/04 22:23:13.627, NVIDIA GeForce RTX 3090, P2, 270.00 W, 205.74 W, 72, 7726 MiB, 24576 MiB, 0 %
2026/09/04 22:23:23.629, NVIDIA GeForce RTX 3090, P2, 270.00 W, 218.98 W, 72, 7726 MiB, 24576 MiB, 24 %
2026/09/04 22:23:33.630, NVIDIA GeForce RTX 3090, P2, 270.00 W, 223.00 W, 72, 7726 MiB, 24576 MiB, 47 %
2026/09/04 22:23:43.631, NVIDIA GeForce RTX 3090, P2, 270.00 W, 224.60 W, 71, 7726 MiB, 24576 MiB, 47 %
2026/09/04 22:23:53.633, NVIDIA GeForce RTX 3090, P2, 270.00 W, 221.24 W, 74, 7726 MiB, 24576 MiB, 47 %
2026/09/04 22:24:03.634, NVIDIA GeForce RTX 3090, P2, 270.00 W, 211.46 W, 72, 7726 MiB, 24576 MiB, 30 %
2026/09/04 22:24:13.635, NVIDIA GeForce RTX 3090, P2, 270.00 W, 217.95 W, 72, 7726 MiB, 24576 MiB, 34 %
2026/09/04 22:24:23.637, NVIDIA GeForce RTX 3090, P2, 270.00 W, 230.88 W, 72, 7726 MiB, 24576 MiB, 36 %
2026/09/04 22:24:33.638, NVIDIA GeForce RTX 3090, P2, 270.00 W, 226.95 W, 74, 7726 MiB, 24576 MiB, 48 %
2026/09/04 22:24:43.639, NVIDIA GeForce RTX 3090, P2, 270.00 W, 218.56 W, 74, 7726 MiB, 24576 MiB, 47 %
2026/09/04 22:24:53.640, NVIDIA GeForce RTX 3090, P2, 270.00 W, 208.54 W, 72, 7726 MiB, 24576 MiB, 39 %
2026/09/04 22:25:03.641, NVIDIA GeForce RTX 3090, P2, 270.00 W, 225.25 W, 73, 7726 MiB, 24576 MiB, 48 %
2026/09/04 22:25:13.642, NVIDIA GeForce RTX 3090, P2, 270.00 W, 231.75 W, 72, 7726 MiB, 24576 MiB, 5 %
2026/09/04 22:25:23.644, NVIDIA GeForce RTX 3090, P2, 270.00 W, 222.44 W, 74, 7726 MiB, 24576 MiB, 30 %
2026/09/04 22:25:33.645, NVIDIA GeForce RTX 3090, P2, 270.00 W, 217.54 W, 74, 7726 MiB, 24576 MiB, 8 %
2026/09/04 22:25:43.646, NVIDIA GeForce RTX 3090, P2, 270.00 W, 213.93 W, 72, 7726 MiB, 24576 MiB, 47 %
2026/09/04 22:25:53.647, NVIDIA GeForce RTX 3090, P2, 270.00 W, 216.93 W, 73, 7726 MiB, 24576 MiB, 50 %
2026/09/04 22:26:03.648, NVIDIA GeForce RTX 3090, P2, 270.00 W, 232.47 W, 72, 7726 MiB, 24576 MiB, 14 %
2026/09/04 22:26:13.650, NVIDIA GeForce RTX 3090, P2, 270.00 W, 222.94 W, 73, 7726 MiB, 24576 MiB, 47 %
2026/09/04 22:26:23.651, NVIDIA GeForce RTX 3090, P2, 270.00 W, 220.70 W, 73, 7726 MiB, 24576 MiB, 17 %
2026/09/04 22:26:33.652, NVIDIA GeForce RTX 3090, P2, 270.00 W, 213.24 W, 73, 7726 MiB, 24576 MiB, 31 %
2026/09/04 22:26:43.653, NVIDIA GeForce RTX 3090, P2, 270.00 W, 209.16 W, 72, 7726 MiB, 24576 MiB, 0 %
2026/09/04 22:26:53.655, NVIDIA GeForce RTX 3090, P2, 270.00 W, 221.37 W, 72, 7726 MiB, 24576 MiB, 5 %
2026/09/04 22:27:03.656, NVIDIA GeForce RTX 3090, P2, 270.00 W, 234.48 W, 73, 7726 MiB, 24576 MiB, 29 %
2026/09/04 22:27:13.657, NVIDIA GeForce RTX 3090, P2, 270.00 W, 217.73 W, 73, 7726 MiB, 24576 MiB, 22 %
2026/09/04 22:27:23.658, NVIDIA GeForce RTX 3090, P2, 270.00 W, 202.29 W, 72, 7726 MiB, 24576 MiB, 49 %
2026/09/04 22:27:33.659, NVIDIA GeForce RTX 3090, P2, 270.00 W, 222.59 W, 72, 7726 MiB, 24576 MiB, 6 %
2026/09/04 22:27:43.661, NVIDIA GeForce RTX 3090, P2, 270.00 W, 229.84 W, 73, 7726 MiB, 24576 MiB, 29 %
2026/09/04 22:27:53.662, NVIDIA GeForce RTX 3090, P2, 270.00 W, 216.26 W, 73, 7726 MiB, 24576 MiB, 30 %
2026/09/04 22:28:03.663, NVIDIA GeForce RTX 3090, P2, 270.00 W, 218.58 W, 74, 7726 MiB, 24576 MiB, 0 %
2026/09/04 22:28:13.665, NVIDIA GeForce RTX 3090, P2, 270.00 W, 211.04 W, 72, 7726 MiB, 24576 MiB, 0 %
2026/09/04 22:28:23.666, NVIDIA GeForce RTX 3090, P2, 270.00 W, 231.16 W, 74, 7726 MiB, 24576 MiB, 47 %
2026/09/04 22:28:33.667, NVIDIA GeForce RTX 3090, P2, 270.00 W, 226.17 W, 73, 7726 MiB, 24576 MiB, 50 %
2026/09/04 22:28:43.668, NVIDIA GeForce RTX 3090, P2, 270.00 W, 230.70 W, 74, 7726 MiB, 24576 MiB, 48 %
2026/09/04 22:28:53.670, NVIDIA GeForce RTX 3090, P2, 270.00 W, 218.97 W, 72, 7726 MiB, 24576 MiB, 0 %
2026/09/04 22:29:03.671, NVIDIA GeForce RTX 3090, P2, 270.00 W, 229.46 W, 73, 7726 MiB, 24576 MiB, 48 %
2026/09/04 22:29:13.672, NVIDIA GeForce RTX 3090, P2, 270.00 W, 226.27 W, 72, 7726 MiB, 24576 MiB, 22 %
2026/09/04 22:29:23.673, NVIDIA GeForce RTX 3090, P2, 270.00 W, 222.63 W, 74, 7726 MiB, 24576 MiB, 30 %
2026/09/04 22:29:33.675, NVIDIA GeForce RTX 3090, P2, 270.00 W, 221.62 W, 73, 7726 MiB, 24576 MiB, 39 %
2026/09/04 22:29:43.676, NVIDIA GeForce RTX 3090, P2, 270.00 W, 207.49 W, 71, 7726 MiB, 24576 MiB, 0 %
2026/09/04 22:29:53.677, NVIDIA GeForce RTX 3090, P2, 270.00 W, 228.71 W, 73, 7726 MiB, 24576 MiB, 49 %
2026/09/04 22:30:03.678, NVIDIA GeForce RTX 3090, P2, 270.00 W, 222.04 W, 73, 7726 MiB, 24576 MiB, 52 %
2026/09/04 22:30:13.679, NVIDIA GeForce RTX 3090, P2, 270.00 W, 224.10 W, 74, 7726 MiB, 24576 MiB, 48 %
2026/09/04 22:30:23.681, NVIDIA GeForce RTX 3090, P2, 270.00 W, 220.57 W, 74, 7726 MiB, 24576 MiB, 48 %
2026/09/04 22:30:33.682, NVIDIA GeForce RTX 3090, P2, 270.00 W, 213.48 W, 72, 7726 MiB, 24576 MiB, 48 %
2026/09/04 22:30:43.683, NVIDIA GeForce RTX 3090, P2, 270.00 W, 224.94 W, 73, 7726 MiB, 24576 MiB, 49 %
2026/09/04 22:30:53.684, NVIDIA GeForce RTX 3090, P2, 270.00 W, 224.28 W, 73, 7726 MiB, 24576 MiB, 43 %
2026/09/04 22:31:03.686, NVIDIA GeForce RTX 3090, P2, 270.00 W, 221.72 W, 75, 7726 MiB, 24576 MiB, 47 %
2026/09/04 22:31:13.687, NVIDIA GeForce RTX 3090, P2, 270.00 W, 206.38 W, 71, 7726 MiB, 24576 MiB, 48 %
2026/09/04 22:31:23.688, NVIDIA GeForce RTX 3090, P2, 270.00 W, 219.57 W, 73, 7726 MiB, 24576 MiB, 46 %
2026/09/04 22:31:33.690, NVIDIA GeForce RTX 3090, P2, 270.00 W, 221.18 W, 74, 7726 MiB, 24576 MiB, 44 %
2026/09/04 22:31:43.691, NVIDIA GeForce RTX 3090, P2, 270.00 W, 231.36 W, 72, 7726 MiB, 24576 MiB, 47 %
2026/09/04 22:31:53.692, NVIDIA GeForce RTX 3090, P2, 270.00 W, 220.30 W, 74, 7726 MiB, 24576 MiB, 19 %
2026/09/04 22:32:03.694, NVIDIA GeForce RTX 3090, P2, 270.00 W, 226.63 W, 74, 7726 MiB, 24576 MiB, 0 %
2026/09/04 22:32:13.695, NVIDIA GeForce RTX 3090, P2, 270.00 W, 218.65 W, 71, 7726 MiB, 24576 MiB, 0 %
2026/09/04 22:32:23.696, NVIDIA GeForce RTX 3090, P2, 270.00 W, 228.48 W, 74, 7726 MiB, 24576 MiB, 48 %
2026/09/04 22:32:33.697, NVIDIA GeForce RTX 3090, P2, 270.00 W, 226.69 W, 74, 7726 MiB, 24576 MiB, 45 %
2026/09/04 22:32:43.698, NVIDIA GeForce RTX 3090, P2, 270.00 W, 212.02 W, 71, 7726 MiB, 24576 MiB, 50 %
2026/09/04 22:32:53.700, NVIDIA GeForce RTX 3090, P2, 270.00 W, 214.44 W, 72, 7726 MiB, 24576 MiB, 35 %
2026/09/04 22:33:03.701, NVIDIA GeForce RTX 3090, P2, 270.00 W, 218.80 W, 73, 7726 MiB, 24576 MiB, 48 %
2026/09/04 22:33:13.702, NVIDIA GeForce RTX 3090, P2, 270.00 W, 233.79 W, 73, 7726 MiB, 24576 MiB, 44 %
2026/09/04 22:33:23.703, NVIDIA GeForce RTX 3090, P2, 270.00 W, 221.87 W, 74, 7726 MiB, 24576 MiB, 0 %
2026/09/04 22:33:33.705, NVIDIA GeForce RTX 3090, P2, 270.00 W, 207.33 W, 71, 7726 MiB, 24576 MiB, 0 %
2026/09/04 22:33:43.706, NVIDIA GeForce RTX 3090, P2, 270.00 W, 225.85 W, 72, 7726 MiB, 24576 MiB, 36 %
2026/09/04 22:33:53.707, NVIDIA GeForce RTX 3090, P2, 270.00 W, 234.01 W, 73, 7726 MiB, 24576 MiB, 43 %
2026/09/04 22:34:03.708, NVIDIA GeForce RTX 3090, P2, 270.00 W, 221.26 W, 74, 7726 MiB, 24576 MiB, 0 %
2026/09/04 22:34:13.710, NVIDIA GeForce RTX 3090, P2, 270.00 W, 216.58 W, 73, 7726 MiB, 24576 MiB, 30 %
2026/09/04 22:34:23.711, NVIDIA GeForce RTX 3090, P2, 270.00 W, 218.96 W, 72, 7726 MiB, 24576 MiB, 6 %
2026/09/04 22:34:33.712, NVIDIA GeForce RTX 3090, P2, 270.00 W, 218.40 W, 73, 7726 MiB, 24576 MiB, 25 %
2026/09/04 22:34:43.714, NVIDIA GeForce RTX 3090, P2, 270.00 W, 232.85 W, 73, 7726 MiB, 24576 MiB, 47 %
2026/09/04 22:34:53.715, NVIDIA GeForce RTX 3090, P2, 270.00 W, 215.17 W, 75, 7726 MiB, 24576 MiB, 0 %
2026/09/04 22:35:03.716, NVIDIA GeForce RTX 3090, P2, 270.00 W, 222.71 W, 72, 7726 MiB, 24576 MiB, 0 %
2026/09/04 22:35:13.718, NVIDIA GeForce RTX 3090, P2, 270.00 W, 224.22 W, 73, 7726 MiB, 24576 MiB, 47 %
2026/09/04 22:35:23.719, NVIDIA GeForce RTX 3090, P2, 270.00 W, 235.35 W, 72, 7726 MiB, 24576 MiB, 23 %
2026/09/04 22:35:33.720, NVIDIA GeForce RTX 3090, P2, 270.00 W, 227.30 W, 74, 7726 MiB, 24576 MiB, 50 %
2026/09/04 22:35:43.722, NVIDIA GeForce RTX 3090, P2, 270.00 W, 223.52 W, 73, 7726 MiB, 24576 MiB, 3 %
2026/09/04 22:35:53.723, NVIDIA GeForce RTX 3090, P2, 270.00 W, 225.06 W, 72, 7726 MiB, 24576 MiB, 0 %
2026/09/04 22:36:03.724, NVIDIA GeForce RTX 3090, P2, 270.00 W, 221.36 W, 72, 7726 MiB, 24576 MiB, 17 %
2026/09/04 22:36:13.726, NVIDIA GeForce RTX 3090, P2, 270.00 W, 228.12 W, 72, 7726 MiB, 24576 MiB, 37 %
2026/09/04 22:36:23.727, NVIDIA GeForce RTX 3090, P2, 270.00 W, 220.30 W, 73, 7726 MiB, 24576 MiB, 24 %
2026/09/04 22:36:33.728, NVIDIA GeForce RTX 3090, P2, 270.00 W, 220.29 W, 73, 7726 MiB, 24576 MiB, 27 %
2026/09/04 22:36:43.729, NVIDIA GeForce RTX 3090, P2, 270.00 W, 222.35 W, 73, 7726 MiB, 24576 MiB, 48 %
2026/09/04 22:36:53.731, NVIDIA GeForce RTX 3090, P2, 270.00 W, 235.99 W, 73, 7726 MiB, 24576 MiB, 5 %
2026/09/04 22:37:03.732, NVIDIA GeForce RTX 3090, P2, 270.00 W, 221.60 W, 74, 7726 MiB, 24576 MiB, 0 %
2026/09/04 22:37:13.733, NVIDIA GeForce RTX 3090, P2, 270.00 W, 207.48 W, 71, 7726 MiB, 24576 MiB, 49 %
2026/09/04 22:37:23.734, NVIDIA GeForce RTX 3090, P2, 270.00 W, 216.88 W, 72, 7726 MiB, 24576 MiB, 23 %
2026/09/04 22:37:33.736, NVIDIA GeForce RTX 3090, P2, 270.00 W, 219.95 W, 73, 7726 MiB, 24576 MiB, 30 %
2026/09/04 22:37:43.738, NVIDIA GeForce RTX 3090, P2, 270.00 W, 233.27 W, 73, 7726 MiB, 24576 MiB, 26 %
2026/09/04 22:37:53.739, NVIDIA GeForce RTX 3090, P2, 270.00 W, 220.82 W, 74, 7726 MiB, 24576 MiB, 47 %
2026/09/04 22:38:03.740, NVIDIA GeForce RTX 3090, P2, 270.00 W, 209.67 W, 72, 7726 MiB, 24576 MiB, 49 %
2026/09/04 22:38:13.741, NVIDIA GeForce RTX 3090, P2, 270.00 W, 227.52 W, 74, 7726 MiB, 24576 MiB, 49 %
2026/09/04 22:38:23.742, NVIDIA GeForce RTX 3090, P2, 270.00 W, 219.54 W, 73, 7726 MiB, 24576 MiB, 38 %
2026/09/04 22:38:33.744, NVIDIA GeForce RTX 3090, P2, 270.00 W, 220.28 W, 73, 7726 MiB, 24576 MiB, 3 %
2026/09/04 22:38:43.745, NVIDIA GeForce RTX 3090, P2, 270.00 W, 210.86 W, 72, 7726 MiB, 24576 MiB, 0 %
2026/09/04 22:38:53.747, NVIDIA GeForce RTX 3090, P2, 270.00 W, 220.36 W, 73, 7726 MiB, 24576 MiB, 28 %
2026/09/04 22:39:03.748, NVIDIA GeForce RTX 3090, P2, 270.00 W, 232.57 W, 72, 7726 MiB, 24576 MiB, 31 %
2026/09/04 22:39:13.749, NVIDIA GeForce RTX 3090, P2, 270.00 W, 206.31 W, 73, 7726 MiB, 24576 MiB, 32 %
2026/09/04 22:39:23.751, NVIDIA GeForce RTX 3090, P2, 270.00 W, 210.95 W, 71, 7726 MiB, 24576 MiB, 0 %
2026/09/04 22:39:33.752, NVIDIA GeForce RTX 3090, P2, 270.00 W, 221.46 W, 74, 7726 MiB, 24576 MiB, 40 %
2026/09/04 22:39:43.753, NVIDIA GeForce RTX 3090, P2, 270.00 W, 226.13 W, 72, 7726 MiB, 24576 MiB, 48 %
2026/09/04 22:39:53.755, NVIDIA GeForce RTX 3090, P2, 270.00 W, 223.03 W, 75, 7726 MiB, 24576 MiB, 0 %
2026/09/04 22:40:03.756, NVIDIA GeForce RTX 3090, P2, 270.00 W, 210.55 W, 70, 7726 MiB, 24576 MiB, 0 %
2026/09/04 22:40:13.757, NVIDIA GeForce RTX 3090, P2, 270.00 W, 221.31 W, 72, 7726 MiB, 24576 MiB, 5 %
2026/09/04 22:40:23.759, NVIDIA GeForce RTX 3090, P2, 270.00 W, 229.66 W, 73, 7726 MiB, 24576 MiB, 52 %
2026/09/04 22:40:33.760, NVIDIA GeForce RTX 3090, P2, 270.00 W, 221.30 W, 74, 7726 MiB, 24576 MiB, 30 %
2026/09/04 22:40:43.761, NVIDIA GeForce RTX 3090, P2, 270.00 W, 216.79 W, 73, 7726 MiB, 24576 MiB, 7 %
2026/09/04 22:40:53.762, NVIDIA GeForce RTX 3090, P2, 270.00 W, 211.93 W, 72, 7726 MiB, 24576 MiB, 0 %
2026/09/04 22:41:03.764, NVIDIA GeForce RTX 3090, P2, 270.00 W, 231.85 W, 74, 7726 MiB, 24576 MiB, 47 %
2026/09/04 22:41:13.765, NVIDIA GeForce RTX 3090, P2, 270.00 W, 232.04 W, 73, 7726 MiB, 24576 MiB, 46 %
2026/09/04 22:41:23.766, NVIDIA GeForce RTX 3090, P2, 270.00 W, 217.44 W, 73, 7726 MiB, 24576 MiB, 30 %
2026/09/04 22:41:33.767, NVIDIA GeForce RTX 3090, P2, 270.00 W, 224.96 W, 74, 7726 MiB, 24576 MiB, 39 %
2026/09/04 22:41:43.768, NVIDIA GeForce RTX 3090, P2, 270.00 W, 218.98 W, 72, 7726 MiB, 24576 MiB, 0 %
2026/09/04 22:41:53.770, NVIDIA GeForce RTX 3090, P2, 270.00 W, 206.60 W, 72, 7726 MiB, 24576 MiB, 22 %
2026/09/04 22:42:03.771, NVIDIA GeForce RTX 3090, P2, 270.00 W, 232.40 W, 73, 7726 MiB, 24576 MiB, 10 %
2026/09/04 22:42:13.773, NVIDIA GeForce RTX 3090, P2, 270.00 W, 227.51 W, 73, 7726 MiB, 24576 MiB, 39 %
2026/09/04 22:42:23.774, NVIDIA GeForce RTX 3090, P2, 270.00 W, 227.13 W, 74, 7726 MiB, 24576 MiB, 48 %
2026/09/04 22:42:33.775, NVIDIA GeForce RTX 3090, P2, 270.00 W, 212.10 W, 72, 7726 MiB, 24576 MiB, 4 %
2026/09/04 22:42:43.776, NVIDIA GeForce RTX 3090, P2, 270.00 W, 212.98 W, 72, 7726 MiB, 24576 MiB, 0 %
2026/09/04 22:42:53.778, NVIDIA GeForce RTX 3090, P2, 270.00 W, 216.57 W, 73, 7726 MiB, 24576 MiB, 18 %
2026/09/04 22:43:03.779, NVIDIA GeForce RTX 3090, P2, 270.00 W, 216.71 W, 72, 7726 MiB, 24576 MiB, 49 %
2026/09/04 22:43:13.781, NVIDIA GeForce RTX 3090, P2, 270.00 W, 236.87 W, 74, 7726 MiB, 24576 MiB, 49 %
2026/09/04 22:43:23.782, NVIDIA GeForce RTX 3090, P2, 270.00 W, 220.39 W, 74, 7726 MiB, 24576 MiB, 36 %
2026/09/04 22:43:33.784, NVIDIA GeForce RTX 3090, P2, 270.00 W, 222.74 W, 75, 7726 MiB, 24576 MiB, 0 %
2026/09/04 22:43:43.785, NVIDIA GeForce RTX 3090, P2, 270.00 W, 222.65 W, 72, 7726 MiB, 24576 MiB, 47 %
2026/09/04 22:43:53.786, NVIDIA GeForce RTX 3090, P2, 270.00 W, 218.40 W, 73, 7726 MiB, 24576 MiB, 29 %
2026/09/04 22:44:03.788, NVIDIA GeForce RTX 3090, P2, 270.00 W, 232.47 W, 73, 7726 MiB, 24576 MiB, 35 %
2026/09/04 22:44:13.789, NVIDIA GeForce RTX 3090, P2, 270.00 W, 222.57 W, 75, 7726 MiB, 24576 MiB, 0 %
2026/09/04 22:44:23.790, NVIDIA GeForce RTX 3090, P2, 270.00 W, 209.20 W, 72, 7726 MiB, 24576 MiB, 30 %
2026/09/04 22:44:33.792, NVIDIA GeForce RTX 3090, P2, 270.00 W, 228.84 W, 73, 7726 MiB, 24576 MiB, 17 %
2026/09/04 22:44:43.793, NVIDIA GeForce RTX 3090, P2, 270.00 W, 229.64 W, 73, 7726 MiB, 24576 MiB, 31 %
2026/09/04 22:44:53.794, NVIDIA GeForce RTX 3090, P2, 270.00 W, 230.64 W, 74, 7726 MiB, 24576 MiB, 48 %
2026/09/04 22:45:03.796, NVIDIA GeForce RTX 3090, P2, 270.00 W, 223.07 W, 74, 7726 MiB, 24576 MiB, 22 %
2026/09/04 22:45:13.797, NVIDIA GeForce RTX 3090, P2, 270.00 W, 222.04 W, 74, 7726 MiB, 24576 MiB, 0 %
2026/09/04 22:45:23.798, NVIDIA GeForce RTX 3090, P2, 270.00 W, 213.87 W, 72, 7726 MiB, 24576 MiB, 48 %
2026/09/04 22:45:33.800, NVIDIA GeForce RTX 3090, P2, 270.00 W, 224.45 W, 74, 7726 MiB, 24576 MiB, 49 %
2026/09/04 22:45:43.802, NVIDIA GeForce RTX 3090, P2, 270.00 W, 219.14 W, 71, 7726 MiB, 24576 MiB, 48 %
2026/09/04 22:45:53.803, NVIDIA GeForce RTX 3090, P2, 270.00 W, 222.21 W, 74, 7726 MiB, 24576 MiB, 48 %
2026/09/04 22:46:03.804, NVIDIA GeForce RTX 3090, P2, 270.00 W, 211.24 W, 72, 7726 MiB, 24576 MiB, 0 %
2026/09/04 22:46:13.806, NVIDIA GeForce RTX 3090, P2, 270.00 W, 224.53 W, 72, 7726 MiB, 24576 MiB, 5 %
2026/09/04 22:46:23.807, NVIDIA GeForce RTX 3090, P2, 270.00 W, 219.07 W, 72, 7726 MiB, 24576 MiB, 32 %
2026/09/04 22:46:33.808, NVIDIA GeForce RTX 3090, P2, 270.00 W, 227.64 W, 73, 7726 MiB, 24576 MiB, 47 %
2026/09/04 22:46:43.810, NVIDIA GeForce RTX 3090, P2, 270.00 W, 221.71 W, 75, 7726 MiB, 24576 MiB, 47 %
2026/09/04 22:46:53.811, NVIDIA GeForce RTX 3090, P2, 270.00 W, 206.75 W, 71, 7726 MiB, 24576 MiB, 0 %
2026/09/04 22:47:03.812, NVIDIA GeForce RTX 3090, P2, 270.00 W, 227.02 W, 73, 7726 MiB, 24576 MiB, 49 %
2026/09/04 22:47:13.814, NVIDIA GeForce RTX 3090, P2, 270.00 W, 235.47 W, 73, 7726 MiB, 24576 MiB, 51 %
2026/09/04 22:47:23.815, NVIDIA GeForce RTX 3090, P2, 270.00 W, 222.91 W, 74, 7726 MiB, 24576 MiB, 47 %
2026/09/04 22:47:33.816, NVIDIA GeForce RTX 3090, P2, 270.00 W, 210.85 W, 72, 7726 MiB, 24576 MiB, 0 %
2026/09/04 22:47:43.817, NVIDIA GeForce RTX 3090, P2, 270.00 W, 221.52 W, 73, 7726 MiB, 24576 MiB, 49 %
2026/09/04 22:47:53.818, NVIDIA GeForce RTX 3090, P2, 270.00 W, 218.75 W, 72, 7726 MiB, 24576 MiB, 42 %
2026/09/04 22:48:03.820, NVIDIA GeForce RTX 3090, P2, 270.00 W, 213.92 W, 73, 7726 MiB, 24576 MiB, 30 %
2026/09/04 22:48:13.821, NVIDIA GeForce RTX 3090, P2, 270.00 W, 216.79 W, 72, 7726 MiB, 24576 MiB, 0 %
2026/09/04 22:48:23.822, NVIDIA GeForce RTX 3090, P2, 270.00 W, 221.83 W, 73, 7726 MiB, 24576 MiB, 50 %
2026/09/04 22:48:33.824, NVIDIA GeForce RTX 3090, P2, 270.00 W, 233.48 W, 75, 7726 MiB, 24576 MiB, 41 %
2026/09/04 22:48:43.825, NVIDIA GeForce RTX 3090, P2, 270.00 W, 220.21 W, 74, 7726 MiB, 24576 MiB, 0 %
2026/09/04 22:48:53.826, NVIDIA GeForce RTX 3090, P2, 270.00 W, 218.44 W, 72, 7726 MiB, 24576 MiB, 31 %
2026/09/04 22:49:03.827, NVIDIA GeForce RTX 3090, P2, 270.00 W, 228.56 W, 74, 7726 MiB, 24576 MiB, 49 %
2026/09/04 22:49:13.828, NVIDIA GeForce RTX 3090, P2, 270.00 W, 232.84 W, 73, 7726 MiB, 24576 MiB, 49 %
2026/09/04 22:49:23.830, NVIDIA GeForce RTX 3090, P2, 270.00 W, 223.45 W, 74, 7726 MiB, 24576 MiB, 1 %
2026/09/04 22:49:33.831, NVIDIA GeForce RTX 3090, P2, 270.00 W, 206.15 W, 71, 7726 MiB, 24576 MiB, 49 %
2026/09/04 22:49:43.832, NVIDIA GeForce RTX 3090, P2, 270.00 W, 226.28 W, 73, 7726 MiB, 24576 MiB, 48 %
2026/09/04 22:49:53.833, NVIDIA GeForce RTX 3090, P2, 270.00 W, 232.87 W, 72, 7726 MiB, 24576 MiB, 26 %
2026/09/04 22:50:03.835, NVIDIA GeForce RTX 3090, P2, 270.00 W, 221.73 W, 74, 7726 MiB, 24576 MiB, 0 %
2026/09/04 22:50:13.836, NVIDIA GeForce RTX 3090, P2, 270.00 W, 217.25 W, 72, 7726 MiB, 24576 MiB, 48 %
2026/09/04 22:50:23.837, NVIDIA GeForce RTX 3090, P2, 270.00 W, 221.68 W, 72, 7726 MiB, 24576 MiB, 49 %
2026/09/04 22:50:33.839, NVIDIA GeForce RTX 3090, P2, 270.00 W, 235.37 W, 73, 7726 MiB, 24576 MiB, 49 %
2026/09/04 22:50:43.840, NVIDIA GeForce RTX 3090, P2, 270.00 W, 220.70 W, 73, 7726 MiB, 24576 MiB, 30 %
2026/09/04 22:50:53.841, NVIDIA GeForce RTX 3090, P2, 270.00 W, 212.32 W, 73, 7726 MiB, 24576 MiB, 7 %
2026/09/04 22:51:03.842, NVIDIA GeForce RTX 3090, P2, 270.00 W, 219.57 W, 72, 7726 MiB, 24576 MiB, 31 %
2026/09/04 22:51:13.844, NVIDIA GeForce RTX 3090, P2, 270.00 W, 225.31 W, 72, 7726 MiB, 24576 MiB, 41 %
2026/09/04 22:51:23.845, NVIDIA GeForce RTX 3090, P2, 270.00 W, 222.77 W, 73, 7726 MiB, 24576 MiB, 62 %
2026/09/04 22:51:33.846, NVIDIA GeForce RTX 3090, P2, 270.00 W, 219.07 W, 73, 7726 MiB, 24576 MiB, 35 %
2026/09/04 22:51:43.847, NVIDIA GeForce RTX 3090, P2, 270.00 W, 204.46 W, 71, 7726 MiB, 24576 MiB, 41 %
2026/09/04 22:51:53.849, NVIDIA GeForce RTX 3090, P2, 270.00 W, 207.00 W, 74, 7726 MiB, 24576 MiB, 7 %
2026/09/04 22:52:03.850, NVIDIA GeForce RTX 3090, P2, 270.00 W, 232.77 W, 72, 7726 MiB, 24576 MiB, 11 %
2026/09/04 22:52:13.851, NVIDIA GeForce RTX 3090, P2, 270.00 W, 221.36 W, 74, 7726 MiB, 24576 MiB, 30 %
2026/09/04 22:52:23.853, NVIDIA GeForce RTX 3090, P2, 270.00 W, 216.29 W, 73, 7726 MiB, 24576 MiB, 36 %
2026/09/04 22:52:33.854, NVIDIA GeForce RTX 3090, P2, 270.00 W, 220.70 W, 73, 7726 MiB, 24576 MiB, 0 %
2026/09/04 22:52:43.855, NVIDIA GeForce RTX 3090, P2, 270.00 W, 227.01 W, 73, 7726 MiB, 24576 MiB, 50 %
2026/09/04 22:52:53.856, NVIDIA GeForce RTX 3090, P2, 270.00 W, 217.53 W, 71, 7726 MiB, 24576 MiB, 47 %
2026/09/04 22:53:03.858, NVIDIA GeForce RTX 3090, P2, 270.00 W, 222.31 W, 74, 7726 MiB, 24576 MiB, 47 %
2026/09/04 22:53:13.859, NVIDIA GeForce RTX 3090, P2, 270.00 W, 211.61 W, 72, 7726 MiB, 24576 MiB, 0 %
2026/09/04 22:53:23.860, NVIDIA GeForce RTX 3090, P2, 270.00 W, 223.77 W, 73, 7726 MiB, 24576 MiB, 42 %
2026/09/04 22:53:33.862, NVIDIA GeForce RTX 3090, P2, 270.00 W, 225.75 W, 73, 7726 MiB, 24576 MiB, 47 %
2026/09/04 22:53:43.863, NVIDIA GeForce RTX 3090, P2, 270.00 W, 210.49 W, 73, 7726 MiB, 24576 MiB, 30 %
2026/09/04 22:53:53.865, NVIDIA GeForce RTX 3090, P2, 270.00 W, 222.93 W, 72, 7726 MiB, 24576 MiB, 20 %
2026/09/04 22:54:03.866, NVIDIA GeForce RTX 3090, P2, 270.00 W, 232.58 W, 74, 7726 MiB, 24576 MiB, 42 %
2026/09/04 22:54:13.868, NVIDIA GeForce RTX 3090, P2, 270.00 W, 223.33 W, 72, 7726 MiB, 24576 MiB, 25 %
2026/09/04 22:54:23.869, NVIDIA GeForce RTX 3090, P2, 270.00 W, 219.58 W, 74, 7726 MiB, 24576 MiB, 47 %
2026/09/04 22:54:33.870, NVIDIA GeForce RTX 3090, P2, 270.00 W, 221.60 W, 71, 7726 MiB, 24576 MiB, 0 %
2026/09/04 22:54:43.872, NVIDIA GeForce RTX 3090, P2, 270.00 W, 235.57 W, 73, 7726 MiB, 24576 MiB, 30 %
2026/09/04 22:54:53.874, NVIDIA GeForce RTX 3090, P2, 270.00 W, 215.99 W, 73, 7726 MiB, 24576 MiB, 31 %
2026/09/04 22:55:03.875, NVIDIA GeForce RTX 3090, P2, 270.00 W, 212.17 W, 73, 7726 MiB, 24576 MiB, 12 %
2026/09/04 22:55:13.877, NVIDIA GeForce RTX 3090, P2, 270.00 W, 222.64 W, 73, 7726 MiB, 24576 MiB, 30 %
2026/09/04 22:55:23.878, NVIDIA GeForce RTX 3090, P2, 270.00 W, 235.09 W, 72, 7726 MiB, 24576 MiB, 19 %
2026/09/04 22:55:33.879, NVIDIA GeForce RTX 3090, P2, 270.00 W, 219.73 W, 74, 7726 MiB, 24576 MiB, 30 %
2026/09/04 22:55:43.881, NVIDIA GeForce RTX 3090, P2, 270.00 W, 226.02 W, 74, 7726 MiB, 24576 MiB, 41 %
2026/09/04 22:55:53.882, NVIDIA GeForce RTX 3090, P2, 270.00 W, 219.37 W, 72, 7726 MiB, 24576 MiB, 7 %
2026/09/04 22:56:03.883, NVIDIA GeForce RTX 3090, P2, 270.00 W, 223.58 W, 73, 7726 MiB, 24576 MiB, 38 %
2026/09/04 22:56:13.884, NVIDIA GeForce RTX 3090, P2, 270.00 W, 218.06 W, 71, 7726 MiB, 24576 MiB, 47 %
2026/09/04 22:56:23.886, NVIDIA GeForce RTX 3090, P2, 270.00 W, 220.31 W, 73, 7726 MiB, 24576 MiB, 45 %
2026/09/04 22:56:33.887, NVIDIA GeForce RTX 3090, P2, 270.00 W, 218.89 W, 72, 7726 MiB, 24576 MiB, 7 %
2026/09/04 22:56:43.888, NVIDIA GeForce RTX 3090, P2, 270.00 W, 229.16 W, 72, 7726 MiB, 24576 MiB, 42 %
2026/09/04 22:56:53.889, NVIDIA GeForce RTX 3090, P2, 270.00 W, 233.15 W, 73, 7726 MiB, 24576 MiB, 34 %
2026/09/04 22:57:03.891, NVIDIA GeForce RTX 3090, P2, 270.00 W, 221.96 W, 74, 7726 MiB, 24576 MiB, 46 %
2026/09/04 22:57:13.892, NVIDIA GeForce RTX 3090, P2, 270.00 W, 221.72 W, 74, 7726 MiB, 24576 MiB, 48 %
2026/09/04 22:57:23.894, NVIDIA GeForce RTX 3090, P2, 270.00 W, 215.70 W, 72, 7726 MiB, 24576 MiB, 31 %
2026/09/04 22:57:33.895, NVIDIA GeForce RTX 3090, P2, 270.00 W, 226.40 W, 73, 7726 MiB, 24576 MiB, 48 %
2026/09/04 22:57:43.897, NVIDIA GeForce RTX 3090, P2, 270.00 W, 222.73 W, 74, 7726 MiB, 24576 MiB, 30 %
2026/09/04 22:57:53.898, NVIDIA GeForce RTX 3090, P2, 270.00 W, 222.01 W, 75, 7726 MiB, 24576 MiB, 0 %
2026/09/04 22:58:03.900, NVIDIA GeForce RTX 3090, P2, 270.00 W, 213.80 W, 72, 7726 MiB, 24576 MiB, 0 %
2026/09/04 22:58:13.901, NVIDIA GeForce RTX 3090, P2, 270.00 W, 232.29 W, 73, 7726 MiB, 24576 MiB, 31 %
2026/09/04 22:58:23.902, NVIDIA GeForce RTX 3090, P2, 270.00 W, 229.58 W, 73, 7726 MiB, 24576 MiB, 47 %
2026/09/04 22:58:33.904, NVIDIA GeForce RTX 3090, P2, 270.00 W, 222.01 W, 74, 7726 MiB, 24576 MiB, 0 %
2026/09/04 22:58:43.905, NVIDIA GeForce RTX 3090, P2, 270.00 W, 214.64 W, 74, 7726 MiB, 24576 MiB, 32 %
2026/09/04 22:58:53.907, NVIDIA GeForce RTX 3090, P2, 270.00 W, 209.22 W, 71, 7726 MiB, 24576 MiB, 0 %
2026/09/04 22:59:03.908, NVIDIA GeForce RTX 3090, P2, 270.00 W, 214.07 W, 72, 7726 MiB, 24576 MiB, 23 %
2026/09/04 22:59:13.909, NVIDIA GeForce RTX 3090, P2, 270.00 W, 225.73 W, 73, 7726 MiB, 24576 MiB, 46 %
2026/09/04 22:59:23.910, NVIDIA GeForce RTX 3090, P2, 270.00 W, 233.45 W, 74, 7726 MiB, 24576 MiB, 61 %
2026/09/04 22:59:33.912, NVIDIA GeForce RTX 3090, P2, 270.00 W, 227.52 W, 75, 7726 MiB, 24576 MiB, 54 %
2026/09/04 22:59:43.913, NVIDIA GeForce RTX 3090, P2, 270.00 W, 226.20 W, 73, 7726 MiB, 24576 MiB, 9 %
2026/09/04 22:59:53.915, NVIDIA GeForce RTX 3090, P2, 270.00 W, 223.96 W, 74, 7726 MiB, 24576 MiB, 51 %
2026/09/04 23:00:03.916, NVIDIA GeForce RTX 3090, P2, 270.00 W, 229.89 W, 72, 7726 MiB, 24576 MiB, 6 %
2026/09/04 23:00:13.919, NVIDIA GeForce RTX 3090, P2, 270.00 W, 222.72 W, 74, 7726 MiB, 24576 MiB, 28 %
2026/09/04 23:00:23.920, NVIDIA GeForce RTX 3090, P2, 270.00 W, 221.57 W, 74, 7726 MiB, 24576 MiB, 0 %
2026/09/04 23:00:33.921, NVIDIA GeForce RTX 3090, P2, 270.00 W, 213.11 W, 72, 7726 MiB, 24576 MiB, 48 %
2026/09/04 23:00:43.923, NVIDIA GeForce RTX 3090, P2, 270.00 W, 215.35 W, 72, 7726 MiB, 24576 MiB, 23 %
2026/09/04 23:00:53.924, NVIDIA GeForce RTX 3090, P2, 270.00 W, 228.38 W, 73, 7726 MiB, 24576 MiB, 49 %
2026/09/04 23:01:03.925, NVIDIA GeForce RTX 3090, P2, 270.00 W, 225.35 W, 74, 7726 MiB, 24576 MiB, 39 %
2026/09/04 23:01:13.926, NVIDIA GeForce RTX 3090, P2, 270.00 W, 216.89 W, 74, 7726 MiB, 24576 MiB, 47 %
2026/09/04 23:01:23.928, NVIDIA GeForce RTX 3090, P2, 270.00 W, 218.61 W, 72, 7726 MiB, 24576 MiB, 36 %
2026/09/04 23:01:33.930, NVIDIA GeForce RTX 3090, P2, 270.00 W, 230.56 W, 73, 7726 MiB, 24576 MiB, 53 %
2026/09/04 23:01:43.931, NVIDIA GeForce RTX 3090, P2, 270.00 W, 227.69 W, 73, 7726 MiB, 24576 MiB, 49 %
2026/09/04 23:01:53.933, NVIDIA GeForce RTX 3090, P2, 270.00 W, 218.05 W, 74, 7726 MiB, 24576 MiB, 47 %
2026/09/04 23:02:03.934, NVIDIA GeForce RTX 3090, P2, 270.00 W, 213.40 W, 72, 7726 MiB, 24576 MiB, 0 %
2026/09/04 23:02:13.936, NVIDIA GeForce RTX 3090, P2, 270.00 W, 220.20 W, 73, 7726 MiB, 24576 MiB, 49 %
2026/09/04 23:02:23.937, NVIDIA GeForce RTX 3090, P2, 270.00 W, 226.80 W, 73, 7726 MiB, 24576 MiB, 0 %
2026/09/04 23:02:33.938, NVIDIA GeForce RTX 3090, P2, 270.00 W, 222.38 W, 74, 7726 MiB, 24576 MiB, 18 %
2026/09/04 23:02:43.939, NVIDIA GeForce RTX 3090, P2, 270.00 W, 209.95 W, 72, 7726 MiB, 24576 MiB, 0 %
2026/09/04 23:02:53.941, NVIDIA GeForce RTX 3090, P2, 270.00 W, 222.39 W, 72, 7726 MiB, 24576 MiB, 16 %
2026/09/04 23:03:03.942, NVIDIA GeForce RTX 3090, P2, 270.00 W, 229.68 W, 72, 7726 MiB, 24576 MiB, 30 %
2026/09/04 23:03:13.944, NVIDIA GeForce RTX 3090, P2, 270.00 W, 217.47 W, 71, 7726 MiB, 24576 MiB, 25 %
2026/09/04 23:03:23.945, NVIDIA GeForce RTX 3090, P2, 270.00 W, 203.89 W, 72, 7726 MiB, 24576 MiB, 8 %
2026/09/04 23:03:33.946, NVIDIA GeForce RTX 3090, P2, 270.00 W, 218.46 W, 73, 7726 MiB, 24576 MiB, 48 %
2026/09/04 23:03:43.948, NVIDIA GeForce RTX 3090, P2, 270.00 W, 227.63 W, 73, 7726 MiB, 24576 MiB, 12 %
2026/09/04 23:03:53.949, NVIDIA GeForce RTX 3090, P2, 270.00 W, 217.21 W, 74, 7726 MiB, 24576 MiB, 30 %
2026/09/04 23:04:03.951, NVIDIA GeForce RTX 3090, P2, 270.00 W, 207.38 W, 71, 7726 MiB, 24576 MiB, 32 %
2026/09/04 23:04:13.952, NVIDIA GeForce RTX 3090, P2, 270.00 W, 215.33 W, 72, 7726 MiB, 24576 MiB, 0 %
2026/09/04 23:04:23.953, NVIDIA GeForce RTX 3090, P2, 270.00 W, 219.43 W, 72, 7726 MiB, 24576 MiB, 51 %
2026/09/04 23:04:33.954, NVIDIA GeForce RTX 3090, P2, 270.00 W, 227.38 W, 73, 7726 MiB, 24576 MiB, 48 %
2026/09/04 23:04:43.955, NVIDIA GeForce RTX 3090, P2, 270.00 W, 218.97 W, 74, 7726 MiB, 24576 MiB, 47 %
2026/09/04 23:04:53.957, NVIDIA GeForce RTX 3090, P2, 270.00 W, 210.89 W, 72, 7726 MiB, 24576 MiB, 14 %
2026/09/04 23:05:03.958, NVIDIA GeForce RTX 3090, P2, 270.00 W, 222.51 W, 72, 7726 MiB, 24576 MiB, 20 %
2026/09/04 23:05:13.959, NVIDIA GeForce RTX 3090, P2, 270.00 W, 228.50 W, 72, 7726 MiB, 24576 MiB, 32 %
2026/09/04 23:05:23.961, NVIDIA GeForce RTX 3090, P2, 270.00 W, 221.60 W, 74, 7726 MiB, 24576 MiB, 19 %
2026/09/04 23:05:33.963, NVIDIA GeForce RTX 3090, P2, 270.00 W, 220.41 W, 74, 7726 MiB, 24576 MiB, 48 %
2026/09/04 23:05:43.964, NVIDIA GeForce RTX 3090, P2, 270.00 W, 210.30 W, 71, 7726 MiB, 24576 MiB, 36 %
2026/09/04 23:05:53.966, NVIDIA GeForce RTX 3090, P2, 270.00 W, 219.13 W, 72, 7726 MiB, 24576 MiB, 31 %
2026/09/04 23:06:03.967, NVIDIA GeForce RTX 3090, P2, 270.00 W, 191.22 W, 71, 7726 MiB, 24576 MiB, 33 %
2026/09/04 23:06:13.968, NVIDIA GeForce RTX 3090, P2, 270.00 W, 187.08 W, 70, 7726 MiB, 24576 MiB, 21 %
2026/09/04 23:06:23.970, NVIDIA GeForce RTX 3090, P2, 270.00 W, 177.25 W, 69, 7726 MiB, 24576 MiB, 31 %
2026/09/04 23:06:33.971, NVIDIA GeForce RTX 3090, P2, 270.00 W, 175.46 W, 68, 7726 MiB, 24576 MiB, 28 %
2026/09/04 23:06:43.973, NVIDIA GeForce RTX 3090, P2, 270.00 W, 173.86 W, 69, 2096 MiB, 24576 MiB, 16 %
2026/09/04 23:06:53.974, NVIDIA GeForce RTX 3090, P2, 270.00 W, 185.22 W, 69, 2020 MiB, 24576 MiB, 31 %
2026/09/04 23:07:03.975, NVIDIA GeForce RTX 3090, P2, 270.00 W, 181.22 W, 69, 2020 MiB, 24576 MiB, 29 %
2026/09/04 23:07:13.977, NVIDIA GeForce RTX 3090, P2, 270.00 W, 174.69 W, 69, 2020 MiB, 24576 MiB, 24 %
2026/09/04 23:07:23.978, NVIDIA GeForce RTX 3090, P2, 270.00 W, 230.93 W, 72, 7880 MiB, 24576 MiB, 5 %
2026/09/04 23:07:33.979, NVIDIA GeForce RTX 3090, P2, 270.00 W, 235.80 W, 72, 7882 MiB, 24576 MiB, 38 %
2026/09/04 23:07:43.980, NVIDIA GeForce RTX 3090, P2, 270.00 W, 222.40 W, 73, 8384 MiB, 24576 MiB, 25 %
2026/09/04 23:07:53.982, NVIDIA GeForce RTX 3090, P2, 270.00 W, 220.46 W, 72, 8384 MiB, 24576 MiB, 12 %
2026/09/04 23:08:03.983, NVIDIA GeForce RTX 3090, P2, 270.00 W, 221.62 W, 72, 8384 MiB, 24576 MiB, 32 %
2026/09/04 23:08:13.984, NVIDIA GeForce RTX 3090, P2, 270.00 W, 232.87 W, 73, 8384 MiB, 24576 MiB, 40 %
2026/09/04 23:08:23.986, NVIDIA GeForce RTX 3090, P2, 270.00 W, 228.44 W, 73, 8384 MiB, 24576 MiB, 49 %
2026/09/04 23:08:33.987, NVIDIA GeForce RTX 3090, P2, 270.00 W, 230.05 W, 73, 8384 MiB, 24576 MiB, 48 %
2026/09/04 23:08:43.988, NVIDIA GeForce RTX 3090, P2, 270.00 W, 207.97 W, 70, 8384 MiB, 24576 MiB, 0 %
2026/09/04 23:08:53.990, NVIDIA GeForce RTX 3090, P2, 270.00 W, 227.65 W, 73, 8384 MiB, 24576 MiB, 36 %
2026/09/04 23:09:03.991, NVIDIA GeForce RTX 3090, P2, 270.00 W, 230.48 W, 73, 8384 MiB, 24576 MiB, 47 %
2026/09/04 23:09:13.992, NVIDIA GeForce RTX 3090, P2, 270.00 W, 221.89 W, 73, 8384 MiB, 24576 MiB, 0 %
2026/09/04 23:09:23.993, NVIDIA GeForce RTX 3090, P2, 270.00 W, 207.50 W, 72, 8384 MiB, 24576 MiB, 30 %
2026/09/04 23:09:33.995, NVIDIA GeForce RTX 3090, P2, 270.00 W, 210.95 W, 71, 8384 MiB, 24576 MiB, 0 %
2026/09/04 23:09:43.996, NVIDIA GeForce RTX 3090, P2, 270.00 W, 223.57 W, 74, 8384 MiB, 24576 MiB, 47 %
2026/09/04 23:09:53.997, NVIDIA GeForce RTX 3090, P2, 270.00 W, 232.65 W, 72, 8384 MiB, 24576 MiB, 3 %
2026/09/04 23:10:03.998, NVIDIA GeForce RTX 3090, P2, 270.00 W, 233.55 W, 74, 8384 MiB, 24576 MiB, 48 %
2026/09/04 23:10:14.000, NVIDIA GeForce RTX 3090, P2, 270.00 W, 212.52 W, 72, 8384 MiB, 24576 MiB, 0 %
2026/09/04 23:10:24.001, NVIDIA GeForce RTX 3090, P2, 270.00 W, 223.99 W, 72, 8384 MiB, 24576 MiB, 5 %
2026/09/04 23:10:34.003, NVIDIA GeForce RTX 3090, P2, 270.00 W, 228.74 W, 73, 8384 MiB, 24576 MiB, 48 %
2026/09/04 23:10:44.004, NVIDIA GeForce RTX 3090, P2, 270.00 W, 224.57 W, 72, 8384 MiB, 24576 MiB, 47 %
2026/09/04 23:10:54.005, NVIDIA GeForce RTX 3090, P2, 270.00 W, 218.47 W, 73, 8384 MiB, 24576 MiB, 0 %
2026/09/04 23:11:04.007, NVIDIA GeForce RTX 3090, P2, 270.00 W, 223.21 W, 73, 8384 MiB, 24576 MiB, 7 %
2026/09/04 23:11:14.008, NVIDIA GeForce RTX 3090, P2, 270.00 W, 225.95 W, 73, 8384 MiB, 24576 MiB, 48 %
2026/09/04 23:11:24.009, NVIDIA GeForce RTX 3090, P2, 270.00 W, 232.15 W, 73, 8384 MiB, 24576 MiB, 45 %
2026/09/04 23:11:34.011, NVIDIA GeForce RTX 3090, P2, 270.00 W, 227.75 W, 72, 8384 MiB, 24576 MiB, 48 %
2026/09/04 23:11:44.012, NVIDIA GeForce RTX 3090, P2, 270.00 W, 222.21 W, 74, 8384 MiB, 24576 MiB, 47 %
2026/09/04 23:11:54.013, NVIDIA GeForce RTX 3090, P2, 270.00 W, 218.20 W, 73, 8384 MiB, 24576 MiB, 30 %
2026/09/04 23:12:04.014, NVIDIA GeForce RTX 3090, P2, 270.00 W, 217.16 W, 72, 8384 MiB, 24576 MiB, 31 %
2026/09/04 23:12:14.016, NVIDIA GeForce RTX 3090, P2, 270.00 W, 230.06 W, 72, 8384 MiB, 24576 MiB, 46 %
2026/09/04 23:12:24.017, NVIDIA GeForce RTX 3090, P2, 270.00 W, 229.34 W, 73, 8886 MiB, 24576 MiB, 49 %
2026/09/04 23:12:34.018, NVIDIA GeForce RTX 3090, P2, 270.00 W, 216.72 W, 74, 8886 MiB, 24576 MiB, 47 %
2026/09/04 23:12:44.019, NVIDIA GeForce RTX 3090, P2, 270.00 W, 211.12 W, 72, 8886 MiB, 24576 MiB, 24 %
2026/09/04 23:12:54.020, NVIDIA GeForce RTX 3090, P2, 270.00 W, 211.42 W, 72, 8886 MiB, 24576 MiB, 38 %
2026/09/04 23:13:04.022, NVIDIA GeForce RTX 3090, P2, 270.00 W, 222.28 W, 72, 8886 MiB, 24576 MiB, 48 %
2026/09/04 23:13:14.023, NVIDIA GeForce RTX 3090, P2, 270.00 W, 231.90 W, 73, 8886 MiB, 24576 MiB, 31 %
2026/09/04 23:13:24.024, NVIDIA GeForce RTX 3090, P2, 270.00 W, 227.73 W, 73, 8886 MiB, 24576 MiB, 47 %
2026/09/04 23:13:34.025, NVIDIA GeForce RTX 3090, P2, 270.00 W, 220.14 W, 74, 8886 MiB, 24576 MiB, 0 %
2026/09/04 23:13:44.026, NVIDIA GeForce RTX 3090, P2, 270.00 W, 209.90 W, 71, 8886 MiB, 24576 MiB, 0 %
2026/09/04 23:13:54.028, NVIDIA GeForce RTX 3090, P2, 270.00 W, 228.26 W, 73, 8886 MiB, 24576 MiB, 47 %
2026/09/04 23:14:04.029, NVIDIA GeForce RTX 3090, P2, 270.00 W, 232.96 W, 74, 8886 MiB, 24576 MiB, 47 %
2026/09/04 23:14:14.030, NVIDIA GeForce RTX 3090, P2, 270.00 W, 222.01 W, 74, 8886 MiB, 24576 MiB, 46 %
2026/09/04 23:14:24.031, NVIDIA GeForce RTX 3090, P2, 270.00 W, 210.65 W, 71, 8886 MiB, 24576 MiB, 48 %
2026/09/04 23:14:34.033, NVIDIA GeForce RTX 3090, P2, 270.00 W, 221.18 W, 73, 8886 MiB, 24576 MiB, 27 %
2026/09/04 23:14:44.034, NVIDIA GeForce RTX 3090, P2, 270.00 W, 225.84 W, 73, 8886 MiB, 24576 MiB, 41 %
2026/09/04 23:14:54.035, NVIDIA GeForce RTX 3090, P2, 270.00 W, 223.58 W, 72, 8886 MiB, 24576 MiB, 14 %
2026/09/04 23:15:04.037, NVIDIA GeForce RTX 3090, P2, 270.00 W, 219.55 W, 74, 8886 MiB, 24576 MiB, 0 %
2026/09/04 23:15:14.038, NVIDIA GeForce RTX 3090, P2, 270.00 W, 214.37 W, 72, 8886 MiB, 24576 MiB, 38 %
2026/09/04 23:15:24.039, NVIDIA GeForce RTX 3090, P2, 270.00 W, 230.69 W, 72, 8886 MiB, 24576 MiB, 35 %
2026/09/04 23:15:34.040, NVIDIA GeForce RTX 3090, P2, 270.00 W, 203.57 W, 73, 8886 MiB, 24576 MiB, 32 %
2026/09/04 23:15:44.041, NVIDIA GeForce RTX 3090, P2, 270.00 W, 214.32 W, 72, 8886 MiB, 24576 MiB, 6 %
2026/09/04 23:15:54.043, NVIDIA GeForce RTX 3090, P2, 270.00 W, 216.34 W, 72, 8886 MiB, 24576 MiB, 7 %
2026/09/04 23:16:04.044, NVIDIA GeForce RTX 3090, P2, 270.00 W, 223.91 W, 73, 8886 MiB, 24576 MiB, 25 %
2026/09/04 23:16:14.045, NVIDIA GeForce RTX 3090, P2, 270.00 W, 225.76 W, 73, 8886 MiB, 24576 MiB, 49 %
2026/09/04 23:16:24.046, NVIDIA GeForce RTX 3090, P2, 270.00 W, 222.89 W, 75, 8886 MiB, 24576 MiB, 0 %
2026/09/04 23:16:34.047, NVIDIA GeForce RTX 3090, P2, 270.00 W, 202.34 W, 71, 8886 MiB, 24576 MiB, 48 %
2026/09/04 23:16:44.049, NVIDIA GeForce RTX 3090, P2, 270.00 W, 225.51 W, 72, 8886 MiB, 24576 MiB, 4 %
2026/09/04 23:16:54.050, NVIDIA GeForce RTX 3090, P2, 270.00 W, 226.79 W, 72, 8886 MiB, 24576 MiB, 42 %
2026/09/04 23:17:04.051, NVIDIA GeForce RTX 3090, P2, 270.00 W, 217.09 W, 72, 8886 MiB, 24576 MiB, 12 %
2026/09/04 23:17:14.052, NVIDIA GeForce RTX 3090, P2, 270.00 W, 208.37 W, 71, 8886 MiB, 24576 MiB, 0 %
2026/09/04 23:17:24.053, NVIDIA GeForce RTX 3090, P2, 270.00 W, 206.86 W, 74, 8886 MiB, 24576 MiB, 33 %
2026/09/04 23:17:34.054, NVIDIA GeForce RTX 3090, P2, 270.00 W, 232.29 W, 73, 8886 MiB, 24576 MiB, 47 %
2026/09/04 23:17:44.056, NVIDIA GeForce RTX 3090, P2, 270.00 W, 222.09 W, 74, 8886 MiB, 24576 MiB, 47 %
2026/09/04 23:17:54.057, NVIDIA GeForce RTX 3090, P2, 270.00 W, 207.13 W, 72, 8886 MiB, 24576 MiB, 0 %
2026/09/04 23:18:04.058, NVIDIA GeForce RTX 3090, P2, 270.00 W, 215.19 W, 71, 8886 MiB, 24576 MiB, 3 %
2026/09/04 23:18:14.059, NVIDIA GeForce RTX 3090, P2, 270.00 W, 219.60 W, 73, 8886 MiB, 24576 MiB, 50 %
2026/09/04 23:18:24.061, NVIDIA GeForce RTX 3090, P2, 270.00 W, 222.16 W, 74, 8886 MiB, 24576 MiB, 30 %
2026/09/04 23:18:34.062, NVIDIA GeForce RTX 3090, P2, 270.00 W, 217.51 W, 74, 8886 MiB, 24576 MiB, 0 %
2026/09/04 23:18:44.063, NVIDIA GeForce RTX 3090, P2, 270.00 W, 222.81 W, 72, 8886 MiB, 24576 MiB, 31 %
2026/09/04 23:18:54.064, NVIDIA GeForce RTX 3090, P2, 270.00 W, 221.77 W, 72, 8886 MiB, 24576 MiB, 3 %
2026/09/04 23:19:04.065, NVIDIA GeForce RTX 3090, P2, 270.00 W, 232.05 W, 73, 8886 MiB, 24576 MiB, 29 %
2026/09/04 23:19:14.067, NVIDIA GeForce RTX 3090, P2, 270.00 W, 221.63 W, 74, 8886 MiB, 24576 MiB, 41 %
2026/09/04 23:19:24.068, NVIDIA GeForce RTX 3090, P2, 270.00 W, 220.91 W, 74, 8886 MiB, 24576 MiB, 0 %
2026/09/04 23:19:34.069, NVIDIA GeForce RTX 3090, P2, 270.00 W, 204.11 W, 71, 8886 MiB, 24576 MiB, 49 %
2026/09/04 23:19:44.070, NVIDIA GeForce RTX 3090, P2, 270.00 W, 221.36 W, 73, 8886 MiB, 24576 MiB, 49 %
2026/09/04 23:19:54.071, NVIDIA GeForce RTX 3090, P2, 270.00 W, 233.16 W, 72, 8886 MiB, 24576 MiB, 15 %
2026/09/04 23:20:04.072, NVIDIA GeForce RTX 3090, P2, 270.00 W, 220.37 W, 73, 8886 MiB, 24576 MiB, 30 %
2026/09/04 23:20:14.074, NVIDIA GeForce RTX 3090, P2, 270.00 W, 213.14 W, 72, 8886 MiB, 24576 MiB, 26 %
2026/09/04 23:20:24.075, NVIDIA GeForce RTX 3090, P2, 270.00 W, 224.52 W, 73, 8886 MiB, 24576 MiB, 23 %
2026/09/04 23:20:34.076, NVIDIA GeForce RTX 3090, P2, 270.00 W, 233.11 W, 73, 8886 MiB, 24576 MiB, 31 %
2026/09/04 23:20:44.077, NVIDIA GeForce RTX 3090, P2, 270.00 W, 221.53 W, 74, 8886 MiB, 24576 MiB, 30 %
2026/09/04 23:20:54.078, NVIDIA GeForce RTX 3090, P2, 270.00 W, 208.42 W, 72, 8886 MiB, 24576 MiB, 9 %
2026/09/04 23:21:04.080, NVIDIA GeForce RTX 3090, P2, 270.00 W, 222.46 W, 72, 8886 MiB, 24576 MiB, 16 %
2026/09/04 23:21:14.081, NVIDIA GeForce RTX 3090, P2, 270.00 W, 226.92 W, 72, 8886 MiB, 24576 MiB, 7 %
2026/09/04 23:21:24.082, NVIDIA GeForce RTX 3090, P2, 270.00 W, 214.32 W, 74, 8886 MiB, 24576 MiB, 6 %
2026/09/04 23:21:34.084, NVIDIA GeForce RTX 3090, P2, 270.00 W, 215.13 W, 74, 8886 MiB, 24576 MiB, 6 %
2026/09/04 23:21:44.085, NVIDIA GeForce RTX 3090, P2, 270.00 W, 231.78 W, 73, 8886 MiB, 24576 MiB, 30 %
2026/09/04 23:21:54.086, NVIDIA GeForce RTX 3090, P2, 270.00 W, 227.44 W, 72, 8886 MiB, 24576 MiB, 34 %
2026/09/04 23:22:04.088, NVIDIA GeForce RTX 3090, P2, 270.00 W, 217.26 W, 72, 8886 MiB, 24576 MiB, 39 %
2026/09/04 23:22:14.089, NVIDIA GeForce RTX 3090, P2, 270.00 W, 212.37 W, 73, 8886 MiB, 24576 MiB, 5 %
2026/09/04 23:22:24.090, NVIDIA GeForce RTX 3090, P2, 270.00 W, 214.69 W, 72, 8886 MiB, 24576 MiB, 5 %
2026/09/04 23:22:34.091, NVIDIA GeForce RTX 3090, P2, 270.00 W, 227.02 W, 72, 8886 MiB, 24576 MiB, 32 %
2026/09/04 23:22:44.093, NVIDIA GeForce RTX 3090, P2, 270.00 W, 220.55 W, 73, 8886 MiB, 24576 MiB, 31 %
2026/09/04 23:22:54.094, NVIDIA GeForce RTX 3090, P2, 270.00 W, 208.76 W, 72, 8886 MiB, 24576 MiB, 19 %
2026/09/04 23:23:04.095, NVIDIA GeForce RTX 3090, P2, 270.00 W, 222.57 W, 74, 8886 MiB, 24576 MiB, 47 %
2026/09/04 23:23:14.096, NVIDIA GeForce RTX 3090, P2, 270.00 W, 233.67 W, 73, 8886 MiB, 24576 MiB, 35 %
2026/09/04 23:23:24.097, NVIDIA GeForce RTX 3090, P2, 270.00 W, 223.42 W, 74, 8886 MiB, 24576 MiB, 31 %
2026/09/04 23:23:34.099, NVIDIA GeForce RTX 3090, P2, 270.00 W, 214.04 W, 74, 8886 MiB, 24576 MiB, 34 %
2026/09/04 23:23:44.100, NVIDIA GeForce RTX 3090, P2, 270.00 W, 219.53 W, 72, 8886 MiB, 24576 MiB, 7 %
2026/09/04 23:23:54.101, NVIDIA GeForce RTX 3090, P2, 270.00 W, 226.11 W, 72, 8886 MiB, 24576 MiB, 33 %
2026/09/04 23:24:04.102, NVIDIA GeForce RTX 3090, P2, 270.00 W, 235.99 W, 73, 8886 MiB, 24576 MiB, 31 %
2026/09/04 23:24:14.103, NVIDIA GeForce RTX 3090, P2, 270.00 W, 222.68 W, 74, 8886 MiB, 24576 MiB, 25 %
2026/09/04 23:24:24.105, NVIDIA GeForce RTX 3090, P2, 270.00 W, 211.45 W, 72, 8886 MiB, 24576 MiB, 30 %
2026/09/04 23:24:34.106, NVIDIA GeForce RTX 3090, P2, 270.00 W, 221.94 W, 72, 8886 MiB, 24576 MiB, 32 %
2026/09/04 23:24:44.107, NVIDIA GeForce RTX 3090, P2, 270.00 W, 229.58 W, 72, 8886 MiB, 24576 MiB, 31 %
2026/09/04 23:24:54.108, NVIDIA GeForce RTX 3090, P2, 270.00 W, 220.67 W, 73, 8886 MiB, 24576 MiB, 31 %
2026/09/04 23:25:04.110, NVIDIA GeForce RTX 3090, P2, 270.00 W, 218.89 W, 74, 8886 MiB, 24576 MiB, 0 %
2026/09/04 23:25:14.111, NVIDIA GeForce RTX 3090, P2, 270.00 W, 213.85 W, 71, 8886 MiB, 24576 MiB, 47 %
2026/09/04 23:25:24.112, NVIDIA GeForce RTX 3090, P2, 270.00 W, 222.76 W, 75, 8886 MiB, 24576 MiB, 21 %
2026/09/04 23:25:34.113, NVIDIA GeForce RTX 3090, P2, 270.00 W, 218.13 W, 72, 8886 MiB, 24576 MiB, 16 %
2026/09/04 23:25:44.115, NVIDIA GeForce RTX 3090, P2, 270.00 W, 221.90 W, 74, 8886 MiB, 24576 MiB, 35 %
2026/09/04 23:25:54.116, NVIDIA GeForce RTX 3090, P2, 270.00 W, 224.58 W, 74, 8886 MiB, 24576 MiB, 48 %
2026/09/04 23:26:04.117, NVIDIA GeForce RTX 3090, P2, 270.00 W, 210.29 W, 73, 8886 MiB, 24576 MiB, 30 %
2026/09/04 23:26:14.118, NVIDIA GeForce RTX 3090, P2, 270.00 W, 229.10 W, 72, 8886 MiB, 24576 MiB, 30 %
2026/09/04 23:26:24.119, NVIDIA GeForce RTX 3090, P2, 270.00 W, 223.87 W, 73, 8886 MiB, 24576 MiB, 14 %
2026/09/04 23:26:34.120, NVIDIA GeForce RTX 3090, P2, 270.00 W, 219.14 W, 72, 8886 MiB, 24576 MiB, 33 %
2026/09/04 23:26:44.122, NVIDIA GeForce RTX 3090, P2, 270.00 W, 203.09 W, 72, 8886 MiB, 24576 MiB, 1 %
2026/09/04 23:26:54.123, NVIDIA GeForce RTX 3090, P2, 270.00 W, 226.28 W, 74, 8886 MiB, 24576 MiB, 14 %
2026/09/04 23:27:04.124, NVIDIA GeForce RTX 3090, P2, 270.00 W, 229.83 W, 73, 8886 MiB, 24576 MiB, 48 %
2026/09/04 23:27:14.126, NVIDIA GeForce RTX 3090, P2, 270.00 W, 219.19 W, 75, 8886 MiB, 24576 MiB, 48 %
2026/09/04 23:27:24.127, NVIDIA GeForce RTX 3090, P2, 270.00 W, 205.14 W, 72, 8886 MiB, 24576 MiB, 3 %
2026/09/04 23:27:34.128, NVIDIA GeForce RTX 3090, P2, 270.00 W, 218.43 W, 72, 8886 MiB, 24576 MiB, 38 %
2026/09/04 23:27:44.129, NVIDIA GeForce RTX 3090, P2, 270.00 W, 224.49 W, 73, 8886 MiB, 24576 MiB, 49 %
2026/09/04 23:27:54.130, NVIDIA GeForce RTX 3090, P2, 270.00 W, 231.84 W, 73, 8886 MiB, 24576 MiB, 48 %
2026/09/04 23:28:04.132, NVIDIA GeForce RTX 3090, P2, 270.00 W, 227.88 W, 73, 8886 MiB, 24576 MiB, 49 %
2026/09/04 23:28:14.133, NVIDIA GeForce RTX 3090, P2, 270.00 W, 221.23 W, 74, 8886 MiB, 24576 MiB, 4 %
2026/09/04 23:28:24.134, NVIDIA GeForce RTX 3090, P2, 270.00 W, 209.66 W, 72, 8886 MiB, 24576 MiB, 48 %
2026/09/04 23:28:34.136, NVIDIA GeForce RTX 3090, P2, 270.00 W, 220.37 W, 73, 8886 MiB, 24576 MiB, 49 %
2026/09/04 23:28:44.137, NVIDIA GeForce RTX 3090, P2, 270.00 W, 232.76 W, 73, 8886 MiB, 24576 MiB, 43 %
2026/09/04 23:28:54.138, NVIDIA GeForce RTX 3090, P2, 270.00 W, 224.71 W, 74, 8886 MiB, 24576 MiB, 0 %
2026/09/04 23:29:04.139, NVIDIA GeForce RTX 3090, P2, 270.00 W, 221.29 W, 72, 8886 MiB, 24576 MiB, 47 %
2026/09/04 23:29:14.140, NVIDIA GeForce RTX 3090, P2, 270.00 W, 221.41 W, 72, 8886 MiB, 24576 MiB, 37 %
2026/09/04 23:29:24.142, NVIDIA GeForce RTX 3090, P2, 270.00 W, 236.48 W, 73, 8886 MiB, 24576 MiB, 45 %
2026/09/04 23:29:34.143, NVIDIA GeForce RTX 3090, P2, 270.00 W, 230.67 W, 73, 8886 MiB, 24576 MiB, 47 %
2026/09/04 23:29:44.144, NVIDIA GeForce RTX 3090, P2, 270.00 W, 221.43 W, 74, 8886 MiB, 24576 MiB, 0 %
2026/09/04 23:29:54.145, NVIDIA GeForce RTX 3090, P2, 270.00 W, 213.73 W, 72, 8886 MiB, 24576 MiB, 48 %
2026/09/04 23:30:04.146, NVIDIA GeForce RTX 3090, P2, 270.00 W, 224.01 W, 73, 8886 MiB, 24576 MiB, 49 %
2026/09/04 23:30:14.148, NVIDIA GeForce RTX 3090, P2, 270.00 W, 232.93 W, 73, 8886 MiB, 24576 MiB, 43 %
2026/09/04 23:30:24.149, NVIDIA GeForce RTX 3090, P2, 270.00 W, 224.00 W, 74, 8886 MiB, 24576 MiB, 33 %
2026/09/04 23:30:34.150, NVIDIA GeForce RTX 3090, P2, 270.00 W, 207.38 W, 71, 8886 MiB, 24576 MiB, 49 %
2026/09/04 23:30:44.152, NVIDIA GeForce RTX 3090, P2, 270.00 W, 218.98 W, 73, 8886 MiB, 24576 MiB, 7 %
2026/09/04 23:30:54.153, NVIDIA GeForce RTX 3090, P2, 270.00 W, 232.65 W, 72, 8886 MiB, 24576 MiB, 24 %
2026/09/04 23:31:04.154, NVIDIA GeForce RTX 3090, P2, 270.00 W, 222.41 W, 74, 8886 MiB, 24576 MiB, 39 %
2026/09/04 23:31:14.156, NVIDIA GeForce RTX 3090, P2, 270.00 W, 208.98 W, 72, 8886 MiB, 24576 MiB, 49 %
2026/09/04 23:31:24.157, NVIDIA GeForce RTX 3090, P2, 270.00 W, 227.58 W, 73, 8886 MiB, 24576 MiB, 46 %
2026/09/04 23:31:34.158, NVIDIA GeForce RTX 3090, P2, 270.00 W, 226.76 W, 73, 8886 MiB, 24576 MiB, 18 %
2026/09/04 23:31:44.159, NVIDIA GeForce RTX 3090, P2, 270.00 W, 230.34 W, 73, 8886 MiB, 24576 MiB, 48 %
2026/09/04 23:31:54.160, NVIDIA GeForce RTX 3090, P2, 270.00 W, 221.51 W, 75, 8886 MiB, 24576 MiB, 0 %
2026/09/04 23:32:04.161, NVIDIA GeForce RTX 3090, P2, 270.00 W, 205.19 W, 72, 8886 MiB, 24576 MiB, 5 %
2026/09/04 23:32:14.163, NVIDIA GeForce RTX 3090, P2, 270.00 W, 225.15 W, 73, 8886 MiB, 24576 MiB, 48 %
2026/09/04 23:32:24.164, NVIDIA GeForce RTX 3090, P2, 270.00 W, 231.96 W, 73, 8886 MiB, 24576 MiB, 13 %
2026/09/04 23:32:34.165, NVIDIA GeForce RTX 3090, P2, 270.00 W, 224.93 W, 74, 8886 MiB, 24576 MiB, 31 %
2026/09/04 23:32:44.166, NVIDIA GeForce RTX 3090, P2, 270.00 W, 221.79 W, 74, 8886 MiB, 24576 MiB, 0 %
2026/09/04 23:32:54.167, NVIDIA GeForce RTX 3090, P2, 270.00 W, 211.85 W, 72, 8886 MiB, 24576 MiB, 48 %
2026/09/04 23:33:04.169, NVIDIA GeForce RTX 3090, P2, 270.00 W, 221.41 W, 73, 8886 MiB, 24576 MiB, 49 %
2026/09/04 23:33:14.170, NVIDIA GeForce RTX 3090, P2, 270.00 W, 229.01 W, 73, 8886 MiB, 24576 MiB, 49 %
2026/09/04 23:33:24.171, NVIDIA GeForce RTX 3090, P2, 270.00 W, 219.94 W, 74, 8886 MiB, 24576 MiB, 47 %
2026/09/04 23:33:34.173, NVIDIA GeForce RTX 3090, P2, 270.00 W, 222.96 W, 73, 8886 MiB, 24576 MiB, 36 %
2026/09/04 23:33:44.174, NVIDIA GeForce RTX 3090, P2, 270.00 W, 223.10 W, 74, 8886 MiB, 24576 MiB, 5 %
2026/09/04 23:33:54.175, NVIDIA GeForce RTX 3090, P2, 270.00 W, 232.78 W, 73, 8886 MiB, 24576 MiB, 47 %
2026/09/04 23:34:04.177, NVIDIA GeForce RTX 3090, P2, 270.00 W, 223.20 W, 73, 8886 MiB, 24576 MiB, 47 %
2026/09/04 23:34:14.178, NVIDIA GeForce RTX 3090, P2, 270.00 W, 220.28 W, 74, 8886 MiB, 24576 MiB, 48 %
2026/09/04 23:34:24.180, NVIDIA GeForce RTX 3090, P2, 270.00 W, 217.04 W, 72, 8886 MiB, 24576 MiB, 0 %
2026/09/04 23:34:34.181, NVIDIA GeForce RTX 3090, P2, 270.00 W, 226.96 W, 72, 8886 MiB, 24576 MiB, 23 %
2026/09/04 23:34:44.183, NVIDIA GeForce RTX 3090, P2, 270.00 W, 222.79 W, 73, 8886 MiB, 24576 MiB, 33 %
2026/09/04 23:34:54.184, NVIDIA GeForce RTX 3090, P2, 270.00 W, 228.29 W, 73, 8886 MiB, 24576 MiB, 48 %
2026/09/04 23:35:04.185, NVIDIA GeForce RTX 3090, P2, 270.00 W, 225.17 W, 74, 8886 MiB, 24576 MiB, 5 %
2026/09/04 23:35:14.187, NVIDIA GeForce RTX 3090, P2, 270.00 W, 213.17 W, 72, 8886 MiB, 24576 MiB, 48 %
2026/09/04 23:35:24.189, NVIDIA GeForce RTX 3090, P2, 270.00 W, 232.75 W, 72, 8886 MiB, 24576 MiB, 19 %
2026/09/04 23:35:34.190, NVIDIA GeForce RTX 3090, P2, 270.00 W, 230.71 W, 72, 8886 MiB, 24576 MiB, 24 %
2026/09/04 23:35:44.191, NVIDIA GeForce RTX 3090, P2, 270.00 W, 211.89 W, 74, 8886 MiB, 24576 MiB, 29 %
2026/09/04 23:35:54.192, NVIDIA GeForce RTX 3090, P2, 270.00 W, 212.38 W, 72, 8886 MiB, 24576 MiB, 15 %
2026/09/04 23:36:04.193, NVIDIA GeForce RTX 3090, P2, 270.00 W, 227.91 W, 73, 8886 MiB, 24576 MiB, 31 %
2026/09/04 23:36:14.195, NVIDIA GeForce RTX 3090, P2, 270.00 W, 227.87 W, 72, 8886 MiB, 24576 MiB, 49 %
2026/09/04 23:36:24.196, NVIDIA GeForce RTX 3090, P2, 270.00 W, 224.37 W, 73, 8886 MiB, 24576 MiB, 46 %
2026/09/04 23:36:34.197, NVIDIA GeForce RTX 3090, P2, 270.00 W, 217.76 W, 72, 8886 MiB, 24576 MiB, 45 %
2026/09/04 23:36:44.199, NVIDIA GeForce RTX 3090, P2, 270.00 W, 213.78 W, 74, 8886 MiB, 24576 MiB, 41 %
2026/09/04 23:36:54.200, NVIDIA GeForce RTX 3090, P2, 270.00 W, 212.35 W, 71, 8886 MiB, 24576 MiB, 47 %
2026/09/04 23:37:04.202, NVIDIA GeForce RTX 3090, P2, 270.00 W, 228.93 W, 73, 8886 MiB, 24576 MiB, 31 %
2026/09/04 23:37:14.203, NVIDIA GeForce RTX 3090, P2, 270.00 W, 231.47 W, 73, 8886 MiB, 24576 MiB, 49 %
2026/09/04 23:37:24.204, NVIDIA GeForce RTX 3090, P2, 270.00 W, 215.90 W, 74, 8886 MiB, 24576 MiB, 48 %
2026/09/04 23:37:34.206, NVIDIA GeForce RTX 3090, P2, 270.00 W, 216.81 W, 72, 8886 MiB, 24576 MiB, 37 %
2026/09/04 23:37:44.207, NVIDIA GeForce RTX 3090, P2, 270.00 W, 226.30 W, 73, 8886 MiB, 24576 MiB, 48 %
2026/09/04 23:37:54.209, NVIDIA GeForce RTX 3090, P2, 270.00 W, 227.37 W, 72, 8886 MiB, 24576 MiB, 45 %
2026/09/04 23:38:04.210, NVIDIA GeForce RTX 3090, P2, 270.00 W, 222.60 W, 73, 8886 MiB, 24576 MiB, 44 %
2026/09/04 23:38:14.212, NVIDIA GeForce RTX 3090, P2, 270.00 W, 214.41 W, 72, 8886 MiB, 24576 MiB, 0 %
2026/09/04 23:38:24.213, NVIDIA GeForce RTX 3090, P2, 270.00 W, 227.25 W, 73, 8886 MiB, 24576 MiB, 5 %
2026/09/04 23:38:34.214, NVIDIA GeForce RTX 3090, P2, 270.00 W, 230.74 W, 72, 8886 MiB, 24576 MiB, 30 %
2026/09/04 23:38:44.216, NVIDIA GeForce RTX 3090, P2, 270.00 W, 228.00 W, 74, 8886 MiB, 24576 MiB, 34 %
2026/09/04 23:38:54.217, NVIDIA GeForce RTX 3090, P2, 270.00 W, 222.64 W, 74, 8886 MiB, 24576 MiB, 43 %
2026/09/04 23:39:04.218, NVIDIA GeForce RTX 3090, P2, 270.00 W, 225.56 W, 72, 8886 MiB, 24576 MiB, 43 %
2026/09/04 23:39:14.220, NVIDIA GeForce RTX 3090, P2, 270.00 W, 225.08 W, 73, 8886 MiB, 24576 MiB, 48 %
2026/09/04 23:39:24.221, NVIDIA GeForce RTX 3090, P2, 270.00 W, 230.94 W, 72, 8886 MiB, 24576 MiB, 35 %
2026/09/04 23:39:34.222, NVIDIA GeForce RTX 3090, P2, 270.00 W, 229.57 W, 73, 8886 MiB, 24576 MiB, 48 %
2026/09/04 23:39:44.223, NVIDIA GeForce RTX 3090, P2, 270.00 W, 223.95 W, 74, 8886 MiB, 24576 MiB, 30 %
2026/09/04 23:39:54.224, NVIDIA GeForce RTX 3090, P2, 270.00 W, 227.86 W, 74, 8886 MiB, 24576 MiB, 48 %
2026/09/04 23:40:04.226, NVIDIA GeForce RTX 3090, P2, 270.00 W, 205.13 W, 71, 8886 MiB, 24576 MiB, 48 %
2026/09/04 23:40:14.227, NVIDIA GeForce RTX 3090, P2, 270.00 W, 219.88 W, 72, 8886 MiB, 24576 MiB, 28 %
2026/09/04 23:40:24.228, NVIDIA GeForce RTX 3090, P2, 270.00 W, 231.66 W, 72, 8886 MiB, 24576 MiB, 2 %
2026/09/04 23:40:34.229, NVIDIA GeForce RTX 3090, P2, 270.00 W, 219.17 W, 74, 8886 MiB, 24576 MiB, 46 %
2026/09/04 23:40:44.231, NVIDIA GeForce RTX 3090, P2, 270.00 W, 210.59 W, 71, 8886 MiB, 24576 MiB, 0 %
2026/09/04 23:40:54.232, NVIDIA GeForce RTX 3090, P2, 270.00 W, 220.15 W, 72, 8886 MiB, 24576 MiB, 49 %
2026/09/04 23:41:04.233, NVIDIA GeForce RTX 3090, P2, 270.00 W, 231.17 W, 73, 8886 MiB, 24576 MiB, 27 %
2026/09/04 23:41:14.235, NVIDIA GeForce RTX 3090, P2, 270.00 W, 217.48 W, 73, 8886 MiB, 24576 MiB, 15 %
2026/09/04 23:41:24.236, NVIDIA GeForce RTX 3090, P2, 270.00 W, 215.65 W, 71, 8886 MiB, 24576 MiB, 47 %
2026/09/04 23:41:34.237, NVIDIA GeForce RTX 3090, P2, 270.00 W, 221.60 W, 75, 8886 MiB, 24576 MiB, 26 %
2026/09/04 23:41:44.239, NVIDIA GeForce RTX 3090, P2, 270.00 W, 231.24 W, 73, 8886 MiB, 24576 MiB, 48 %
2026/09/04 23:41:54.240, NVIDIA GeForce RTX 3090, P2, 270.00 W, 223.02 W, 74, 8886 MiB, 24576 MiB, 0 %
2026/09/04 23:42:04.241, NVIDIA GeForce RTX 3090, P2, 270.00 W, 212.88 W, 71, 8886 MiB, 24576 MiB, 0 %
2026/09/04 23:42:14.243, NVIDIA GeForce RTX 3090, P2, 270.00 W, 220.21 W, 72, 8886 MiB, 24576 MiB, 18 %
2026/09/04 23:42:24.244, NVIDIA GeForce RTX 3090, P2, 270.00 W, 227.86 W, 73, 8886 MiB, 24576 MiB, 48 %
2026/09/04 23:42:34.245, NVIDIA GeForce RTX 3090, P2, 270.00 W, 229.36 W, 73, 8886 MiB, 24576 MiB, 47 %
2026/09/04 23:42:44.246, NVIDIA GeForce RTX 3090, P2, 270.00 W, 220.93 W, 74, 8886 MiB, 24576 MiB, 25 %
2026/09/04 23:42:54.248, NVIDIA GeForce RTX 3090, P2, 270.00 W, 210.68 W, 72, 8886 MiB, 24576 MiB, 30 %
2026/09/04 23:43:04.249, NVIDIA GeForce RTX 3090, P2, 270.00 W, 223.18 W, 73, 8886 MiB, 24576 MiB, 16 %
2026/09/04 23:43:14.250, NVIDIA GeForce RTX 3090, P2, 270.00 W, 229.57 W, 72, 8886 MiB, 24576 MiB, 19 %
2026/09/04 23:43:24.251, NVIDIA GeForce RTX 3090, P2, 270.00 W, 220.60 W, 74, 8886 MiB, 24576 MiB, 0 %
2026/09/04 23:43:34.253, NVIDIA GeForce RTX 3090, P2, 270.00 W, 206.62 W, 71, 8886 MiB, 24576 MiB, 25 %
2026/09/04 23:43:44.254, NVIDIA GeForce RTX 3090, P2, 270.00 W, 227.94 W, 72, 8886 MiB, 24576 MiB, 7 %
2026/09/04 23:43:54.256, NVIDIA GeForce RTX 3090, P2, 270.00 W, 226.83 W, 73, 8886 MiB, 24576 MiB, 47 %
2026/09/04 23:44:04.257, NVIDIA GeForce RTX 3090, P2, 270.00 W, 225.44 W, 75, 8886 MiB, 24576 MiB, 0 %
2026/09/04 23:44:14.258, NVIDIA GeForce RTX 3090, P2, 270.00 W, 217.28 W, 72, 8886 MiB, 24576 MiB, 47 %
2026/09/04 23:44:24.260, NVIDIA GeForce RTX 3090, P2, 270.00 W, 220.35 W, 74, 8886 MiB, 24576 MiB, 47 %
2026/09/04 23:44:34.261, NVIDIA GeForce RTX 3090, P2, 270.00 W, 222.98 W, 72, 8886 MiB, 24576 MiB, 17 %
2026/09/04 23:44:44.262, NVIDIA GeForce RTX 3090, P2, 270.00 W, 219.98 W, 72, 8886 MiB, 24576 MiB, 47 %
2026/09/04 23:44:54.263, NVIDIA GeForce RTX 3090, P2, 270.00 W, 214.06 W, 74, 8886 MiB, 24576 MiB, 6 %
2026/09/04 23:45:04.265, NVIDIA GeForce RTX 3090, P2, 270.00 W, 223.64 W, 73, 8886 MiB, 24576 MiB, 11 %
2026/09/04 23:45:14.266, NVIDIA GeForce RTX 3090, P2, 270.00 W, 229.58 W, 73, 8886 MiB, 24576 MiB, 45 %
2026/09/04 23:45:24.267, NVIDIA GeForce RTX 3090, P2, 270.00 W, 236.79 W, 73, 8886 MiB, 24576 MiB, 35 %
2026/09/04 23:45:34.268, NVIDIA GeForce RTX 3090, P2, 270.00 W, 221.11 W, 74, 8886 MiB, 24576 MiB, 4 %
2026/09/04 23:45:44.269, NVIDIA GeForce RTX 3090, P2, 270.00 W, 220.83 W, 71, 8886 MiB, 24576 MiB, 27 %
2026/09/04 23:45:54.270, NVIDIA GeForce RTX 3090, P2, 270.00 W, 225.32 W, 72, 8886 MiB, 24576 MiB, 8 %
2026/09/04 23:46:04.271, NVIDIA GeForce RTX 3090, P2, 270.00 W, 222.71 W, 74, 8886 MiB, 24576 MiB, 50 %
2026/09/04 23:46:14.272, NVIDIA GeForce RTX 3090, P2, 270.00 W, 229.60 W, 72, 8886 MiB, 24576 MiB, 19 %
2026/09/04 23:46:24.274, NVIDIA GeForce RTX 3090, P2, 270.00 W, 218.30 W, 72, 8886 MiB, 24576 MiB, 43 %
2026/09/04 23:46:34.275, NVIDIA GeForce RTX 3090, P2, 270.00 W, 211.74 W, 72, 8886 MiB, 24576 MiB, 0 %
2026/09/04 23:46:44.276, NVIDIA GeForce RTX 3090, P2, 270.00 W, 206.37 W, 72, 8886 MiB, 24576 MiB, 36 %
2026/09/04 23:46:54.277, NVIDIA GeForce RTX 3090, P2, 270.00 W, 223.11 W, 73, 8886 MiB, 24576 MiB, 49 %
2026/09/04 23:47:04.278, NVIDIA GeForce RTX 3090, P2, 270.00 W, 228.96 W, 72, 8886 MiB, 24576 MiB, 8 %
2026/09/04 23:47:14.280, NVIDIA GeForce RTX 3090, P2, 270.00 W, 225.12 W, 73, 8886 MiB, 24576 MiB, 44 %
2026/09/04 23:47:24.281, NVIDIA GeForce RTX 3090, P2, 270.00 W, 221.16 W, 73, 8886 MiB, 24576 MiB, 0 %
2026/09/04 23:47:34.282, NVIDIA GeForce RTX 3090, P2, 270.00 W, 215.61 W, 73, 8886 MiB, 24576 MiB, 36 %
2026/09/04 23:47:44.283, NVIDIA GeForce RTX 3090, P2, 270.00 W, 215.28 W, 72, 8886 MiB, 24576 MiB, 0 %
2026/09/04 23:47:54.285, NVIDIA GeForce RTX 3090, P2, 270.00 W, 221.48 W, 73, 8886 MiB, 24576 MiB, 5 %
2026/09/04 23:48:04.286, NVIDIA GeForce RTX 3090, P2, 270.00 W, 236.13 W, 73, 8886 MiB, 24576 MiB, 25 %
2026/09/04 23:48:14.287, NVIDIA GeForce RTX 3090, P2, 270.00 W, 222.06 W, 75, 8886 MiB, 24576 MiB, 46 %
2026/09/04 23:48:24.288, NVIDIA GeForce RTX 3090, P2, 270.00 W, 219.34 W, 71, 8886 MiB, 24576 MiB, 46 %
2026/09/04 23:48:34.289, NVIDIA GeForce RTX 3090, P2, 270.00 W, 224.03 W, 72, 8886 MiB, 24576 MiB, 3 %
2026/09/04 23:48:44.291, NVIDIA GeForce RTX 3090, P2, 270.00 W, 222.03 W, 71, 8886 MiB, 24576 MiB, 49 %
2026/09/04 23:48:54.292, NVIDIA GeForce RTX 3090, P2, 270.00 W, 219.84 W, 72, 8886 MiB, 24576 MiB, 33 %
2026/09/04 23:49:04.293, NVIDIA GeForce RTX 3090, P2, 270.00 W, 212.45 W, 73, 8886 MiB, 24576 MiB, 30 %
2026/09/04 23:49:14.294, NVIDIA GeForce RTX 3090, P2, 270.00 W, 220.60 W, 72, 8886 MiB, 24576 MiB, 33 %
2026/09/04 23:49:24.295, NVIDIA GeForce RTX 3090, P2, 270.00 W, 230.73 W, 73, 8886 MiB, 24576 MiB, 48 %
2026/09/04 23:49:34.297, NVIDIA GeForce RTX 3090, P2, 270.00 W, 218.72 W, 74, 8886 MiB, 24576 MiB, 47 %
2026/09/04 23:49:44.298, NVIDIA GeForce RTX 3090, P2, 270.00 W, 218.57 W, 74, 8886 MiB, 24576 MiB, 0 %
2026/09/04 23:49:54.299, NVIDIA GeForce RTX 3090, P2, 270.00 W, 214.43 W, 71, 8886 MiB, 24576 MiB, 47 %
2026/09/04 23:50:04.300, NVIDIA GeForce RTX 3090, P2, 270.00 W, 219.93 W, 72, 8886 MiB, 24576 MiB, 41 %
2026/09/04 23:50:14.302, NVIDIA GeForce RTX 3090, P2, 270.00 W, 228.37 W, 73, 8886 MiB, 24576 MiB, 32 %
2026/09/04 23:50:24.303, NVIDIA GeForce RTX 3090, P2, 270.00 W, 233.52 W, 72, 8886 MiB, 24576 MiB, 13 %
2026/09/04 23:50:34.304, NVIDIA GeForce RTX 3090, P2, 270.00 W, 212.45 W, 73, 8886 MiB, 24576 MiB, 15 %
2026/09/04 23:50:44.306, NVIDIA GeForce RTX 3090, P2, 270.00 W, 215.46 W, 74, 8886 MiB, 24576 MiB, 3 %
2026/09/04 23:50:54.307, NVIDIA GeForce RTX 3090, P2, 270.00 W, 213.44 W, 73, 8886 MiB, 24576 MiB, 30 %
2026/09/04 23:51:04.308, NVIDIA GeForce RTX 3090, P2, 270.00 W, 223.32 W, 72, 8886 MiB, 24576 MiB, 30 %
2026/09/04 23:51:14.309, NVIDIA GeForce RTX 3090, P2, 270.00 W, 236.06 W, 72, 8886 MiB, 24576 MiB, 19 %
2026/09/04 23:51:24.310, NVIDIA GeForce RTX 3090, P2, 270.00 W, 210.04 W, 73, 8886 MiB, 24576 MiB, 2 %
2026/09/04 23:51:34.312, NVIDIA GeForce RTX 3090, P2, 270.00 W, 214.93 W, 73, 8886 MiB, 24576 MiB, 42 %
2026/09/04 23:51:44.313, NVIDIA GeForce RTX 3090, P2, 270.00 W, 208.19 W, 72, 8886 MiB, 24576 MiB, 0 %
2026/09/04 23:51:54.314, NVIDIA GeForce RTX 3090, P2, 270.00 W, 227.55 W, 73, 8886 MiB, 24576 MiB, 49 %
2026/09/04 23:52:04.315, NVIDIA GeForce RTX 3090, P2, 270.00 W, 227.22 W, 73, 8886 MiB, 24576 MiB, 24 %
2026/09/04 23:52:14.316, NVIDIA GeForce RTX 3090, P2, 270.00 W, 221.95 W, 74, 8886 MiB, 24576 MiB, 26 %
2026/09/04 23:52:24.317, NVIDIA GeForce RTX 3090, P2, 270.00 W, 212.48 W, 72, 8886 MiB, 24576 MiB, 10 %
2026/09/04 23:52:34.319, NVIDIA GeForce RTX 3090, P2, 270.00 W, 224.41 W, 73, 8886 MiB, 24576 MiB, 30 %
2026/09/04 23:52:44.320, NVIDIA GeForce RTX 3090, P2, 270.00 W, 228.29 W, 73, 8886 MiB, 24576 MiB, 48 %
2026/09/04 23:52:54.321, NVIDIA GeForce RTX 3090, P2, 270.00 W, 236.29 W, 73, 8886 MiB, 24576 MiB, 7 %
2026/09/04 23:53:04.323, NVIDIA GeForce RTX 3090, P2, 270.00 W, 219.45 W, 74, 8886 MiB, 24576 MiB, 46 %
2026/09/04 23:53:14.324, NVIDIA GeForce RTX 3090, P2, 270.00 W, 224.26 W, 72, 8886 MiB, 24576 MiB, 32 %
2026/09/04 23:53:24.325, NVIDIA GeForce RTX 3090, P2, 270.00 W, 223.32 W, 73, 8886 MiB, 24576 MiB, 49 %
2026/09/04 23:53:34.326, NVIDIA GeForce RTX 3090, P2, 270.00 W, 230.92 W, 73, 8886 MiB, 24576 MiB, 48 %
2026/09/04 23:53:44.327, NVIDIA GeForce RTX 3090, P2, 270.00 W, 223.70 W, 74, 8886 MiB, 24576 MiB, 28 %
2026/09/04 23:53:54.329, NVIDIA GeForce RTX 3090, P2, 270.00 W, 209.42 W, 71, 8886 MiB, 24576 MiB, 0 %
2026/09/04 23:54:04.330, NVIDIA GeForce RTX 3090, P2, 270.00 W, 231.81 W, 73, 8886 MiB, 24576 MiB, 46 %
2026/09/04 23:54:14.331, NVIDIA GeForce RTX 3090, P2, 270.00 W, 228.61 W, 72, 8886 MiB, 24576 MiB, 38 %
2026/09/04 23:54:24.332, NVIDIA GeForce RTX 3090, P2, 270.00 W, 218.35 W, 74, 8886 MiB, 24576 MiB, 0 %
2026/09/04 23:54:34.334, NVIDIA GeForce RTX 3090, P2, 270.00 W, 217.25 W, 72, 8886 MiB, 24576 MiB, 3 %
2026/09/04 23:54:44.335, NVIDIA GeForce RTX 3090, P2, 270.00 W, 223.07 W, 73, 8886 MiB, 24576 MiB, 48 %
2026/09/04 23:54:54.336, NVIDIA GeForce RTX 3090, P2, 270.00 W, 229.49 W, 72, 8886 MiB, 24576 MiB, 24 %
2026/09/04 23:55:04.337, NVIDIA GeForce RTX 3090, P2, 270.00 W, 204.58 W, 73, 8886 MiB, 24576 MiB, 37 %
2026/09/04 23:55:14.338, NVIDIA GeForce RTX 3090, P2, 270.00 W, 220.17 W, 74, 8886 MiB, 24576 MiB, 47 %
2026/09/04 23:55:24.340, NVIDIA GeForce RTX 3090, P2, 270.00 W, 211.64 W, 71, 8886 MiB, 24576 MiB, 0 %
2026/09/04 23:55:34.341, NVIDIA GeForce RTX 3090, P2, 270.00 W, 220.19 W, 74, 8886 MiB, 24576 MiB, 53 %
2026/09/04 23:55:44.342, NVIDIA GeForce RTX 3090, P2, 270.00 W, 221.10 W, 74, 8886 MiB, 24576 MiB, 30 %
2026/09/04 23:55:54.343, NVIDIA GeForce RTX 3090, P2, 270.00 W, 204.97 W, 71, 8886 MiB, 24576 MiB, 0 %
2026/09/04 23:56:04.345, NVIDIA GeForce RTX 3090, P2, 270.00 W, 226.08 W, 73, 8886 MiB, 24576 MiB, 46 %
2026/09/04 23:56:14.346, NVIDIA GeForce RTX 3090, P2, 270.00 W, 223.93 W, 72, 8886 MiB, 24576 MiB, 18 %
2026/09/04 23:56:24.347, NVIDIA GeForce RTX 3090, P2, 270.00 W, 213.75 W, 73, 8886 MiB, 24576 MiB, 5 %
2026/09/04 23:56:34.348, NVIDIA GeForce RTX 3090, P2, 270.00 W, 216.62 W, 72, 8886 MiB, 24576 MiB, 5 %
2026/09/04 23:56:44.349, NVIDIA GeForce RTX 3090, P2, 270.00 W, 218.20 W, 72, 8886 MiB, 24576 MiB, 47 %
2026/09/04 23:56:54.351, NVIDIA GeForce RTX 3090, P2, 270.00 W, 227.75 W, 73, 8886 MiB, 24576 MiB, 46 %
2026/09/04 23:57:04.352, NVIDIA GeForce RTX 3090, P2, 270.00 W, 233.88 W, 73, 8886 MiB, 24576 MiB, 48 %
2026/09/04 23:57:14.353, NVIDIA GeForce RTX 3090, P2, 270.00 W, 220.41 W, 73, 8886 MiB, 24576 MiB, 38 %
2026/09/04 23:57:24.354, NVIDIA GeForce RTX 3090, P2, 270.00 W, 220.05 W, 74, 8886 MiB, 24576 MiB, 47 %
2026/09/04 23:57:34.355, NVIDIA GeForce RTX 3090, P2, 270.00 W, 212.70 W, 72, 8886 MiB, 24576 MiB, 8 %
2026/09/04 23:57:44.357, NVIDIA GeForce RTX 3090, P2, 270.00 W, 223.02 W, 72, 8886 MiB, 24576 MiB, 8 %
2026/09/04 23:57:54.358, NVIDIA GeForce RTX 3090, P2, 270.00 W, 228.63 W, 73, 8886 MiB, 24576 MiB, 48 %
2026/09/04 23:58:04.359, NVIDIA GeForce RTX 3090, P2, 270.00 W, 228.16 W, 73, 8886 MiB, 24576 MiB, 48 %
2026/09/04 23:58:14.361, NVIDIA GeForce RTX 3090, P2, 270.00 W, 222.54 W, 73, 8886 MiB, 24576 MiB, 0 %
2026/09/04 23:58:24.362, NVIDIA GeForce RTX 3090, P2, 270.00 W, 205.55 W, 71, 8886 MiB, 24576 MiB, 23 %
2026/09/04 23:58:34.363, NVIDIA GeForce RTX 3090, P2, 270.00 W, 220.35 W, 72, 8886 MiB, 24576 MiB, 18 %
2026/09/04 23:58:44.364, NVIDIA GeForce RTX 3090, P2, 270.00 W, 232.68 W, 72, 8886 MiB, 24576 MiB, 31 %
2026/09/04 23:58:54.366, NVIDIA GeForce RTX 3090, P2, 270.00 W, 224.53 W, 72, 8886 MiB, 24576 MiB, 48 %
2026/09/04 23:59:04.367, NVIDIA GeForce RTX 3090, P2, 270.00 W, 218.64 W, 74, 8886 MiB, 24576 MiB, 0 %
2026/09/04 23:59:14.368, NVIDIA GeForce RTX 3090, P2, 270.00 W, 218.79 W, 72, 8886 MiB, 24576 MiB, 36 %
2026/09/04 23:59:24.370, NVIDIA GeForce RTX 3090, P2, 270.00 W, 230.56 W, 73, 8886 MiB, 24576 MiB, 48 %
2026/09/04 23:59:34.371, NVIDIA GeForce RTX 3090, P2, 270.00 W, 225.44 W, 72, 8886 MiB, 24576 MiB, 50 %
2026/09/04 23:59:44.372, NVIDIA GeForce RTX 3090, P2, 270.00 W, 217.84 W, 73, 8886 MiB, 24576 MiB, 41 %
2026/09/04 23:59:54.373, NVIDIA GeForce RTX 3090, P2, 270.00 W, 223.41 W, 74, 8886 MiB, 24576 MiB, 0 %
2026/09/05 00:00:04.374, NVIDIA GeForce RTX 3090, P2, 270.00 W, 219.50 W, 72, 8886 MiB, 24576 MiB, 0 %
2026/09/05 00:00:14.375, NVIDIA GeForce RTX 3090, P2, 270.00 W, 221.39 W, 73, 8886 MiB, 24576 MiB, 30 %
2026/09/05 00:00:24.377, NVIDIA GeForce RTX 3090, P2, 270.00 W, 233.93 W, 72, 8886 MiB, 24576 MiB, 26 %
2026/09/05 00:00:34.378, NVIDIA GeForce RTX 3090, P2, 270.00 W, 232.33 W, 72, 8886 MiB, 24576 MiB, 30 %
2026/09/05 00:00:44.379, NVIDIA GeForce RTX 3090, P2, 270.00 W, 223.24 W, 71, 8886 MiB, 24576 MiB, 47 %
2026/09/05 00:00:54.381, NVIDIA GeForce RTX 3090, P2, 270.00 W, 221.69 W, 73, 8886 MiB, 24576 MiB, 31 %
2026/09/05 00:01:04.382, NVIDIA GeForce RTX 3090, P2, 270.00 W, 225.02 W, 74, 8886 MiB, 24576 MiB, 46 %
2026/09/05 00:01:14.383, NVIDIA GeForce RTX 3090, P2, 270.00 W, 208.72 W, 72, 8886 MiB, 24576 MiB, 0 %
2026/09/05 00:01:24.385, NVIDIA GeForce RTX 3090, P2, 270.00 W, 214.20 W, 72, 8886 MiB, 24576 MiB, 37 %
2026/09/05 00:01:34.386, NVIDIA GeForce RTX 3090, P2, 270.00 W, 222.07 W, 73, 8886 MiB, 24576 MiB, 50 %
2026/09/05 00:01:44.387, NVIDIA GeForce RTX 3090, P2, 270.00 W, 225.66 W, 72, 8886 MiB, 24576 MiB, 33 %
2026/09/05 00:01:54.389, NVIDIA GeForce RTX 3090, P2, 270.00 W, 214.99 W, 74, 8886 MiB, 24576 MiB, 25 %
2026/09/05 00:02:04.390, NVIDIA GeForce RTX 3090, P2, 270.00 W, 209.60 W, 72, 8886 MiB, 24576 MiB, 0 %
2026/09/05 00:02:14.391, NVIDIA GeForce RTX 3090, P2, 270.00 W, 225.18 W, 72, 8886 MiB, 24576 MiB, 18 %
2026/09/05 00:02:24.392, NVIDIA GeForce RTX 3090, P2, 270.00 W, 231.02 W, 71, 8886 MiB, 24576 MiB, 21 %
2026/09/05 00:02:34.394, NVIDIA GeForce RTX 3090, P2, 270.00 W, 222.70 W, 72, 8886 MiB, 24576 MiB, 16 %
2026/09/05 00:02:44.395, NVIDIA GeForce RTX 3090, P2, 270.00 W, 208.29 W, 72, 8886 MiB, 24576 MiB, 17 %
2026/09/05 00:02:54.396, NVIDIA GeForce RTX 3090, P2, 270.00 W, 222.41 W, 72, 8886 MiB, 24576 MiB, 33 %
2026/09/05 00:03:04.397, NVIDIA GeForce RTX 3090, P2, 270.00 W, 225.05 W, 71, 8886 MiB, 24576 MiB, 5 %
2026/09/05 00:03:14.398, NVIDIA GeForce RTX 3090, P2, 270.00 W, 230.87 W, 73, 8886 MiB, 24576 MiB, 43 %
2026/09/05 00:03:24.399, NVIDIA GeForce RTX 3090, P2, 270.00 W, 223.88 W, 75, 8886 MiB, 24576 MiB, 0 %
2026/09/05 00:03:34.401, NVIDIA GeForce RTX 3090, P2, 270.00 W, 211.22 W, 72, 8886 MiB, 24576 MiB, 48 %
2026/09/05 00:03:44.402, NVIDIA GeForce RTX 3090, P2, 270.00 W, 227.37 W, 73, 8886 MiB, 24576 MiB, 49 %
2026/09/05 00:03:54.403, NVIDIA GeForce RTX 3090, P2, 270.00 W, 232.99 W, 73, 8886 MiB, 24576 MiB, 29 %
2026/09/05 00:04:04.405, NVIDIA GeForce RTX 3090, P2, 270.00 W, 234.15 W, 74, 8886 MiB, 24576 MiB, 26 %
2026/09/05 00:04:14.406, NVIDIA GeForce RTX 3090, P2, 270.00 W, 220.94 W, 73, 8886 MiB, 24576 MiB, 14 %
2026/09/05 00:04:24.408, NVIDIA GeForce RTX 3090, P2, 270.00 W, 208.65 W, 72, 8886 MiB, 24576 MiB, 9 %
2026/09/05 00:04:34.409, NVIDIA GeForce RTX 3090, P2, 270.00 W, 214.20 W, 72, 8886 MiB, 24576 MiB, 0 %
2026/09/05 00:04:44.410, NVIDIA GeForce RTX 3090, P2, 270.00 W, 222.85 W, 72, 8886 MiB, 24576 MiB, 50 %
2026/09/05 00:04:54.412, NVIDIA GeForce RTX 3090, P2, 270.00 W, 227.50 W, 73, 8886 MiB, 24576 MiB, 47 %
2026/09/05 00:05:04.413, NVIDIA GeForce RTX 3090, P2, 270.00 W, 221.81 W, 74, 8886 MiB, 24576 MiB, 47 %
2026/09/05 00:05:14.414, NVIDIA GeForce RTX 3090, P2, 270.00 W, 212.30 W, 71, 8886 MiB, 24576 MiB, 0 %
2026/09/05 00:05:24.416, NVIDIA GeForce RTX 3090, P2, 270.00 W, 223.04 W, 73, 8886 MiB, 24576 MiB, 30 %
2026/09/05 00:05:34.417, NVIDIA GeForce RTX 3090, P2, 270.00 W, 229.98 W, 73, 8886 MiB, 24576 MiB, 47 %
2026/09/05 00:05:44.419, NVIDIA GeForce RTX 3090, P2, 270.00 W, 233.45 W, 74, 8886 MiB, 24576 MiB, 48 %
2026/09/05 00:05:54.420, NVIDIA GeForce RTX 3090, P2, 270.00 W, 219.91 W, 74, 8886 MiB, 24576 MiB, 18 %
2026/09/05 00:06:04.421, NVIDIA GeForce RTX 3090, P2, 270.00 W, 212.55 W, 72, 8886 MiB, 24576 MiB, 30 %
2026/09/05 00:06:14.423, NVIDIA GeForce RTX 3090, P2, 270.00 W, 225.58 W, 73, 8886 MiB, 24576 MiB, 32 %
2026/09/05 00:06:24.424, NVIDIA GeForce RTX 3090, P2, 270.00 W, 223.98 W, 73, 8886 MiB, 24576 MiB, 44 %
2026/09/05 00:06:34.425, NVIDIA GeForce RTX 3090, P2, 270.00 W, 225.82 W, 72, 8886 MiB, 24576 MiB, 40 %
2026/09/05 00:06:44.426, NVIDIA GeForce RTX 3090, P2, 270.00 W, 228.22 W, 73, 8886 MiB, 24576 MiB, 49 %
2026/09/05 00:06:54.428, NVIDIA GeForce RTX 3090, P2, 270.00 W, 211.72 W, 74, 8886 MiB, 24576 MiB, 30 %
2026/09/05 00:07:04.429, NVIDIA GeForce RTX 3090, P2, 270.00 W, 220.93 W, 74, 8886 MiB, 24576 MiB, 5 %
2026/09/05 00:07:14.430, NVIDIA GeForce RTX 3090, P2, 270.00 W, 208.95 W, 72, 8886 MiB, 24576 MiB, 8 %
2026/09/05 00:07:24.432, NVIDIA GeForce RTX 3090, P2, 270.00 W, 218.52 W, 72, 8886 MiB, 24576 MiB, 0 %
2026/09/05 00:07:34.433, NVIDIA GeForce RTX 3090, P2, 270.00 W, 223.85 W, 74, 8886 MiB, 24576 MiB, 43 %
2026/09/05 00:07:44.434, NVIDIA GeForce RTX 3090, P2, 270.00 W, 233.39 W, 73, 8886 MiB, 24576 MiB, 43 %
2026/09/05 00:07:54.435, NVIDIA GeForce RTX 3090, P2, 270.00 W, 221.82 W, 73, 8886 MiB, 24576 MiB, 26 %
2026/09/05 00:08:04.437, NVIDIA GeForce RTX 3090, P2, 270.00 W, 208.09 W, 73, 8886 MiB, 24576 MiB, 5 %
2026/09/05 00:08:14.438, NVIDIA GeForce RTX 3090, P2, 270.00 W, 220.57 W, 72, 8886 MiB, 24576 MiB, 20 %
2026/09/05 00:08:24.439, NVIDIA GeForce RTX 3090, P2, 270.00 W, 233.38 W, 73, 8886 MiB, 24576 MiB, 6 %
2026/09/05 00:08:34.440, NVIDIA GeForce RTX 3090, P2, 270.00 W, 217.92 W, 71, 8886 MiB, 24576 MiB, 43 %
2026/09/05 00:08:44.441, NVIDIA GeForce RTX 3090, P2, 270.00 W, 216.48 W, 73, 8886 MiB, 24576 MiB, 6 %
2026/09/05 00:08:54.443, NVIDIA GeForce RTX 3090, P2, 270.00 W, 204.36 W, 71, 8886 MiB, 24576 MiB, 45 %
2026/09/05 00:09:04.444, NVIDIA GeForce RTX 3090, P2, 270.00 W, 231.90 W, 73, 8886 MiB, 24576 MiB, 38 %
2026/09/05 00:09:14.445, NVIDIA GeForce RTX 3090, P2, 270.00 W, 235.08 W, 72, 8886 MiB, 24576 MiB, 8 %
2026/09/05 00:09:24.446, NVIDIA GeForce RTX 3090, P2, 270.00 W, 223.58 W, 73, 8886 MiB, 24576 MiB, 10 %
2026/09/05 00:09:34.448, NVIDIA GeForce RTX 3090, P2, 270.00 W, 217.95 W, 73, 8886 MiB, 24576 MiB, 5 %
2026/09/05 00:09:44.449, NVIDIA GeForce RTX 3090, P2, 270.00 W, 224.77 W, 72, 8886 MiB, 24576 MiB, 5 %
2026/09/05 00:09:54.450, NVIDIA GeForce RTX 3090, P2, 270.00 W, 230.01 W, 72, 8886 MiB, 24576 MiB, 23 %
2026/09/05 00:10:04.451, NVIDIA GeForce RTX 3090, P2, 270.00 W, 218.81 W, 72, 8886 MiB, 24576 MiB, 47 %
2026/09/05 00:10:14.452, NVIDIA GeForce RTX 3090, P2, 270.00 W, 221.23 W, 74, 8886 MiB, 24576 MiB, 14 %
2026/09/05 00:10:24.453, NVIDIA GeForce RTX 3090, P2, 270.00 W, 219.87 W, 72, 8886 MiB, 24576 MiB, 0 %
2026/09/05 00:10:34.455, NVIDIA GeForce RTX 3090, P2, 270.00 W, 219.32 W, 72, 8886 MiB, 24576 MiB, 3 %
2026/09/05 00:10:44.456, NVIDIA GeForce RTX 3090, P2, 270.00 W, 232.53 W, 72, 8886 MiB, 24576 MiB, 33 %
2026/09/05 00:10:54.457, NVIDIA GeForce RTX 3090, P2, 270.00 W, 220.21 W, 75, 8886 MiB, 24576 MiB, 13 %
2026/09/05 00:11:04.458, NVIDIA GeForce RTX 3090, P2, 270.00 W, 225.25 W, 73, 8886 MiB, 24576 MiB, 37 %
2026/09/05 00:11:14.459, NVIDIA GeForce RTX 3090, P2, 270.00 W, 229.54 W, 74, 8886 MiB, 24576 MiB, 54 %
2026/09/05 00:11:24.461, NVIDIA GeForce RTX 3090, P2, 270.00 W, 231.80 W, 72, 8886 MiB, 24576 MiB, 30 %
2026/09/05 00:11:34.462, NVIDIA GeForce RTX 3090, P2, 270.00 W, 228.05 W, 73, 8886 MiB, 24576 MiB, 47 %
2026/09/05 00:11:44.463, NVIDIA GeForce RTX 3090, P2, 270.00 W, 225.49 W, 74, 8886 MiB, 24576 MiB, 44 %
2026/09/05 00:11:54.464, NVIDIA GeForce RTX 3090, P2, 270.00 W, 222.01 W, 73, 8886 MiB, 24576 MiB, 6 %
2026/09/05 00:12:04.466, NVIDIA GeForce RTX 3090, P2, 270.00 W, 237.12 W, 73, 8886 MiB, 24576 MiB, 48 %
2026/09/05 00:12:14.467, NVIDIA GeForce RTX 3090, P2, 270.00 W, 227.28 W, 72, 8886 MiB, 24576 MiB, 39 %
2026/09/05 00:12:24.468, NVIDIA GeForce RTX 3090, P2, 270.00 W, 222.78 W, 73, 8886 MiB, 24576 MiB, 25 %
2026/09/05 00:12:34.469, NVIDIA GeForce RTX 3090, P2, 270.00 W, 220.45 W, 72, 8886 MiB, 24576 MiB, 0 %
2026/09/05 00:12:44.470, NVIDIA GeForce RTX 3090, P2, 270.00 W, 227.35 W, 73, 8886 MiB, 24576 MiB, 44 %
2026/09/05 00:12:54.472, NVIDIA GeForce RTX 3090, P2, 270.00 W, 222.70 W, 72, 8886 MiB, 24576 MiB, 50 %
2026/09/05 00:13:04.473, NVIDIA GeForce RTX 3090, P2, 270.00 W, 220.07 W, 74, 8886 MiB, 24576 MiB, 0 %
2026/09/05 00:13:14.474, NVIDIA GeForce RTX 3090, P2, 270.00 W, 215.94 W, 71, 8886 MiB, 24576 MiB, 49 %
2026/09/05 00:13:24.475, NVIDIA GeForce RTX 3090, P2, 270.00 W, 226.35 W, 73, 8886 MiB, 24576 MiB, 47 %
2026/09/05 00:13:34.476, NVIDIA GeForce RTX 3090, P2, 270.00 W, 236.55 W, 73, 8886 MiB, 24576 MiB, 31 %
2026/09/05 00:13:44.477, NVIDIA GeForce RTX 3090, P2, 270.00 W, 226.49 W, 74, 8886 MiB, 24576 MiB, 0 %
2026/09/05 00:13:54.479, NVIDIA GeForce RTX 3090, P2, 270.00 W, 211.60 W, 71, 8886 MiB, 24576 MiB, 48 %
2026/09/05 00:14:04.480, NVIDIA GeForce RTX 3090, P2, 270.00 W, 219.43 W, 72, 8886 MiB, 24576 MiB, 48 %
2026/09/05 00:14:14.481, NVIDIA GeForce RTX 3090, P2, 270.00 W, 230.06 W, 73, 8886 MiB, 24576 MiB, 47 %
2026/09/05 00:14:24.482, NVIDIA GeForce RTX 3090, P2, 270.00 W, 221.79 W, 75, 8886 MiB, 24576 MiB, 0 %
2026/09/05 00:14:34.483, NVIDIA GeForce RTX 3090, P2, 270.00 W, 217.04 W, 73, 8886 MiB, 24576 MiB, 5 %
2026/09/05 00:14:44.484, NVIDIA GeForce RTX 3090, P2, 270.00 W, 209.62 W, 72, 8886 MiB, 24576 MiB, 0 %
2026/09/05 00:14:54.486, NVIDIA GeForce RTX 3090, P2, 270.00 W, 223.27 W, 73, 8886 MiB, 24576 MiB, 50 %
2026/09/05 00:15:04.487, NVIDIA GeForce RTX 3090, P2, 270.00 W, 220.69 W, 71, 8886 MiB, 24576 MiB, 47 %
2026/09/05 00:15:14.488, NVIDIA GeForce RTX 3090, P2, 270.00 W, 224.84 W, 74, 8886 MiB, 24576 MiB, 0 %
2026/09/05 00:15:24.489, NVIDIA GeForce RTX 3090, P2, 270.00 W, 216.54 W, 71, 8886 MiB, 24576 MiB, 6 %
2026/09/05 00:15:34.490, NVIDIA GeForce RTX 3090, P2, 270.00 W, 223.51 W, 73, 8886 MiB, 24576 MiB, 31 %
2026/09/05 00:15:44.491, NVIDIA GeForce RTX 3090, P2, 270.00 W, 226.35 W, 71, 8886 MiB, 24576 MiB, 27 %
2026/09/05 00:15:54.493, NVIDIA GeForce RTX 3090, P2, 270.00 W, 220.50 W, 73, 8886 MiB, 24576 MiB, 5 %
2026/09/05 00:16:04.494, NVIDIA GeForce RTX 3090, P2, 270.00 W, 219.10 W, 72, 8886 MiB, 24576 MiB, 18 %
2026/09/05 00:16:14.495, NVIDIA GeForce RTX 3090, P2, 270.00 W, 220.75 W, 73, 8886 MiB, 24576 MiB, 43 %
2026/09/05 00:16:24.496, NVIDIA GeForce RTX 3090, P2, 270.00 W, 235.12 W, 73, 8886 MiB, 24576 MiB, 47 %
2026/09/05 00:16:34.497, NVIDIA GeForce RTX 3090, P2, 270.00 W, 232.95 W, 73, 8886 MiB, 24576 MiB, 46 %
2026/09/05 00:16:44.499, NVIDIA GeForce RTX 3090, P2, 270.00 W, 214.21 W, 74, 8886 MiB, 24576 MiB, 48 %
2026/09/05 00:16:54.500, NVIDIA GeForce RTX 3090, P2, 270.00 W, 205.57 W, 71, 8886 MiB, 24576 MiB, 0 %
2026/09/05 00:17:04.501, NVIDIA GeForce RTX 3090, P2, 270.00 W, 226.35 W, 72, 8886 MiB, 24576 MiB, 33 %
2026/09/05 00:17:14.502, NVIDIA GeForce RTX 3090, P2, 270.00 W, 221.09 W, 73, 8886 MiB, 24576 MiB, 46 %
2026/09/05 00:17:24.503, NVIDIA GeForce RTX 3090, P2, 270.00 W, 217.15 W, 74, 8886 MiB, 24576 MiB, 47 %
2026/09/05 00:17:34.505, NVIDIA GeForce RTX 3090, P2, 270.00 W, 202.86 W, 71, 8886 MiB, 24576 MiB, 0 %
2026/09/05 00:17:44.506, NVIDIA GeForce RTX 3090, P2, 270.00 W, 224.50 W, 73, 8886 MiB, 24576 MiB, 49 %
2026/09/05 00:17:54.507, NVIDIA GeForce RTX 3090, P2, 270.00 W, 229.40 W, 73, 8886 MiB, 24576 MiB, 47 %
2026/09/05 00:18:04.508, NVIDIA GeForce RTX 3090, P2, 270.00 W, 219.49 W, 74, 8886 MiB, 24576 MiB, 46 %
2026/09/05 00:18:14.509, NVIDIA GeForce RTX 3090, P2, 270.00 W, 220.41 W, 72, 8886 MiB, 24576 MiB, 0 %
2026/09/05 00:18:24.510, NVIDIA GeForce RTX 3090, P2, 270.00 W, 226.30 W, 73, 8886 MiB, 24576 MiB, 48 %
2026/09/05 00:18:34.512, NVIDIA GeForce RTX 3090, P2, 270.00 W, 233.10 W, 73, 8886 MiB, 24576 MiB, 31 %
2026/09/05 00:18:44.513, NVIDIA GeForce RTX 3090, P2, 270.00 W, 210.96 W, 74, 8886 MiB, 24576 MiB, 31 %
2026/09/05 00:18:54.514, NVIDIA GeForce RTX 3090, P2, 270.00 W, 214.03 W, 73, 8886 MiB, 24576 MiB, 49 %
2026/09/05 00:19:04.515, NVIDIA GeForce RTX 3090, P2, 270.00 W, 218.99 W, 73, 8886 MiB, 24576 MiB, 33 %
2026/09/05 00:19:14.517, NVIDIA GeForce RTX 3090, P2, 270.00 W, 217.27 W, 72, 8886 MiB, 24576 MiB, 35 %
2026/09/05 00:19:24.518, NVIDIA GeForce RTX 3090, P2, 270.00 W, 228.26 W, 73, 8886 MiB, 24576 MiB, 49 %
2026/09/05 00:19:34.519, NVIDIA GeForce RTX 3090, P2, 270.00 W, 220.09 W, 73, 8886 MiB, 24576 MiB, 47 %
2026/09/05 00:19:44.520, NVIDIA GeForce RTX 3090, P2, 270.00 W, 220.92 W, 72, 8886 MiB, 24576 MiB, 7 %
2026/09/05 00:19:54.521, NVIDIA GeForce RTX 3090, P2, 270.00 W, 226.16 W, 73, 8886 MiB, 24576 MiB, 48 %
2026/09/05 00:20:04.523, NVIDIA GeForce RTX 3090, P2, 270.00 W, 234.86 W, 72, 8886 MiB, 24576 MiB, 31 %
2026/09/05 00:20:14.524, NVIDIA GeForce RTX 3090, P2, 270.00 W, 211.68 W, 73, 8886 MiB, 24576 MiB, 50 %
2026/09/05 00:20:24.525, NVIDIA GeForce RTX 3090, P2, 270.00 W, 222.87 W, 73, 8886 MiB, 24576 MiB, 35 %
2026/09/05 00:20:34.526, NVIDIA GeForce RTX 3090, P2, 270.00 W, 215.41 W, 72, 8886 MiB, 24576 MiB, 0 %
2026/09/05 00:20:44.527, NVIDIA GeForce RTX 3090, P2, 270.00 W, 228.40 W, 73, 8886 MiB, 24576 MiB, 49 %
2026/09/05 00:20:54.529, NVIDIA GeForce RTX 3090, P2, 270.00 W, 232.43 W, 72, 8886 MiB, 24576 MiB, 32 %
2026/09/05 00:21:04.530, NVIDIA GeForce RTX 3090, P2, 270.00 W, 217.40 W, 72, 8886 MiB, 24576 MiB, 30 %
2026/09/05 00:21:14.531, NVIDIA GeForce RTX 3090, P2, 270.00 W, 212.75 W, 74, 8886 MiB, 24576 MiB, 48 %
2026/09/05 00:21:24.533, NVIDIA GeForce RTX 3090, P2, 270.00 W, 226.53 W, 72, 8886 MiB, 24576 MiB, 30 %
2026/09/05 00:21:34.534, NVIDIA GeForce RTX 3090, P2, 270.00 W, 232.54 W, 72, 8886 MiB, 24576 MiB, 35 %
2026/09/05 00:21:44.535, NVIDIA GeForce RTX 3090, P2, 270.00 W, 215.63 W, 72, 8886 MiB, 24576 MiB, 9 %
2026/09/05 00:21:54.537, NVIDIA GeForce RTX 3090, P2, 270.00 W, 212.14 W, 73, 8886 MiB, 24576 MiB, 5 %
2026/09/05 00:22:04.538, NVIDIA GeForce RTX 3090, P2, 270.00 W, 219.98 W, 72, 8886 MiB, 24576 MiB, 46 %
2026/09/05 00:22:14.539, NVIDIA GeForce RTX 3090, P2, 270.00 W, 221.96 W, 73, 8886 MiB, 24576 MiB, 5 %
2026/09/05 00:22:24.541, NVIDIA GeForce RTX 3090, P2, 270.00 W, 228.23 W, 72, 8886 MiB, 24576 MiB, 7 %
2026/09/05 00:22:34.542, NVIDIA GeForce RTX 3090, P2, 270.00 W, 219.92 W, 74, 8886 MiB, 24576 MiB, 22 %
2026/09/05 00:22:44.543, NVIDIA GeForce RTX 3090, P2, 270.00 W, 221.80 W, 72, 8886 MiB, 24576 MiB, 0 %
2026/09/05 00:22:54.544, NVIDIA GeForce RTX 3090, P2, 270.00 W, 217.70 W, 74, 8886 MiB, 24576 MiB, 48 %
2026/09/05 00:23:04.545, NVIDIA GeForce RTX 3090, P2, 270.00 W, 226.40 W, 73, 8886 MiB, 24576 MiB, 49 %
2026/09/05 00:23:14.547, NVIDIA GeForce RTX 3090, P2, 270.00 W, 222.49 W, 74, 8886 MiB, 24576 MiB, 47 %
2026/09/05 00:23:24.548, NVIDIA GeForce RTX 3090, P2, 270.00 W, 217.68 W, 72, 8886 MiB, 24576 MiB, 31 %
2026/09/05 00:23:34.549, NVIDIA GeForce RTX 3090, P2, 270.00 W, 233.26 W, 72, 8886 MiB, 24576 MiB, 30 %
2026/09/05 00:23:44.550, NVIDIA GeForce RTX 3090, P2, 270.00 W, 224.34 W, 73, 8886 MiB, 24576 MiB, 38 %
2026/09/05 00:23:54.551, NVIDIA GeForce RTX 3090, P2, 270.00 W, 223.91 W, 74, 8886 MiB, 24576 MiB, 47 %
2026/09/05 00:24:04.553, NVIDIA GeForce RTX 3090, P2, 270.00 W, 212.12 W, 72, 8886 MiB, 24576 MiB, 48 %
2026/09/05 00:24:14.554, NVIDIA GeForce RTX 3090, P2, 270.00 W, 226.22 W, 73, 8886 MiB, 24576 MiB, 20 %
2026/09/05 00:24:24.555, NVIDIA GeForce RTX 3090, P2, 270.00 W, 222.26 W, 71, 8886 MiB, 24576 MiB, 21 %
2026/09/05 00:24:34.556, NVIDIA GeForce RTX 3090, P2, 270.00 W, 222.07 W, 73, 8886 MiB, 24576 MiB, 41 %
2026/09/05 00:24:44.557, NVIDIA GeForce RTX 3090, P2, 270.00 W, 206.16 W, 71, 8886 MiB, 24576 MiB, 49 %
2026/09/05 00:24:54.559, NVIDIA GeForce RTX 3090, P2, 270.00 W, 225.42 W, 72, 8886 MiB, 24576 MiB, 5 %
2026/09/05 00:25:04.560, NVIDIA GeForce RTX 3090, P2, 270.00 W, 236.81 W, 73, 8886 MiB, 24576 MiB, 43 %
2026/09/05 00:25:14.561, NVIDIA GeForce RTX 3090, P2, 270.00 W, 222.95 W, 73, 8886 MiB, 24576 MiB, 30 %
2026/09/05 00:25:24.562, NVIDIA GeForce RTX 3090, P2, 270.00 W, 216.62 W, 73, 8886 MiB, 24576 MiB, 46 %
2026/09/05 00:25:34.563, NVIDIA GeForce RTX 3090, P2, 270.00 W, 215.59 W, 72, 8886 MiB, 24576 MiB, 0 %
2026/09/05 00:25:44.565, NVIDIA GeForce RTX 3090, P2, 270.00 W, 228.22 W, 73, 8886 MiB, 24576 MiB, 48 %
2026/09/05 00:25:54.566, NVIDIA GeForce RTX 3090, P2, 270.00 W, 224.45 W, 74, 8886 MiB, 24576 MiB, 41 %
2026/09/05 00:26:04.567, NVIDIA GeForce RTX 3090, P2, 270.00 W, 220.16 W, 74, 8886 MiB, 24576 MiB, 0 %
2026/09/05 00:26:14.568, NVIDIA GeForce RTX 3090, P2, 270.00 W, 213.21 W, 72, 8886 MiB, 24576 MiB, 47 %
2026/09/05 00:26:24.570, NVIDIA GeForce RTX 3090, P2, 270.00 W, 230.04 W, 74, 8886 MiB, 24576 MiB, 31 %
2026/09/05 00:26:34.571, NVIDIA GeForce RTX 3090, P2, 270.00 W, 231.45 W, 73, 8886 MiB, 24576 MiB, 49 %
2026/09/05 00:26:44.573, NVIDIA GeForce RTX 3090, P2, 270.00 W, 216.09 W, 74, 8886 MiB, 24576 MiB, 4 %
2026/09/05 00:26:54.574, NVIDIA GeForce RTX 3090, P2, 270.00 W, 207.51 W, 72, 8886 MiB, 24576 MiB, 48 %
2026/09/05 00:27:04.575, NVIDIA GeForce RTX 3090, P2, 270.00 W, 224.16 W, 74, 8886 MiB, 24576 MiB, 46 %
2026/09/05 00:27:14.576, NVIDIA GeForce RTX 3090, P2, 270.00 W, 224.25 W, 73, 8886 MiB, 24576 MiB, 30 %
2026/09/05 00:27:24.578, NVIDIA GeForce RTX 3090, P2, 270.00 W, 229.97 W, 73, 8886 MiB, 24576 MiB, 48 %
2026/09/05 00:27:34.579, NVIDIA GeForce RTX 3090, P2, 270.00 W, 221.44 W, 73, 8886 MiB, 24576 MiB, 32 %
2026/09/05 00:27:44.580, NVIDIA GeForce RTX 3090, P2, 270.00 W, 212.35 W, 74, 8886 MiB, 24576 MiB, 39 %
2026/09/05 00:27:54.582, NVIDIA GeForce RTX 3090, P2, 270.00 W, 221.43 W, 72, 8886 MiB, 24576 MiB, 0 %
2026/09/05 00:28:04.583, NVIDIA GeForce RTX 3090, P2, 270.00 W, 235.18 W, 74, 8886 MiB, 24576 MiB, 27 %
2026/09/05 00:28:14.584, NVIDIA GeForce RTX 3090, P2, 270.00 W, 220.85 W, 71, 8886 MiB, 24576 MiB, 47 %
2026/09/05 00:28:24.585, NVIDIA GeForce RTX 3090, P2, 270.00 W, 221.40 W, 73, 8886 MiB, 24576 MiB, 4 %
2026/09/05 00:28:34.586, NVIDIA GeForce RTX 3090, P2, 270.00 W, 217.61 W, 73, 8886 MiB, 24576 MiB, 3 %
2026/09/05 00:28:44.588, NVIDIA GeForce RTX 3090, P2, 270.00 W, 220.98 W, 72, 8886 MiB, 24576 MiB, 6 %
2026/09/05 00:28:54.589, NVIDIA GeForce RTX 3090, P2, 270.00 W, 229.77 W, 72, 8886 MiB, 24576 MiB, 36 %
2026/09/05 00:29:04.590, NVIDIA GeForce RTX 3090, P2, 270.00 W, 218.23 W, 74, 8886 MiB, 24576 MiB, 35 %
2026/09/05 00:29:14.591, NVIDIA GeForce RTX 3090, P2, 270.00 W, 219.65 W, 74, 8886 MiB, 24576 MiB, 0 %
2026/09/05 00:29:24.593, NVIDIA GeForce RTX 3090, P2, 270.00 W, 209.48 W, 72, 8886 MiB, 24576 MiB, 0 %
2026/09/05 00:29:34.594, NVIDIA GeForce RTX 3090, P2, 270.00 W, 225.04 W, 73, 8886 MiB, 24576 MiB, 47 %
2026/09/05 00:29:44.595, NVIDIA GeForce RTX 3090, P2, 270.00 W, 228.44 W, 73, 8886 MiB, 24576 MiB, 24 %
2026/09/05 00:29:54.596, NVIDIA GeForce RTX 3090, P2, 270.00 W, 223.97 W, 73, 8886 MiB, 24576 MiB, 3 %
2026/09/05 00:30:04.597, NVIDIA GeForce RTX 3090, P2, 270.00 W, 214.37 W, 72, 8886 MiB, 24576 MiB, 48 %
2026/09/05 00:30:14.599, NVIDIA GeForce RTX 3090, P2, 270.00 W, 221.71 W, 73, 8886 MiB, 24576 MiB, 32 %
2026/09/05 00:30:24.600, NVIDIA GeForce RTX 3090, P2, 270.00 W, 223.03 W, 72, 8886 MiB, 24576 MiB, 37 %
2026/09/05 00:30:34.601, NVIDIA GeForce RTX 3090, P2, 270.00 W, 218.71 W, 73, 8886 MiB, 24576 MiB, 41 %
2026/09/05 00:30:44.602, NVIDIA GeForce RTX 3090, P2, 270.00 W, 215.32 W, 71, 8886 MiB, 24576 MiB, 0 %
2026/09/05 00:30:54.603, NVIDIA GeForce RTX 3090, P2, 270.00 W, 229.07 W, 73, 8886 MiB, 24576 MiB, 49 %
2026/09/05 00:31:04.604, NVIDIA GeForce RTX 3090, P2, 270.00 W, 233.41 W, 72, 8886 MiB, 24576 MiB, 21 %
2026/09/05 00:31:14.606, NVIDIA GeForce RTX 3090, P2, 270.00 W, 220.44 W, 74, 8886 MiB, 24576 MiB, 22 %
2026/09/05 00:31:24.607, NVIDIA GeForce RTX 3090, P2, 270.00 W, 222.24 W, 74, 8886 MiB, 24576 MiB, 47 %
2026/09/05 00:31:34.608, NVIDIA GeForce RTX 3090, P2, 270.00 W, 211.07 W, 71, 8886 MiB, 24576 MiB, 37 %
2026/09/05 00:31:44.609, NVIDIA GeForce RTX 3090, P2, 270.00 W, 224.99 W, 74, 8886 MiB, 24576 MiB, 19 %
2026/09/05 00:31:54.610, NVIDIA GeForce RTX 3090, P2, 270.00 W, 218.53 W, 73, 8886 MiB, 24576 MiB, 29 %
2026/09/05 00:32:04.612, NVIDIA GeForce RTX 3090, P2, 270.00 W, 219.57 W, 74, 8886 MiB, 24576 MiB, 22 %
2026/09/05 00:32:14.613, NVIDIA GeForce RTX 3090, P2, 270.00 W, 223.75 W, 72, 8886 MiB, 24576 MiB, 10 %
2026/09/05 00:32:24.614, NVIDIA GeForce RTX 3090, P2, 270.00 W, 225.35 W, 72, 8886 MiB, 24576 MiB, 8 %
2026/09/05 00:32:34.615, NVIDIA GeForce RTX 3090, P2, 270.00 W, 225.54 W, 73, 8886 MiB, 24576 MiB, 48 %
2026/09/05 00:32:44.617, NVIDIA GeForce RTX 3090, P2, 270.00 W, 229.27 W, 73, 8886 MiB, 24576 MiB, 48 %
2026/09/05 00:32:54.618, NVIDIA GeForce RTX 3090, P2, 270.00 W, 222.97 W, 74, 8886 MiB, 24576 MiB, 46 %
2026/09/05 00:33:04.619, NVIDIA GeForce RTX 3090, P2, 270.00 W, 217.62 W, 72, 8886 MiB, 24576 MiB, 40 %
2026/09/05 00:33:14.620, NVIDIA GeForce RTX 3090, P2, 270.00 W, 230.98 W, 72, 8886 MiB, 24576 MiB, 47 %
2026/09/05 00:33:24.621, NVIDIA GeForce RTX 3090, P2, 270.00 W, 228.86 W, 73, 8886 MiB, 24576 MiB, 49 %
2026/09/05 00:33:34.623, NVIDIA GeForce RTX 3090, P2, 270.00 W, 210.34 W, 74, 8886 MiB, 24576 MiB, 7 %
2026/09/05 00:33:44.624, NVIDIA GeForce RTX 3090, P2, 270.00 W, 221.75 W, 74, 8886 MiB, 24576 MiB, 0 %
2026/09/05 00:33:54.625, NVIDIA GeForce RTX 3090, P2, 270.00 W, 211.82 W, 72, 8886 MiB, 24576 MiB, 0 %
2026/09/05 00:34:04.627, NVIDIA GeForce RTX 3090, P2, 270.00 W, 213.14 W, 73, 8886 MiB, 24576 MiB, 22 %
2026/09/05 00:34:14.628, NVIDIA GeForce RTX 3090, P2, 270.00 W, 226.35 W, 72, 8886 MiB, 24576 MiB, 24 %
2026/09/05 00:34:24.629, NVIDIA GeForce RTX 3090, P2, 270.00 W, 231.08 W, 73, 8886 MiB, 24576 MiB, 25 %
2026/09/05 00:34:34.630, NVIDIA GeForce RTX 3090, P2, 270.00 W, 218.92 W, 74, 8886 MiB, 24576 MiB, 23 %
2026/09/05 00:34:44.631, NVIDIA GeForce RTX 3090, P2, 270.00 W, 214.73 W, 72, 8886 MiB, 24576 MiB, 62 %
2026/09/05 00:34:54.633, NVIDIA GeForce RTX 3090, P2, 270.00 W, 226.08 W, 73, 8886 MiB, 24576 MiB, 47 %
2026/09/05 00:35:04.634, NVIDIA GeForce RTX 3090, P2, 270.00 W, 224.59 W, 72, 8886 MiB, 24576 MiB, 3 %
2026/09/05 00:35:14.635, NVIDIA GeForce RTX 3090, P2, 270.00 W, 219.92 W, 73, 8886 MiB, 24576 MiB, 31 %
2026/09/05 00:35:24.636, NVIDIA GeForce RTX 3090, P2, 270.00 W, 219.67 W, 74, 8886 MiB, 24576 MiB, 0 %
2026/09/05 00:35:34.637, NVIDIA GeForce RTX 3090, P2, 270.00 W, 227.13 W, 72, 8886 MiB, 24576 MiB, 0 %
2026/09/05 00:35:44.639, NVIDIA GeForce RTX 3090, P2, 270.00 W, 223.06 W, 74, 8886 MiB, 24576 MiB, 48 %
2026/09/05 00:35:54.640, NVIDIA GeForce RTX 3090, P2, 270.00 W, 230.73 W, 72, 8886 MiB, 24576 MiB, 25 %
2026/09/05 00:36:04.641, NVIDIA GeForce RTX 3090, P2, 270.00 W, 227.58 W, 74, 8886 MiB, 24576 MiB, 47 %
2026/09/05 00:36:14.642, NVIDIA GeForce RTX 3090, P2, 270.00 W, 221.58 W, 73, 8886 MiB, 24576 MiB, 19 %
2026/09/05 00:36:24.643, NVIDIA GeForce RTX 3090, P2, 270.00 W, 208.62 W, 72, 8886 MiB, 24576 MiB, 6 %
2026/09/05 00:36:34.645, NVIDIA GeForce RTX 3090, P2, 270.00 W, 222.32 W, 72, 8886 MiB, 24576 MiB, 23 %
2026/09/05 00:36:44.646, NVIDIA GeForce RTX 3090, P2, 270.00 W, 228.27 W, 72, 8886 MiB, 24576 MiB, 41 %
2026/09/05 00:36:54.647, NVIDIA GeForce RTX 3090, P2, 270.00 W, 221.41 W, 73, 8886 MiB, 24576 MiB, 40 %
2026/09/05 00:37:04.649, NVIDIA GeForce RTX 3090, P2, 270.00 W, 209.68 W, 73, 8886 MiB, 24576 MiB, 5 %
2026/09/05 00:37:14.650, NVIDIA GeForce RTX 3090, P2, 270.00 W, 227.88 W, 73, 8886 MiB, 24576 MiB, 6 %
2026/09/05 00:37:24.651, NVIDIA GeForce RTX 3090, P2, 270.00 W, 231.68 W, 73, 8886 MiB, 24576 MiB, 47 %
2026/09/05 00:37:34.652, NVIDIA GeForce RTX 3090, P2, 270.00 W, 219.73 W, 73, 8886 MiB, 24576 MiB, 31 %
2026/09/05 00:37:44.654, NVIDIA GeForce RTX 3090, P2, 270.00 W, 224.83 W, 72, 8886 MiB, 24576 MiB, 10 %
2026/09/05 00:37:54.655, NVIDIA GeForce RTX 3090, P2, 270.00 W, 212.02 W, 72, 8886 MiB, 24576 MiB, 41 %
2026/09/05 00:38:04.656, NVIDIA GeForce RTX 3090, P2, 270.00 W, 222.88 W, 73, 8886 MiB, 24576 MiB, 44 %
2026/09/05 00:38:14.658, NVIDIA GeForce RTX 3090, P2, 270.00 W, 221.87 W, 72, 8886 MiB, 24576 MiB, 50 %
2026/09/05 00:38:24.659, NVIDIA GeForce RTX 3090, P2, 270.00 W, 220.69 W, 74, 8886 MiB, 24576 MiB, 47 %
2026/09/05 00:38:34.660, NVIDIA GeForce RTX 3090, P2, 270.00 W, 218.30 W, 72, 8886 MiB, 24576 MiB, 40 %
2026/09/05 00:38:44.661, NVIDIA GeForce RTX 3090, P2, 270.00 W, 206.63 W, 72, 8886 MiB, 24576 MiB, 50 %
2026/09/05 00:38:54.663, NVIDIA GeForce RTX 3090, P2, 270.00 W, 220.96 W, 73, 8886 MiB, 24576 MiB, 48 %
2026/09/05 00:39:04.664, NVIDIA GeForce RTX 3090, P2, 270.00 W, 230.10 W, 73, 8886 MiB, 24576 MiB, 48 %
2026/09/05 00:39:14.665, NVIDIA GeForce RTX 3090, P2, 270.00 W, 220.30 W, 74, 8886 MiB, 24576 MiB, 0 %
2026/09/05 00:39:24.666, NVIDIA GeForce RTX 3090, P2, 270.00 W, 211.05 W, 72, 8886 MiB, 24576 MiB, 49 %
2026/09/05 00:39:34.668, NVIDIA GeForce RTX 3090, P2, 270.00 W, 226.02 W, 73, 8886 MiB, 24576 MiB, 47 %
2026/09/05 00:39:44.669, NVIDIA GeForce RTX 3090, P2, 270.00 W, 228.82 W, 72, 8886 MiB, 24576 MiB, 48 %
2026/09/05 00:39:54.670, NVIDIA GeForce RTX 3090, P2, 270.00 W, 222.11 W, 74, 8886 MiB, 24576 MiB, 0 %
2026/09/05 00:40:04.671, NVIDIA GeForce RTX 3090, P2, 270.00 W, 224.70 W, 73, 8886 MiB, 24576 MiB, 30 %
2026/09/05 00:40:14.673, NVIDIA GeForce RTX 3090, P2, 270.00 W, 235.32 W, 72, 8886 MiB, 24576 MiB, 34 %
2026/09/05 00:40:24.675, NVIDIA GeForce RTX 3090, P2, 270.00 W, 212.91 W, 74, 8886 MiB, 24576 MiB, 38 %
2026/09/05 00:40:34.676, NVIDIA GeForce RTX 3090, P2, 270.00 W, 220.03 W, 74, 8886 MiB, 24576 MiB, 0 %
2026/09/05 00:40:44.678, NVIDIA GeForce RTX 3090, P2, 270.00 W, 211.02 W, 71, 8886 MiB, 24576 MiB, 46 %
2026/09/05 00:40:54.679, NVIDIA GeForce RTX 3090, P2, 270.00 W, 222.08 W, 73, 8886 MiB, 24576 MiB, 48 %
2026/09/05 00:41:04.680, NVIDIA GeForce RTX 3090, P2, 270.00 W, 226.17 W, 73, 8886 MiB, 24576 MiB, 43 %
2026/09/05 00:41:14.681, NVIDIA GeForce RTX 3090, P2, 270.00 W, 219.35 W, 74, 8886 MiB, 24576 MiB, 47 %
2026/09/05 00:41:24.683, NVIDIA GeForce RTX 3090, P2, 270.00 W, 207.21 W, 71, 8886 MiB, 24576 MiB, 0 %
2026/09/05 00:41:34.684, NVIDIA GeForce RTX 3090, P2, 270.00 W, 222.77 W, 73, 8886 MiB, 24576 MiB, 49 %
2026/09/05 00:41:44.685, NVIDIA GeForce RTX 3090, P2, 270.00 W, 230.07 W, 74, 8886 MiB, 24576 MiB, 48 %
2026/09/05 00:41:54.687, NVIDIA GeForce RTX 3090, P2, 270.00 W, 216.96 W, 74, 8886 MiB, 24576 MiB, 45 %
2026/09/05 00:42:04.688, NVIDIA GeForce RTX 3090, P2, 270.00 W, 215.12 W, 72, 8886 MiB, 24576 MiB, 0 %
2026/09/05 00:42:14.689, NVIDIA GeForce RTX 3090, P2, 270.00 W, 227.97 W, 73, 8886 MiB, 24576 MiB, 48 %
2026/09/05 00:42:24.690, NVIDIA GeForce RTX 3090, P2, 270.00 W, 232.55 W, 73, 8886 MiB, 24576 MiB, 48 %
2026/09/05 00:42:34.692, NVIDIA GeForce RTX 3090, P2, 270.00 W, 221.13 W, 74, 8886 MiB, 24576 MiB, 22 %
2026/09/05 00:42:44.693, NVIDIA GeForce RTX 3090, P2, 270.00 W, 212.00 W, 72, 8886 MiB, 24576 MiB, 30 %
2026/09/05 00:42:54.694, NVIDIA GeForce RTX 3090, P2, 270.00 W, 216.08 W, 73, 8886 MiB, 24576 MiB, 19 %
2026/09/05 00:43:04.695, NVIDIA GeForce RTX 3090, P2, 270.00 W, 229.48 W, 72, 8886 MiB, 24576 MiB, 39 %
2026/09/05 00:43:14.696, NVIDIA GeForce RTX 3090, P2, 270.00 W, 215.69 W, 72, 8886 MiB, 24576 MiB, 41 %
2026/09/05 00:43:24.698, NVIDIA GeForce RTX 3090, P2, 270.00 W, 224.22 W, 74, 8886 MiB, 24576 MiB, 46 %
2026/09/05 00:43:34.699, NVIDIA GeForce RTX 3090, P2, 270.00 W, 218.71 W, 72, 8886 MiB, 24576 MiB, 47 %
2026/09/05 00:43:44.701, NVIDIA GeForce RTX 3090, P2, 270.00 W, 220.76 W, 72, 8886 MiB, 24576 MiB, 20 %
2026/09/05 00:43:54.702, NVIDIA GeForce RTX 3090, P2, 270.00 W, 231.79 W, 73, 8886 MiB, 24576 MiB, 40 %
2026/09/05 00:44:04.704, NVIDIA GeForce RTX 3090, P2, 270.00 W, 225.18 W, 73, 8886 MiB, 24576 MiB, 47 %
2026/09/05 00:44:14.705, NVIDIA GeForce RTX 3090, P2, 270.00 W, 225.64 W, 75, 8886 MiB, 24576 MiB, 0 %
2026/09/05 00:44:24.707, NVIDIA GeForce RTX 3090, P2, 270.00 W, 231.89 W, 74, 8886 MiB, 24576 MiB, 5 %
2026/09/05 00:44:34.708, NVIDIA GeForce RTX 3090, P2, 270.00 W, 212.30 W, 71, 8886 MiB, 24576 MiB, 0 %
2026/09/05 00:44:44.710, NVIDIA GeForce RTX 3090, P2, 270.00 W, 228.29 W, 72, 8886 MiB, 24576 MiB, 16 %
2026/09/05 00:44:54.712, NVIDIA GeForce RTX 3090, P2, 270.00 W, 225.08 W, 73, 8886 MiB, 24576 MiB, 4 %
2026/09/05 00:45:04.713, NVIDIA GeForce RTX 3090, P2, 270.00 W, 224.19 W, 73, 8886 MiB, 24576 MiB, 0 %
2026/09/05 00:45:14.715, NVIDIA GeForce RTX 3090, P2, 270.00 W, 211.41 W, 73, 8886 MiB, 24576 MiB, 30 %
2026/09/05 00:45:24.716, NVIDIA GeForce RTX 3090, P2, 270.00 W, 226.39 W, 73, 8886 MiB, 24576 MiB, 45 %
2026/09/05 00:45:34.717, NVIDIA GeForce RTX 3090, P2, 270.00 W, 226.41 W, 71, 8886 MiB, 24576 MiB, 12 %
2026/09/05 00:45:44.719, NVIDIA GeForce RTX 3090, P2, 270.00 W, 218.93 W, 74, 8886 MiB, 24576 MiB, 13 %
2026/09/05 00:45:54.720, NVIDIA GeForce RTX 3090, P2, 270.00 W, 219.48 W, 72, 8886 MiB, 24576 MiB, 0 %
2026/09/05 00:46:04.722, NVIDIA GeForce RTX 3090, P2, 270.00 W, 226.44 W, 73, 8886 MiB, 24576 MiB, 49 %
2026/09/05 00:46:14.723, NVIDIA GeForce RTX 3090, P2, 270.00 W, 222.13 W, 71, 8886 MiB, 24576 MiB, 21 %
2026/09/05 00:46:24.724, NVIDIA GeForce RTX 3090, P2, 270.00 W, 224.90 W, 73, 8886 MiB, 24576 MiB, 41 %
2026/09/05 00:46:34.726, NVIDIA GeForce RTX 3090, P2, 270.00 W, 209.56 W, 73, 8886 MiB, 24576 MiB, 30 %
2026/09/05 00:46:44.727, NVIDIA GeForce RTX 3090, P2, 270.00 W, 220.96 W, 72, 8886 MiB, 24576 MiB, 6 %
2026/09/05 00:46:54.729, NVIDIA GeForce RTX 3090, P2, 270.00 W, 225.06 W, 72, 8886 MiB, 24576 MiB, 46 %
2026/09/05 00:47:04.730, NVIDIA GeForce RTX 3090, P2, 270.00 W, 226.96 W, 73, 8886 MiB, 24576 MiB, 47 %
2026/09/05 00:47:14.731, NVIDIA GeForce RTX 3090, P2, 270.00 W, 213.22 W, 73, 8886 MiB, 24576 MiB, 40 %
2026/09/05 00:47:24.733, NVIDIA GeForce RTX 3090, P2, 270.00 W, 213.94 W, 72, 8886 MiB, 24576 MiB, 0 %
2026/09/05 00:47:34.734, NVIDIA GeForce RTX 3090, P2, 270.00 W, 229.22 W, 72, 8886 MiB, 24576 MiB, 3 %
2026/09/05 00:47:44.735, NVIDIA GeForce RTX 3090, P2, 270.00 W, 215.51 W, 73, 8886 MiB, 24576 MiB, 49 %
2026/09/05 00:47:54.736, NVIDIA GeForce RTX 3090, P2, 270.00 W, 217.79 W, 73, 8886 MiB, 24576 MiB, 0 %
2026/09/05 00:48:04.738, NVIDIA GeForce RTX 3090, P2, 270.00 W, 223.04 W, 74, 8886 MiB, 24576 MiB, 0 %
2026/09/05 00:48:14.739, NVIDIA GeForce RTX 3090, P2, 270.00 W, 218.39 W, 72, 8886 MiB, 24576 MiB, 9 %
2026/09/05 00:48:24.740, NVIDIA GeForce RTX 3090, P2, 270.00 W, 211.54 W, 71, 8886 MiB, 24576 MiB, 0 %
2026/09/05 00:48:34.741, NVIDIA GeForce RTX 3090, P2, 270.00 W, 229.55 W, 72, 8886 MiB, 24576 MiB, 47 %
2026/09/05 00:48:44.743, NVIDIA GeForce RTX 3090, P2, 270.00 W, 217.98 W, 72, 8886 MiB, 24576 MiB, 30 %
2026/09/05 00:48:54.744, NVIDIA GeForce RTX 3090, P2, 270.00 W, 215.33 W, 72, 8886 MiB, 24576 MiB, 45 %
2026/09/05 00:49:04.745, NVIDIA GeForce RTX 3090, P2, 270.00 W, 227.25 W, 73, 8886 MiB, 24576 MiB, 48 %
2026/09/05 00:49:14.746, NVIDIA GeForce RTX 3090, P2, 270.00 W, 223.35 W, 72, 8886 MiB, 24576 MiB, 35 %
2026/09/05 00:49:24.747, NVIDIA GeForce RTX 3090, P2, 270.00 W, 222.92 W, 74, 8886 MiB, 24576 MiB, 0 %
2026/09/05 00:49:34.749, NVIDIA GeForce RTX 3090, P2, 270.00 W, 217.15 W, 72, 8886 MiB, 24576 MiB, 5 %
2026/09/05 00:49:44.750, NVIDIA GeForce RTX 3090, P2, 270.00 W, 225.93 W, 73, 8886 MiB, 24576 MiB, 49 %
2026/09/05 00:49:54.751, NVIDIA GeForce RTX 3090, P2, 270.00 W, 226.01 W, 72, 8886 MiB, 24576 MiB, 22 %
2026/09/05 00:50:04.752, NVIDIA GeForce RTX 3090, P2, 270.00 W, 220.56 W, 73, 8886 MiB, 24576 MiB, 18 %
2026/09/05 00:50:14.754, NVIDIA GeForce RTX 3090, P2, 270.00 W, 213.70 W, 72, 8886 MiB, 24576 MiB, 12 %
2026/09/05 00:50:24.755, NVIDIA GeForce RTX 3090, P2, 270.00 W, 217.78 W, 72, 8886 MiB, 24576 MiB, 6 %
2026/09/05 00:50:34.756, NVIDIA GeForce RTX 3090, P2, 270.00 W, 230.05 W, 73, 8886 MiB, 24576 MiB, 31 %
2026/09/05 00:50:44.757, NVIDIA GeForce RTX 3090, P2, 270.00 W, 227.07 W, 73, 8886 MiB, 24576 MiB, 50 %
2026/09/05 00:50:54.759, NVIDIA GeForce RTX 3090, P2, 270.00 W, 227.65 W, 74, 8886 MiB, 24576 MiB, 47 %
2026/09/05 00:51:04.760, NVIDIA GeForce RTX 3090, P2, 270.00 W, 212.88 W, 72, 8886 MiB, 24576 MiB, 4 %
2026/09/05 00:51:14.761, NVIDIA GeForce RTX 3090, P2, 270.00 W, 219.98 W, 72, 8886 MiB, 24576 MiB, 51 %
2026/09/05 00:51:24.762, NVIDIA GeForce RTX 3090, P2, 270.00 W, 236.46 W, 73, 8886 MiB, 24576 MiB, 47 %
2026/09/05 00:51:34.764, NVIDIA GeForce RTX 3090, P2, 270.00 W, 230.81 W, 74, 8886 MiB, 24576 MiB, 48 %
2026/09/05 00:51:44.765, NVIDIA GeForce RTX 3090, P2, 270.00 W, 219.91 W, 74, 8886 MiB, 24576 MiB, 0 %
2026/09/05 00:51:54.766, NVIDIA GeForce RTX 3090, P2, 270.00 W, 213.52 W, 72, 8886 MiB, 24576 MiB, 9 %
2026/09/05 00:52:04.767, NVIDIA GeForce RTX 3090, P2, 270.00 W, 215.01 W, 72, 8886 MiB, 24576 MiB, 4 %
2026/09/05 00:52:14.769, NVIDIA GeForce RTX 3090, P2, 270.00 W, 226.84 W, 73, 8886 MiB, 24576 MiB, 48 %
2026/09/05 00:52:24.770, NVIDIA GeForce RTX 3090, P2, 270.00 W, 222.47 W, 72, 8886 MiB, 24576 MiB, 48 %
2026/09/05 00:52:34.771, NVIDIA GeForce RTX 3090, P2, 270.00 W, 222.28 W, 75, 8886 MiB, 24576 MiB, 2 %
2026/09/05 00:52:44.773, NVIDIA GeForce RTX 3090, P2, 270.00 W, 206.11 W, 72, 8886 MiB, 24576 MiB, 3 %
2026/09/05 00:52:54.774, NVIDIA GeForce RTX 3090, P2, 270.00 W, 223.43 W, 72, 8886 MiB, 24576 MiB, 35 %
2026/09/05 00:53:04.775, NVIDIA GeForce RTX 3090, P2, 270.00 W, 229.06 W, 73, 8886 MiB, 24576 MiB, 31 %
2026/09/05 00:53:14.776, NVIDIA GeForce RTX 3090, P2, 270.00 W, 220.13 W, 73, 8886 MiB, 24576 MiB, 21 %
2026/09/05 00:53:24.777, NVIDIA GeForce RTX 3090, P2, 270.00 W, 207.00 W, 72, 8886 MiB, 24576 MiB, 27 %
2026/09/05 00:53:34.779, NVIDIA GeForce RTX 3090, P2, 270.00 W, 221.12 W, 72, 8886 MiB, 24576 MiB, 18 %
2026/09/05 00:53:44.780, NVIDIA GeForce RTX 3090, P2, 270.00 W, 229.42 W, 72, 8886 MiB, 24576 MiB, 31 %
2026/09/05 00:53:54.781, NVIDIA GeForce RTX 3090, P2, 270.00 W, 221.98 W, 74, 8886 MiB, 24576 MiB, 29 %
2026/09/05 00:54:04.782, NVIDIA GeForce RTX 3090, P2, 270.00 W, 205.87 W, 72, 8886 MiB, 24576 MiB, 29 %
2026/09/05 00:54:14.784, NVIDIA GeForce RTX 3090, P2, 270.00 W, 221.52 W, 72, 8886 MiB, 24576 MiB, 5 %
2026/09/05 00:54:24.785, NVIDIA GeForce RTX 3090, P2, 270.00 W, 231.35 W, 73, 8886 MiB, 24576 MiB, 25 %
2026/09/05 00:54:34.786, NVIDIA GeForce RTX 3090, P2, 270.00 W, 233.96 W, 74, 8886 MiB, 24576 MiB, 45 %
2026/09/05 00:54:44.787, NVIDIA GeForce RTX 3090, P2, 270.00 W, 219.70 W, 74, 8886 MiB, 24576 MiB, 20 %
2026/09/05 00:54:54.789, NVIDIA GeForce RTX 3090, P2, 270.00 W, 217.18 W, 74, 8886 MiB, 24576 MiB, 41 %
2026/09/05 00:55:04.790, NVIDIA GeForce RTX 3090, P2, 270.00 W, 216.09 W, 72, 8886 MiB, 24576 MiB, 31 %
2026/09/05 00:55:14.791, NVIDIA GeForce RTX 3090, P2, 270.00 W, 229.77 W, 73, 8886 MiB, 24576 MiB, 35 %
2026/09/05 00:55:24.792, NVIDIA GeForce RTX 3090, P2, 270.00 W, 225.26 W, 74, 8886 MiB, 24576 MiB, 48 %
2026/09/05 00:55:34.793, NVIDIA GeForce RTX 3090, P2, 270.00 W, 221.62 W, 74, 8886 MiB, 24576 MiB, 43 %
2026/09/05 00:55:44.795, NVIDIA GeForce RTX 3090, P2, 270.00 W, 208.92 W, 72, 8886 MiB, 24576 MiB, 20 %
2026/09/05 00:55:54.796, NVIDIA GeForce RTX 3090, P2, 270.00 W, 216.86 W, 72, 8886 MiB, 24576 MiB, 31 %
2026/09/05 00:56:04.797, NVIDIA GeForce RTX 3090, P2, 270.00 W, 228.01 W, 73, 8886 MiB, 24576 MiB, 27 %
2026/09/05 00:56:14.798, NVIDIA GeForce RTX 3090, P2, 270.00 W, 219.62 W, 72, 8886 MiB, 24576 MiB, 51 %
2026/09/05 00:56:24.799, NVIDIA GeForce RTX 3090, P2, 270.00 W, 214.86 W, 73, 8886 MiB, 24576 MiB, 0 %
2026/09/05 00:56:34.801, NVIDIA GeForce RTX 3090, P2, 270.00 W, 216.85 W, 73, 8886 MiB, 24576 MiB, 36 %
2026/09/05 00:56:44.802, NVIDIA GeForce RTX 3090, P2, 270.00 W, 227.79 W, 73, 8886 MiB, 24576 MiB, 48 %
2026/09/05 00:56:54.803, NVIDIA GeForce RTX 3090, P2, 270.00 W, 229.77 W, 75, 8886 MiB, 24576 MiB, 50 %
2026/09/05 00:57:04.804, NVIDIA GeForce RTX 3090, P2, 270.00 W, 218.22 W, 74, 8886 MiB, 24576 MiB, 47 %
2026/09/05 00:57:14.806, NVIDIA GeForce RTX 3090, P2, 270.00 W, 209.03 W, 72, 8886 MiB, 24576 MiB, 0 %
2026/09/05 00:57:24.807, NVIDIA GeForce RTX 3090, P2, 270.00 W, 218.23 W, 73, 8886 MiB, 24576 MiB, 49 %
2026/09/05 00:57:34.808, NVIDIA GeForce RTX 3090, P2, 270.00 W, 230.30 W, 73, 8886 MiB, 24576 MiB, 46 %
2026/09/05 00:57:44.809, NVIDIA GeForce RTX 3090, P2, 270.00 W, 224.63 W, 74, 8886 MiB, 24576 MiB, 47 %
2026/09/05 00:57:54.811, NVIDIA GeForce RTX 3090, P2, 270.00 W, 222.85 W, 72, 8886 MiB, 24576 MiB, 0 %
2026/09/05 00:58:04.813, NVIDIA GeForce RTX 3090, P2, 270.00 W, 229.47 W, 73, 8886 MiB, 24576 MiB, 48 %
2026/09/05 00:58:14.815, NVIDIA GeForce RTX 3090, P2, 270.00 W, 229.76 W, 72, 8886 MiB, 24576 MiB, 28 %
2026/09/05 00:58:24.816, NVIDIA GeForce RTX 3090, P2, 270.00 W, 216.48 W, 74, 8886 MiB, 24576 MiB, 47 %
2026/09/05 00:58:34.818, NVIDIA GeForce RTX 3090, P2, 270.00 W, 217.35 W, 74, 8886 MiB, 24576 MiB, 0 %
2026/09/05 00:58:44.820, NVIDIA GeForce RTX 3090, P2, 270.00 W, 214.69 W, 73, 8886 MiB, 24576 MiB, 28 %
2026/09/05 00:58:54.821, NVIDIA GeForce RTX 3090, P2, 270.00 W, 222.80 W, 75, 8886 MiB, 24576 MiB, 36 %
2026/09/05 00:59:04.823, NVIDIA GeForce RTX 3090, P2, 270.00 W, 222.53 W, 72, 8886 MiB, 24576 MiB, 21 %
2026/09/05 00:59:14.824, NVIDIA GeForce RTX 3090, P2, 270.00 W, 224.48 W, 72, 8886 MiB, 24576 MiB, 30 %
2026/09/05 00:59:24.826, NVIDIA GeForce RTX 3090, P2, 270.00 W, 209.90 W, 72, 8886 MiB, 24576 MiB, 48 %
2026/09/05 00:59:34.827, NVIDIA GeForce RTX 3090, P2, 270.00 W, 221.97 W, 73, 8886 MiB, 24576 MiB, 31 %
2026/09/05 00:59:44.828, NVIDIA GeForce RTX 3090, P2, 270.00 W, 237.08 W, 73, 8886 MiB, 24576 MiB, 30 %
2026/09/05 00:59:54.829, NVIDIA GeForce RTX 3090, P2, 270.00 W, 223.10 W, 74, 8886 MiB, 24576 MiB, 48 %
2026/09/05 01:00:04.831, NVIDIA GeForce RTX 3090, P2, 270.00 W, 220.76 W, 74, 8886 MiB, 24576 MiB, 48 %
2026/09/05 01:00:14.832, NVIDIA GeForce RTX 3090, P2, 270.00 W, 224.98 W, 71, 8886 MiB, 24576 MiB, 3 %
2026/09/05 01:00:24.833, NVIDIA GeForce RTX 3090, P2, 270.00 W, 228.59 W, 73, 8886 MiB, 24576 MiB, 48 %
2026/09/05 01:00:34.834, NVIDIA GeForce RTX 3090, P2, 270.00 W, 228.54 W, 73, 8886 MiB, 24576 MiB, 47 %
2026/09/05 01:00:44.835, NVIDIA GeForce RTX 3090, P2, 270.00 W, 222.26 W, 74, 8886 MiB, 24576 MiB, 48 %
2026/09/05 01:00:54.837, NVIDIA GeForce RTX 3090, P2, 270.00 W, 217.97 W, 73, 8886 MiB, 24576 MiB, 36 %
2026/09/05 01:01:04.838, NVIDIA GeForce RTX 3090, P2, 270.00 W, 218.78 W, 72, 8886 MiB, 24576 MiB, 40 %
2026/09/05 01:01:14.839, NVIDIA GeForce RTX 3090, P2, 270.00 W, 224.69 W, 73, 8886 MiB, 24576 MiB, 48 %
2026/09/05 01:01:24.841, NVIDIA GeForce RTX 3090, P2, 270.00 W, 233.26 W, 73, 8886 MiB, 24576 MiB, 48 %
2026/09/05 01:01:34.842, NVIDIA GeForce RTX 3090, P2, 270.00 W, 222.33 W, 74, 8886 MiB, 24576 MiB, 21 %
2026/09/05 01:01:44.843, NVIDIA GeForce RTX 3090, P2, 270.00 W, 204.26 W, 71, 8886 MiB, 24576 MiB, 48 %
2026/09/05 01:01:54.844, NVIDIA GeForce RTX 3090, P2, 270.00 W, 208.58 W, 71, 8886 MiB, 24576 MiB, 48 %
2026/09/05 01:02:04.845, NVIDIA GeForce RTX 3090, P2, 270.00 W, 225.50 W, 72, 8886 MiB, 24576 MiB, 32 %
2026/09/05 01:02:14.847, NVIDIA GeForce RTX 3090, P2, 270.00 W, 231.92 W, 73, 8886 MiB, 24576 MiB, 22 %
2026/09/05 01:02:24.848, NVIDIA GeForce RTX 3090, P2, 270.00 W, 226.20 W, 74, 8886 MiB, 24576 MiB, 44 %
2026/09/05 01:02:34.850, NVIDIA GeForce RTX 3090, P2, 270.00 W, 219.80 W, 74, 8886 MiB, 24576 MiB, 3 %
2026/09/05 01:02:44.851, NVIDIA GeForce RTX 3090, P2, 270.00 W, 216.21 W, 72, 8886 MiB, 24576 MiB, 0 %
2026/09/05 01:02:54.852, NVIDIA GeForce RTX 3090, P2, 270.00 W, 229.25 W, 73, 8886 MiB, 24576 MiB, 49 %
2026/09/05 01:03:04.853, NVIDIA GeForce RTX 3090, P2, 270.00 W, 225.23 W, 72, 8886 MiB, 24576 MiB, 25 %
2026/09/05 01:03:14.854, NVIDIA GeForce RTX 3090, P2, 270.00 W, 227.38 W, 73, 8886 MiB, 24576 MiB, 46 %
2026/09/05 01:03:24.855, NVIDIA GeForce RTX 3090, P2, 270.00 W, 219.24 W, 74, 8886 MiB, 24576 MiB, 0 %
2026/09/05 01:03:34.857, NVIDIA GeForce RTX 3090, P2, 270.00 W, 205.61 W, 71, 8886 MiB, 24576 MiB, 28 %
2026/09/05 01:03:44.858, NVIDIA GeForce RTX 3090, P2, 270.00 W, 186.49 W, 70, 8886 MiB, 24576 MiB, 29 %
2026/09/05 01:03:54.859, NVIDIA GeForce RTX 3090, P2, 270.00 W, 177.05 W, 69, 8886 MiB, 24576 MiB, 30 %
2026/09/05 01:04:04.860, NVIDIA GeForce RTX 3090, P2, 270.00 W, 174.59 W, 68, 8886 MiB, 24576 MiB, 28 %
2026/09/05 01:04:14.861, NVIDIA GeForce RTX 3090, P2, 270.00 W, 173.67 W, 68, 8886 MiB, 24576 MiB, 26 %
2026/09/05 01:04:24.862, NVIDIA GeForce RTX 3090, P2, 270.00 W, 158.05 W, 67, 1350 MiB, 24576 MiB, 0 %
2026/09/05 01:04:34.863, NVIDIA GeForce RTX 3090, P2, 270.00 W, 180.20 W, 69, 2020 MiB, 24576 MiB, 25 %
2026/09/05 01:04:44.865, NVIDIA GeForce RTX 3090, P2, 270.00 W, 173.99 W, 68, 2020 MiB, 24576 MiB, 13 %
2026/09/05 01:04:54.866, NVIDIA GeForce RTX 3090, P2, 270.00 W, 172.97 W, 69, 2020 MiB, 24576 MiB, 25 %
2026/09/05 01:05:04.867, NVIDIA GeForce RTX 3090, P2, 270.00 W, 217.47 W, 72, 5000 MiB, 24576 MiB, 8 %
2026/09/05 01:05:14.868, NVIDIA GeForce RTX 3090, P2, 270.00 W, 234.54 W, 72, 5000 MiB, 24576 MiB, 6 %
2026/09/05 01:05:24.870, NVIDIA GeForce RTX 3090, P2, 270.00 W, 222.57 W, 73, 5000 MiB, 24576 MiB, 46 %
2026/09/05 01:05:34.871, NVIDIA GeForce RTX 3090, P2, 270.00 W, 221.23 W, 73, 5000 MiB, 24576 MiB, 0 %
2026/09/05 01:05:44.873, NVIDIA GeForce RTX 3090, P2, 270.00 W, 208.56 W, 71, 5000 MiB, 24576 MiB, 0 %
2026/09/05 01:05:54.874, NVIDIA GeForce RTX 3090, P2, 270.00 W, 225.30 W, 73, 5000 MiB, 24576 MiB, 48 %
2026/09/05 01:06:04.875, NVIDIA GeForce RTX 3090, P2, 270.00 W, 232.77 W, 72, 5000 MiB, 24576 MiB, 35 %
2026/09/05 01:06:14.877, NVIDIA GeForce RTX 3090, P2, 270.00 W, 219.61 W, 72, 5000 MiB, 24576 MiB, 40 %
2026/09/05 01:06:24.878, NVIDIA GeForce RTX 3090, P2, 270.00 W, 213.33 W, 71, 5000 MiB, 24576 MiB, 1 %
2026/09/05 01:06:34.880, NVIDIA GeForce RTX 3090, P2, 270.00 W, 226.26 W, 72, 5000 MiB, 24576 MiB, 5 %
2026/09/05 01:06:44.881, NVIDIA GeForce RTX 3090, P2, 270.00 W, 235.15 W, 73, 5000 MiB, 24576 MiB, 25 %
2026/09/05 01:06:54.882, NVIDIA GeForce RTX 3090, P2, 270.00 W, 226.58 W, 74, 5000 MiB, 24576 MiB, 40 %
2026/09/05 01:07:04.883, NVIDIA GeForce RTX 3090, P2, 270.00 W, 224.41 W, 74, 5000 MiB, 24576 MiB, 47 %
2026/09/05 01:07:14.885, NVIDIA GeForce RTX 3090, P2, 270.00 W, 225.79 W, 72, 5000 MiB, 24576 MiB, 5 %
2026/09/05 01:07:24.886, NVIDIA GeForce RTX 3090, P2, 270.00 W, 224.20 W, 73, 5502 MiB, 24576 MiB, 32 %
2026/09/05 01:07:34.887, NVIDIA GeForce RTX 3090, P2, 270.00 W, 228.71 W, 73, 5502 MiB, 24576 MiB, 48 %
2026/09/05 01:07:44.888, NVIDIA GeForce RTX 3090, P2, 270.00 W, 218.17 W, 73, 5502 MiB, 24576 MiB, 3 %
2026/09/05 01:07:54.890, NVIDIA GeForce RTX 3090, P2, 270.00 W, 208.79 W, 71, 5502 MiB, 24576 MiB, 48 %
2026/09/05 01:08:04.891, NVIDIA GeForce RTX 3090, P2, 270.00 W, 211.77 W, 72, 5502 MiB, 24576 MiB, 49 %
2026/09/05 01:08:14.892, NVIDIA GeForce RTX 3090, P2, 270.00 W, 233.60 W, 72, 5502 MiB, 24576 MiB, 27 %
2026/09/05 01:08:24.894, NVIDIA GeForce RTX 3090, P2, 270.00 W, 224.02 W, 73, 5502 MiB, 24576 MiB, 28 %
2026/09/05 01:08:34.895, NVIDIA GeForce RTX 3090, P2, 270.00 W, 222.85 W, 73, 5502 MiB, 24576 MiB, 12 %
2026/09/05 01:08:44.896, NVIDIA GeForce RTX 3090, P2, 270.00 W, 224.16 W, 72, 5502 MiB, 24576 MiB, 22 %
2026/09/05 01:08:54.897, NVIDIA GeForce RTX 3090, P2, 270.00 W, 230.65 W, 73, 5502 MiB, 24576 MiB, 14 %
2026/09/05 01:09:04.898, NVIDIA GeForce RTX 3090, P2, 270.00 W, 219.15 W, 73, 5502 MiB, 24576 MiB, 26 %
2026/09/05 01:09:14.900, NVIDIA GeForce RTX 3090, P2, 270.00 W, 215.77 W, 72, 5502 MiB, 24576 MiB, 47 %
2026/09/05 01:09:24.901, NVIDIA GeForce RTX 3090, P2, 270.00 W, 219.66 W, 74, 5502 MiB, 24576 MiB, 47 %
2026/09/05 01:09:34.902, NVIDIA GeForce RTX 3090, P2, 270.00 W, 222.45 W, 71, 5502 MiB, 24576 MiB, 17 %
2026/09/05 01:09:44.904, NVIDIA GeForce RTX 3090, P2, 270.00 W, 216.90 W, 73, 5502 MiB, 24576 MiB, 30 %
2026/09/05 01:09:54.905, NVIDIA GeForce RTX 3090, P2, 270.00 W, 209.54 W, 72, 5502 MiB, 24576 MiB, 17 %
2026/09/05 01:10:04.906, NVIDIA GeForce RTX 3090, P2, 270.00 W, 220.48 W, 72, 5502 MiB, 24576 MiB, 0 %
2026/09/05 01:10:14.907, NVIDIA GeForce RTX 3090, P2, 270.00 W, 218.01 W, 73, 5502 MiB, 24576 MiB, 47 %
2026/09/05 01:10:24.908, NVIDIA GeForce RTX 3090, P2, 270.00 W, 230.93 W, 73, 5502 MiB, 24576 MiB, 39 %
2026/09/05 01:10:34.910, NVIDIA GeForce RTX 3090, P2, 270.00 W, 218.21 W, 73, 5502 MiB, 24576 MiB, 35 %
2026/09/05 01:10:44.911, NVIDIA GeForce RTX 3090, P2, 270.00 W, 221.87 W, 74, 5502 MiB, 24576 MiB, 21 %
2026/09/05 01:10:54.912, NVIDIA GeForce RTX 3090, P2, 270.00 W, 210.30 W, 71, 5502 MiB, 24576 MiB, 8 %
2026/09/05 01:11:04.914, NVIDIA GeForce RTX 3090, P2, 270.00 W, 226.37 W, 73, 5502 MiB, 24576 MiB, 13 %
2026/09/05 01:11:14.915, NVIDIA GeForce RTX 3090, P2, 270.00 W, 229.40 W, 72, 5502 MiB, 24576 MiB, 4 %
2026/09/05 01:11:24.916, NVIDIA GeForce RTX 3090, P2, 270.00 W, 220.60 W, 73, 5502 MiB, 24576 MiB, 30 %
2026/09/05 01:11:34.917, NVIDIA GeForce RTX 3090, P2, 270.00 W, 204.97 W, 72, 5502 MiB, 24576 MiB, 49 %
2026/09/05 01:11:44.919, NVIDIA GeForce RTX 3090, P2, 270.00 W, 219.58 W, 72, 5502 MiB, 24576 MiB, 37 %
2026/09/05 01:11:54.920, NVIDIA GeForce RTX 3090, P2, 270.00 W, 236.03 W, 73, 5502 MiB, 24576 MiB, 47 %
2026/09/05 01:12:04.921, NVIDIA GeForce RTX 3090, P2, 270.00 W, 234.12 W, 72, 5502 MiB, 24576 MiB, 10 %
2026/09/05 01:12:14.923, NVIDIA GeForce RTX 3090, P2, 270.00 W, 220.07 W, 74, 5502 MiB, 24576 MiB, 46 %
2026/09/05 01:12:24.924, NVIDIA GeForce RTX 3090, P2, 270.00 W, 209.37 W, 72, 5502 MiB, 24576 MiB, 49 %
2026/09/05 01:12:34.925, NVIDIA GeForce RTX 3090, P2, 270.00 W, 222.95 W, 73, 5502 MiB, 24576 MiB, 10 %
2026/09/05 01:12:44.926, NVIDIA GeForce RTX 3090, P2, 270.00 W, 231.54 W, 72, 5502 MiB, 24576 MiB, 13 %
2026/09/05 01:12:54.927, NVIDIA GeForce RTX 3090, P2, 270.00 W, 230.85 W, 72, 5502 MiB, 24576 MiB, 39 %
2026/09/05 01:13:04.929, NVIDIA GeForce RTX 3090, P2, 270.00 W, 221.46 W, 73, 5502 MiB, 24576 MiB, 30 %
2026/09/05 01:13:14.930, NVIDIA GeForce RTX 3090, P2, 270.00 W, 207.09 W, 71, 5502 MiB, 24576 MiB, 27 %
2026/09/05 01:13:24.931, NVIDIA GeForce RTX 3090, P2, 270.00 W, 226.02 W, 72, 5502 MiB, 24576 MiB, 4 %
2026/09/05 01:13:34.932, NVIDIA GeForce RTX 3090, P2, 270.00 W, 233.65 W, 73, 5502 MiB, 24576 MiB, 47 %
2026/09/05 01:13:44.933, NVIDIA GeForce RTX 3090, P2, 270.00 W, 221.54 W, 74, 5502 MiB, 24576 MiB, 30 %
2026/09/05 01:13:54.935, NVIDIA GeForce RTX 3090, P2, 270.00 W, 211.58 W, 71, 5502 MiB, 24576 MiB, 47 %
2026/09/05 01:14:04.936, NVIDIA GeForce RTX 3090, P2, 270.00 W, 227.00 W, 73, 5502 MiB, 24576 MiB, 42 %
2026/09/05 01:14:14.937, NVIDIA GeForce RTX 3090, P2, 270.00 W, 220.41 W, 72, 5502 MiB, 24576 MiB, 50 %
2026/09/05 01:14:24.938, NVIDIA GeForce RTX 3090, P2, 270.00 W, 224.51 W, 74, 5502 MiB, 24576 MiB, 0 %
2026/09/05 01:14:34.940, NVIDIA GeForce RTX 3090, P2, 270.00 W, 210.63 W, 71, 5502 MiB, 24576 MiB, 36 %
2026/09/05 01:14:44.941, NVIDIA GeForce RTX 3090, P2, 270.00 W, 225.26 W, 72, 5502 MiB, 24576 MiB, 30 %
2026/09/05 01:14:54.942, NVIDIA GeForce RTX 3090, P2, 270.00 W, 223.55 W, 73, 5502 MiB, 24576 MiB, 36 %
2026/09/05 01:15:04.943, NVIDIA GeForce RTX 3090, P2, 270.00 W, 219.71 W, 73, 5502 MiB, 24576 MiB, 0 %
2026/09/05 01:15:14.945, NVIDIA GeForce RTX 3090, P2, 270.00 W, 213.85 W, 72, 5502 MiB, 24576 MiB, 47 %
2026/09/05 01:15:24.946, NVIDIA GeForce RTX 3090, P2, 270.00 W, 225.46 W, 73, 5502 MiB, 24576 MiB, 48 %
2026/09/05 01:15:34.947, NVIDIA GeForce RTX 3090, P2, 270.00 W, 233.37 W, 73, 5502 MiB, 24576 MiB, 46 %
2026/09/05 01:15:44.948, NVIDIA GeForce RTX 3090, P2, 270.00 W, 219.78 W, 74, 5502 MiB, 24576 MiB, 47 %
2026/09/05 01:15:54.949, NVIDIA GeForce RTX 3090, P2, 270.00 W, 209.10 W, 71, 5502 MiB, 24576 MiB, 0 %
2026/09/05 01:16:04.950, NVIDIA GeForce RTX 3090, P2, 270.00 W, 229.81 W, 73, 5502 MiB, 24576 MiB, 48 %
2026/09/05 01:16:14.951, NVIDIA GeForce RTX 3090, P2, 270.00 W, 229.90 W, 72, 5502 MiB, 24576 MiB, 24 %
2026/09/05 01:16:24.953, NVIDIA GeForce RTX 3090, P2, 270.00 W, 232.93 W, 73, 5502 MiB, 24576 MiB, 31 %
2026/09/05 01:16:34.954, NVIDIA GeForce RTX 3090, P2, 270.00 W, 224.96 W, 74, 5502 MiB, 24576 MiB, 38 %
2026/09/05 01:16:44.955, NVIDIA GeForce RTX 3090, P2, 270.00 W, 212.65 W, 73, 5502 MiB, 24576 MiB, 30 %
2026/09/05 01:16:54.956, NVIDIA GeForce RTX 3090, P2, 270.00 W, 225.51 W, 73, 5502 MiB, 24576 MiB, 49 %
2026/09/05 01:17:04.957, NVIDIA GeForce RTX 3090, P2, 270.00 W, 227.98 W, 71, 5502 MiB, 24576 MiB, 4 %
2026/09/05 01:17:14.958, NVIDIA GeForce RTX 3090, P2, 270.00 W, 219.23 W, 72, 5502 MiB, 24576 MiB, 31 %
2026/09/05 01:17:24.960, NVIDIA GeForce RTX 3090, P2, 270.00 W, 216.80 W, 73, 5502 MiB, 24576 MiB, 14 %
2026/09/05 01:17:34.961, NVIDIA GeForce RTX 3090, P2, 270.00 W, 200.92 W, 70, 5502 MiB, 24576 MiB, 48 %
2026/09/05 01:17:44.963, NVIDIA GeForce RTX 3090, P2, 270.00 W, 223.73 W, 73, 5502 MiB, 24576 MiB, 48 %
2026/09/05 01:17:54.965, NVIDIA GeForce RTX 3090, P2, 270.00 W, 237.05 W, 72, 5502 MiB, 24576 MiB, 6 %
2026/09/05 01:18:04.966, NVIDIA GeForce RTX 3090, P2, 270.00 W, 220.05 W, 74, 5502 MiB, 24576 MiB, 0 %
2026/09/05 01:18:14.967, NVIDIA GeForce RTX 3090, P2, 270.00 W, 220.98 W, 72, 5502 MiB, 24576 MiB, 35 %
2026/09/05 01:18:24.969, NVIDIA GeForce RTX 3090, P2, 270.00 W, 227.23 W, 73, 5502 MiB, 24576 MiB, 49 %
2026/09/05 01:18:34.970, NVIDIA GeForce RTX 3090, P2, 270.00 W, 222.11 W, 72, 5502 MiB, 24576 MiB, 44 %
2026/09/05 01:18:44.971, NVIDIA GeForce RTX 3090, P2, 270.00 W, 218.38 W, 74, 5502 MiB, 24576 MiB, 47 %
2026/09/05 01:18:54.972, NVIDIA GeForce RTX 3090, P2, 270.00 W, 222.89 W, 71, 5502 MiB, 24576 MiB, 4 %
2026/09/05 01:19:04.974, NVIDIA GeForce RTX 3090, P2, 270.00 W, 228.86 W, 73, 5502 MiB, 24576 MiB, 46 %
2026/09/05 01:19:14.975, NVIDIA GeForce RTX 3090, P2, 270.00 W, 225.52 W, 73, 5502 MiB, 24576 MiB, 51 %
2026/09/05 01:19:24.976, NVIDIA GeForce RTX 3090, P2, 270.00 W, 231.36 W, 74, 5502 MiB, 24576 MiB, 48 %
2026/09/05 01:19:34.977, NVIDIA GeForce RTX 3090, P2, 270.00 W, 222.10 W, 73, 5502 MiB, 24576 MiB, 47 %
2026/09/05 01:19:44.978, NVIDIA GeForce RTX 3090, P2, 270.00 W, 216.23 W, 72, 5502 MiB, 24576 MiB, 48 %
2026/09/05 01:19:54.979, NVIDIA GeForce RTX 3090, P2, 270.00 W, 230.42 W, 72, 5502 MiB, 24576 MiB, 44 %
2026/09/05 01:20:04.981, NVIDIA GeForce RTX 3090, P2, 270.00 W, 226.01 W, 74, 5502 MiB, 24576 MiB, 41 %
2026/09/05 01:20:14.982, NVIDIA GeForce RTX 3090, P2, 270.00 W, 199.73 W, 72, 5502 MiB, 24576 MiB, 33 %
2026/09/05 01:20:24.984, NVIDIA GeForce RTX 3090, P2, 270.00 W, 221.86 W, 71, 5502 MiB, 24576 MiB, 42 %
2026/09/05 01:20:34.985, NVIDIA GeForce RTX 3090, P2, 270.00 W, 229.67 W, 74, 5502 MiB, 24576 MiB, 49 %
2026/09/05 01:20:44.986, NVIDIA GeForce RTX 3090, P2, 270.00 W, 225.37 W, 72, 5502 MiB, 24576 MiB, 47 %
2026/09/05 01:20:54.987, NVIDIA GeForce RTX 3090, P2, 270.00 W, 222.21 W, 73, 5502 MiB, 24576 MiB, 30 %
2026/09/05 01:21:04.988, NVIDIA GeForce RTX 3090, P2, 270.00 W, 223.86 W, 74, 5502 MiB, 24576 MiB, 48 %
2026/09/05 01:21:14.989, NVIDIA GeForce RTX 3090, P2, 270.00 W, 213.32 W, 73, 5502 MiB, 24576 MiB, 30 %
2026/09/05 01:21:24.991, NVIDIA GeForce RTX 3090, P2, 270.00 W, 221.98 W, 74, 5502 MiB, 24576 MiB, 4 %
2026/09/05 01:21:34.992, NVIDIA GeForce RTX 3090, P2, 270.00 W, 232.19 W, 72, 5502 MiB, 24576 MiB, 27 %
2026/09/05 01:21:44.993, NVIDIA GeForce RTX 3090, P2, 270.00 W, 220.98 W, 73, 5502 MiB, 24576 MiB, 30 %
2026/09/05 01:21:54.994, NVIDIA GeForce RTX 3090, P2, 270.00 W, 217.26 W, 73, 5502 MiB, 24576 MiB, 41 %
2026/09/05 01:22:04.995, NVIDIA GeForce RTX 3090, P2, 270.00 W, 226.12 W, 72, 5502 MiB, 24576 MiB, 30 %
2026/09/05 01:22:14.997, NVIDIA GeForce RTX 3090, P2, 270.00 W, 227.16 W, 72, 5502 MiB, 24576 MiB, 48 %
2026/09/05 01:22:24.998, NVIDIA GeForce RTX 3090, P2, 270.00 W, 227.77 W, 73, 5502 MiB, 24576 MiB, 43 %
2026/09/05 01:22:34.999, NVIDIA GeForce RTX 3090, P2, 270.00 W, 210.02 W, 73, 5502 MiB, 24576 MiB, 30 %
2026/09/05 01:22:45.001, NVIDIA GeForce RTX 3090, P2, 270.00 W, 225.93 W, 72, 5502 MiB, 24576 MiB, 6 %
2026/09/05 01:22:55.002, NVIDIA GeForce RTX 3090, P2, 270.00 W, 227.33 W, 73, 5502 MiB, 24576 MiB, 48 %
2026/09/05 01:23:05.003, NVIDIA GeForce RTX 3090, P2, 270.00 W, 220.40 W, 72, 5502 MiB, 24576 MiB, 29 %
2026/09/05 01:23:15.004, NVIDIA GeForce RTX 3090, P2, 270.00 W, 223.31 W, 73, 5502 MiB, 24576 MiB, 32 %
2026/09/05 01:23:25.005, NVIDIA GeForce RTX 3090, P2, 270.00 W, 219.68 W, 72, 5502 MiB, 24576 MiB, 0 %
2026/09/05 01:23:35.006, NVIDIA GeForce RTX 3090, P2, 270.00 W, 225.34 W, 74, 5502 MiB, 24576 MiB, 47 %
2026/09/05 01:23:45.008, NVIDIA GeForce RTX 3090, P2, 270.00 W, 228.51 W, 72, 5502 MiB, 24576 MiB, 13 %
2026/09/05 01:23:55.009, NVIDIA GeForce RTX 3090, P2, 270.00 W, 224.72 W, 72, 5502 MiB, 24576 MiB, 47 %
2026/09/05 01:24:05.010, NVIDIA GeForce RTX 3090, P2, 270.00 W, 217.88 W, 73, 5502 MiB, 24576 MiB, 12 %
2026/09/05 01:24:15.011, NVIDIA GeForce RTX 3090, P2, 270.00 W, 205.43 W, 70, 5502 MiB, 24576 MiB, 3 %
2026/09/05 01:24:25.013, NVIDIA GeForce RTX 3090, P2, 270.00 W, 224.36 W, 72, 5502 MiB, 24576 MiB, 30 %
2026/09/05 01:24:35.014, NVIDIA GeForce RTX 3090, P2, 270.00 W, 228.15 W, 72, 5502 MiB, 24576 MiB, 48 %
2026/09/05 01:24:45.015, NVIDIA GeForce RTX 3090, P2, 270.00 W, 218.33 W, 73, 5502 MiB, 24576 MiB, 32 %
2026/09/05 01:24:55.016, NVIDIA GeForce RTX 3090, P2, 270.00 W, 218.47 W, 71, 5502 MiB, 24576 MiB, 4 %
2026/09/05 01:25:05.018, NVIDIA GeForce RTX 3090, P2, 270.00 W, 220.39 W, 73, 5502 MiB, 24576 MiB, 53 %
2026/09/05 01:25:15.019, NVIDIA GeForce RTX 3090, P2, 270.00 W, 227.36 W, 73, 5502 MiB, 24576 MiB, 48 %
2026/09/05 01:25:25.020, NVIDIA GeForce RTX 3090, P2, 270.00 W, 222.08 W, 74, 5502 MiB, 24576 MiB, 47 %
2026/09/05 01:25:35.021, NVIDIA GeForce RTX 3090, P2, 270.00 W, 210.68 W, 71, 5502 MiB, 24576 MiB, 0 %
2026/09/05 01:25:45.022, NVIDIA GeForce RTX 3090, P2, 270.00 W, 229.94 W, 74, 5502 MiB, 24576 MiB, 48 %
2026/09/05 01:25:55.024, NVIDIA GeForce RTX 3090, P2, 270.00 W, 217.59 W, 74, 5502 MiB, 24576 MiB, 48 %
2026/09/05 01:26:05.025, NVIDIA GeForce RTX 3090, P2, 270.00 W, 225.28 W, 73, 5502 MiB, 24576 MiB, 48 %
2026/09/05 01:26:15.026, NVIDIA GeForce RTX 3090, P2, 270.00 W, 213.43 W, 71, 5502 MiB, 24576 MiB, 0 %
2026/09/05 01:26:25.027, NVIDIA GeForce RTX 3090, P2, 270.00 W, 225.43 W, 73, 5502 MiB, 24576 MiB, 47 %
2026/09/05 01:26:35.029, NVIDIA GeForce RTX 3090, P2, 270.00 W, 231.86 W, 72, 5502 MiB, 24576 MiB, 27 %
2026/09/05 01:26:45.030, NVIDIA GeForce RTX 3090, P2, 270.00 W, 216.46 W, 73, 5502 MiB, 24576 MiB, 20 %
2026/09/05 01:26:55.031, NVIDIA GeForce RTX 3090, P2, 270.00 W, 216.21 W, 72, 5502 MiB, 24576 MiB, 5 %
2026/09/05 01:27:05.032, NVIDIA GeForce RTX 3090, P2, 270.00 W, 227.95 W, 73, 5502 MiB, 24576 MiB, 48 %
2026/09/05 01:27:15.033, NVIDIA GeForce RTX 3090, P2, 270.00 W, 231.75 W, 73, 5502 MiB, 24576 MiB, 48 %
2026/09/05 01:27:25.035, NVIDIA GeForce RTX 3090, P2, 270.00 W, 221.05 W, 74, 5502 MiB, 24576 MiB, 0 %
2026/09/05 01:27:35.036, NVIDIA GeForce RTX 3090, P2, 270.00 W, 214.67 W, 71, 5502 MiB, 24576 MiB, 47 %
2026/09/05 01:27:45.037, NVIDIA GeForce RTX 3090, P2, 270.00 W, 225.17 W, 73, 5502 MiB, 24576 MiB, 43 %
2026/09/05 01:27:55.038, NVIDIA GeForce RTX 3090, P2, 270.00 W, 226.42 W, 73, 5502 MiB, 24576 MiB, 42 %
2026/09/05 01:28:05.040, NVIDIA GeForce RTX 3090, P2, 270.00 W, 213.53 W, 73, 5502 MiB, 24576 MiB, 31 %
2026/09/05 01:28:15.041, NVIDIA GeForce RTX 3090, P2, 270.00 W, 214.25 W, 71, 5502 MiB, 24576 MiB, 0 %
2026/09/05 01:28:25.042, NVIDIA GeForce RTX 3090, P2, 270.00 W, 228.68 W, 74, 6004 MiB, 24576 MiB, 41 %
2026/09/05 01:28:35.043, NVIDIA GeForce RTX 3090, P2, 270.00 W, 236.03 W, 73, 6004 MiB, 24576 MiB, 20 %
2026/09/05 01:28:45.044, NVIDIA GeForce RTX 3090, P2, 270.00 W, 217.10 W, 71, 6004 MiB, 24576 MiB, 47 %
2026/09/05 01:28:55.046, NVIDIA GeForce RTX 3090, P2, 270.00 W, 226.10 W, 74, 6004 MiB, 24576 MiB, 49 %
2026/09/05 01:29:05.047, NVIDIA GeForce RTX 3090, P2, 270.00 W, 220.97 W, 71, 6004 MiB, 24576 MiB, 47 %
2026/09/05 01:29:15.048, NVIDIA GeForce RTX 3090, P2, 270.00 W, 230.93 W, 73, 6004 MiB, 24576 MiB, 48 %
2026/09/05 01:29:25.049, NVIDIA GeForce RTX 3090, P2, 270.00 W, 234.19 W, 72, 6004 MiB, 24576 MiB, 30 %
2026/09/05 01:29:35.050, NVIDIA GeForce RTX 3090, P2, 270.00 W, 220.37 W, 73, 6004 MiB, 24576 MiB, 20 %
2026/09/05 01:29:45.052, NVIDIA GeForce RTX 3090, P2, 270.00 W, 211.35 W, 71, 6004 MiB, 24576 MiB, 0 %
2026/09/05 01:29:55.053, NVIDIA GeForce RTX 3090, P2, 270.00 W, 225.30 W, 72, 6004 MiB, 24576 MiB, 18 %
2026/09/05 01:30:05.054, NVIDIA GeForce RTX 3090, P2, 270.00 W, 234.80 W, 72, 6004 MiB, 24576 MiB, 30 %
2026/09/05 01:30:15.055, NVIDIA GeForce RTX 3090, P2, 270.00 W, 229.13 W, 73, 6004 MiB, 24576 MiB, 47 %
2026/09/05 01:30:25.056, NVIDIA GeForce RTX 3090, P2, 270.00 W, 220.48 W, 74, 6004 MiB, 24576 MiB, 47 %
2026/09/05 01:30:35.057, NVIDIA GeForce RTX 3090, P2, 270.00 W, 225.93 W, 72, 6004 MiB, 24576 MiB, 6 %
2026/09/05 01:30:45.059, NVIDIA GeForce RTX 3090, P2, 270.00 W, 222.50 W, 74, 6004 MiB, 24576 MiB, 21 %
2026/09/05 01:30:55.060, NVIDIA GeForce RTX 3090, P2, 270.00 W, 223.01 W, 72, 6004 MiB, 24576 MiB, 47 %
2026/09/05 01:31:05.061, NVIDIA GeForce RTX 3090, P2, 270.00 W, 221.57 W, 74, 6004 MiB, 24576 MiB, 43 %
2026/09/05 01:31:15.062, NVIDIA GeForce RTX 3090, P2, 270.00 W, 214.00 W, 71, 6004 MiB, 24576 MiB, 0 %
2026/09/05 01:31:25.063, NVIDIA GeForce RTX 3090, P2, 270.00 W, 223.66 W, 72, 6004 MiB, 24576 MiB, 11 %
2026/09/05 01:31:35.064, NVIDIA GeForce RTX 3090, P2, 270.00 W, 236.68 W, 73, 6004 MiB, 24576 MiB, 30 %
2026/09/05 01:31:45.066, NVIDIA GeForce RTX 3090, P2, 270.00 W, 226.16 W, 73, 6004 MiB, 24576 MiB, 39 %
2026/09/05 01:31:55.067, NVIDIA GeForce RTX 3090, P2, 270.00 W, 213.42 W, 73, 6004 MiB, 24576 MiB, 32 %
2026/09/05 01:32:05.068, NVIDIA GeForce RTX 3090, P2, 270.00 W, 224.07 W, 74, 6004 MiB, 24576 MiB, 7 %
2026/09/05 01:32:15.069, NVIDIA GeForce RTX 3090, P2, 270.00 W, 229.65 W, 73, 6004 MiB, 24576 MiB, 48 %
2026/09/05 01:32:25.070, NVIDIA GeForce RTX 3090, P2, 270.00 W, 220.03 W, 73, 6004 MiB, 24576 MiB, 23 %
2026/09/05 01:32:35.071, NVIDIA GeForce RTX 3090, P2, 270.00 W, 224.88 W, 73, 6004 MiB, 24576 MiB, 37 %
2026/09/05 01:32:45.073, NVIDIA GeForce RTX 3090, P2, 270.00 W, 217.98 W, 72, 6004 MiB, 24576 MiB, 15 %
2026/09/05 01:32:55.074, NVIDIA GeForce RTX 3090, P2, 270.00 W, 223.19 W, 71, 6004 MiB, 24576 MiB, 26 %
2026/09/05 01:33:05.075, NVIDIA GeForce RTX 3090, P2, 270.00 W, 217.57 W, 72, 6004 MiB, 24576 MiB, 33 %
2026/09/05 01:33:15.076, NVIDIA GeForce RTX 3090, P2, 270.00 W, 208.74 W, 72, 6004 MiB, 24576 MiB, 30 %
2026/09/05 01:33:25.077, NVIDIA GeForce RTX 3090, P2, 270.00 W, 227.49 W, 74, 6004 MiB, 24576 MiB, 6 %
2026/09/05 01:33:35.079, NVIDIA GeForce RTX 3090, P2, 270.00 W, 226.51 W, 72, 6004 MiB, 24576 MiB, 40 %
2026/09/05 01:33:45.080, NVIDIA GeForce RTX 3090, P2, 270.00 W, 224.20 W, 73, 6004 MiB, 24576 MiB, 35 %
2026/09/05 01:33:55.081, NVIDIA GeForce RTX 3090, P2, 270.00 W, 221.15 W, 74, 6004 MiB, 24576 MiB, 47 %
2026/09/05 01:34:05.082, NVIDIA GeForce RTX 3090, P2, 270.00 W, 218.50 W, 71, 6004 MiB, 24576 MiB, 47 %
2026/09/05 01:34:15.084, NVIDIA GeForce RTX 3090, P2, 270.00 W, 221.71 W, 72, 6004 MiB, 24576 MiB, 38 %
2026/09/05 01:34:25.085, NVIDIA GeForce RTX 3090, P2, 270.00 W, 232.55 W, 72, 6004 MiB, 24576 MiB, 20 %
2026/09/05 01:34:35.086, NVIDIA GeForce RTX 3090, P2, 270.00 W, 218.32 W, 74, 6004 MiB, 24576 MiB, 0 %
2026/09/05 01:34:45.087, NVIDIA GeForce RTX 3090, P2, 270.00 W, 213.69 W, 72, 6004 MiB, 24576 MiB, 33 %
2026/09/05 01:34:55.088, NVIDIA GeForce RTX 3090, P2, 270.00 W, 226.07 W, 73, 6004 MiB, 24576 MiB, 48 %
2026/09/05 01:35:05.089, NVIDIA GeForce RTX 3090, P2, 270.00 W, 232.23 W, 73, 6004 MiB, 24576 MiB, 15 %
2026/09/05 01:35:15.091, NVIDIA GeForce RTX 3090, P2, 270.00 W, 219.70 W, 73, 6004 MiB, 24576 MiB, 23 %
2026/09/05 01:35:25.092, NVIDIA GeForce RTX 3090, P2, 270.00 W, 212.00 W, 73, 6004 MiB, 24576 MiB, 4 %
2026/09/05 01:35:35.093, NVIDIA GeForce RTX 3090, P2, 270.00 W, 216.58 W, 71, 6004 MiB, 24576 MiB, 47 %
2026/09/05 01:35:45.094, NVIDIA GeForce RTX 3090, P2, 270.00 W, 220.15 W, 73, 6004 MiB, 24576 MiB, 47 %
2026/09/05 01:35:55.096, NVIDIA GeForce RTX 3090, P2, 270.00 W, 222.84 W, 72, 6004 MiB, 24576 MiB, 50 %
2026/09/05 01:36:05.097, NVIDIA GeForce RTX 3090, P2, 270.00 W, 218.49 W, 74, 6004 MiB, 24576 MiB, 0 %
2026/09/05 01:36:15.098, NVIDIA GeForce RTX 3090, P2, 270.00 W, 208.63 W, 71, 6004 MiB, 24576 MiB, 48 %
2026/09/05 01:36:25.099, NVIDIA GeForce RTX 3090, P2, 270.00 W, 223.66 W, 73, 6004 MiB, 24576 MiB, 48 %
2026/09/05 01:36:35.100, NVIDIA GeForce RTX 3090, P2, 270.00 W, 220.35 W, 72, 6004 MiB, 24576 MiB, 48 %
2026/09/05 01:36:45.102, NVIDIA GeForce RTX 3090, P2, 270.00 W, 218.50 W, 74, 6004 MiB, 24576 MiB, 0 %
2026/09/05 01:36:55.103, NVIDIA GeForce RTX 3090, P2, 270.00 W, 217.92 W, 71, 6004 MiB, 24576 MiB, 47 %
2026/09/05 01:37:05.104, NVIDIA GeForce RTX 3090, P2, 270.00 W, 231.15 W, 72, 6004 MiB, 24576 MiB, 44 %
2026/09/05 01:37:15.105, NVIDIA GeForce RTX 3090, P2, 270.00 W, 233.50 W, 73, 6004 MiB, 24576 MiB, 30 %
2026/09/05 01:37:25.107, NVIDIA GeForce RTX 3090, P2, 270.00 W, 232.29 W, 72, 6004 MiB, 24576 MiB, 50 %
2026/09/05 01:37:35.108, NVIDIA GeForce RTX 3090, P2, 270.00 W, 222.52 W, 74, 6004 MiB, 24576 MiB, 46 %
2026/09/05 01:37:45.109, NVIDIA GeForce RTX 3090, P2, 270.00 W, 211.43 W, 71, 6004 MiB, 24576 MiB, 48 %
2026/09/05 01:37:55.110, NVIDIA GeForce RTX 3090, P2, 270.00 W, 234.62 W, 74, 6004 MiB, 24576 MiB, 14 %
2026/09/05 01:38:05.112, NVIDIA GeForce RTX 3090, P2, 270.00 W, 230.46 W, 72, 6004 MiB, 24576 MiB, 17 %
2026/09/05 01:38:15.113, NVIDIA GeForce RTX 3090, P2, 270.00 W, 220.37 W, 71, 6004 MiB, 24576 MiB, 49 %
2026/09/05 01:38:25.114, NVIDIA GeForce RTX 3090, P2, 270.00 W, 219.06 W, 73, 6004 MiB, 24576 MiB, 3 %
2026/09/05 01:38:35.115, NVIDIA GeForce RTX 3090, P2, 270.00 W, 228.77 W, 74, 6004 MiB, 24576 MiB, 0 %
2026/09/05 01:38:45.116, NVIDIA GeForce RTX 3090, P2, 270.00 W, 206.43 W, 71, 6004 MiB, 24576 MiB, 5 %
2026/09/05 01:38:55.118, NVIDIA GeForce RTX 3090, P2, 270.00 W, 224.45 W, 73, 6004 MiB, 24576 MiB, 47 %
2026/09/05 01:39:05.119, NVIDIA GeForce RTX 3090, P2, 270.00 W, 234.32 W, 72, 6004 MiB, 24576 MiB, 30 %
2026/09/05 01:39:15.120, NVIDIA GeForce RTX 3090, P2, 270.00 W, 225.73 W, 74, 6004 MiB, 24576 MiB, 38 %
2026/09/05 01:39:25.122, NVIDIA GeForce RTX 3090, P2, 270.00 W, 216.15 W, 73, 6004 MiB, 24576 MiB, 7 %
2026/09/05 01:39:35.123, NVIDIA GeForce RTX 3090, P2, 270.00 W, 223.53 W, 72, 6004 MiB, 24576 MiB, 28 %
2026/09/05 01:39:45.124, NVIDIA GeForce RTX 3090, P2, 270.00 W, 228.24 W, 73, 6004 MiB, 24576 MiB, 46 %
2026/09/05 01:39:55.126, NVIDIA GeForce RTX 3090, P2, 270.00 W, 225.81 W, 73, 6004 MiB, 24576 MiB, 46 %
2026/09/05 01:40:05.127, NVIDIA GeForce RTX 3090, P2, 270.00 W, 217.19 W, 73, 6004 MiB, 24576 MiB, 36 %
2026/09/05 01:40:15.128, NVIDIA GeForce RTX 3090, P2, 270.00 W, 212.40 W, 71, 6004 MiB, 24576 MiB, 0 %
2026/09/05 01:40:25.130, NVIDIA GeForce RTX 3090, P2, 270.00 W, 230.85 W, 72, 6004 MiB, 24576 MiB, 48 %
2026/09/05 01:40:35.131, NVIDIA GeForce RTX 3090, P2, 270.00 W, 232.50 W, 73, 6004 MiB, 24576 MiB, 47 %
2026/09/05 01:40:45.132, NVIDIA GeForce RTX 3090, P2, 270.00 W, 220.74 W, 74, 6004 MiB, 24576 MiB, 0 %
2026/09/05 01:40:55.133, NVIDIA GeForce RTX 3090, P2, 270.00 W, 212.60 W, 71, 6004 MiB, 24576 MiB, 0 %
2026/09/05 01:41:05.134, NVIDIA GeForce RTX 3090, P2, 270.00 W, 228.71 W, 73, 6004 MiB, 24576 MiB, 28 %
2026/09/05 01:41:15.136, NVIDIA GeForce RTX 3090, P2, 270.00 W, 224.43 W, 72, 6004 MiB, 24576 MiB, 47 %
2026/09/05 01:41:25.137, NVIDIA GeForce RTX 3090, P2, 270.00 W, 222.75 W, 73, 6004 MiB, 24576 MiB, 25 %
2026/09/05 01:41:35.138, NVIDIA GeForce RTX 3090, P2, 270.00 W, 220.66 W, 73, 6004 MiB, 24576 MiB, 38 %
2026/09/05 01:41:45.139, NVIDIA GeForce RTX 3090, P2, 270.00 W, 216.95 W, 72, 6004 MiB, 24576 MiB, 0 %
2026/09/05 01:41:55.141, NVIDIA GeForce RTX 3090, P2, 270.00 W, 222.98 W, 72, 6004 MiB, 24576 MiB, 30 %
2026/09/05 01:42:05.142, NVIDIA GeForce RTX 3090, P2, 270.00 W, 222.19 W, 73, 6004 MiB, 24576 MiB, 50 %
2026/09/05 01:42:15.143, NVIDIA GeForce RTX 3090, P2, 270.00 W, 234.01 W, 73, 6004 MiB, 24576 MiB, 48 %
2026/09/05 01:42:25.144, NVIDIA GeForce RTX 3090, P2, 270.00 W, 222.55 W, 74, 6004 MiB, 24576 MiB, 40 %
2026/09/05 01:42:35.145, NVIDIA GeForce RTX 3090, P2, 270.00 W, 215.22 W, 72, 6004 MiB, 24576 MiB, 0 %
2026/09/05 01:42:45.146, NVIDIA GeForce RTX 3090, P2, 270.00 W, 221.90 W, 73, 6004 MiB, 24576 MiB, 46 %
2026/09/05 01:42:55.148, NVIDIA GeForce RTX 3090, P2, 270.00 W, 226.24 W, 73, 6004 MiB, 24576 MiB, 47 %
2026/09/05 01:43:05.149, NVIDIA GeForce RTX 3090, P2, 270.00 W, 227.18 W, 74, 6004 MiB, 24576 MiB, 0 %
2026/09/05 01:43:15.150, NVIDIA GeForce RTX 3090, P2, 270.00 W, 226.81 W, 73, 6004 MiB, 24576 MiB, 41 %
2026/09/05 01:43:25.151, NVIDIA GeForce RTX 3090, P2, 270.00 W, 222.49 W, 72, 6004 MiB, 24576 MiB, 5 %
2026/09/05 01:43:35.153, NVIDIA GeForce RTX 3090, P2, 270.00 W, 219.11 W, 72, 6004 MiB, 24576 MiB, 50 %
2026/09/05 01:43:45.154, NVIDIA GeForce RTX 3090, P2, 270.00 W, 222.12 W, 72, 6004 MiB, 24576 MiB, 47 %
2026/09/05 01:43:55.155, NVIDIA GeForce RTX 3090, P2, 270.00 W, 221.32 W, 74, 6004 MiB, 24576 MiB, 0 %
2026/09/05 01:44:05.156, NVIDIA GeForce RTX 3090, P2, 270.00 W, 215.11 W, 73, 6004 MiB, 24576 MiB, 8 %
2026/09/05 01:44:15.157, NVIDIA GeForce RTX 3090, P2, 270.00 W, 220.75 W, 72, 6004 MiB, 24576 MiB, 1 %
2026/09/05 01:44:25.158, NVIDIA GeForce RTX 3090, P2, 270.00 W, 222.54 W, 73, 6004 MiB, 24576 MiB, 35 %
2026/09/05 01:44:35.160, NVIDIA GeForce RTX 3090, P2, 270.00 W, 227.33 W, 73, 6004 MiB, 24576 MiB, 47 %
2026/09/05 01:44:45.161, NVIDIA GeForce RTX 3090, P2, 270.00 W, 215.51 W, 73, 6004 MiB, 24576 MiB, 8 %
2026/09/05 01:44:55.162, NVIDIA GeForce RTX 3090, P2, 270.00 W, 222.97 W, 72, 6004 MiB, 24576 MiB, 6 %
2026/09/05 01:45:05.163, NVIDIA GeForce RTX 3090, P2, 270.00 W, 221.14 W, 73, 6004 MiB, 24576 MiB, 50 %
2026/09/05 01:45:15.164, NVIDIA GeForce RTX 3090, P2, 270.00 W, 223.79 W, 73, 6004 MiB, 24576 MiB, 46 %
2026/09/05 01:45:25.166, NVIDIA GeForce RTX 3090, P2, 270.00 W, 215.02 W, 73, 6004 MiB, 24576 MiB, 0 %
2026/09/05 01:45:35.167, NVIDIA GeForce RTX 3090, P2, 270.00 W, 205.00 W, 71, 6004 MiB, 24576 MiB, 0 %
2026/09/05 01:45:45.168, NVIDIA GeForce RTX 3090, P2, 270.00 W, 226.32 W, 73, 6004 MiB, 24576 MiB, 49 %
2026/09/05 01:45:55.170, NVIDIA GeForce RTX 3090, P2, 270.00 W, 223.64 W, 71, 6004 MiB, 24576 MiB, 28 %
2026/09/05 01:46:05.171, NVIDIA GeForce RTX 3090, P2, 270.00 W, 221.92 W, 74, 6004 MiB, 24576 MiB, 0 %
2026/09/05 01:46:15.172, NVIDIA GeForce RTX 3090, P2, 270.00 W, 206.65 W, 71, 6004 MiB, 24576 MiB, 0 %
2026/09/05 01:46:25.173, NVIDIA GeForce RTX 3090, P2, 270.00 W, 229.07 W, 73, 6004 MiB, 24576 MiB, 43 %
2026/09/05 01:46:35.175, NVIDIA GeForce RTX 3090, P2, 270.00 W, 225.40 W, 71, 6004 MiB, 24576 MiB, 24 %
2026/09/05 01:46:45.176, NVIDIA GeForce RTX 3090, P2, 270.00 W, 223.33 W, 73, 6004 MiB, 24576 MiB, 30 %
2026/09/05 01:46:55.177, NVIDIA GeForce RTX 3090, P2, 270.00 W, 226.42 W, 73, 6004 MiB, 24576 MiB, 49 %
2026/09/05 01:47:05.179, NVIDIA GeForce RTX 3090, P2, 270.00 W, 212.22 W, 71, 6004 MiB, 24576 MiB, 0 %
2026/09/05 01:47:15.180, NVIDIA GeForce RTX 3090, P2, 270.00 W, 226.55 W, 73, 6004 MiB, 24576 MiB, 28 %
2026/09/05 01:47:25.182, NVIDIA GeForce RTX 3090, P2, 270.00 W, 232.24 W, 72, 6004 MiB, 24576 MiB, 24 %
2026/09/05 01:47:35.183, NVIDIA GeForce RTX 3090, P2, 270.00 W, 219.58 W, 72, 6004 MiB, 24576 MiB, 33 %
2026/09/05 01:47:45.185, NVIDIA GeForce RTX 3090, P2, 270.00 W, 216.48 W, 72, 6004 MiB, 24576 MiB, 31 %
2026/09/05 01:47:55.186, NVIDIA GeForce RTX 3090, P2, 270.00 W, 217.83 W, 72, 6004 MiB, 24576 MiB, 31 %
2026/09/05 01:48:05.188, NVIDIA GeForce RTX 3090, P2, 270.00 W, 229.15 W, 73, 6004 MiB, 24576 MiB, 48 %
2026/09/05 01:48:15.189, NVIDIA GeForce RTX 3090, P2, 270.00 W, 230.91 W, 72, 6004 MiB, 24576 MiB, 46 %
2026/09/05 01:48:25.191, NVIDIA GeForce RTX 3090, P2, 270.00 W, 222.19 W, 74, 6004 MiB, 24576 MiB, 0 %
2026/09/05 01:48:35.192, NVIDIA GeForce RTX 3090, P2, 270.00 W, 228.42 W, 72, 6004 MiB, 24576 MiB, 0 %
2026/09/05 01:48:45.193, NVIDIA GeForce RTX 3090, P2, 270.00 W, 217.68 W, 73, 6004 MiB, 24576 MiB, 50 %
2026/09/05 01:48:55.195, NVIDIA GeForce RTX 3090, P2, 270.00 W, 222.96 W, 72, 6004 MiB, 24576 MiB, 49 %
2026/09/05 01:49:05.196, NVIDIA GeForce RTX 3090, P2, 270.00 W, 222.20 W, 74, 6004 MiB, 24576 MiB, 0 %
2026/09/05 01:49:15.198, NVIDIA GeForce RTX 3090, P2, 270.00 W, 216.93 W, 73, 6004 MiB, 24576 MiB, 8 %
2026/09/05 01:49:25.200, NVIDIA GeForce RTX 3090, P2, 270.00 W, 222.95 W, 72, 6004 MiB, 24576 MiB, 7 %
2026/09/05 01:49:35.201, NVIDIA GeForce RTX 3090, P2, 270.00 W, 235.62 W, 72, 6004 MiB, 24576 MiB, 15 %
2026/09/05 01:49:45.202, NVIDIA GeForce RTX 3090, P2, 270.00 W, 218.37 W, 73, 6004 MiB, 24576 MiB, 21 %
2026/09/05 01:49:55.204, NVIDIA GeForce RTX 3090, P2, 270.00 W, 209.71 W, 71, 6004 MiB, 24576 MiB, 48 %
2026/09/05 01:50:05.206, NVIDIA GeForce RTX 3090, P2, 270.00 W, 227.63 W, 73, 6004 MiB, 24576 MiB, 22 %
2026/09/05 01:50:15.207, NVIDIA GeForce RTX 3090, P2, 270.00 W, 224.71 W, 72, 6004 MiB, 24576 MiB, 50 %
2026/09/05 01:50:25.209, NVIDIA GeForce RTX 3090, P2, 270.00 W, 224.88 W, 74, 6004 MiB, 24576 MiB, 30 %
2026/09/05 01:50:35.210, NVIDIA GeForce RTX 3090, P2, 270.00 W, 214.61 W, 73, 6004 MiB, 24576 MiB, 5 %
2026/09/05 01:50:45.212, NVIDIA GeForce RTX 3090, P2, 270.00 W, 216.19 W, 72, 6004 MiB, 24576 MiB, 39 %
2026/09/05 01:50:55.213, NVIDIA GeForce RTX 3090, P2, 270.00 W, 221.55 W, 73, 6004 MiB, 24576 MiB, 49 %
2026/09/05 01:51:05.215, NVIDIA GeForce RTX 3090, P2, 270.00 W, 228.82 W, 74, 6004 MiB, 24576 MiB, 47 %
2026/09/05 01:51:15.216, NVIDIA GeForce RTX 3090, P2, 270.00 W, 223.64 W, 74, 6004 MiB, 24576 MiB, 47 %
2026/09/05 01:51:25.218, NVIDIA GeForce RTX 3090, P2, 270.00 W, 222.01 W, 73, 6004 MiB, 24576 MiB, 48 %
2026/09/05 01:51:35.220, NVIDIA GeForce RTX 3090, P2, 270.00 W, 219.16 W, 72, 6004 MiB, 24576 MiB, 44 %
2026/09/05 01:51:45.221, NVIDIA GeForce RTX 3090, P2, 270.00 W, 224.71 W, 72, 6004 MiB, 24576 MiB, 49 %
2026/09/05 01:51:55.222, NVIDIA GeForce RTX 3090, P2, 270.00 W, 221.00 W, 72, 6004 MiB, 24576 MiB, 50 %
2026/09/05 01:52:05.224, NVIDIA GeForce RTX 3090, P2, 270.00 W, 217.87 W, 73, 6004 MiB, 24576 MiB, 45 %
2026/09/05 01:52:15.225, NVIDIA GeForce RTX 3090, P2, 270.00 W, 207.47 W, 71, 6004 MiB, 24576 MiB, 48 %
2026/09/05 01:52:25.226, NVIDIA GeForce RTX 3090, P2, 270.00 W, 216.37 W, 73, 6004 MiB, 24576 MiB, 15 %
2026/09/05 01:52:35.227, NVIDIA GeForce RTX 3090, P2, 270.00 W, 226.44 W, 73, 6004 MiB, 24576 MiB, 30 %
2026/09/05 01:52:45.229, NVIDIA GeForce RTX 3090, P2, 270.00 W, 222.35 W, 73, 6004 MiB, 24576 MiB, 15 %
2026/09/05 01:52:55.230, NVIDIA GeForce RTX 3090, P2, 270.00 W, 222.42 W, 73, 6004 MiB, 24576 MiB, 4 %
2026/09/05 01:53:05.231, NVIDIA GeForce RTX 3090, P2, 270.00 W, 217.13 W, 72, 6004 MiB, 24576 MiB, 42 %
2026/09/05 01:53:15.232, NVIDIA GeForce RTX 3090, P2, 270.00 W, 222.73 W, 74, 6004 MiB, 24576 MiB, 50 %
2026/09/05 01:53:25.233, NVIDIA GeForce RTX 3090, P2, 270.00 W, 225.76 W, 72, 6004 MiB, 24576 MiB, 46 %
2026/09/05 01:53:35.235, NVIDIA GeForce RTX 3090, P2, 270.00 W, 218.81 W, 74, 6004 MiB, 24576 MiB, 47 %
2026/09/05 01:53:45.236, NVIDIA GeForce RTX 3090, P2, 270.00 W, 211.11 W, 71, 6004 MiB, 24576 MiB, 0 %
2026/09/05 01:53:55.237, NVIDIA GeForce RTX 3090, P2, 270.00 W, 224.78 W, 73, 6004 MiB, 24576 MiB, 48 %
2026/09/05 01:54:05.238, NVIDIA GeForce RTX 3090, P2, 270.00 W, 235.15 W, 72, 6004 MiB, 24576 MiB, 26 %
2026/09/05 01:54:15.239, NVIDIA GeForce RTX 3090, P2, 270.00 W, 221.17 W, 73, 6004 MiB, 24576 MiB, 22 %
2026/09/05 01:54:25.241, NVIDIA GeForce RTX 3090, P2, 270.00 W, 215.16 W, 74, 6004 MiB, 24576 MiB, 30 %
2026/09/05 01:54:35.242, NVIDIA GeForce RTX 3090, P2, 270.00 W, 221.47 W, 72, 6004 MiB, 24576 MiB, 42 %
2026/09/05 01:54:45.244, NVIDIA GeForce RTX 3090, P2, 270.00 W, 223.48 W, 73, 6004 MiB, 24576 MiB, 48 %
2026/09/05 01:54:55.245, NVIDIA GeForce RTX 3090, P2, 270.00 W, 232.39 W, 73, 6004 MiB, 24576 MiB, 47 %
2026/09/05 01:55:05.247, NVIDIA GeForce RTX 3090, P2, 270.00 W, 219.52 W, 73, 6004 MiB, 24576 MiB, 33 %
2026/09/05 01:55:15.248, NVIDIA GeForce RTX 3090, P2, 270.00 W, 208.32 W, 72, 6004 MiB, 24576 MiB, 5 %
2026/09/05 01:55:25.249, NVIDIA GeForce RTX 3090, P2, 270.00 W, 219.96 W, 72, 6004 MiB, 24576 MiB, 0 %
2026/09/05 01:55:35.250, NVIDIA GeForce RTX 3090, P2, 270.00 W, 234.10 W, 72, 6004 MiB, 24576 MiB, 30 %
2026/09/05 01:55:45.252, NVIDIA GeForce RTX 3090, P2, 270.00 W, 221.30 W, 73, 6004 MiB, 24576 MiB, 30 %
2026/09/05 01:55:55.253, NVIDIA GeForce RTX 3090, P2, 270.00 W, 225.47 W, 74, 6004 MiB, 24576 MiB, 47 %
2026/09/05 01:56:05.254, NVIDIA GeForce RTX 3090, P2, 270.00 W, 224.47 W, 73, 6004 MiB, 24576 MiB, 30 %
2026/09/05 01:56:15.255, NVIDIA GeForce RTX 3090, P2, 270.00 W, 227.52 W, 74, 6004 MiB, 24576 MiB, 6 %
2026/09/05 01:56:25.256, NVIDIA GeForce RTX 3090, P2, 270.00 W, 220.70 W, 72, 6004 MiB, 24576 MiB, 27 %
2026/09/05 01:56:35.258, NVIDIA GeForce RTX 3090, P2, 270.00 W, 225.21 W, 73, 6004 MiB, 24576 MiB, 47 %
2026/09/05 01:56:45.259, NVIDIA GeForce RTX 3090, P2, 270.00 W, 227.45 W, 74, 6004 MiB, 24576 MiB, 0 %
2026/09/05 01:56:55.260, NVIDIA GeForce RTX 3090, P2, 270.00 W, 208.36 W, 72, 6004 MiB, 24576 MiB, 0 %
2026/09/05 01:57:05.261, NVIDIA GeForce RTX 3090, P2, 270.00 W, 226.30 W, 74, 6004 MiB, 24576 MiB, 13 %
2026/09/05 01:57:15.263, NVIDIA GeForce RTX 3090, P2, 270.00 W, 223.23 W, 71, 6004 MiB, 24576 MiB, 5 %
2026/09/05 01:57:25.264, NVIDIA GeForce RTX 3090, P2, 270.00 W, 219.84 W, 73, 6004 MiB, 24576 MiB, 18 %
2026/09/05 01:57:35.265, NVIDIA GeForce RTX 3090, P2, 270.00 W, 210.44 W, 72, 6004 MiB, 24576 MiB, 42 %
2026/09/05 01:57:45.266, NVIDIA GeForce RTX 3090, P2, 270.00 W, 217.48 W, 72, 6004 MiB, 24576 MiB, 21 %
2026/09/05 01:57:55.267, NVIDIA GeForce RTX 3090, P2, 270.00 W, 228.29 W, 73, 6004 MiB, 24576 MiB, 48 %
2026/09/05 01:58:05.269, NVIDIA GeForce RTX 3090, P2, 270.00 W, 226.49 W, 73, 6004 MiB, 24576 MiB, 47 %
2026/09/05 01:58:15.270, NVIDIA GeForce RTX 3090, P2, 270.00 W, 220.64 W, 74, 6004 MiB, 24576 MiB, 47 %
2026/09/05 01:58:25.271, NVIDIA GeForce RTX 3090, P2, 270.00 W, 203.63 W, 72, 6004 MiB, 24576 MiB, 11 %
2026/09/05 01:58:35.272, NVIDIA GeForce RTX 3090, P2, 270.00 W, 225.65 W, 73, 6004 MiB, 24576 MiB, 48 %
2026/09/05 01:58:45.273, NVIDIA GeForce RTX 3090, P2, 270.00 W, 229.28 W, 73, 6004 MiB, 24576 MiB, 47 %
2026/09/05 01:58:55.274, NVIDIA GeForce RTX 3090, P2, 270.00 W, 223.43 W, 73, 6004 MiB, 24576 MiB, 30 %
2026/09/05 01:59:05.276, NVIDIA GeForce RTX 3090, P2, 270.00 W, 213.73 W, 73, 6004 MiB, 24576 MiB, 30 %
2026/09/05 01:59:15.277, NVIDIA GeForce RTX 3090, P2, 270.00 W, 226.74 W, 72, 6004 MiB, 24576 MiB, 20 %
2026/09/05 01:59:25.278, NVIDIA GeForce RTX 3090, P2, 270.00 W, 228.34 W, 73, 6004 MiB, 24576 MiB, 48 %
2026/09/05 01:59:35.279, NVIDIA GeForce RTX 3090, P2, 270.00 W, 225.10 W, 73, 6004 MiB, 24576 MiB, 49 %
2026/09/05 01:59:45.280, NVIDIA GeForce RTX 3090, P2, 270.00 W, 218.74 W, 74, 6004 MiB, 24576 MiB, 44 %
2026/09/05 01:59:55.282, NVIDIA GeForce RTX 3090, P2, 270.00 W, 213.93 W, 71, 6004 MiB, 24576 MiB, 31 %
2026/09/05 02:00:05.283, NVIDIA GeForce RTX 3090, P2, 270.00 W, 223.90 W, 73, 6004 MiB, 24576 MiB, 48 %
2026/09/05 02:00:15.284, NVIDIA GeForce RTX 3090, P2, 270.00 W, 220.64 W, 73, 6004 MiB, 24576 MiB, 47 %
2026/09/05 02:00:25.285, NVIDIA GeForce RTX 3090, P2, 270.00 W, 224.72 W, 74, 6004 MiB, 24576 MiB, 0 %
2026/09/05 02:00:35.286, NVIDIA GeForce RTX 3090, P2, 270.00 W, 218.59 W, 72, 6004 MiB, 24576 MiB, 15 %
2026/09/05 02:00:45.288, NVIDIA GeForce RTX 3090, P2, 270.00 W, 211.51 W, 71, 6004 MiB, 24576 MiB, 11 %
2026/09/05 02:00:55.289, NVIDIA GeForce RTX 3090, P2, 270.00 W, 218.82 W, 73, 6004 MiB, 24576 MiB, 4 %
2026/09/05 02:01:05.290, NVIDIA GeForce RTX 3090, P2, 270.00 W, 228.34 W, 73, 6004 MiB, 24576 MiB, 48 %
2026/09/05 02:01:15.291, NVIDIA GeForce RTX 3090, P2, 270.00 W, 228.27 W, 73, 6004 MiB, 24576 MiB, 48 %
2026/09/05 02:01:25.293, NVIDIA GeForce RTX 3090, P2, 270.00 W, 229.26 W, 73, 6004 MiB, 24576 MiB, 44 %
2026/09/05 02:01:35.294, NVIDIA GeForce RTX 3090, P2, 270.00 W, 223.28 W, 73, 6004 MiB, 24576 MiB, 19 %
2026/09/05 02:01:45.295, NVIDIA GeForce RTX 3090, P2, 270.00 W, 230.79 W, 73, 6004 MiB, 24576 MiB, 48 %
2026/09/05 02:01:55.296, NVIDIA GeForce RTX 3090, P2, 270.00 W, 232.37 W, 72, 6004 MiB, 24576 MiB, 26 %
2026/09/05 02:02:05.297, NVIDIA GeForce RTX 3090, P2, 270.00 W, 223.05 W, 73, 6004 MiB, 24576 MiB, 28 %
2026/09/05 02:02:15.299, NVIDIA GeForce RTX 3090, P2, 270.00 W, 217.15 W, 74, 6004 MiB, 24576 MiB, 35 %
2026/09/05 02:02:25.300, NVIDIA GeForce RTX 3090, P2, 270.00 W, 212.51 W, 72, 6004 MiB, 24576 MiB, 20 %
2026/09/05 02:02:35.301, NVIDIA GeForce RTX 3090, P2, 270.00 W, 221.16 W, 73, 6004 MiB, 24576 MiB, 33 %
2026/09/05 02:02:45.302, NVIDIA GeForce RTX 3090, P2, 270.00 W, 238.14 W, 73, 6004 MiB, 24576 MiB, 42 %
2026/09/05 02:02:55.304, NVIDIA GeForce RTX 3090, P2, 270.00 W, 222.94 W, 73, 6004 MiB, 24576 MiB, 23 %
2026/09/05 02:03:05.305, NVIDIA GeForce RTX 3090, P2, 270.00 W, 218.59 W, 73, 6004 MiB, 24576 MiB, 7 %
2026/09/05 02:03:15.306, NVIDIA GeForce RTX 3090, P2, 270.00 W, 213.34 W, 71, 6004 MiB, 24576 MiB, 0 %
2026/09/05 02:03:25.307, NVIDIA GeForce RTX 3090, P2, 270.00 W, 222.55 W, 72, 6004 MiB, 24576 MiB, 6 %
2026/09/05 02:03:35.308, NVIDIA GeForce RTX 3090, P2, 270.00 W, 223.09 W, 72, 6004 MiB, 24576 MiB, 32 %
2026/09/05 02:03:45.310, NVIDIA GeForce RTX 3090, P2, 270.00 W, 225.94 W, 73, 6004 MiB, 24576 MiB, 47 %
2026/09/05 02:03:55.311, NVIDIA GeForce RTX 3090, P2, 270.00 W, 223.45 W, 73, 6004 MiB, 24576 MiB, 30 %
2026/09/05 02:04:05.312, NVIDIA GeForce RTX 3090, P2, 270.00 W, 219.88 W, 71, 6004 MiB, 24576 MiB, 5 %
2026/09/05 02:04:15.313, NVIDIA GeForce RTX 3090, P2, 270.00 W, 231.97 W, 74, 6004 MiB, 24576 MiB, 48 %
2026/09/05 02:04:25.314, NVIDIA GeForce RTX 3090, P2, 270.00 W, 233.50 W, 73, 6004 MiB, 24576 MiB, 48 %
2026/09/05 02:04:35.316, NVIDIA GeForce RTX 3090, P2, 270.00 W, 220.01 W, 72, 6004 MiB, 24576 MiB, 41 %
2026/09/05 02:04:45.317, NVIDIA GeForce RTX 3090, P2, 270.00 W, 226.19 W, 74, 6004 MiB, 24576 MiB, 0 %
2026/09/05 02:04:55.318, NVIDIA GeForce RTX 3090, P2, 270.00 W, 213.24 W, 73, 6004 MiB, 24576 MiB, 4 %
2026/09/05 02:05:05.319, NVIDIA GeForce RTX 3090, P2, 270.00 W, 216.68 W, 72, 6004 MiB, 24576 MiB, 0 %
2026/09/05 02:05:15.320, NVIDIA GeForce RTX 3090, P2, 270.00 W, 225.21 W, 72, 6004 MiB, 24576 MiB, 49 %
2026/09/05 02:05:25.321, NVIDIA GeForce RTX 3090, P2, 270.00 W, 232.37 W, 73, 6004 MiB, 24576 MiB, 48 %
2026/09/05 02:05:35.323, NVIDIA GeForce RTX 3090, P2, 270.00 W, 220.01 W, 73, 6004 MiB, 24576 MiB, 0 %
2026/09/05 02:05:45.324, NVIDIA GeForce RTX 3090, P2, 270.00 W, 208.39 W, 71, 6004 MiB, 24576 MiB, 48 %
2026/09/05 02:05:55.325, NVIDIA GeForce RTX 3090, P2, 270.00 W, 226.06 W, 73, 6004 MiB, 24576 MiB, 47 %
2026/09/05 02:06:05.326, NVIDIA GeForce RTX 3090, P2, 270.00 W, 235.70 W, 73, 6004 MiB, 24576 MiB, 10 %
2026/09/05 02:06:15.328, NVIDIA GeForce RTX 3090, P2, 270.00 W, 224.12 W, 74, 6004 MiB, 24576 MiB, 0 %
2026/09/05 02:06:25.329, NVIDIA GeForce RTX 3090, P2, 270.00 W, 215.99 W, 72, 6004 MiB, 24576 MiB, 36 %
2026/09/05 02:06:35.330, NVIDIA GeForce RTX 3090, P2, 270.00 W, 224.13 W, 73, 6004 MiB, 24576 MiB, 48 %
2026/09/05 02:06:45.331, NVIDIA GeForce RTX 3090, P2, 270.00 W, 234.29 W, 72, 6004 MiB, 24576 MiB, 26 %
2026/09/05 02:06:55.332, NVIDIA GeForce RTX 3090, P2, 270.00 W, 223.20 W, 73, 6004 MiB, 24576 MiB, 35 %
2026/09/05 02:07:05.334, NVIDIA GeForce RTX 3090, P2, 270.00 W, 216.80 W, 74, 6004 MiB, 24576 MiB, 4 %
2026/09/05 02:07:15.335, NVIDIA GeForce RTX 3090, P2, 270.00 W, 218.22 W, 71, 6004 MiB, 24576 MiB, 0 %
2026/09/05 02:07:25.336, NVIDIA GeForce RTX 3090, P2, 270.00 W, 222.96 W, 74, 6004 MiB, 24576 MiB, 47 %
2026/09/05 02:07:35.337, NVIDIA GeForce RTX 3090, P2, 270.00 W, 237.07 W, 73, 6004 MiB, 24576 MiB, 26 %
2026/09/05 02:07:45.339, NVIDIA GeForce RTX 3090, P2, 270.00 W, 206.94 W, 73, 6004 MiB, 24576 MiB, 12 %
2026/09/05 02:07:55.340, NVIDIA GeForce RTX 3090, P2, 270.00 W, 211.87 W, 72, 6004 MiB, 24576 MiB, 0 %
2026/09/05 02:08:05.341, NVIDIA GeForce RTX 3090, P2, 270.00 W, 219.06 W, 71, 6004 MiB, 24576 MiB, 5 %
2026/09/05 02:08:15.342, NVIDIA GeForce RTX 3090, P2, 270.00 W, 222.13 W, 74, 6004 MiB, 24576 MiB, 49 %
2026/09/05 02:08:25.344, NVIDIA GeForce RTX 3090, P2, 270.00 W, 233.31 W, 72, 6004 MiB, 24576 MiB, 30 %
2026/09/05 02:08:35.345, NVIDIA GeForce RTX 3090, P2, 270.00 W, 223.87 W, 73, 6004 MiB, 24576 MiB, 41 %
2026/09/05 02:08:45.346, NVIDIA GeForce RTX 3090, P2, 270.00 W, 210.73 W, 71, 6004 MiB, 24576 MiB, 0 %
2026/09/05 02:08:55.347, NVIDIA GeForce RTX 3090, P2, 270.00 W, 227.03 W, 73, 6004 MiB, 24576 MiB, 6 %
2026/09/05 02:09:05.348, NVIDIA GeForce RTX 3090, P2, 270.00 W, 230.28 W, 72, 6004 MiB, 24576 MiB, 30 %
2026/09/05 02:09:15.350, NVIDIA GeForce RTX 3090, P2, 270.00 W, 220.24 W, 73, 6004 MiB, 24576 MiB, 30 %
2026/09/05 02:09:25.351, NVIDIA GeForce RTX 3090, P2, 270.00 W, 209.18 W, 71, 6004 MiB, 24576 MiB, 0 %
2026/09/05 02:09:35.352, NVIDIA GeForce RTX 3090, P2, 270.00 W, 223.80 W, 73, 6004 MiB, 24576 MiB, 49 %
2026/09/05 02:09:45.353, NVIDIA GeForce RTX 3090, P2, 270.00 W, 238.58 W, 74, 6004 MiB, 24576 MiB, 47 %
2026/09/05 02:09:55.355, NVIDIA GeForce RTX 3090, P2, 270.00 W, 217.87 W, 74, 6004 MiB, 24576 MiB, 47 %
2026/09/05 02:10:05.356, NVIDIA GeForce RTX 3090, P2, 270.00 W, 213.57 W, 71, 6004 MiB, 24576 MiB, 0 %
2026/09/05 02:10:15.357, NVIDIA GeForce RTX 3090, P2, 270.00 W, 222.97 W, 73, 6004 MiB, 24576 MiB, 7 %
2026/09/05 02:10:25.358, NVIDIA GeForce RTX 3090, P2, 270.00 W, 226.38 W, 72, 6004 MiB, 24576 MiB, 18 %
2026/09/05 02:10:35.359, NVIDIA GeForce RTX 3090, P2, 270.00 W, 224.84 W, 73, 6004 MiB, 24576 MiB, 36 %
2026/09/05 02:10:45.360, NVIDIA GeForce RTX 3090, P2, 270.00 W, 218.96 W, 74, 6004 MiB, 24576 MiB, 47 %
2026/09/05 02:10:55.362, NVIDIA GeForce RTX 3090, P2, 270.00 W, 208.07 W, 71, 6004 MiB, 24576 MiB, 48 %
2026/09/05 02:11:05.363, NVIDIA GeForce RTX 3090, P2, 270.00 W, 207.65 W, 71, 6004 MiB, 24576 MiB, 48 %
2026/09/05 02:11:15.364, NVIDIA GeForce RTX 3090, P2, 270.00 W, 223.17 W, 74, 6004 MiB, 24576 MiB, 46 %
2026/09/05 02:11:25.366, NVIDIA GeForce RTX 3090, P2, 270.00 W, 224.72 W, 72, 6004 MiB, 24576 MiB, 41 %
2026/09/05 02:11:35.367, NVIDIA GeForce RTX 3090, P2, 270.00 W, 224.86 W, 73, 6004 MiB, 24576 MiB, 0 %
2026/09/05 02:11:45.368, NVIDIA GeForce RTX 3090, P2, 270.00 W, 200.10 W, 71, 6004 MiB, 24576 MiB, 4 %
2026/09/05 02:11:55.369, NVIDIA GeForce RTX 3090, P2, 270.00 W, 212.40 W, 71, 6004 MiB, 24576 MiB, 0 %
2026/09/05 02:12:05.371, NVIDIA GeForce RTX 3090, P2, 270.00 W, 226.92 W, 73, 6004 MiB, 24576 MiB, 36 %
2026/09/05 02:12:15.372, NVIDIA GeForce RTX 3090, P2, 270.00 W, 228.43 W, 73, 6004 MiB, 24576 MiB, 48 %
2026/09/05 02:12:25.373, NVIDIA GeForce RTX 3090, P2, 270.00 W, 220.84 W, 74, 6004 MiB, 24576 MiB, 47 %
2026/09/05 02:12:35.374, NVIDIA GeForce RTX 3090, P2, 270.00 W, 207.65 W, 71, 6004 MiB, 24576 MiB, 48 %
2026/09/05 02:12:45.375, NVIDIA GeForce RTX 3090, P2, 270.00 W, 223.47 W, 72, 6004 MiB, 24576 MiB, 5 %
2026/09/05 02:12:55.377, NVIDIA GeForce RTX 3090, P2, 270.00 W, 220.88 W, 71, 6004 MiB, 24576 MiB, 51 %
2026/09/05 02:13:05.378, NVIDIA GeForce RTX 3090, P2, 270.00 W, 224.39 W, 74, 6004 MiB, 24576 MiB, 47 %
2026/09/05 02:13:15.379, NVIDIA GeForce RTX 3090, P2, 270.00 W, 209.63 W, 71, 6004 MiB, 24576 MiB, 40 %
2026/09/05 02:13:25.380, NVIDIA GeForce RTX 3090, P2, 270.00 W, 215.53 W, 71, 6004 MiB, 24576 MiB, 48 %
2026/09/05 02:13:35.382, NVIDIA GeForce RTX 3090, P2, 270.00 W, 224.49 W, 73, 6004 MiB, 24576 MiB, 35 %
2026/09/05 02:13:45.383, NVIDIA GeForce RTX 3090, P2, 270.00 W, 223.52 W, 73, 6004 MiB, 24576 MiB, 48 %
2026/09/05 02:13:55.384, NVIDIA GeForce RTX 3090, P2, 270.00 W, 203.77 W, 73, 6004 MiB, 24576 MiB, 0 %
2026/09/05 02:14:05.385, NVIDIA GeForce RTX 3090, P2, 270.00 W, 219.08 W, 72, 6004 MiB, 24576 MiB, 47 %
2026/09/05 02:14:15.387, NVIDIA GeForce RTX 3090, P2, 270.00 W, 225.52 W, 74, 6004 MiB, 24576 MiB, 47 %
2026/09/05 02:14:25.388, NVIDIA GeForce RTX 3090, P2, 270.00 W, 230.37 W, 73, 6004 MiB, 24576 MiB, 25 %
2026/09/05 02:14:35.389, NVIDIA GeForce RTX 3090, P2, 270.00 W, 220.42 W, 73, 6004 MiB, 24576 MiB, 35 %
2026/09/05 02:14:45.390, NVIDIA GeForce RTX 3090, P2, 270.00 W, 220.17 W, 71, 6004 MiB, 24576 MiB, 7 %
2026/09/05 02:14:55.391, NVIDIA GeForce RTX 3090, P2, 270.00 W, 224.84 W, 74, 6004 MiB, 24576 MiB, 6 %
2026/09/05 02:15:05.392, NVIDIA GeForce RTX 3090, P2, 270.00 W, 226.98 W, 72, 6004 MiB, 24576 MiB, 43 %
2026/09/05 02:15:15.394, NVIDIA GeForce RTX 3090, P2, 270.00 W, 225.21 W, 72, 6004 MiB, 24576 MiB, 53 %
2026/09/05 02:15:25.395, NVIDIA GeForce RTX 3090, P2, 270.00 W, 223.79 W, 73, 6004 MiB, 24576 MiB, 34 %
2026/09/05 02:15:35.396, NVIDIA GeForce RTX 3090, P2, 270.00 W, 212.01 W, 71, 6004 MiB, 24576 MiB, 5 %
2026/09/05 02:15:45.397, NVIDIA GeForce RTX 3090, P2, 270.00 W, 215.76 W, 71, 6004 MiB, 24576 MiB, 40 %
2026/09/05 02:15:55.398, NVIDIA GeForce RTX 3090, P2, 270.00 W, 222.04 W, 72, 6004 MiB, 24576 MiB, 49 %
2026/09/05 02:16:05.399, NVIDIA GeForce RTX 3090, P2, 270.00 W, 231.19 W, 72, 6004 MiB, 24576 MiB, 49 %
2026/09/05 02:16:15.401, NVIDIA GeForce RTX 3090, P2, 270.00 W, 200.48 W, 72, 6004 MiB, 24576 MiB, 31 %
2026/09/05 02:16:25.402, NVIDIA GeForce RTX 3090, P2, 270.00 W, 217.18 W, 73, 6004 MiB, 24576 MiB, 6 %
2026/09/05 02:16:35.403, NVIDIA GeForce RTX 3090, P2, 270.00 W, 220.60 W, 72, 6004 MiB, 24576 MiB, 29 %
2026/09/05 02:16:45.404, NVIDIA GeForce RTX 3090, P2, 270.00 W, 229.57 W, 72, 6004 MiB, 24576 MiB, 30 %
2026/09/05 02:16:55.405, NVIDIA GeForce RTX 3090, P2, 270.00 W, 225.33 W, 73, 6004 MiB, 24576 MiB, 0 %
2026/09/05 02:17:05.407, NVIDIA GeForce RTX 3090, P2, 270.00 W, 220.02 W, 74, 6004 MiB, 24576 MiB, 0 %
2026/09/05 02:17:15.408, NVIDIA GeForce RTX 3090, P2, 270.00 W, 218.70 W, 73, 6004 MiB, 24576 MiB, 14 %
2026/09/05 02:17:25.409, NVIDIA GeForce RTX 3090, P2, 270.00 W, 215.10 W, 73, 6004 MiB, 24576 MiB, 30 %
2026/09/05 02:17:35.410, NVIDIA GeForce RTX 3090, P2, 270.00 W, 210.07 W, 71, 6004 MiB, 24576 MiB, 4 %
2026/09/05 02:17:45.413, NVIDIA GeForce RTX 3090, P2, 270.00 W, 229.08 W, 72, 6004 MiB, 24576 MiB, 9 %
2026/09/05 02:17:55.414, NVIDIA GeForce RTX 3090, P2, 270.00 W, 226.74 W, 71, 6004 MiB, 24576 MiB, 20 %
2026/09/05 02:18:05.415, NVIDIA GeForce RTX 3090, P2, 270.00 W, 219.19 W, 73, 6004 MiB, 24576 MiB, 35 %
2026/09/05 02:18:15.416, NVIDIA GeForce RTX 3090, P2, 270.00 W, 219.22 W, 74, 6004 MiB, 24576 MiB, 0 %
2026/09/05 02:18:25.417, NVIDIA GeForce RTX 3090, P2, 270.00 W, 220.90 W, 71, 6004 MiB, 24576 MiB, 0 %
2026/09/05 02:18:35.419, NVIDIA GeForce RTX 3090, P2, 270.00 W, 223.81 W, 73, 6004 MiB, 24576 MiB, 40 %
2026/09/05 02:18:45.420, NVIDIA GeForce RTX 3090, P2, 270.00 W, 229.95 W, 71, 6004 MiB, 24576 MiB, 38 %
2026/09/05 02:18:55.422, NVIDIA GeForce RTX 3090, P2, 270.00 W, 217.85 W, 72, 6004 MiB, 24576 MiB, 47 %
2026/09/05 02:19:05.423, NVIDIA GeForce RTX 3090, P2, 270.00 W, 216.67 W, 72, 6004 MiB, 24576 MiB, 15 %
2026/09/05 02:19:15.425, NVIDIA GeForce RTX 3090, P2, 270.00 W, 227.43 W, 74, 6004 MiB, 24576 MiB, 48 %
2026/09/05 02:19:25.426, NVIDIA GeForce RTX 3090, P2, 270.00 W, 213.90 W, 72, 6004 MiB, 24576 MiB, 48 %
2026/09/05 02:19:35.428, NVIDIA GeForce RTX 3090, P2, 270.00 W, 224.36 W, 73, 6004 MiB, 24576 MiB, 23 %
2026/09/05 02:19:45.429, NVIDIA GeForce RTX 3090, P2, 270.00 W, 230.50 W, 74, 6004 MiB, 24576 MiB, 48 %
2026/09/05 02:19:55.430, NVIDIA GeForce RTX 3090, P2, 270.00 W, 212.33 W, 72, 6004 MiB, 24576 MiB, 31 %
2026/09/05 02:20:05.432, NVIDIA GeForce RTX 3090, P2, 270.00 W, 219.00 W, 73, 6004 MiB, 24576 MiB, 37 %
2026/09/05 02:20:15.433, NVIDIA GeForce RTX 3090, P2, 270.00 W, 211.17 W, 72, 6004 MiB, 24576 MiB, 0 %
2026/09/05 02:20:25.434, NVIDIA GeForce RTX 3090, P2, 270.00 W, 213.51 W, 71, 6004 MiB, 24576 MiB, 39 %
2026/09/05 02:20:35.435, NVIDIA GeForce RTX 3090, P2, 270.00 W, 226.94 W, 73, 6004 MiB, 24576 MiB, 49 %
2026/09/05 02:20:45.436, NVIDIA GeForce RTX 3090, P2, 270.00 W, 226.01 W, 72, 6004 MiB, 24576 MiB, 49 %
2026/09/05 02:20:55.438, NVIDIA GeForce RTX 3090, P2, 270.00 W, 220.81 W, 73, 6004 MiB, 24576 MiB, 25 %
2026/09/05 02:21:05.440, NVIDIA GeForce RTX 3090, P2, 270.00 W, 210.71 W, 72, 6004 MiB, 24576 MiB, 5 %
2026/09/05 02:21:15.441, NVIDIA GeForce RTX 3090, P2, 270.00 W, 213.79 W, 71, 6004 MiB, 24576 MiB, 48 %
2026/09/05 02:21:25.442, NVIDIA GeForce RTX 3090, P2, 270.00 W, 220.34 W, 72, 6004 MiB, 24576 MiB, 24 %
2026/09/05 02:21:35.443, NVIDIA GeForce RTX 3090, P2, 270.00 W, 230.27 W, 73, 6004 MiB, 24576 MiB, 48 %
2026/09/05 02:21:45.445, NVIDIA GeForce RTX 3090, P2, 270.00 W, 225.68 W, 73, 6004 MiB, 24576 MiB, 48 %
2026/09/05 02:21:55.446, NVIDIA GeForce RTX 3090, P2, 270.00 W, 205.54 W, 73, 6004 MiB, 24576 MiB, 30 %
2026/09/05 02:22:05.447, NVIDIA GeForce RTX 3090, P2, 270.00 W, 217.19 W, 73, 6004 MiB, 24576 MiB, 5 %
2026/09/05 02:22:15.448, NVIDIA GeForce RTX 3090, P2, 270.00 W, 216.99 W, 71, 6004 MiB, 24576 MiB, 32 %
2026/09/05 02:22:25.450, NVIDIA GeForce RTX 3090, P2, 270.00 W, 224.38 W, 73, 6004 MiB, 24576 MiB, 48 %
2026/09/05 02:22:35.451, NVIDIA GeForce RTX 3090, P2, 270.00 W, 227.09 W, 73, 6004 MiB, 24576 MiB, 48 %
2026/09/05 02:22:45.452, NVIDIA GeForce RTX 3090, P2, 270.00 W, 218.03 W, 74, 6004 MiB, 24576 MiB, 0 %
2026/09/05 02:22:55.453, NVIDIA GeForce RTX 3090, P2, 270.00 W, 210.29 W, 71, 6004 MiB, 24576 MiB, 48 %
2026/09/05 02:23:05.454, NVIDIA GeForce RTX 3090, P2, 270.00 W, 223.32 W, 72, 6004 MiB, 24576 MiB, 46 %
2026/09/05 02:23:15.455, NVIDIA GeForce RTX 3090, P2, 270.00 W, 229.76 W, 73, 6004 MiB, 24576 MiB, 48 %
2026/09/05 02:23:25.457, NVIDIA GeForce RTX 3090, P2, 270.00 W, 217.17 W, 74, 6004 MiB, 24576 MiB, 0 %
2026/09/05 02:23:35.458, NVIDIA GeForce RTX 3090, P2, 270.00 W, 217.42 W, 71, 6004 MiB, 24576 MiB, 47 %
2026/09/05 02:23:45.459, NVIDIA GeForce RTX 3090, P2, 270.00 W, 227.29 W, 73, 6004 MiB, 24576 MiB, 23 %
2026/09/05 02:23:55.460, NVIDIA GeForce RTX 3090, P2, 270.00 W, 217.92 W, 71, 6004 MiB, 24576 MiB, 46 %
2026/09/05 02:24:05.462, NVIDIA GeForce RTX 3090, P2, 270.00 W, 219.81 W, 74, 6004 MiB, 24576 MiB, 47 %
2026/09/05 02:24:15.463, NVIDIA GeForce RTX 3090, P2, 270.00 W, 216.62 W, 72, 6004 MiB, 24576 MiB, 0 %
2026/09/05 02:24:25.464, NVIDIA GeForce RTX 3090, P2, 270.00 W, 227.35 W, 72, 6004 MiB, 24576 MiB, 48 %
2026/09/05 02:24:35.465, NVIDIA GeForce RTX 3090, P2, 270.00 W, 221.78 W, 71, 6004 MiB, 24576 MiB, 49 %
2026/09/05 02:24:45.466, NVIDIA GeForce RTX 3090, P2, 270.00 W, 223.36 W, 73, 6004 MiB, 24576 MiB, 42 %
2026/09/05 02:24:55.467, NVIDIA GeForce RTX 3090, P2, 270.00 W, 220.23 W, 72, 6004 MiB, 24576 MiB, 5 %
2026/09/05 02:25:05.469, NVIDIA GeForce RTX 3090, P2, 270.00 W, 227.90 W, 73, 6004 MiB, 24576 MiB, 49 %
2026/09/05 02:25:15.470, NVIDIA GeForce RTX 3090, P2, 270.00 W, 213.13 W, 72, 6004 MiB, 24576 MiB, 30 %
2026/09/05 02:25:25.471, NVIDIA GeForce RTX 3090, P2, 270.00 W, 225.55 W, 74, 6004 MiB, 24576 MiB, 36 %
2026/09/05 02:25:35.472, NVIDIA GeForce RTX 3090, P2, 270.00 W, 225.07 W, 71, 6004 MiB, 24576 MiB, 35 %
2026/09/05 02:25:45.473, NVIDIA GeForce RTX 3090, P2, 270.00 W, 219.80 W, 72, 6004 MiB, 24576 MiB, 5 %
2026/09/05 02:25:55.474, NVIDIA GeForce RTX 3090, P2, 270.00 W, 233.54 W, 72, 6004 MiB, 24576 MiB, 35 %
2026/09/05 02:26:05.476, NVIDIA GeForce RTX 3090, P2, 270.00 W, 222.38 W, 73, 6004 MiB, 24576 MiB, 31 %
2026/09/05 02:26:15.477, NVIDIA GeForce RTX 3090, P2, 270.00 W, 220.22 W, 73, 6004 MiB, 24576 MiB, 30 %
2026/09/05 02:26:25.478, NVIDIA GeForce RTX 3090, P2, 270.00 W, 215.77 W, 71, 6004 MiB, 24576 MiB, 47 %
2026/09/05 02:26:35.479, NVIDIA GeForce RTX 3090, P2, 270.00 W, 227.17 W, 74, 6004 MiB, 24576 MiB, 30 %
2026/09/05 02:26:45.481, NVIDIA GeForce RTX 3090, P2, 270.00 W, 223.12 W, 72, 6004 MiB, 24576 MiB, 49 %
2026/09/05 02:26:55.482, NVIDIA GeForce RTX 3090, P2, 270.00 W, 221.34 W, 73, 6004 MiB, 24576 MiB, 40 %
2026/09/05 02:27:05.483, NVIDIA GeForce RTX 3090, P2, 270.00 W, 210.00 W, 71, 6004 MiB, 24576 MiB, 2 %
2026/09/05 02:27:15.484, NVIDIA GeForce RTX 3090, P2, 270.00 W, 223.82 W, 72, 6004 MiB, 24576 MiB, 30 %
2026/09/05 02:27:25.485, NVIDIA GeForce RTX 3090, P2, 270.00 W, 229.07 W, 72, 6004 MiB, 24576 MiB, 46 %
2026/09/05 02:27:35.486, NVIDIA GeForce RTX 3090, P2, 270.00 W, 223.82 W, 74, 6004 MiB, 24576 MiB, 38 %
2026/09/05 02:27:45.488, NVIDIA GeForce RTX 3090, P2, 270.00 W, 220.44 W, 74, 6004 MiB, 24576 MiB, 48 %
2026/09/05 02:27:55.489, NVIDIA GeForce RTX 3090, P2, 270.00 W, 215.05 W, 71, 6004 MiB, 24576 MiB, 0 %
2026/09/05 02:28:05.490, NVIDIA GeForce RTX 3090, P2, 270.00 W, 224.16 W, 73, 6004 MiB, 24576 MiB, 48 %
2026/09/05 02:28:15.492, NVIDIA GeForce RTX 3090, P2, 270.00 W, 233.88 W, 73, 6004 MiB, 24576 MiB, 40 %
2026/09/05 02:28:25.493, NVIDIA GeForce RTX 3090, P2, 270.00 W, 221.16 W, 74, 6004 MiB, 24576 MiB, 0 %
2026/09/05 02:28:35.494, NVIDIA GeForce RTX 3090, P2, 270.00 W, 208.69 W, 71, 6004 MiB, 24576 MiB, 0 %
2026/09/05 02:28:45.495, NVIDIA GeForce RTX 3090, P2, 270.00 W, 229.55 W, 73, 6004 MiB, 24576 MiB, 37 %
2026/09/05 02:28:55.496, NVIDIA GeForce RTX 3090, P2, 270.00 W, 222.29 W, 73, 6004 MiB, 24576 MiB, 30 %
2026/09/05 02:29:05.498, NVIDIA GeForce RTX 3090, P2, 270.00 W, 212.60 W, 71, 6004 MiB, 24576 MiB, 5 %
2026/09/05 02:29:15.499, NVIDIA GeForce RTX 3090, P2, 270.00 W, 216.95 W, 73, 6004 MiB, 24576 MiB, 17 %
2026/09/05 02:29:25.500, NVIDIA GeForce RTX 3090, P2, 270.00 W, 226.83 W, 72, 6004 MiB, 24576 MiB, 18 %
2026/09/05 02:29:35.501, NVIDIA GeForce RTX 3090, P2, 270.00 W, 221.08 W, 72, 6004 MiB, 24576 MiB, 38 %
2026/09/05 02:29:45.502, NVIDIA GeForce RTX 3090, P2, 270.00 W, 217.56 W, 74, 6004 MiB, 24576 MiB, 3 %
2026/09/05 02:29:55.503, NVIDIA GeForce RTX 3090, P2, 270.00 W, 225.23 W, 72, 6004 MiB, 24576 MiB, 8 %
2026/09/05 02:30:05.505, NVIDIA GeForce RTX 3090, P2, 270.00 W, 234.13 W, 72, 6004 MiB, 24576 MiB, 10 %
2026/09/05 02:30:15.506, NVIDIA GeForce RTX 3090, P2, 270.00 W, 221.50 W, 72, 6004 MiB, 24576 MiB, 47 %
2026/09/05 02:30:25.507, NVIDIA GeForce RTX 3090, P2, 270.00 W, 225.18 W, 74, 6004 MiB, 24576 MiB, 0 %
2026/09/05 02:30:35.508, NVIDIA GeForce RTX 3090, P2, 270.00 W, 206.63 W, 71, 6004 MiB, 24576 MiB, 0 %
2026/09/05 02:30:45.510, NVIDIA GeForce RTX 3090, P2, 270.00 W, 224.23 W, 73, 6004 MiB, 24576 MiB, 48 %
2026/09/05 02:30:55.511, NVIDIA GeForce RTX 3090, P2, 270.00 W, 233.04 W, 72, 6004 MiB, 24576 MiB, 30 %
2026/09/05 02:31:05.512, NVIDIA GeForce RTX 3090, P2, 270.00 W, 217.04 W, 73, 6004 MiB, 24576 MiB, 7 %
2026/09/05 02:31:15.513, NVIDIA GeForce RTX 3090, P2, 270.00 W, 209.72 W, 72, 6004 MiB, 24576 MiB, 19 %
2026/09/05 02:31:25.514, NVIDIA GeForce RTX 3090, P2, 270.00 W, 221.82 W, 72, 6004 MiB, 24576 MiB, 3 %
2026/09/05 02:31:35.516, NVIDIA GeForce RTX 3090, P2, 270.00 W, 234.83 W, 72, 6004 MiB, 24576 MiB, 2 %
2026/09/05 02:31:45.517, NVIDIA GeForce RTX 3090, P2, 270.00 W, 229.16 W, 73, 6004 MiB, 24576 MiB, 48 %
2026/09/05 02:31:55.518, NVIDIA GeForce RTX 3090, P2, 270.00 W, 206.87 W, 73, 6004 MiB, 24576 MiB, 4 %
2026/09/05 02:32:05.519, NVIDIA GeForce RTX 3090, P2, 270.00 W, 217.95 W, 72, 6004 MiB, 24576 MiB, 47 %
2026/09/05 02:32:15.521, NVIDIA GeForce RTX 3090, P2, 270.00 W, 222.64 W, 73, 6004 MiB, 24576 MiB, 48 %
2026/09/05 02:32:25.522, NVIDIA GeForce RTX 3090, P2, 270.00 W, 234.97 W, 72, 6004 MiB, 24576 MiB, 11 %
2026/09/05 02:32:35.523, NVIDIA GeForce RTX 3090, P2, 270.00 W, 222.69 W, 74, 6004 MiB, 24576 MiB, 32 %
2026/09/05 02:32:45.524, NVIDIA GeForce RTX 3090, P2, 270.00 W, 217.47 W, 74, 6004 MiB, 24576 MiB, 0 %
2026/09/05 02:32:55.525, NVIDIA GeForce RTX 3090, P2, 270.00 W, 217.08 W, 72, 6004 MiB, 24576 MiB, 4 %
2026/09/05 02:33:05.527, NVIDIA GeForce RTX 3090, P2, 270.00 W, 228.35 W, 72, 6004 MiB, 24576 MiB, 35 %
2026/09/05 02:33:15.528, NVIDIA GeForce RTX 3090, P2, 270.00 W, 219.31 W, 74, 6004 MiB, 24576 MiB, 21 %
2026/09/05 02:33:25.529, NVIDIA GeForce RTX 3090, P2, 270.00 W, 212.39 W, 72, 6004 MiB, 24576 MiB, 0 %
2026/09/05 02:33:35.530, NVIDIA GeForce RTX 3090, P2, 270.00 W, 227.44 W, 73, 6004 MiB, 24576 MiB, 23 %
2026/09/05 02:33:45.532, NVIDIA GeForce RTX 3090, P2, 270.00 W, 239.01 W, 73, 6004 MiB, 24576 MiB, 13 %
2026/09/05 02:33:55.533, NVIDIA GeForce RTX 3090, P2, 270.00 W, 227.50 W, 73, 6004 MiB, 24576 MiB, 47 %
2026/09/05 02:34:05.534, NVIDIA GeForce RTX 3090, P2, 270.00 W, 219.65 W, 73, 6004 MiB, 24576 MiB, 47 %
2026/09/05 02:34:15.536, NVIDIA GeForce RTX 3090, P2, 270.00 W, 207.60 W, 71, 6004 MiB, 24576 MiB, 46 %
2026/09/05 02:34:25.537, NVIDIA GeForce RTX 3090, P2, 270.00 W, 229.41 W, 73, 6004 MiB, 24576 MiB, 48 %
2026/09/05 02:34:35.539, NVIDIA GeForce RTX 3090, P2, 270.00 W, 218.08 W, 72, 6004 MiB, 24576 MiB, 39 %
2026/09/05 02:34:45.540, NVIDIA GeForce RTX 3090, P2, 270.00 W, 211.27 W, 73, 6004 MiB, 24576 MiB, 30 %
2026/09/05 02:34:55.541, NVIDIA GeForce RTX 3090, P2, 270.00 W, 214.62 W, 73, 6004 MiB, 24576 MiB, 4 %
2026/09/05 02:35:05.542, NVIDIA GeForce RTX 3090, P2, 270.00 W, 232.41 W, 73, 6004 MiB, 24576 MiB, 46 %
2026/09/05 02:35:15.544, NVIDIA GeForce RTX 3090, P2, 270.00 W, 220.11 W, 73, 6004 MiB, 24576 MiB, 23 %
2026/09/05 02:35:25.545, NVIDIA GeForce RTX 3090, P2, 270.00 W, 216.23 W, 71, 6004 MiB, 24576 MiB, 0 %
2026/09/05 02:35:35.546, NVIDIA GeForce RTX 3090, P2, 270.00 W, 227.64 W, 73, 6004 MiB, 24576 MiB, 38 %
2026/09/05 02:35:45.547, NVIDIA GeForce RTX 3090, P2, 270.00 W, 226.23 W, 72, 6004 MiB, 24576 MiB, 25 %
2026/09/05 02:35:55.549, NVIDIA GeForce RTX 3090, P2, 270.00 W, 218.90 W, 73, 6004 MiB, 24576 MiB, 30 %
2026/09/05 02:36:05.550, NVIDIA GeForce RTX 3090, P2, 270.00 W, 219.67 W, 73, 6004 MiB, 24576 MiB, 30 %
2026/09/05 02:36:15.551, NVIDIA GeForce RTX 3090, P2, 270.00 W, 217.27 W, 71, 6004 MiB, 24576 MiB, 0 %
2026/09/05 02:36:25.553, NVIDIA GeForce RTX 3090, P2, 270.00 W, 225.81 W, 73, 6004 MiB, 24576 MiB, 48 %
2026/09/05 02:36:35.554, NVIDIA GeForce RTX 3090, P2, 270.00 W, 235.74 W, 72, 6004 MiB, 24576 MiB, 20 %
2026/09/05 02:36:45.555, NVIDIA GeForce RTX 3090, P2, 270.00 W, 220.04 W, 73, 6004 MiB, 24576 MiB, 5 %
2026/09/05 02:36:55.556, NVIDIA GeForce RTX 3090, P2, 270.00 W, 207.88 W, 72, 6004 MiB, 24576 MiB, 30 %
2026/09/05 02:37:05.558, NVIDIA GeForce RTX 3090, P2, 270.00 W, 224.60 W, 72, 6004 MiB, 24576 MiB, 3 %
2026/09/05 02:37:15.559, NVIDIA GeForce RTX 3090, P2, 270.00 W, 237.61 W, 73, 6004 MiB, 24576 MiB, 47 %
2026/09/05 02:37:25.561, NVIDIA GeForce RTX 3090, P2, 270.00 W, 229.79 W, 72, 6004 MiB, 24576 MiB, 47 %
2026/09/05 02:37:35.563, NVIDIA GeForce RTX 3090, P2, 270.00 W, 223.76 W, 74, 6004 MiB, 24576 MiB, 47 %
2026/09/05 02:37:45.564, NVIDIA GeForce RTX 3090, P2, 270.00 W, 205.16 W, 71, 6004 MiB, 24576 MiB, 0 %
2026/09/05 02:37:55.566, NVIDIA GeForce RTX 3090, P2, 270.00 W, 223.13 W, 73, 6004 MiB, 24576 MiB, 6 %
2026/09/05 02:38:05.567, NVIDIA GeForce RTX 3090, P2, 270.00 W, 228.20 W, 73, 6004 MiB, 24576 MiB, 20 %
2026/09/05 02:38:15.569, NVIDIA GeForce RTX 3090, P2, 270.00 W, 232.14 W, 73, 6004 MiB, 24576 MiB, 48 %
2026/09/05 02:38:25.570, NVIDIA GeForce RTX 3090, P2, 270.00 W, 217.88 W, 73, 6004 MiB, 24576 MiB, 27 %
2026/09/05 02:38:35.572, NVIDIA GeForce RTX 3090, P2, 270.00 W, 215.92 W, 73, 6004 MiB, 24576 MiB, 5 %
2026/09/05 02:38:45.573, NVIDIA GeForce RTX 3090, P2, 270.00 W, 223.08 W, 72, 6004 MiB, 24576 MiB, 30 %
2026/09/05 02:38:55.575, NVIDIA GeForce RTX 3090, P2, 270.00 W, 215.45 W, 71, 6004 MiB, 24576 MiB, 48 %
2026/09/05 02:39:05.577, NVIDIA GeForce RTX 3090, P2, 270.00 W, 229.47 W, 72, 6004 MiB, 24576 MiB, 23 %
2026/09/05 02:39:15.578, NVIDIA GeForce RTX 3090, P2, 270.00 W, 221.90 W, 73, 6004 MiB, 24576 MiB, 20 %
2026/09/05 02:39:25.580, NVIDIA GeForce RTX 3090, P2, 270.00 W, 210.40 W, 72, 6004 MiB, 24576 MiB, 18 %
2026/09/05 02:39:35.581, NVIDIA GeForce RTX 3090, P2, 270.00 W, 221.79 W, 73, 6004 MiB, 24576 MiB, 5 %
2026/09/05 02:39:45.583, NVIDIA GeForce RTX 3090, P2, 270.00 W, 229.73 W, 73, 6004 MiB, 24576 MiB, 47 %
2026/09/05 02:39:55.584, NVIDIA GeForce RTX 3090, P2, 270.00 W, 225.12 W, 73, 6004 MiB, 24576 MiB, 39 %
2026/09/05 02:40:05.586, NVIDIA GeForce RTX 3090, P2, 270.00 W, 214.64 W, 73, 6004 MiB, 24576 MiB, 32 %
2026/09/05 02:40:15.587, NVIDIA GeForce RTX 3090, P2, 270.00 W, 222.65 W, 72, 6004 MiB, 24576 MiB, 8 %
2026/09/05 02:40:25.588, NVIDIA GeForce RTX 3090, P2, 270.00 W, 223.67 W, 72, 6004 MiB, 24576 MiB, 49 %
2026/09/05 02:40:35.589, NVIDIA GeForce RTX 3090, P2, 270.00 W, 220.71 W, 73, 6004 MiB, 24576 MiB, 0 %
2026/09/05 02:40:45.591, NVIDIA GeForce RTX 3090, P2, 270.00 W, 212.46 W, 72, 6004 MiB, 24576 MiB, 48 %
2026/09/05 02:40:55.592, NVIDIA GeForce RTX 3090, P2, 270.00 W, 221.20 W, 72, 6004 MiB, 24576 MiB, 19 %
2026/09/05 02:41:05.594, NVIDIA GeForce RTX 3090, P2, 270.00 W, 227.62 W, 71, 6004 MiB, 24576 MiB, 20 %
2026/09/05 02:41:15.595, NVIDIA GeForce RTX 3090, P2, 270.00 W, 220.12 W, 74, 6004 MiB, 24576 MiB, 0 %
2026/09/05 02:41:25.597, NVIDIA GeForce RTX 3090, P2, 270.00 W, 216.82 W, 71, 6004 MiB, 24576 MiB, 42 %
2026/09/05 02:41:35.598, NVIDIA GeForce RTX 3090, P2, 270.00 W, 225.29 W, 72, 6004 MiB, 24576 MiB, 45 %
2026/09/05 02:41:45.599, NVIDIA GeForce RTX 3090, P2, 270.00 W, 224.10 W, 73, 6004 MiB, 24576 MiB, 51 %
2026/09/05 02:41:55.601, NVIDIA GeForce RTX 3090, P2, 270.00 W, 220.21 W, 74, 6004 MiB, 24576 MiB, 47 %
2026/09/05 02:42:05.602, NVIDIA GeForce RTX 3090, P2, 270.00 W, 211.86 W, 71, 6004 MiB, 24576 MiB, 0 %
2026/09/05 02:42:15.603, NVIDIA GeForce RTX 3090, P2, 270.00 W, 228.49 W, 72, 6004 MiB, 24576 MiB, 28 %
2026/09/05 02:42:25.604, NVIDIA GeForce RTX 3090, P2, 270.00 W, 230.32 W, 72, 6004 MiB, 24576 MiB, 49 %
2026/09/05 02:42:35.606, NVIDIA GeForce RTX 3090, P2, 270.00 W, 221.08 W, 72, 6004 MiB, 24576 MiB, 46 %
2026/09/05 02:42:45.607, NVIDIA GeForce RTX 3090, P2, 270.00 W, 219.59 W, 73, 6004 MiB, 24576 MiB, 0 %
2026/09/05 02:42:55.608, NVIDIA GeForce RTX 3090, P2, 270.00 W, 215.85 W, 72, 6004 MiB, 24576 MiB, 0 %
2026/09/05 02:43:05.609, NVIDIA GeForce RTX 3090, P2, 270.00 W, 227.50 W, 73, 6004 MiB, 24576 MiB, 45 %
2026/09/05 02:43:15.610, NVIDIA GeForce RTX 3090, P2, 270.00 W, 230.90 W, 73, 6004 MiB, 24576 MiB, 0 %
2026/09/05 02:43:25.612, NVIDIA GeForce RTX 3090, P2, 270.00 W, 220.18 W, 74, 6004 MiB, 24576 MiB, 0 %
2026/09/05 02:43:35.613, NVIDIA GeForce RTX 3090, P2, 270.00 W, 215.45 W, 71, 6004 MiB, 24576 MiB, 0 %
2026/09/05 02:43:45.614, NVIDIA GeForce RTX 3090, P2, 270.00 W, 225.28 W, 72, 6004 MiB, 24576 MiB, 44 %
2026/09/05 02:43:55.616, NVIDIA GeForce RTX 3090, P2, 270.00 W, 226.40 W, 72, 6004 MiB, 24576 MiB, 0 %
2026/09/05 02:44:05.617, NVIDIA GeForce RTX 3090, P2, 270.00 W, 221.05 W, 74, 6004 MiB, 24576 MiB, 0 %
2026/09/05 02:44:15.619, NVIDIA GeForce RTX 3090, P2, 270.00 W, 210.76 W, 71, 6004 MiB, 24576 MiB, 44 %
2026/09/05 02:44:25.620, NVIDIA GeForce RTX 3090, P2, 270.00 W, 229.85 W, 73, 6004 MiB, 24576 MiB, 58 %
2026/09/05 02:44:35.621, NVIDIA GeForce RTX 3090, P2, 270.00 W, 235.92 W, 72, 6004 MiB, 24576 MiB, 7 %
2026/09/05 02:44:45.623, NVIDIA GeForce RTX 3090, P2, 270.00 W, 221.33 W, 73, 6004 MiB, 24576 MiB, 40 %
2026/09/05 02:44:55.624, NVIDIA GeForce RTX 3090, P2, 270.00 W, 222.29 W, 74, 6004 MiB, 24576 MiB, 44 %
2026/09/05 02:45:05.625, NVIDIA GeForce RTX 3090, P2, 270.00 W, 215.60 W, 71, 6004 MiB, 24576 MiB, 48 %
2026/09/05 02:45:15.626, NVIDIA GeForce RTX 3090, P2, 270.00 W, 229.27 W, 74, 6004 MiB, 24576 MiB, 48 %
2026/09/05 02:45:25.628, NVIDIA GeForce RTX 3090, P2, 270.00 W, 231.75 W, 72, 6004 MiB, 24576 MiB, 28 %
2026/09/05 02:45:35.629, NVIDIA GeForce RTX 3090, P2, 270.00 W, 217.96 W, 71, 6004 MiB, 24576 MiB, 43 %
2026/09/05 02:45:45.631, NVIDIA GeForce RTX 3090, P2, 270.00 W, 219.91 W, 73, 6004 MiB, 24576 MiB, 3 %
2026/09/05 02:45:55.632, NVIDIA GeForce RTX 3090, P2, 270.00 W, 217.30 W, 72, 6004 MiB, 24576 MiB, 30 %
2026/09/05 02:46:05.634, NVIDIA GeForce RTX 3090, P2, 270.00 W, 234.34 W, 72, 6004 MiB, 24576 MiB, 7 %
2026/09/05 02:46:15.636, NVIDIA GeForce RTX 3090, P2, 270.00 W, 220.55 W, 73, 6004 MiB, 24576 MiB, 22 %
2026/09/05 02:46:25.637, NVIDIA GeForce RTX 3090, P2, 270.00 W, 214.76 W, 73, 6004 MiB, 24576 MiB, 4 %
2026/09/05 02:46:35.638, NVIDIA GeForce RTX 3090, P2, 270.00 W, 218.50 W, 72, 6004 MiB, 24576 MiB, 49 %
2026/09/05 02:46:45.640, NVIDIA GeForce RTX 3090, P2, 270.00 W, 219.79 W, 72, 6004 MiB, 24576 MiB, 6 %
2026/09/05 02:46:55.641, NVIDIA GeForce RTX 3090, P2, 270.00 W, 220.60 W, 72, 6004 MiB, 24576 MiB, 51 %
2026/09/05 02:47:05.643, NVIDIA GeForce RTX 3090, P2, 270.00 W, 225.57 W, 73, 6004 MiB, 24576 MiB, 46 %
2026/09/05 02:47:15.645, NVIDIA GeForce RTX 3090, P2, 270.00 W, 220.81 W, 72, 6004 MiB, 24576 MiB, 30 %
2026/09/05 02:47:25.646, NVIDIA GeForce RTX 3090, P2, 270.00 W, 211.10 W, 71, 6004 MiB, 24576 MiB, 27 %
2026/09/05 02:47:35.648, NVIDIA GeForce RTX 3090, P2, 270.00 W, 226.93 W, 73, 6004 MiB, 24576 MiB, 48 %
2026/09/05 02:47:45.649, NVIDIA GeForce RTX 3090, P2, 270.00 W, 233.46 W, 72, 6004 MiB, 24576 MiB, 43 %
2026/09/05 02:47:55.651, NVIDIA GeForce RTX 3090, P2, 270.00 W, 225.51 W, 72, 6004 MiB, 24576 MiB, 43 %
2026/09/05 02:48:05.652, NVIDIA GeForce RTX 3090, P2, 270.00 W, 220.52 W, 73, 6004 MiB, 24576 MiB, 32 %
2026/09/05 02:48:15.653, NVIDIA GeForce RTX 3090, P2, 270.00 W, 219.67 W, 74, 6004 MiB, 24576 MiB, 41 %
2026/09/05 02:48:25.655, NVIDIA GeForce RTX 3090, P2, 270.00 W, 208.35 W, 72, 6004 MiB, 24576 MiB, 45 %
2026/09/05 02:48:35.658, NVIDIA GeForce RTX 3090, P2, 270.00 W, 223.55 W, 73, 6004 MiB, 24576 MiB, 47 %
2026/09/05 02:48:45.659, NVIDIA GeForce RTX 3090, P2, 270.00 W, 233.63 W, 72, 6004 MiB, 24576 MiB, 31 %
2026/09/05 02:48:55.660, NVIDIA GeForce RTX 3090, P2, 270.00 W, 223.92 W, 74, 6004 MiB, 24576 MiB, 0 %
2026/09/05 02:49:05.661, NVIDIA GeForce RTX 3090, P2, 270.00 W, 217.98 W, 71, 6004 MiB, 24576 MiB, 47 %
2026/09/05 02:49:15.662, NVIDIA GeForce RTX 3090, P2, 270.00 W, 220.74 W, 72, 6004 MiB, 24576 MiB, 49 %
2026/09/05 02:49:25.664, NVIDIA GeForce RTX 3090, P2, 270.00 W, 224.32 W, 72, 6004 MiB, 24576 MiB, 6 %
2026/09/05 02:49:35.666, NVIDIA GeForce RTX 3090, P2, 270.00 W, 226.60 W, 73, 6004 MiB, 24576 MiB, 47 %
2026/09/05 02:49:45.667, NVIDIA GeForce RTX 3090, P2, 270.00 W, 221.34 W, 73, 6004 MiB, 24576 MiB, 48 %
2026/09/05 02:49:55.668, NVIDIA GeForce RTX 3090, P2, 270.00 W, 216.74 W, 71, 6004 MiB, 24576 MiB, 0 %
2026/09/05 02:50:05.670, NVIDIA GeForce RTX 3090, P2, 270.00 W, 207.87 W, 72, 6004 MiB, 24576 MiB, 42 %
2026/09/05 02:50:15.671, NVIDIA GeForce RTX 3090, P2, 270.00 W, 226.01 W, 71, 6004 MiB, 24576 MiB, 35 %
2026/09/05 02:50:25.672, NVIDIA GeForce RTX 3090, P2, 270.00 W, 219.15 W, 73, 6004 MiB, 24576 MiB, 6 %
2026/09/05 02:50:35.674, NVIDIA GeForce RTX 3090, P2, 270.00 W, 213.47 W, 73, 6004 MiB, 24576 MiB, 30 %
2026/09/05 02:50:45.675, NVIDIA GeForce RTX 3090, P2, 270.00 W, 219.99 W, 72, 6004 MiB, 24576 MiB, 5 %
2026/09/05 02:50:55.676, NVIDIA GeForce RTX 3090, P2, 270.00 W, 230.55 W, 73, 6004 MiB, 24576 MiB, 48 %
2026/09/05 02:51:05.677, NVIDIA GeForce RTX 3090, P2, 270.00 W, 229.74 W, 73, 6004 MiB, 24576 MiB, 46 %
2026/09/05 02:51:15.679, NVIDIA GeForce RTX 3090, P2, 270.00 W, 218.48 W, 73, 6004 MiB, 24576 MiB, 34 %
2026/09/05 02:51:25.680, NVIDIA GeForce RTX 3090, P2, 270.00 W, 218.63 W, 73, 6004 MiB, 24576 MiB, 5 %
2026/09/05 02:51:35.681, NVIDIA GeForce RTX 3090, P2, 270.00 W, 220.69 W, 71, 6004 MiB, 24576 MiB, 36 %
2026/09/05 02:51:45.683, NVIDIA GeForce RTX 3090, P2, 270.00 W, 212.21 W, 72, 6006 MiB, 24576 MiB, 35 %
2026/09/05 02:51:55.684, NVIDIA GeForce RTX 3090, P2, 270.00 W, 212.89 W, 71, 6006 MiB, 24576 MiB, 30 %
2026/09/05 02:52:05.685, NVIDIA GeForce RTX 3090, P2, 270.00 W, 225.26 W, 73, 6006 MiB, 24576 MiB, 49 %
2026/09/05 02:52:15.687, NVIDIA GeForce RTX 3090, P2, 270.00 W, 234.48 W, 72, 6006 MiB, 24576 MiB, 22 %
2026/09/05 02:52:25.688, NVIDIA GeForce RTX 3090, P2, 270.00 W, 221.98 W, 73, 6006 MiB, 24576 MiB, 30 %
2026/09/05 02:52:35.689, NVIDIA GeForce RTX 3090, P2, 270.00 W, 223.87 W, 73, 6006 MiB, 24576 MiB, 30 %
2026/09/05 02:52:45.691, NVIDIA GeForce RTX 3090, P2, 270.00 W, 224.81 W, 72, 6006 MiB, 24576 MiB, 37 %
2026/09/05 02:52:55.692, NVIDIA GeForce RTX 3090, P2, 270.00 W, 235.25 W, 73, 6006 MiB, 24576 MiB, 49 %
2026/09/05 02:53:05.693, NVIDIA GeForce RTX 3090, P2, 270.00 W, 219.58 W, 72, 6006 MiB, 24576 MiB, 47 %
2026/09/05 02:53:15.694, NVIDIA GeForce RTX 3090, P2, 270.00 W, 218.54 W, 74, 6006 MiB, 24576 MiB, 47 %
2026/09/05 02:53:25.696, NVIDIA GeForce RTX 3090, P2, 270.00 W, 211.39 W, 73, 6006 MiB, 24576 MiB, 30 %
2026/09/05 02:53:35.698, NVIDIA GeForce RTX 3090, P2, 270.00 W, 212.49 W, 71, 6006 MiB, 24576 MiB, 37 %
2026/09/05 02:53:45.699, NVIDIA GeForce RTX 3090, P2, 270.00 W, 232.24 W, 73, 6006 MiB, 24576 MiB, 4 %
2026/09/05 02:53:55.701, NVIDIA GeForce RTX 3090, P2, 270.00 W, 236.76 W, 73, 6006 MiB, 24576 MiB, 24 %
2026/09/05 02:54:05.702, NVIDIA GeForce RTX 3090, P2, 270.00 W, 222.84 W, 73, 6006 MiB, 24576 MiB, 30 %
2026/09/05 02:54:15.704, NVIDIA GeForce RTX 3090, P2, 270.00 W, 220.69 W, 74, 6006 MiB, 24576 MiB, 0 %
2026/09/05 02:54:25.706, NVIDIA GeForce RTX 3090, P2, 270.00 W, 218.62 W, 71, 6006 MiB, 24576 MiB, 46 %
2026/09/05 02:54:35.707, NVIDIA GeForce RTX 3090, P2, 270.00 W, 232.97 W, 73, 6006 MiB, 24576 MiB, 47 %
2026/09/05 02:54:45.708, NVIDIA GeForce RTX 3090, P2, 270.00 W, 227.06 W, 73, 6006 MiB, 24576 MiB, 48 %
2026/09/05 02:54:55.710, NVIDIA GeForce RTX 3090, P2, 270.00 W, 223.53 W, 74, 6006 MiB, 24576 MiB, 0 %
2026/09/05 02:55:05.711, NVIDIA GeForce RTX 3090, P2, 270.00 W, 212.27 W, 72, 6006 MiB, 24576 MiB, 31 %
2026/09/05 02:55:15.712, NVIDIA GeForce RTX 3090, P2, 270.00 W, 220.27 W, 72, 6006 MiB, 24576 MiB, 5 %
2026/09/05 02:55:25.713, NVIDIA GeForce RTX 3090, P2, 270.00 W, 235.22 W, 72, 6006 MiB, 24576 MiB, 6 %
2026/09/05 02:55:35.714, NVIDIA GeForce RTX 3090, P2, 270.00 W, 221.82 W, 73, 6006 MiB, 24576 MiB, 20 %
2026/09/05 02:55:45.716, NVIDIA GeForce RTX 3090, P2, 270.00 W, 210.00 W, 73, 6006 MiB, 24576 MiB, 18 %
2026/09/05 02:55:55.717, NVIDIA GeForce RTX 3090, P2, 270.00 W, 224.84 W, 73, 6006 MiB, 24576 MiB, 48 %
2026/09/05 02:56:05.718, NVIDIA GeForce RTX 3090, P2, 270.00 W, 225.21 W, 72, 6006 MiB, 24576 MiB, 29 %
2026/09/05 02:56:15.720, NVIDIA GeForce RTX 3090, P2, 270.00 W, 228.46 W, 74, 6006 MiB, 24576 MiB, 47 %
2026/09/05 02:56:25.721, NVIDIA GeForce RTX 3090, P2, 270.00 W, 220.62 W, 73, 6006 MiB, 24576 MiB, 0 %
2026/09/05 02:56:35.722, NVIDIA GeForce RTX 3090, P2, 270.00 W, 223.32 W, 72, 6006 MiB, 24576 MiB, 4 %
2026/09/05 02:56:45.724, NVIDIA GeForce RTX 3090, P2, 270.00 W, 231.18 W, 73, 6006 MiB, 24576 MiB, 48 %
2026/09/05 02:56:55.725, NVIDIA GeForce RTX 3090, P2, 270.00 W, 236.15 W, 73, 6006 MiB, 24576 MiB, 30 %
2026/09/05 02:57:05.726, NVIDIA GeForce RTX 3090, P2, 270.00 W, 223.02 W, 73, 6006 MiB, 24576 MiB, 13 %
2026/09/05 02:57:15.727, NVIDIA GeForce RTX 3090, P2, 270.00 W, 211.57 W, 72, 6006 MiB, 24576 MiB, 22 %
2026/09/05 02:57:25.729, NVIDIA GeForce RTX 3090, P2, 270.00 W, 216.71 W, 71, 6006 MiB, 24576 MiB, 0 %
2026/09/05 02:57:35.730, NVIDIA GeForce RTX 3090, P2, 270.00 W, 216.73 W, 73, 6006 MiB, 24576 MiB, 10 %
2026/09/05 02:57:45.731, NVIDIA GeForce RTX 3090, P2, 270.00 W, 229.56 W, 73, 6006 MiB, 24576 MiB, 50 %
2026/09/05 02:57:55.733, NVIDIA GeForce RTX 3090, P2, 270.00 W, 230.39 W, 73, 6006 MiB, 24576 MiB, 40 %
2026/09/05 02:58:05.734, NVIDIA GeForce RTX 3090, P2, 270.00 W, 220.49 W, 73, 6006 MiB, 24576 MiB, 31 %
2026/09/05 02:58:15.735, NVIDIA GeForce RTX 3090, P2, 270.00 W, 214.91 W, 72, 6006 MiB, 24576 MiB, 13 %
2026/09/05 02:58:25.736, NVIDIA GeForce RTX 3090, P2, 270.00 W, 225.05 W, 72, 6006 MiB, 24576 MiB, 18 %
2026/09/05 02:58:35.737, NVIDIA GeForce RTX 3090, P2, 270.00 W, 231.23 W, 71, 6006 MiB, 24576 MiB, 25 %
2026/09/05 02:58:45.739, NVIDIA GeForce RTX 3090, P2, 270.00 W, 219.78 W, 74, 6006 MiB, 24576 MiB, 36 %
2026/09/05 02:58:55.740, NVIDIA GeForce RTX 3090, P2, 270.00 W, 209.36 W, 71, 6006 MiB, 24576 MiB, 38 %
2026/09/05 02:59:05.741, NVIDIA GeForce RTX 3090, P2, 270.00 W, 227.02 W, 72, 6006 MiB, 24576 MiB, 25 %
2026/09/05 02:59:15.742, NVIDIA GeForce RTX 3090, P2, 270.00 W, 238.70 W, 73, 6006 MiB, 24576 MiB, 43 %
2026/09/05 02:59:25.744, NVIDIA GeForce RTX 3090, P2, 270.00 W, 225.38 W, 74, 6006 MiB, 24576 MiB, 45 %
2026/09/05 02:59:35.745, NVIDIA GeForce RTX 3090, P2, 270.00 W, 219.90 W, 72, 6006 MiB, 24576 MiB, 47 %
2026/09/05 02:59:45.746, NVIDIA GeForce RTX 3090, P2, 270.00 W, 228.17 W, 73, 6006 MiB, 24576 MiB, 45 %
2026/09/05 02:59:55.747, NVIDIA GeForce RTX 3090, P2, 270.00 W, 224.48 W, 72, 6006 MiB, 24576 MiB, 48 %
2026/09/05 03:00:05.748, NVIDIA GeForce RTX 3090, P2, 270.00 W, 222.88 W, 74, 6006 MiB, 24576 MiB, 46 %
2026/09/05 03:00:15.750, NVIDIA GeForce RTX 3090, P2, 270.00 W, 211.49 W, 72, 6006 MiB, 24576 MiB, 1 %
2026/09/05 03:00:25.751, NVIDIA GeForce RTX 3090, P2, 270.00 W, 223.57 W, 74, 6006 MiB, 24576 MiB, 45 %
2026/09/05 03:00:35.752, NVIDIA GeForce RTX 3090, P2, 270.00 W, 234.31 W, 73, 6006 MiB, 24576 MiB, 18 %
2026/09/05 03:00:45.753, NVIDIA GeForce RTX 3090, P2, 270.00 W, 222.66 W, 73, 6006 MiB, 24576 MiB, 27 %
2026/09/05 03:00:55.755, NVIDIA GeForce RTX 3090, P2, 270.00 W, 217.93 W, 71, 6006 MiB, 24576 MiB, 14 %
2026/09/05 03:01:05.756, NVIDIA GeForce RTX 3090, P2, 270.00 W, 229.68 W, 73, 6006 MiB, 24576 MiB, 48 %
2026/09/05 03:01:15.757, NVIDIA GeForce RTX 3090, P2, 270.00 W, 200.74 W, 71, 6006 MiB, 24576 MiB, 30 %
2026/09/05 03:01:25.758, NVIDIA GeForce RTX 3090, P2, 270.00 W, 186.26 W, 69, 6006 MiB, 24576 MiB, 32 %
2026/09/05 03:01:35.760, NVIDIA GeForce RTX 3090, P2, 270.00 W, 178.49 W, 69, 6006 MiB, 24576 MiB, 21 %
2026/09/05 03:01:45.761, NVIDIA GeForce RTX 3090, P2, 270.00 W, 175.55 W, 68, 6006 MiB, 24576 MiB, 25 %
2026/09/05 03:01:55.762, NVIDIA GeForce RTX 3090, P2, 270.00 W, 173.42 W, 68, 6006 MiB, 24576 MiB, 25 %
2026/09/05 03:02:05.763, NVIDIA GeForce RTX 3090, P2, 270.00 W, 166.15 W, 68, 1768 MiB, 24576 MiB, 32 %
2026/09/05 03:02:15.765, NVIDIA GeForce RTX 3090, P2, 270.00 W, 179.79 W, 69, 2020 MiB, 24576 MiB, 29 %
2026/09/05 03:02:25.766, NVIDIA GeForce RTX 3090, P2, 270.00 W, 171.03 W, 68, 2020 MiB, 24576 MiB, 3 %
2026/09/05 03:02:35.767, NVIDIA GeForce RTX 3090, P2, 270.00 W, 173.39 W, 68, 2020 MiB, 24576 MiB, 11 %
2026/09/05 03:02:45.769, NVIDIA GeForce RTX 3090, P2, 270.00 W, 219.94 W, 71, 4872 MiB, 24576 MiB, 40 %
2026/09/05 03:02:55.770, NVIDIA GeForce RTX 3090, P2, 270.00 W, 231.68 W, 73, 5374 MiB, 24576 MiB, 49 %
2026/09/05 03:03:05.771, NVIDIA GeForce RTX 3090, P2, 270.00 W, 228.17 W, 72, 5374 MiB, 24576 MiB, 50 %
2026/09/05 03:03:15.772, NVIDIA GeForce RTX 3090, P2, 270.00 W, 224.76 W, 74, 5374 MiB, 24576 MiB, 0 %
2026/09/05 03:03:25.774, NVIDIA GeForce RTX 3090, P2, 270.00 W, 211.79 W, 72, 5374 MiB, 24576 MiB, 19 %
2026/09/05 03:03:35.775, NVIDIA GeForce RTX 3090, P2, 270.00 W, 222.97 W, 71, 5374 MiB, 24576 MiB, 0 %
2026/09/05 03:03:45.777, NVIDIA GeForce RTX 3090, P2, 270.00 W, 224.47 W, 72, 5374 MiB, 24576 MiB, 49 %
2026/09/05 03:03:55.778, NVIDIA GeForce RTX 3090, P2, 270.00 W, 230.20 W, 73, 5374 MiB, 24576 MiB, 47 %
2026/09/05 03:04:05.779, NVIDIA GeForce RTX 3090, P2, 270.00 W, 220.03 W, 73, 5374 MiB, 24576 MiB, 20 %
2026/09/05 03:04:15.780, NVIDIA GeForce RTX 3090, P2, 270.00 W, 212.07 W, 72, 5374 MiB, 24576 MiB, 30 %
2026/09/05 03:04:25.782, NVIDIA GeForce RTX 3090, P2, 270.00 W, 209.21 W, 72, 5374 MiB, 24576 MiB, 16 %
2026/09/05 03:04:35.784, NVIDIA GeForce RTX 3090, P2, 270.00 W, 225.03 W, 72, 5374 MiB, 24576 MiB, 18 %
2026/09/05 03:04:45.785, NVIDIA GeForce RTX 3090, P2, 270.00 W, 235.33 W, 73, 5374 MiB, 24576 MiB, 34 %
2026/09/05 03:04:55.787, NVIDIA GeForce RTX 3090, P2, 270.00 W, 215.93 W, 71, 5374 MiB, 24576 MiB, 43 %
2026/09/05 03:05:05.788, NVIDIA GeForce RTX 3090, P2, 270.00 W, 206.37 W, 72, 5374 MiB, 24576 MiB, 5 %
2026/09/05 03:05:15.789, NVIDIA GeForce RTX 3090, P2, 270.00 W, 223.88 W, 72, 5374 MiB, 24576 MiB, 7 %
2026/09/05 03:05:25.791, NVIDIA GeForce RTX 3090, P2, 270.00 W, 227.20 W, 73, 5374 MiB, 24576 MiB, 45 %
2026/09/05 03:05:35.792, NVIDIA GeForce RTX 3090, P2, 270.00 W, 233.23 W, 73, 5374 MiB, 24576 MiB, 44 %
2026/09/05 03:05:45.794, NVIDIA GeForce RTX 3090, P2, 270.00 W, 226.50 W, 74, 5374 MiB, 24576 MiB, 0 %
2026/09/05 03:05:55.795, NVIDIA GeForce RTX 3090, P2, 270.00 W, 216.84 W, 71, 5374 MiB, 24576 MiB, 24 %
2026/09/05 03:06:05.797, NVIDIA GeForce RTX 3090, P2, 270.00 W, 217.65 W, 74, 5374 MiB, 24576 MiB, 23 %
2026/09/05 03:06:15.798, NVIDIA GeForce RTX 3090, P2, 270.00 W, 217.76 W, 71, 5374 MiB, 24576 MiB, 50 %
2026/09/05 03:06:25.799, NVIDIA GeForce RTX 3090, P2, 270.00 W, 232.54 W, 72, 5374 MiB, 24576 MiB, 8 %
2026/09/05 03:06:35.801, NVIDIA GeForce RTX 3090, P2, 270.00 W, 221.83 W, 72, 5374 MiB, 24576 MiB, 34 %
2026/09/05 03:06:45.802, NVIDIA GeForce RTX 3090, P2, 270.00 W, 226.85 W, 74, 5374 MiB, 24576 MiB, 49 %
2026/09/05 03:06:55.804, NVIDIA GeForce RTX 3090, P2, 270.00 W, 221.34 W, 72, 5374 MiB, 24576 MiB, 9 %
2026/09/05 03:07:05.805, NVIDIA GeForce RTX 3090, P2, 270.00 W, 236.64 W, 72, 5374 MiB, 24576 MiB, 30 %
2026/09/05 03:07:15.806, NVIDIA GeForce RTX 3090, P2, 270.00 W, 217.90 W, 73, 5374 MiB, 24576 MiB, 36 %
2026/09/05 03:07:25.807, NVIDIA GeForce RTX 3090, P2, 270.00 W, 217.57 W, 74, 5374 MiB, 24576 MiB, 45 %
2026/09/05 03:07:35.808, NVIDIA GeForce RTX 3090, P2, 270.00 W, 208.74 W, 71, 5374 MiB, 24576 MiB, 49 %
2026/09/05 03:07:45.810, NVIDIA GeForce RTX 3090, P2, 270.00 W, 223.55 W, 72, 5374 MiB, 24576 MiB, 7 %
2026/09/05 03:07:55.811, NVIDIA GeForce RTX 3090, P2, 270.00 W, 221.25 W, 71, 5374 MiB, 24576 MiB, 7 %
2026/09/05 03:08:05.813, NVIDIA GeForce RTX 3090, P2, 270.00 W, 233.84 W, 72, 5374 MiB, 24576 MiB, 8 %
2026/09/05 03:08:15.814, NVIDIA GeForce RTX 3090, P2, 270.00 W, 219.92 W, 73, 5374 MiB, 24576 MiB, 21 %
2026/09/05 03:08:25.815, NVIDIA GeForce RTX 3090, P2, 270.00 W, 218.84 W, 73, 5374 MiB, 24576 MiB, 27 %
2026/09/05 03:08:35.817, NVIDIA GeForce RTX 3090, P2, 270.00 W, 227.07 W, 72, 5374 MiB, 24576 MiB, 40 %
2026/09/05 03:08:45.818, NVIDIA GeForce RTX 3090, P2, 270.00 W, 228.10 W, 71, 5374 MiB, 24576 MiB, 48 %
2026/09/05 03:08:55.819, NVIDIA GeForce RTX 3090, P2, 270.00 W, 222.45 W, 73, 5374 MiB, 24576 MiB, 36 %
2026/09/05 03:09:05.821, NVIDIA GeForce RTX 3090, P2, 270.00 W, 226.93 W, 74, 5374 MiB, 24576 MiB, 0 %
2026/09/05 03:09:15.822, NVIDIA GeForce RTX 3090, P2, 270.00 W, 208.19 W, 71, 5374 MiB, 24576 MiB, 0 %
2026/09/05 03:09:25.824, NVIDIA GeForce RTX 3090, P2, 270.00 W, 228.23 W, 73, 5374 MiB, 24576 MiB, 47 %
2026/09/05 03:09:35.825, NVIDIA GeForce RTX 3090, P2, 270.00 W, 224.89 W, 72, 5374 MiB, 24576 MiB, 47 %
2026/09/05 03:09:45.827, NVIDIA GeForce RTX 3090, P2, 270.00 W, 218.84 W, 74, 5374 MiB, 24576 MiB, 0 %
2026/09/05 03:09:55.829, NVIDIA GeForce RTX 3090, P2, 270.00 W, 207.84 W, 71, 5374 MiB, 24576 MiB, 3 %
2026/09/05 03:10:05.831, NVIDIA GeForce RTX 3090, P2, 270.00 W, 220.81 W, 73, 5374 MiB, 24576 MiB, 17 %
2026/09/05 03:10:15.832, NVIDIA GeForce RTX 3090, P2, 270.00 W, 230.90 W, 72, 5374 MiB, 24576 MiB, 48 %
2026/09/05 03:10:25.834, NVIDIA GeForce RTX 3090, P2, 270.00 W, 231.02 W, 73, 5374 MiB, 24576 MiB, 48 %
2026/09/05 03:10:35.835, NVIDIA GeForce RTX 3090, P2, 270.00 W, 225.45 W, 73, 5374 MiB, 24576 MiB, 38 %
2026/09/05 03:10:45.836, NVIDIA GeForce RTX 3090, P2, 270.00 W, 222.14 W, 73, 5374 MiB, 24576 MiB, 48 %
2026/09/05 03:10:55.838, NVIDIA GeForce RTX 3090, P2, 270.00 W, 206.33 W, 71, 5374 MiB, 24576 MiB, 35 %
2026/09/05 03:11:05.839, NVIDIA GeForce RTX 3090, P2, 270.00 W, 223.76 W, 72, 5374 MiB, 24576 MiB, 31 %
2026/09/05 03:11:15.840, NVIDIA GeForce RTX 3090, P2, 270.00 W, 232.64 W, 73, 5374 MiB, 24576 MiB, 49 %
2026/09/05 03:11:25.842, NVIDIA GeForce RTX 3090, P2, 270.00 W, 230.06 W, 72, 5374 MiB, 24576 MiB, 31 %
2026/09/05 03:11:35.843, NVIDIA GeForce RTX 3090, P2, 270.00 W, 219.39 W, 73, 5374 MiB, 24576 MiB, 30 %
2026/09/05 03:11:45.845, NVIDIA GeForce RTX 3090, P2, 270.00 W, 226.54 W, 73, 5374 MiB, 24576 MiB, 40 %
2026/09/05 03:11:55.846, NVIDIA GeForce RTX 3090, P2, 270.00 W, 222.42 W, 72, 5374 MiB, 24576 MiB, 4 %
2026/09/05 03:12:05.847, NVIDIA GeForce RTX 3090, P2, 270.00 W, 228.01 W, 73, 5374 MiB, 24576 MiB, 42 %
2026/09/05 03:12:15.849, NVIDIA GeForce RTX 3090, P2, 270.00 W, 228.75 W, 73, 5374 MiB, 24576 MiB, 47 %
2026/09/05 03:12:25.850, NVIDIA GeForce RTX 3090, P2, 270.00 W, 223.32 W, 74, 5374 MiB, 24576 MiB, 0 %
2026/09/05 03:12:35.851, NVIDIA GeForce RTX 3090, P2, 270.00 W, 211.79 W, 71, 5374 MiB, 24576 MiB, 48 %
2026/09/05 03:12:45.853, NVIDIA GeForce RTX 3090, P2, 270.00 W, 233.46 W, 73, 5374 MiB, 24576 MiB, 5 %
2026/09/05 03:12:55.854, NVIDIA GeForce RTX 3090, P2, 270.00 W, 226.90 W, 72, 5374 MiB, 24576 MiB, 22 %
2026/09/05 03:13:05.856, NVIDIA GeForce RTX 3090, P2, 270.00 W, 224.58 W, 73, 5374 MiB, 24576 MiB, 0 %
2026/09/05 03:13:15.857, NVIDIA GeForce RTX 3090, P2, 270.00 W, 223.27 W, 73, 5374 MiB, 24576 MiB, 0 %
2026/09/05 03:13:25.859, NVIDIA GeForce RTX 3090, P2, 270.00 W, 214.12 W, 71, 5374 MiB, 24576 MiB, 47 %
2026/09/05 03:13:35.860, NVIDIA GeForce RTX 3090, P2, 270.00 W, 224.86 W, 73, 5374 MiB, 24576 MiB, 5 %
2026/09/05 03:13:45.862, NVIDIA GeForce RTX 3090, P2, 270.00 W, 228.05 W, 72, 5374 MiB, 24576 MiB, 45 %
2026/09/05 03:13:55.863, NVIDIA GeForce RTX 3090, P2, 270.00 W, 232.92 W, 73, 5374 MiB, 24576 MiB, 46 %
2026/09/05 03:14:05.864, NVIDIA GeForce RTX 3090, P2, 270.00 W, 220.50 W, 73, 5374 MiB, 24576 MiB, 19 %
2026/09/05 03:14:15.866, NVIDIA GeForce RTX 3090, P2, 270.00 W, 225.84 W, 74, 5374 MiB, 24576 MiB, 0 %
2026/09/05 03:14:25.867, NVIDIA GeForce RTX 3090, P2, 270.00 W, 219.15 W, 73, 5374 MiB, 24576 MiB, 34 %
2026/09/05 03:14:35.869, NVIDIA GeForce RTX 3090, P2, 270.00 W, 215.94 W, 71, 5374 MiB, 24576 MiB, 0 %
2026/09/05 03:14:45.870, NVIDIA GeForce RTX 3090, P2, 270.00 W, 218.94 W, 72, 5374 MiB, 24576 MiB, 26 %
2026/09/05 03:14:55.872, NVIDIA GeForce RTX 3090, P2, 270.00 W, 220.71 W, 73, 5374 MiB, 24576 MiB, 51 %
2026/09/05 03:15:05.873, NVIDIA GeForce RTX 3090, P2, 270.00 W, 230.24 W, 72, 5374 MiB, 24576 MiB, 37 %
2026/09/05 03:15:15.875, NVIDIA GeForce RTX 3090, P2, 270.00 W, 223.06 W, 73, 5374 MiB, 24576 MiB, 30 %
2026/09/05 03:15:25.876, NVIDIA GeForce RTX 3090, P2, 270.00 W, 219.90 W, 73, 5374 MiB, 24576 MiB, 0 %
2026/09/05 03:15:35.878, NVIDIA GeForce RTX 3090, P2, 270.00 W, 221.02 W, 72, 5374 MiB, 24576 MiB, 41 %
2026/09/05 03:15:45.879, NVIDIA GeForce RTX 3090, P2, 270.00 W, 224.15 W, 73, 5374 MiB, 24576 MiB, 30 %
2026/09/05 03:15:55.881, NVIDIA GeForce RTX 3090, P2, 270.00 W, 232.97 W, 72, 5374 MiB, 24576 MiB, 40 %
2026/09/05 03:16:05.882, NVIDIA GeForce RTX 3090, P2, 270.00 W, 219.46 W, 73, 5374 MiB, 24576 MiB, 9 %
2026/09/05 03:16:15.883, NVIDIA GeForce RTX 3090, P2, 270.00 W, 223.80 W, 73, 5374 MiB, 24576 MiB, 3 %
2026/09/05 03:16:25.884, NVIDIA GeForce RTX 3090, P2, 270.00 W, 220.56 W, 72, 5374 MiB, 24576 MiB, 6 %
2026/09/05 03:16:35.886, NVIDIA GeForce RTX 3090, P2, 270.00 W, 225.68 W, 73, 5374 MiB, 24576 MiB, 48 %
2026/09/05 03:16:45.887, NVIDIA GeForce RTX 3090, P2, 270.00 W, 236.44 W, 73, 5374 MiB, 24576 MiB, 36 %
2026/09/05 03:16:55.889, NVIDIA GeForce RTX 3090, P2, 270.00 W, 222.10 W, 74, 5374 MiB, 24576 MiB, 47 %
2026/09/05 03:17:05.890, NVIDIA GeForce RTX 3090, P2, 270.00 W, 218.71 W, 74, 5374 MiB, 24576 MiB, 0 %
2026/09/05 03:17:15.892, NVIDIA GeForce RTX 3090, P2, 270.00 W, 222.52 W, 72, 5374 MiB, 24576 MiB, 45 %
2026/09/05 03:17:25.893, NVIDIA GeForce RTX 3090, P2, 270.00 W, 228.55 W, 73, 5374 MiB, 24576 MiB, 49 %
2026/09/05 03:17:35.894, NVIDIA GeForce RTX 3090, P2, 270.00 W, 233.04 W, 73, 5374 MiB, 24576 MiB, 17 %
2026/09/05 03:17:45.896, NVIDIA GeForce RTX 3090, P2, 270.00 W, 222.62 W, 74, 5374 MiB, 24576 MiB, 48 %
2026/09/05 03:17:55.897, NVIDIA GeForce RTX 3090, P2, 270.00 W, 217.61 W, 74, 5374 MiB, 24576 MiB, 0 %
2026/09/05 03:18:05.898, NVIDIA GeForce RTX 3090, P2, 270.00 W, 217.57 W, 72, 5374 MiB, 24576 MiB, 0 %
2026/09/05 03:18:15.899, NVIDIA GeForce RTX 3090, P2, 270.00 W, 230.16 W, 73, 5374 MiB, 24576 MiB, 31 %
2026/09/05 03:18:25.901, NVIDIA GeForce RTX 3090, P2, 270.00 W, 222.37 W, 73, 5374 MiB, 24576 MiB, 49 %
2026/09/05 03:18:35.902, NVIDIA GeForce RTX 3090, P2, 270.00 W, 221.67 W, 74, 5374 MiB, 24576 MiB, 47 %
2026/09/05 03:18:45.904, NVIDIA GeForce RTX 3090, P2, 270.00 W, 209.16 W, 71, 5374 MiB, 24576 MiB, 0 %
2026/09/05 03:18:55.905, NVIDIA GeForce RTX 3090, P2, 270.00 W, 221.06 W, 73, 5374 MiB, 24576 MiB, 48 %
2026/09/05 03:19:05.907, NVIDIA GeForce RTX 3090, P2, 270.00 W, 228.68 W, 72, 5374 MiB, 24576 MiB, 48 %
2026/09/05 03:19:15.908, NVIDIA GeForce RTX 3090, P2, 270.00 W, 236.11 W, 73, 5374 MiB, 24576 MiB, 36 %
2026/09/05 03:19:25.910, NVIDIA GeForce RTX 3090, P2, 270.00 W, 219.72 W, 74, 5374 MiB, 24576 MiB, 25 %
2026/09/05 03:19:35.911, NVIDIA GeForce RTX 3090, P2, 270.00 W, 216.57 W, 72, 5374 MiB, 24576 MiB, 33 %
2026/09/05 03:19:45.913, NVIDIA GeForce RTX 3090, P2, 270.00 W, 211.97 W, 71, 5374 MiB, 24576 MiB, 49 %
2026/09/05 03:19:55.914, NVIDIA GeForce RTX 3090, P2, 270.00 W, 219.09 W, 74, 5374 MiB, 24576 MiB, 9 %
2026/09/05 03:20:05.916, NVIDIA GeForce RTX 3090, P2, 270.00 W, 235.68 W, 73, 5374 MiB, 24576 MiB, 8 %
2026/09/05 03:20:15.917, NVIDIA GeForce RTX 3090, P2, 270.00 W, 224.25 W, 74, 5374 MiB, 24576 MiB, 36 %
2026/09/05 03:20:25.918, NVIDIA GeForce RTX 3090, P2, 270.00 W, 225.10 W, 75, 5374 MiB, 24576 MiB, 0 %
2026/09/05 03:20:35.919, NVIDIA GeForce RTX 3090, P2, 270.00 W, 223.27 W, 72, 5374 MiB, 24576 MiB, 40 %
2026/09/05 03:20:45.920, NVIDIA GeForce RTX 3090, P2, 270.00 W, 224.00 W, 72, 5374 MiB, 24576 MiB, 43 %
2026/09/05 03:20:55.922, NVIDIA GeForce RTX 3090, P2, 270.00 W, 231.74 W, 72, 5374 MiB, 24576 MiB, 12 %
2026/09/05 03:21:05.923, NVIDIA GeForce RTX 3090, P2, 270.00 W, 226.90 W, 73, 5374 MiB, 24576 MiB, 48 %
2026/09/05 03:21:15.924, NVIDIA GeForce RTX 3090, P2, 270.00 W, 204.48 W, 72, 5374 MiB, 24576 MiB, 26 %
2026/09/05 03:21:25.926, NVIDIA GeForce RTX 3090, P2, 270.00 W, 213.81 W, 73, 5374 MiB, 24576 MiB, 6 %
2026/09/05 03:21:35.927, NVIDIA GeForce RTX 3090, P2, 270.00 W, 207.03 W, 71, 5374 MiB, 24576 MiB, 50 %
2026/09/05 03:21:45.928, NVIDIA GeForce RTX 3090, P2, 270.00 W, 221.38 W, 74, 5374 MiB, 24576 MiB, 48 %
2026/09/05 03:21:55.929, NVIDIA GeForce RTX 3090, P2, 270.00 W, 223.99 W, 73, 5374 MiB, 24576 MiB, 37 %
2026/09/05 03:22:05.931, NVIDIA GeForce RTX 3090, P2, 270.00 W, 229.73 W, 73, 5374 MiB, 24576 MiB, 50 %
2026/09/05 03:22:15.932, NVIDIA GeForce RTX 3090, P2, 270.00 W, 225.21 W, 74, 5374 MiB, 24576 MiB, 0 %
2026/09/05 03:22:25.933, NVIDIA GeForce RTX 3090, P2, 270.00 W, 211.57 W, 72, 5374 MiB, 24576 MiB, 41 %
2026/09/05 03:22:35.934, NVIDIA GeForce RTX 3090, P2, 270.00 W, 221.85 W, 72, 5374 MiB, 24576 MiB, 31 %
2026/09/05 03:22:45.936, NVIDIA GeForce RTX 3090, P2, 270.00 W, 234.79 W, 73, 5374 MiB, 24576 MiB, 47 %
2026/09/05 03:22:55.937, NVIDIA GeForce RTX 3090, P2, 270.00 W, 227.37 W, 74, 5374 MiB, 24576 MiB, 46 %
2026/09/05 03:23:05.938, NVIDIA GeForce RTX 3090, P2, 270.00 W, 224.85 W, 74, 5374 MiB, 24576 MiB, 48 %
2026/09/05 03:23:15.939, NVIDIA GeForce RTX 3090, P2, 270.00 W, 204.88 W, 71, 5374 MiB, 24576 MiB, 4 %
2026/09/05 03:23:25.941, NVIDIA GeForce RTX 3090, P2, 270.00 W, 226.14 W, 72, 5374 MiB, 24576 MiB, 28 %
2026/09/05 03:23:35.942, NVIDIA GeForce RTX 3090, P2, 270.00 W, 236.30 W, 73, 5374 MiB, 24576 MiB, 10 %
2026/09/05 03:23:45.944, NVIDIA GeForce RTX 3090, P2, 270.00 W, 224.29 W, 74, 5374 MiB, 24576 MiB, 48 %
2026/09/05 03:23:55.945, NVIDIA GeForce RTX 3090, P2, 270.00 W, 221.19 W, 74, 5374 MiB, 24576 MiB, 17 %
2026/09/05 03:24:05.946, NVIDIA GeForce RTX 3090, P2, 270.00 W, 217.69 W, 72, 5374 MiB, 24576 MiB, 6 %
2026/09/05 03:24:15.948, NVIDIA GeForce RTX 3090, P2, 270.00 W, 207.20 W, 71, 5374 MiB, 24576 MiB, 49 %
2026/09/05 03:24:25.949, NVIDIA GeForce RTX 3090, P2, 270.00 W, 223.64 W, 73, 5374 MiB, 24576 MiB, 49 %
2026/09/05 03:24:35.951, NVIDIA GeForce RTX 3090, P2, 270.00 W, 232.60 W, 72, 5374 MiB, 24576 MiB, 18 %
2026/09/05 03:24:45.952, NVIDIA GeForce RTX 3090, P2, 270.00 W, 230.88 W, 73, 5374 MiB, 24576 MiB, 47 %
2026/09/05 03:24:55.953, NVIDIA GeForce RTX 3090, P2, 270.00 W, 220.28 W, 74, 5374 MiB, 24576 MiB, 0 %
2026/09/05 03:25:05.954, NVIDIA GeForce RTX 3090, P2, 270.00 W, 211.16 W, 71, 5374 MiB, 24576 MiB, 0 %
2026/09/05 03:25:15.956, NVIDIA GeForce RTX 3090, P2, 270.00 W, 222.45 W, 72, 5374 MiB, 24576 MiB, 5 %
2026/09/05 03:25:25.957, NVIDIA GeForce RTX 3090, P2, 270.00 W, 221.68 W, 73, 5374 MiB, 24576 MiB, 48 %
2026/09/05 03:25:35.958, NVIDIA GeForce RTX 3090, P2, 270.00 W, 229.10 W, 73, 5374 MiB, 24576 MiB, 47 %
2026/09/05 03:25:45.960, NVIDIA GeForce RTX 3090, P2, 270.00 W, 217.06 W, 73, 5374 MiB, 24576 MiB, 6 %
2026/09/05 03:25:55.961, NVIDIA GeForce RTX 3090, P2, 270.00 W, 218.21 W, 71, 5374 MiB, 24576 MiB, 47 %
2026/09/05 03:26:05.962, NVIDIA GeForce RTX 3090, P2, 270.00 W, 234.69 W, 73, 5374 MiB, 24576 MiB, 48 %
2026/09/05 03:26:15.963, NVIDIA GeForce RTX 3090, P2, 270.00 W, 234.57 W, 72, 5374 MiB, 24576 MiB, 42 %
2026/09/05 03:26:25.965, NVIDIA GeForce RTX 3090, P2, 270.00 W, 224.29 W, 72, 5374 MiB, 24576 MiB, 47 %
2026/09/05 03:26:35.966, NVIDIA GeForce RTX 3090, P2, 270.00 W, 223.73 W, 73, 5374 MiB, 24576 MiB, 0 %
2026/09/05 03:26:45.967, NVIDIA GeForce RTX 3090, P2, 270.00 W, 212.60 W, 72, 5374 MiB, 24576 MiB, 18 %
2026/09/05 03:26:55.968, NVIDIA GeForce RTX 3090, P2, 270.00 W, 221.81 W, 71, 5374 MiB, 24576 MiB, 0 %
2026/09/05 03:27:05.970, NVIDIA GeForce RTX 3090, P2, 270.00 W, 226.86 W, 73, 5374 MiB, 24576 MiB, 48 %
2026/09/05 03:27:15.971, NVIDIA GeForce RTX 3090, P2, 270.00 W, 234.73 W, 73, 5374 MiB, 24576 MiB, 38 %
2026/09/05 03:27:25.972, NVIDIA GeForce RTX 3090, P2, 270.00 W, 220.03 W, 73, 5374 MiB, 24576 MiB, 21 %
2026/09/05 03:27:35.974, NVIDIA GeForce RTX 3090, P2, 270.00 W, 218.96 W, 74, 5374 MiB, 24576 MiB, 47 %
2026/09/05 03:27:45.975, NVIDIA GeForce RTX 3090, P2, 270.00 W, 216.32 W, 71, 5374 MiB, 24576 MiB, 0 %
2026/09/05 03:27:55.977, NVIDIA GeForce RTX 3090, P2, 270.00 W, 227.84 W, 73, 5374 MiB, 24576 MiB, 48 %
2026/09/05 03:28:05.978, NVIDIA GeForce RTX 3090, P2, 270.00 W, 223.39 W, 72, 5374 MiB, 24576 MiB, 50 %
2026/09/05 03:28:15.979, NVIDIA GeForce RTX 3090, P2, 270.00 W, 219.45 W, 72, 5374 MiB, 24576 MiB, 34 %
2026/09/05 03:28:25.980, NVIDIA GeForce RTX 3090, P2, 270.00 W, 227.49 W, 74, 5374 MiB, 24576 MiB, 0 %
2026/09/05 03:28:35.982, NVIDIA GeForce RTX 3090, P2, 270.00 W, 211.48 W, 71, 5374 MiB, 24576 MiB, 7 %
2026/09/05 03:28:45.983, NVIDIA GeForce RTX 3090, P2, 270.00 W, 225.62 W, 73, 5374 MiB, 24576 MiB, 49 %
2026/09/05 03:28:55.984, NVIDIA GeForce RTX 3090, P2, 270.00 W, 231.44 W, 73, 5374 MiB, 24576 MiB, 8 %
2026/09/05 03:29:05.985, NVIDIA GeForce RTX 3090, P2, 270.00 W, 205.43 W, 73, 5374 MiB, 24576 MiB, 45 %
2026/09/05 03:29:15.987, NVIDIA GeForce RTX 3090, P2, 270.00 W, 216.73 W, 73, 5374 MiB, 24576 MiB, 0 %
2026/09/05 03:29:25.988, NVIDIA GeForce RTX 3090, P2, 270.00 W, 225.05 W, 72, 5374 MiB, 24576 MiB, 5 %
2026/09/05 03:29:35.989, NVIDIA GeForce RTX 3090, P2, 270.00 W, 229.35 W, 73, 5374 MiB, 24576 MiB, 41 %
2026/09/05 03:29:45.990, NVIDIA GeForce RTX 3090, P2, 270.00 W, 231.40 W, 72, 5374 MiB, 24576 MiB, 41 %
2026/09/05 03:29:55.992, NVIDIA GeForce RTX 3090, P2, 270.00 W, 226.07 W, 73, 5374 MiB, 24576 MiB, 47 %
2026/09/05 03:30:05.993, NVIDIA GeForce RTX 3090, P2, 270.00 W, 222.21 W, 73, 5374 MiB, 24576 MiB, 20 %
2026/09/05 03:30:15.994, NVIDIA GeForce RTX 3090, P2, 270.00 W, 209.21 W, 72, 5374 MiB, 24576 MiB, 14 %
2026/09/05 03:30:25.996, NVIDIA GeForce RTX 3090, P2, 270.00 W, 215.28 W, 71, 5374 MiB, 24576 MiB, 47 %
2026/09/05 03:30:35.997, NVIDIA GeForce RTX 3090, P2, 270.00 W, 227.15 W, 73, 5374 MiB, 24576 MiB, 27 %
2026/09/05 03:30:45.998, NVIDIA GeForce RTX 3090, P2, 270.00 W, 225.56 W, 74, 5374 MiB, 24576 MiB, 41 %
2026/09/05 03:30:55.999, NVIDIA GeForce RTX 3090, P2, 270.00 W, 222.09 W, 73, 5374 MiB, 24576 MiB, 26 %
2026/09/05 03:31:06.001, NVIDIA GeForce RTX 3090, P2, 270.00 W, 209.04 W, 72, 5374 MiB, 24576 MiB, 39 %
2026/09/05 03:31:16.002, NVIDIA GeForce RTX 3090, P2, 270.00 W, 224.56 W, 72, 5374 MiB, 24576 MiB, 22 %
2026/09/05 03:31:26.003, NVIDIA GeForce RTX 3090, P2, 270.00 W, 225.98 W, 73, 5374 MiB, 24576 MiB, 48 %
2026/09/05 03:31:36.004, NVIDIA GeForce RTX 3090, P2, 270.00 W, 231.60 W, 74, 5374 MiB, 24576 MiB, 48 %
2026/09/05 03:31:46.005, NVIDIA GeForce RTX 3090, P2, 270.00 W, 222.26 W, 74, 5374 MiB, 24576 MiB, 48 %
2026/09/05 03:31:56.007, NVIDIA GeForce RTX 3090, P2, 270.00 W, 219.08 W, 74, 5374 MiB, 24576 MiB, 48 %
2026/09/05 03:32:06.008, NVIDIA GeForce RTX 3090, P2, 270.00 W, 216.89 W, 71, 5374 MiB, 24576 MiB, 37 %
2026/09/05 03:32:16.009, NVIDIA GeForce RTX 3090, P2, 270.00 W, 217.06 W, 73, 5374 MiB, 24576 MiB, 50 %
2026/09/05 03:32:26.010, NVIDIA GeForce RTX 3090, P2, 270.00 W, 234.89 W, 72, 5374 MiB, 24576 MiB, 20 %
2026/09/05 03:32:36.012, NVIDIA GeForce RTX 3090, P2, 270.00 W, 234.67 W, 73, 5374 MiB, 24576 MiB, 47 %
2026/09/05 03:32:46.013, NVIDIA GeForce RTX 3090, P2, 270.00 W, 221.05 W, 74, 5374 MiB, 24576 MiB, 0 %
2026/09/05 03:32:56.014, NVIDIA GeForce RTX 3090, P2, 270.00 W, 217.82 W, 71, 5374 MiB, 24576 MiB, 21 %
2026/09/05 03:33:06.016, NVIDIA GeForce RTX 3090, P2, 270.00 W, 222.12 W, 73, 5374 MiB, 24576 MiB, 36 %
2026/09/05 03:33:16.017, NVIDIA GeForce RTX 3090, P2, 270.00 W, 232.31 W, 72, 5374 MiB, 24576 MiB, 37 %
2026/09/05 03:33:26.018, NVIDIA GeForce RTX 3090, P2, 270.00 W, 228.23 W, 74, 5374 MiB, 24576 MiB, 48 %
2026/09/05 03:33:36.019, NVIDIA GeForce RTX 3090, P2, 270.00 W, 221.57 W, 73, 5374 MiB, 24576 MiB, 28 %
2026/09/05 03:33:46.020, NVIDIA GeForce RTX 3090, P2, 270.00 W, 207.23 W, 71, 5374 MiB, 24576 MiB, 8 %
2026/09/05 03:33:56.022, NVIDIA GeForce RTX 3090, P2, 270.00 W, 219.20 W, 73, 5374 MiB, 24576 MiB, 5 %
2026/09/05 03:34:06.023, NVIDIA GeForce RTX 3090, P2, 270.00 W, 227.57 W, 71, 5374 MiB, 24576 MiB, 10 %
2026/09/05 03:34:16.024, NVIDIA GeForce RTX 3090, P2, 270.00 W, 216.91 W, 72, 5374 MiB, 24576 MiB, 35 %
2026/09/05 03:34:26.025, NVIDIA GeForce RTX 3090, P2, 270.00 W, 219.22 W, 73, 5374 MiB, 24576 MiB, 37 %
2026/09/05 03:34:36.026, NVIDIA GeForce RTX 3090, P2, 270.00 W, 219.67 W, 71, 5374 MiB, 24576 MiB, 0 %
2026/09/05 03:34:46.028, NVIDIA GeForce RTX 3090, P2, 270.00 W, 229.76 W, 73, 5374 MiB, 24576 MiB, 49 %
2026/09/05 03:34:56.029, NVIDIA GeForce RTX 3090, P2, 270.00 W, 227.96 W, 72, 5374 MiB, 24576 MiB, 16 %
2026/09/05 03:35:06.031, NVIDIA GeForce RTX 3090, P2, 270.00 W, 229.76 W, 73, 5374 MiB, 24576 MiB, 51 %
2026/09/05 03:35:16.032, NVIDIA GeForce RTX 3090, P2, 270.00 W, 221.86 W, 74, 5374 MiB, 24576 MiB, 47 %
2026/09/05 03:35:26.033, NVIDIA GeForce RTX 3090, P2, 270.00 W, 218.61 W, 72, 5374 MiB, 24576 MiB, 0 %
2026/09/05 03:35:36.035, NVIDIA GeForce RTX 3090, P2, 270.00 W, 220.89 W, 70, 5374 MiB, 24576 MiB, 0 %
2026/09/05 03:35:46.036, NVIDIA GeForce RTX 3090, P2, 270.00 W, 227.71 W, 72, 5374 MiB, 24576 MiB, 9 %
2026/09/05 03:35:56.037, NVIDIA GeForce RTX 3090, P2, 270.00 W, 235.71 W, 73, 5374 MiB, 24576 MiB, 47 %
2026/09/05 03:36:06.038, NVIDIA GeForce RTX 3090, P2, 270.00 W, 223.30 W, 73, 5374 MiB, 24576 MiB, 48 %
2026/09/05 03:36:16.040, NVIDIA GeForce RTX 3090, P2, 270.00 W, 215.35 W, 71, 5374 MiB, 24576 MiB, 0 %
2026/09/05 03:36:26.041, NVIDIA GeForce RTX 3090, P2, 270.00 W, 231.32 W, 72, 5374 MiB, 24576 MiB, 36 %
2026/09/05 03:36:36.042, NVIDIA GeForce RTX 3090, P2, 270.00 W, 220.43 W, 72, 5374 MiB, 24576 MiB, 40 %
2026/09/05 03:36:46.043, NVIDIA GeForce RTX 3090, P2, 270.00 W, 220.96 W, 74, 5374 MiB, 24576 MiB, 47 %
2026/09/05 03:36:56.045, NVIDIA GeForce RTX 3090, P2, 270.00 W, 217.78 W, 73, 5374 MiB, 24576 MiB, 42 %
2026/09/05 03:37:06.046, NVIDIA GeForce RTX 3090, P2, 270.00 W, 212.56 W, 71, 5374 MiB, 24576 MiB, 49 %
2026/09/05 03:37:16.047, NVIDIA GeForce RTX 3090, P2, 270.00 W, 225.78 W, 72, 5374 MiB, 24576 MiB, 11 %
2026/09/05 03:37:26.049, NVIDIA GeForce RTX 3090, P2, 270.00 W, 234.20 W, 72, 5374 MiB, 24576 MiB, 12 %
2026/09/05 03:37:36.050, NVIDIA GeForce RTX 3090, P2, 270.00 W, 230.15 W, 72, 5374 MiB, 24576 MiB, 32 %
2026/09/05 03:37:46.051, NVIDIA GeForce RTX 3090, P2, 270.00 W, 222.01 W, 74, 5374 MiB, 24576 MiB, 0 %
2026/09/05 03:37:56.052, NVIDIA GeForce RTX 3090, P2, 270.00 W, 216.76 W, 72, 5374 MiB, 24576 MiB, 48 %
2026/09/05 03:38:06.054, NVIDIA GeForce RTX 3090, P2, 270.00 W, 223.79 W, 73, 5374 MiB, 24576 MiB, 5 %
2026/09/05 03:38:16.055, NVIDIA GeForce RTX 3090, P2, 270.00 W, 224.60 W, 71, 5374 MiB, 24576 MiB, 38 %
2026/09/05 03:38:26.056, NVIDIA GeForce RTX 3090, P2, 270.00 W, 223.62 W, 73, 5374 MiB, 24576 MiB, 48 %
2026/09/05 03:38:36.057, NVIDIA GeForce RTX 3090, P2, 270.00 W, 221.95 W, 74, 5374 MiB, 24576 MiB, 0 %
2026/09/05 03:38:46.059, NVIDIA GeForce RTX 3090, P2, 270.00 W, 208.08 W, 71, 5374 MiB, 24576 MiB, 7 %
2026/09/05 03:38:56.060, NVIDIA GeForce RTX 3090, P2, 270.00 W, 226.47 W, 73, 5374 MiB, 24576 MiB, 48 %
2026/09/05 03:39:06.061, NVIDIA GeForce RTX 3090, P2, 270.00 W, 237.14 W, 72, 5374 MiB, 24576 MiB, 31 %
2026/09/05 03:39:16.063, NVIDIA GeForce RTX 3090, P2, 270.00 W, 222.15 W, 73, 5374 MiB, 24576 MiB, 31 %
2026/09/05 03:39:26.064, NVIDIA GeForce RTX 3090, P2, 270.00 W, 217.14 W, 73, 5374 MiB, 24576 MiB, 42 %
2026/09/05 03:39:36.066, NVIDIA GeForce RTX 3090, P2, 270.00 W, 219.18 W, 72, 5374 MiB, 24576 MiB, 6 %
2026/09/05 03:39:46.067, NVIDIA GeForce RTX 3090, P2, 270.00 W, 233.18 W, 72, 5374 MiB, 24576 MiB, 31 %
2026/09/05 03:39:56.068, NVIDIA GeForce RTX 3090, P2, 270.00 W, 219.75 W, 72, 5374 MiB, 24576 MiB, 49 %
2026/09/05 03:40:06.070, NVIDIA GeForce RTX 3090, P2, 270.00 W, 224.92 W, 73, 5374 MiB, 24576 MiB, 48 %
2026/09/05 03:40:16.071, NVIDIA GeForce RTX 3090, P2, 270.00 W, 221.72 W, 72, 5374 MiB, 24576 MiB, 9 %
2026/09/05 03:40:26.072, NVIDIA GeForce RTX 3090, P2, 270.00 W, 215.52 W, 71, 5374 MiB, 24576 MiB, 33 %
2026/09/05 03:40:36.074, NVIDIA GeForce RTX 3090, P2, 270.00 W, 229.81 W, 73, 5374 MiB, 24576 MiB, 48 %
2026/09/05 03:40:46.075, NVIDIA GeForce RTX 3090, P2, 270.00 W, 231.10 W, 72, 5374 MiB, 24576 MiB, 12 %
2026/09/05 03:40:56.077, NVIDIA GeForce RTX 3090, P2, 270.00 W, 229.82 W, 73, 5374 MiB, 24576 MiB, 49 %
2026/09/05 03:41:06.078, NVIDIA GeForce RTX 3090, P2, 270.00 W, 216.35 W, 74, 5374 MiB, 24576 MiB, 5 %
2026/09/05 03:41:16.079, NVIDIA GeForce RTX 3090, P2, 270.00 W, 224.46 W, 72, 5374 MiB, 24576 MiB, 11 %
2026/09/05 03:41:26.081, NVIDIA GeForce RTX 3090, P2, 270.00 W, 232.02 W, 72, 5374 MiB, 24576 MiB, 31 %
2026/09/05 03:41:36.082, NVIDIA GeForce RTX 3090, P2, 270.00 W, 227.11 W, 73, 5374 MiB, 24576 MiB, 47 %
2026/09/05 03:41:46.083, NVIDIA GeForce RTX 3090, P2, 270.00 W, 227.28 W, 74, 5374 MiB, 24576 MiB, 0 %
2026/09/05 03:41:56.085, NVIDIA GeForce RTX 3090, P2, 270.00 W, 218.52 W, 72, 5374 MiB, 24576 MiB, 48 %
2026/09/05 03:42:06.086, NVIDIA GeForce RTX 3090, P2, 270.00 W, 222.22 W, 72, 5374 MiB, 24576 MiB, 5 %
2026/09/05 03:42:16.087, NVIDIA GeForce RTX 3090, P2, 270.00 W, 229.96 W, 74, 5374 MiB, 24576 MiB, 49 %
2026/09/05 03:42:26.088, NVIDIA GeForce RTX 3090, P2, 270.00 W, 235.33 W, 74, 5374 MiB, 24576 MiB, 38 %
2026/09/05 03:42:36.090, NVIDIA GeForce RTX 3090, P2, 270.00 W, 218.96 W, 74, 5374 MiB, 24576 MiB, 3 %
2026/09/05 03:42:46.091, NVIDIA GeForce RTX 3090, P2, 270.00 W, 208.47 W, 71, 5374 MiB, 24576 MiB, 15 %
2026/09/05 03:42:56.092, NVIDIA GeForce RTX 3090, P2, 270.00 W, 211.81 W, 71, 5374 MiB, 24576 MiB, 0 %
2026/09/05 03:43:06.094, NVIDIA GeForce RTX 3090, P2, 270.00 W, 229.58 W, 73, 5374 MiB, 24576 MiB, 43 %
2026/09/05 03:43:16.095, NVIDIA GeForce RTX 3090, P2, 270.00 W, 232.50 W, 73, 5374 MiB, 24576 MiB, 50 %
2026/09/05 03:43:26.096, NVIDIA GeForce RTX 3090, P2, 270.00 W, 220.99 W, 74, 5374 MiB, 24576 MiB, 0 %
2026/09/05 03:43:36.097, NVIDIA GeForce RTX 3090, P2, 270.00 W, 219.75 W, 71, 5374 MiB, 24576 MiB, 48 %
2026/09/05 03:43:46.099, NVIDIA GeForce RTX 3090, P2, 270.00 W, 222.98 W, 73, 5374 MiB, 24576 MiB, 39 %
2026/09/05 03:43:56.100, NVIDIA GeForce RTX 3090, P2, 270.00 W, 230.81 W, 72, 5374 MiB, 24576 MiB, 24 %
2026/09/05 03:44:06.101, NVIDIA GeForce RTX 3090, P2, 270.00 W, 240.47 W, 73, 5374 MiB, 24576 MiB, 49 %
2026/09/05 03:44:16.102, NVIDIA GeForce RTX 3090, P2, 270.00 W, 228.94 W, 73, 5374 MiB, 24576 MiB, 49 %
2026/09/05 03:44:26.104, NVIDIA GeForce RTX 3090, P2, 270.00 W, 220.35 W, 74, 5374 MiB, 24576 MiB, 0 %
2026/09/05 03:44:36.105, NVIDIA GeForce RTX 3090, P2, 270.00 W, 214.73 W, 71, 5374 MiB, 24576 MiB, 44 %
2026/09/05 03:44:46.107, NVIDIA GeForce RTX 3090, P2, 270.00 W, 225.99 W, 73, 5374 MiB, 24576 MiB, 49 %
2026/09/05 03:44:56.108, NVIDIA GeForce RTX 3090, P2, 270.00 W, 233.33 W, 72, 5374 MiB, 24576 MiB, 5 %
2026/09/05 03:45:06.109, NVIDIA GeForce RTX 3090, P2, 270.00 W, 225.26 W, 73, 5374 MiB, 24576 MiB, 42 %
2026/09/05 03:45:16.110, NVIDIA GeForce RTX 3090, P2, 270.00 W, 219.04 W, 74, 5374 MiB, 24576 MiB, 41 %
2026/09/05 03:45:26.111, NVIDIA GeForce RTX 3090, P2, 270.00 W, 211.89 W, 71, 5374 MiB, 24576 MiB, 48 %
2026/09/05 03:45:36.113, NVIDIA GeForce RTX 3090, P2, 270.00 W, 219.27 W, 72, 5374 MiB, 24576 MiB, 34 %
2026/09/05 03:45:46.114, NVIDIA GeForce RTX 3090, P2, 270.00 W, 232.94 W, 73, 5374 MiB, 24576 MiB, 31 %
2026/09/05 03:45:56.115, NVIDIA GeForce RTX 3090, P2, 270.00 W, 218.71 W, 74, 5374 MiB, 24576 MiB, 0 %
2026/09/05 03:46:06.116, NVIDIA GeForce RTX 3090, P2, 270.00 W, 216.32 W, 70, 5374 MiB, 24576 MiB, 0 %
2026/09/05 03:46:16.118, NVIDIA GeForce RTX 3090, P2, 270.00 W, 223.26 W, 73, 5374 MiB, 24576 MiB, 41 %
2026/09/05 03:46:26.119, NVIDIA GeForce RTX 3090, P2, 270.00 W, 223.42 W, 72, 5374 MiB, 24576 MiB, 47 %
2026/09/05 03:46:36.121, NVIDIA GeForce RTX 3090, P2, 270.00 W, 220.73 W, 73, 5374 MiB, 24576 MiB, 19 %
2026/09/05 03:46:46.122, NVIDIA GeForce RTX 3090, P2, 270.00 W, 216.52 W, 72, 5374 MiB, 24576 MiB, 47 %
2026/09/05 03:46:56.123, NVIDIA GeForce RTX 3090, P2, 270.00 W, 225.48 W, 73, 5374 MiB, 24576 MiB, 3 %
2026/09/05 03:47:06.124, NVIDIA GeForce RTX 3090, P2, 270.00 W, 230.43 W, 73, 5374 MiB, 24576 MiB, 48 %
2026/09/05 03:47:16.125, NVIDIA GeForce RTX 3090, P2, 270.00 W, 221.49 W, 72, 5374 MiB, 24576 MiB, 43 %
2026/09/05 03:47:26.127, NVIDIA GeForce RTX 3090, P2, 270.00 W, 228.40 W, 73, 5374 MiB, 24576 MiB, 49 %
2026/09/05 03:47:36.128, NVIDIA GeForce RTX 3090, P2, 270.00 W, 223.81 W, 74, 5374 MiB, 24576 MiB, 51 %
2026/09/05 03:47:46.129, NVIDIA GeForce RTX 3090, P2, 270.00 W, 215.18 W, 72, 5374 MiB, 24576 MiB, 7 %
2026/09/05 03:47:56.130, NVIDIA GeForce RTX 3090, P2, 270.00 W, 213.72 W, 71, 5374 MiB, 24576 MiB, 49 %
2026/09/05 03:48:06.131, NVIDIA GeForce RTX 3090, P2, 270.00 W, 223.51 W, 73, 5374 MiB, 24576 MiB, 31 %
2026/09/05 03:48:16.133, NVIDIA GeForce RTX 3090, P2, 270.00 W, 232.50 W, 72, 5374 MiB, 24576 MiB, 31 %
2026/09/05 03:48:26.134, NVIDIA GeForce RTX 3090, P2, 270.00 W, 217.61 W, 73, 5374 MiB, 24576 MiB, 29 %
2026/09/05 03:48:36.135, NVIDIA GeForce RTX 3090, P2, 270.00 W, 219.62 W, 72, 5374 MiB, 24576 MiB, 9 %
2026/09/05 03:48:46.136, NVIDIA GeForce RTX 3090, P2, 270.00 W, 217.69 W, 73, 5374 MiB, 24576 MiB, 39 %
2026/09/05 03:48:56.138, NVIDIA GeForce RTX 3090, P2, 270.00 W, 216.73 W, 71, 5374 MiB, 24576 MiB, 0 %
2026/09/05 03:49:06.139, NVIDIA GeForce RTX 3090, P2, 270.00 W, 237.40 W, 74, 5374 MiB, 24576 MiB, 10 %
2026/09/05 03:49:16.140, NVIDIA GeForce RTX 3090, P2, 270.00 W, 234.51 W, 73, 5374 MiB, 24576 MiB, 35 %
2026/09/05 03:49:26.141, NVIDIA GeForce RTX 3090, P2, 270.00 W, 223.34 W, 73, 5374 MiB, 24576 MiB, 19 %
2026/09/05 03:49:36.142, NVIDIA GeForce RTX 3090, P2, 270.00 W, 209.60 W, 72, 5374 MiB, 24576 MiB, 30 %
2026/09/05 03:49:46.144, NVIDIA GeForce RTX 3090, P2, 270.00 W, 218.34 W, 72, 5374 MiB, 24576 MiB, 0 %
2026/09/05 03:49:56.145, NVIDIA GeForce RTX 3090, P2, 270.00 W, 222.50 W, 74, 5374 MiB, 24576 MiB, 47 %
2026/09/05 03:50:06.146, NVIDIA GeForce RTX 3090, P2, 270.00 W, 232.39 W, 72, 5374 MiB, 24576 MiB, 31 %
2026/09/05 03:50:16.147, NVIDIA GeForce RTX 3090, P2, 270.00 W, 225.59 W, 73, 5374 MiB, 24576 MiB, 50 %
2026/09/05 03:50:26.148, NVIDIA GeForce RTX 3090, P2, 270.00 W, 222.92 W, 73, 5374 MiB, 24576 MiB, 35 %
2026/09/05 03:50:36.150, NVIDIA GeForce RTX 3090, P2, 270.00 W, 224.88 W, 74, 5374 MiB, 24576 MiB, 37 %
2026/09/05 03:50:46.151, NVIDIA GeForce RTX 3090, P2, 270.00 W, 221.41 W, 72, 5374 MiB, 24576 MiB, 31 %
2026/09/05 03:50:56.152, NVIDIA GeForce RTX 3090, P2, 270.00 W, 225.71 W, 72, 5374 MiB, 24576 MiB, 9 %
2026/09/05 03:51:06.154, NVIDIA GeForce RTX 3090, P2, 270.00 W, 228.70 W, 74, 5374 MiB, 24576 MiB, 47 %
2026/09/05 03:51:16.155, NVIDIA GeForce RTX 3090, P2, 270.00 W, 223.53 W, 72, 5374 MiB, 24576 MiB, 45 %
2026/09/05 03:51:26.156, NVIDIA GeForce RTX 3090, P2, 270.00 W, 221.91 W, 74, 5374 MiB, 24576 MiB, 0 %
2026/09/05 03:51:36.158, NVIDIA GeForce RTX 3090, P2, 270.00 W, 215.31 W, 73, 5374 MiB, 24576 MiB, 3 %
2026/09/05 03:51:46.159, NVIDIA GeForce RTX 3090, P2, 270.00 W, 213.94 W, 72, 5374 MiB, 24576 MiB, 48 %
2026/09/05 03:51:56.160, NVIDIA GeForce RTX 3090, P2, 270.00 W, 228.57 W, 73, 5374 MiB, 24576 MiB, 15 %
2026/09/05 03:52:06.162, NVIDIA GeForce RTX 3090, P2, 270.00 W, 231.62 W, 73, 5374 MiB, 24576 MiB, 48 %
2026/09/05 03:52:16.163, NVIDIA GeForce RTX 3090, P2, 270.00 W, 218.78 W, 72, 5374 MiB, 24576 MiB, 46 %
2026/09/05 03:52:26.164, NVIDIA GeForce RTX 3090, P2, 270.00 W, 217.20 W, 71, 5374 MiB, 24576 MiB, 48 %
2026/09/05 03:52:36.165, NVIDIA GeForce RTX 3090, P2, 270.00 W, 207.97 W, 74, 5374 MiB, 24576 MiB, 0 %
2026/09/05 03:52:46.167, NVIDIA GeForce RTX 3090, P2, 270.00 W, 210.75 W, 71, 5374 MiB, 24576 MiB, 0 %
2026/09/05 03:52:56.168, NVIDIA GeForce RTX 3090, P2, 270.00 W, 232.53 W, 73, 5374 MiB, 24576 MiB, 47 %
2026/09/05 03:53:06.170, NVIDIA GeForce RTX 3090, P2, 270.00 W, 220.57 W, 71, 5374 MiB, 24576 MiB, 15 %
2026/09/05 03:53:16.171, NVIDIA GeForce RTX 3090, P2, 270.00 W, 221.49 W, 73, 5374 MiB, 24576 MiB, 42 %
2026/09/05 03:53:26.172, NVIDIA GeForce RTX 3090, P2, 270.00 W, 222.20 W, 74, 5374 MiB, 24576 MiB, 48 %
2026/09/05 03:53:36.174, NVIDIA GeForce RTX 3090, P2, 270.00 W, 231.46 W, 72, 5374 MiB, 24576 MiB, 48 %
2026/09/05 03:53:46.175, NVIDIA GeForce RTX 3090, P2, 270.00 W, 232.75 W, 72, 5374 MiB, 24576 MiB, 30 %
2026/09/05 03:53:56.177, NVIDIA GeForce RTX 3090, P2, 270.00 W, 225.06 W, 73, 5374 MiB, 24576 MiB, 39 %
2026/09/05 03:54:06.178, NVIDIA GeForce RTX 3090, P2, 270.00 W, 231.74 W, 72, 5374 MiB, 24576 MiB, 18 %
2026/09/05 03:54:16.179, NVIDIA GeForce RTX 3090, P2, 270.00 W, 228.29 W, 73, 5374 MiB, 24576 MiB, 43 %
2026/09/05 03:54:26.181, NVIDIA GeForce RTX 3090, P2, 270.00 W, 221.58 W, 74, 5374 MiB, 24576 MiB, 47 %
2026/09/05 03:54:36.183, NVIDIA GeForce RTX 3090, P2, 270.00 W, 211.74 W, 71, 5374 MiB, 24576 MiB, 0 %
2026/09/05 03:54:46.184, NVIDIA GeForce RTX 3090, P2, 270.00 W, 228.47 W, 73, 5374 MiB, 24576 MiB, 39 %
2026/09/05 03:54:56.186, NVIDIA GeForce RTX 3090, P2, 270.00 W, 224.53 W, 72, 5374 MiB, 24576 MiB, 0 %
2026/09/05 03:55:06.187, NVIDIA GeForce RTX 3090, P2, 270.00 W, 221.79 W, 73, 5374 MiB, 24576 MiB, 4 %
2026/09/05 03:55:16.189, NVIDIA GeForce RTX 3090, P2, 270.00 W, 210.78 W, 72, 5374 MiB, 24576 MiB, 9 %
2026/09/05 03:55:26.190, NVIDIA GeForce RTX 3090, P2, 270.00 W, 218.19 W, 72, 5374 MiB, 24576 MiB, 0 %
2026/09/05 03:55:36.192, NVIDIA GeForce RTX 3090, P2, 270.00 W, 223.81 W, 72, 5374 MiB, 24576 MiB, 47 %
2026/09/05 03:55:46.194, NVIDIA GeForce RTX 3090, P2, 270.00 W, 221.43 W, 72, 5374 MiB, 24576 MiB, 47 %
2026/09/05 03:55:56.195, NVIDIA GeForce RTX 3090, P2, 270.00 W, 220.66 W, 73, 5374 MiB, 24576 MiB, 29 %
2026/09/05 03:56:06.197, NVIDIA GeForce RTX 3090, P2, 270.00 W, 222.30 W, 72, 5374 MiB, 24576 MiB, 6 %
2026/09/05 03:56:16.198, NVIDIA GeForce RTX 3090, P2, 270.00 W, 220.14 W, 72, 5374 MiB, 24576 MiB, 14 %
2026/09/05 03:56:26.199, NVIDIA GeForce RTX 3090, P2, 270.00 W, 229.48 W, 72, 5374 MiB, 24576 MiB, 48 %
2026/09/05 03:56:36.201, NVIDIA GeForce RTX 3090, P2, 270.00 W, 230.20 W, 73, 5374 MiB, 24576 MiB, 48 %
2026/09/05 03:56:46.202, NVIDIA GeForce RTX 3090, P2, 270.00 W, 223.70 W, 74, 5374 MiB, 24576 MiB, 21 %
2026/09/05 03:56:56.203, NVIDIA GeForce RTX 3090, P2, 270.00 W, 215.76 W, 72, 5374 MiB, 24576 MiB, 6 %
2026/09/05 03:57:06.205, NVIDIA GeForce RTX 3090, P2, 270.00 W, 218.21 W, 72, 5374 MiB, 24576 MiB, 31 %
2026/09/05 03:57:16.206, NVIDIA GeForce RTX 3090, P2, 270.00 W, 225.67 W, 73, 5374 MiB, 24576 MiB, 32 %
2026/09/05 03:57:26.208, NVIDIA GeForce RTX 3090, P2, 270.00 W, 230.87 W, 73, 5374 MiB, 24576 MiB, 48 %
2026/09/05 03:57:36.209, NVIDIA GeForce RTX 3090, P2, 270.00 W, 223.77 W, 74, 5374 MiB, 24576 MiB, 46 %
2026/09/05 03:57:46.210, NVIDIA GeForce RTX 3090, P2, 270.00 W, 213.07 W, 71, 5374 MiB, 24576 MiB, 40 %
2026/09/05 03:57:56.212, NVIDIA GeForce RTX 3090, P2, 270.00 W, 228.52 W, 72, 5374 MiB, 24576 MiB, 21 %
2026/09/05 03:58:06.213, NVIDIA GeForce RTX 3090, P2, 270.00 W, 225.64 W, 73, 5374 MiB, 24576 MiB, 31 %
2026/09/05 03:58:16.214, NVIDIA GeForce RTX 3090, P2, 270.00 W, 221.28 W, 72, 5374 MiB, 24576 MiB, 0 %
2026/09/05 03:58:26.216, NVIDIA GeForce RTX 3090, P2, 270.00 W, 220.64 W, 74, 5374 MiB, 24576 MiB, 0 %
2026/09/05 03:58:36.218, NVIDIA GeForce RTX 3090, P2, 270.00 W, 201.40 W, 71, 5374 MiB, 24576 MiB, 0 %
2026/09/05 03:58:46.219, NVIDIA GeForce RTX 3090, P2, 270.00 W, 224.45 W, 74, 5374 MiB, 24576 MiB, 52 %
2026/09/05 03:58:56.221, NVIDIA GeForce RTX 3090, P2, 270.00 W, 234.92 W, 72, 5374 MiB, 24576 MiB, 19 %
2026/09/05 03:59:06.222, NVIDIA GeForce RTX 3090, P2, 270.00 W, 221.50 W, 73, 5374 MiB, 24576 MiB, 37 %
2026/09/05 03:59:16.224, NVIDIA GeForce RTX 3090, P2, 270.00 W, 214.97 W, 73, 5374 MiB, 24576 MiB, 45 %
2026/09/05 03:59:26.225, NVIDIA GeForce RTX 3090, P2, 270.00 W, 213.09 W, 72, 5374 MiB, 24576 MiB, 25 %
2026/09/05 03:59:36.227, NVIDIA GeForce RTX 3090, P2, 270.00 W, 224.27 W, 73, 5374 MiB, 24576 MiB, 30 %
2026/09/05 03:59:46.228, NVIDIA GeForce RTX 3090, P2, 270.00 W, 230.48 W, 72, 5374 MiB, 24576 MiB, 31 %
2026/09/05 03:59:56.230, NVIDIA GeForce RTX 3090, P2, 270.00 W, 220.18 W, 73, 5374 MiB, 24576 MiB, 31 %
2026/09/05 04:00:06.232, NVIDIA GeForce RTX 3090, P2, 270.00 W, 220.33 W, 74, 5374 MiB, 24576 MiB, 44 %
2026/09/05 04:00:16.233, NVIDIA GeForce RTX 3090, P2, 270.00 W, 214.16 W, 71, 5374 MiB, 24576 MiB, 48 %
2026/09/05 04:00:26.234, NVIDIA GeForce RTX 3090, P2, 270.00 W, 223.51 W, 74, 5374 MiB, 24576 MiB, 18 %
2026/09/05 04:00:36.236, NVIDIA GeForce RTX 3090, P2, 270.00 W, 231.50 W, 72, 5374 MiB, 24576 MiB, 24 %
2026/09/05 04:00:46.237, NVIDIA GeForce RTX 3090, P2, 270.00 W, 216.59 W, 73, 5374 MiB, 24576 MiB, 25 %
2026/09/05 04:00:56.239, NVIDIA GeForce RTX 3090, P2, 270.00 W, 208.05 W, 71, 5374 MiB, 24576 MiB, 23 %
2026/09/05 04:01:06.240, NVIDIA GeForce RTX 3090, P2, 270.00 W, 217.99 W, 72, 5374 MiB, 24576 MiB, 23 %
2026/09/05 04:01:16.241, NVIDIA GeForce RTX 3090, P2, 270.00 W, 232.84 W, 72, 5374 MiB, 24576 MiB, 6 %
2026/09/05 04:01:26.243, NVIDIA GeForce RTX 3090, P2, 270.00 W, 219.32 W, 73, 5374 MiB, 24576 MiB, 31 %
2026/09/05 04:01:36.244, NVIDIA GeForce RTX 3090, P2, 270.00 W, 224.41 W, 74, 5374 MiB, 24576 MiB, 48 %
2026/09/05 04:01:46.245, NVIDIA GeForce RTX 3090, P2, 270.00 W, 209.58 W, 72, 5374 MiB, 24576 MiB, 48 %
2026/09/05 04:01:56.247, NVIDIA GeForce RTX 3090, P2, 270.00 W, 221.41 W, 72, 5374 MiB, 24576 MiB, 0 %
2026/09/05 04:02:06.248, NVIDIA GeForce RTX 3090, P2, 270.00 W, 222.78 W, 73, 5374 MiB, 24576 MiB, 44 %
2026/09/05 04:02:16.249, NVIDIA GeForce RTX 3090, P2, 270.00 W, 231.44 W, 73, 5374 MiB, 24576 MiB, 48 %
2026/09/05 04:02:26.250, NVIDIA GeForce RTX 3090, P2, 270.00 W, 223.60 W, 72, 5374 MiB, 24576 MiB, 45 %
2026/09/05 04:02:36.251, NVIDIA GeForce RTX 3090, P2, 270.00 W, 222.09 W, 73, 5374 MiB, 24576 MiB, 31 %
2026/09/05 04:02:46.253, NVIDIA GeForce RTX 3090, P2, 270.00 W, 224.36 W, 73, 5374 MiB, 24576 MiB, 37 %
2026/09/05 04:02:56.254, NVIDIA GeForce RTX 3090, P2, 270.00 W, 209.47 W, 71, 5374 MiB, 24576 MiB, 0 %
2026/09/05 04:03:06.255, NVIDIA GeForce RTX 3090, P2, 270.00 W, 228.86 W, 73, 5374 MiB, 24576 MiB, 49 %
2026/09/05 04:03:16.257, NVIDIA GeForce RTX 3090, P2, 270.00 W, 221.93 W, 72, 5374 MiB, 24576 MiB, 49 %
2026/09/05 04:03:26.258, NVIDIA GeForce RTX 3090, P2, 270.00 W, 221.24 W, 73, 5374 MiB, 24576 MiB, 25 %
2026/09/05 04:03:36.259, NVIDIA GeForce RTX 3090, P2, 270.00 W, 212.87 W, 71, 5374 MiB, 24576 MiB, 0 %
2026/09/05 04:03:46.260, NVIDIA GeForce RTX 3090, P2, 270.00 W, 226.61 W, 72, 5374 MiB, 24576 MiB, 8 %
2026/09/05 04:03:56.262, NVIDIA GeForce RTX 3090, P2, 270.00 W, 230.67 W, 73, 5374 MiB, 24576 MiB, 49 %
2026/09/05 04:04:06.263, NVIDIA GeForce RTX 3090, P2, 270.00 W, 233.38 W, 73, 5374 MiB, 24576 MiB, 51 %
2026/09/05 04:04:16.264, NVIDIA GeForce RTX 3090, P2, 270.00 W, 221.97 W, 74, 5374 MiB, 24576 MiB, 48 %
2026/09/05 04:04:26.265, NVIDIA GeForce RTX 3090, P2, 270.00 W, 222.03 W, 73, 5374 MiB, 24576 MiB, 30 %
2026/09/05 04:04:36.267, NVIDIA GeForce RTX 3090, P2, 270.00 W, 219.84 W, 72, 5374 MiB, 24576 MiB, 3 %
2026/09/05 04:04:46.268, NVIDIA GeForce RTX 3090, P2, 270.00 W, 229.82 W, 73, 5374 MiB, 24576 MiB, 37 %
2026/09/05 04:04:56.269, NVIDIA GeForce RTX 3090, P2, 270.00 W, 230.68 W, 73, 5374 MiB, 24576 MiB, 47 %
2026/09/05 04:05:06.270, NVIDIA GeForce RTX 3090, P2, 270.00 W, 217.29 W, 73, 5374 MiB, 24576 MiB, 18 %
2026/09/05 04:05:16.272, NVIDIA GeForce RTX 3090, P2, 270.00 W, 207.14 W, 71, 5374 MiB, 24576 MiB, 7 %
2026/09/05 04:05:26.273, NVIDIA GeForce RTX 3090, P2, 270.00 W, 218.51 W, 73, 5374 MiB, 24576 MiB, 30 %
2026/09/05 04:05:36.274, NVIDIA GeForce RTX 3090, P2, 270.00 W, 230.98 W, 73, 5374 MiB, 24576 MiB, 49 %
2026/09/05 04:05:46.276, NVIDIA GeForce RTX 3090, P2, 270.00 W, 234.69 W, 73, 5374 MiB, 24576 MiB, 36 %
2026/09/05 04:05:56.277, NVIDIA GeForce RTX 3090, P2, 270.00 W, 221.63 W, 74, 5374 MiB, 24576 MiB, 15 %
2026/09/05 04:06:06.278, NVIDIA GeForce RTX 3090, P2, 270.00 W, 217.68 W, 72, 5374 MiB, 24576 MiB, 48 %
2026/09/05 04:06:16.279, NVIDIA GeForce RTX 3090, P2, 270.00 W, 227.54 W, 73, 5374 MiB, 24576 MiB, 17 %
2026/09/05 04:06:26.280, NVIDIA GeForce RTX 3090, P2, 270.00 W, 219.55 W, 73, 5374 MiB, 24576 MiB, 36 %
2026/09/05 04:06:36.281, NVIDIA GeForce RTX 3090, P2, 270.00 W, 237.18 W, 73, 5374 MiB, 24576 MiB, 40 %
2026/09/05 04:06:46.283, NVIDIA GeForce RTX 3090, P2, 270.00 W, 223.76 W, 73, 5374 MiB, 24576 MiB, 25 %
2026/09/05 04:06:56.284, NVIDIA GeForce RTX 3090, P2, 270.00 W, 217.40 W, 71, 5374 MiB, 24576 MiB, 36 %
2026/09/05 04:07:06.285, NVIDIA GeForce RTX 3090, P2, 270.00 W, 228.01 W, 72, 5374 MiB, 24576 MiB, 30 %
2026/09/05 04:07:16.287, NVIDIA GeForce RTX 3090, P2, 270.00 W, 222.28 W, 72, 5374 MiB, 24576 MiB, 11 %
2026/09/05 04:07:26.288, NVIDIA GeForce RTX 3090, P2, 270.00 W, 233.49 W, 73, 5374 MiB, 24576 MiB, 49 %
2026/09/05 04:07:36.289, NVIDIA GeForce RTX 3090, P2, 270.00 W, 227.89 W, 73, 5374 MiB, 24576 MiB, 30 %
2026/09/05 04:07:46.290, NVIDIA GeForce RTX 3090, P2, 270.00 W, 223.98 W, 73, 5374 MiB, 24576 MiB, 20 %
2026/09/05 04:07:56.291, NVIDIA GeForce RTX 3090, P2, 270.00 W, 212.64 W, 72, 5374 MiB, 24576 MiB, 40 %
2026/09/05 04:08:06.292, NVIDIA GeForce RTX 3090, P2, 270.00 W, 219.39 W, 72, 5374 MiB, 24576 MiB, 31 %
2026/09/05 04:08:16.293, NVIDIA GeForce RTX 3090, P2, 270.00 W, 230.78 W, 72, 5374 MiB, 24576 MiB, 30 %
2026/09/05 04:08:26.295, NVIDIA GeForce RTX 3090, P2, 270.00 W, 219.23 W, 73, 5374 MiB, 24576 MiB, 0 %
2026/09/05 04:08:36.296, NVIDIA GeForce RTX 3090, P2, 270.00 W, 217.96 W, 73, 5374 MiB, 24576 MiB, 6 %
2026/09/05 04:08:46.297, NVIDIA GeForce RTX 3090, P2, 270.00 W, 221.10 W, 71, 5374 MiB, 24576 MiB, 37 %
2026/09/05 04:08:56.298, NVIDIA GeForce RTX 3090, P2, 270.00 W, 233.04 W, 73, 5374 MiB, 24576 MiB, 49 %
2026/09/05 04:09:06.299, NVIDIA GeForce RTX 3090, P2, 270.00 W, 226.43 W, 71, 5374 MiB, 24576 MiB, 31 %
2026/09/05 04:09:16.300, NVIDIA GeForce RTX 3090, P2, 270.00 W, 225.74 W, 73, 5374 MiB, 24576 MiB, 45 %
2026/09/05 04:09:26.302, NVIDIA GeForce RTX 3090, P2, 270.00 W, 223.45 W, 73, 5374 MiB, 24576 MiB, 7 %
2026/09/05 04:09:36.303, NVIDIA GeForce RTX 3090, P2, 270.00 W, 225.46 W, 73, 5374 MiB, 24576 MiB, 49 %
2026/09/05 04:09:46.304, NVIDIA GeForce RTX 3090, P2, 270.00 W, 227.46 W, 71, 5374 MiB, 24576 MiB, 28 %
2026/09/05 04:09:56.306, NVIDIA GeForce RTX 3090, P2, 270.00 W, 217.99 W, 72, 5374 MiB, 24576 MiB, 32 %
2026/09/05 04:10:06.307, NVIDIA GeForce RTX 3090, P2, 270.00 W, 211.83 W, 72, 5374 MiB, 24576 MiB, 30 %
2026/09/05 04:10:16.309, NVIDIA GeForce RTX 3090, P2, 270.00 W, 217.05 W, 72, 5374 MiB, 24576 MiB, 29 %
2026/09/05 04:10:26.310, NVIDIA GeForce RTX 3090, P2, 270.00 W, 236.58 W, 73, 5374 MiB, 24576 MiB, 27 %
2026/09/05 04:10:36.311, NVIDIA GeForce RTX 3090, P2, 270.00 W, 225.96 W, 73, 5374 MiB, 24576 MiB, 30 %
2026/09/05 04:10:46.312, NVIDIA GeForce RTX 3090, P2, 270.00 W, 218.45 W, 72, 5374 MiB, 24576 MiB, 6 %
2026/09/05 04:10:56.313, NVIDIA GeForce RTX 3090, P2, 270.00 W, 221.57 W, 71, 5374 MiB, 24576 MiB, 0 %
2026/09/05 04:11:06.315, NVIDIA GeForce RTX 3090, P2, 270.00 W, 218.53 W, 74, 5374 MiB, 24576 MiB, 47 %
2026/09/05 04:11:16.316, NVIDIA GeForce RTX 3090, P2, 270.00 W, 230.30 W, 72, 5374 MiB, 24576 MiB, 31 %
2026/09/05 04:11:26.317, NVIDIA GeForce RTX 3090, P2, 270.00 W, 229.42 W, 73, 5374 MiB, 24576 MiB, 45 %
2026/09/05 04:11:36.318, NVIDIA GeForce RTX 3090, P2, 270.00 W, 219.71 W, 74, 5374 MiB, 24576 MiB, 3 %
2026/09/05 04:11:46.320, NVIDIA GeForce RTX 3090, P2, 270.00 W, 213.19 W, 73, 5374 MiB, 24576 MiB, 12 %
2026/09/05 04:11:56.321, NVIDIA GeForce RTX 3090, P2, 270.00 W, 214.98 W, 71, 5374 MiB, 24576 MiB, 0 %
2026/09/05 04:12:06.322, NVIDIA GeForce RTX 3090, P2, 270.00 W, 224.70 W, 74, 5374 MiB, 24576 MiB, 47 %
2026/09/05 04:12:16.323, NVIDIA GeForce RTX 3090, P2, 270.00 W, 239.16 W, 73, 5374 MiB, 24576 MiB, 33 %
2026/09/05 04:12:26.325, NVIDIA GeForce RTX 3090, P2, 270.00 W, 217.87 W, 74, 5374 MiB, 24576 MiB, 7 %
2026/09/05 04:12:36.326, NVIDIA GeForce RTX 3090, P2, 270.00 W, 221.03 W, 72, 5374 MiB, 24576 MiB, 41 %
2026/09/05 04:12:46.327, NVIDIA GeForce RTX 3090, P2, 270.00 W, 224.45 W, 72, 5374 MiB, 24576 MiB, 30 %
2026/09/05 04:12:56.328, NVIDIA GeForce RTX 3090, P2, 270.00 W, 223.84 W, 74, 5374 MiB, 24576 MiB, 51 %
2026/09/05 04:13:06.329, NVIDIA GeForce RTX 3090, P2, 270.00 W, 232.29 W, 72, 5374 MiB, 24576 MiB, 47 %
2026/09/05 04:13:16.330, NVIDIA GeForce RTX 3090, P2, 270.00 W, 221.42 W, 72, 5374 MiB, 24576 MiB, 32 %
2026/09/05 04:13:26.332, NVIDIA GeForce RTX 3090, P2, 270.00 W, 224.26 W, 74, 5374 MiB, 24576 MiB, 48 %
2026/09/05 04:13:36.333, NVIDIA GeForce RTX 3090, P2, 270.00 W, 224.60 W, 73, 5374 MiB, 24576 MiB, 47 %
2026/09/05 04:13:46.334, NVIDIA GeForce RTX 3090, P2, 270.00 W, 227.33 W, 72, 5374 MiB, 24576 MiB, 5 %
2026/09/05 04:13:56.336, NVIDIA GeForce RTX 3090, P2, 270.00 W, 232.86 W, 73, 5374 MiB, 24576 MiB, 48 %
2026/09/05 04:14:06.337, NVIDIA GeForce RTX 3090, P2, 270.00 W, 232.12 W, 73, 5374 MiB, 24576 MiB, 32 %
2026/09/05 04:14:16.338, NVIDIA GeForce RTX 3090, P2, 270.00 W, 228.52 W, 74, 5374 MiB, 24576 MiB, 46 %
2026/09/05 04:14:26.339, NVIDIA GeForce RTX 3090, P2, 270.00 W, 218.71 W, 73, 5374 MiB, 24576 MiB, 42 %
2026/09/05 04:14:36.340, NVIDIA GeForce RTX 3090, P2, 270.00 W, 218.15 W, 72, 5374 MiB, 24576 MiB, 43 %
2026/09/05 04:14:46.342, NVIDIA GeForce RTX 3090, P2, 270.00 W, 211.71 W, 71, 5374 MiB, 24576 MiB, 0 %
2026/09/05 04:14:56.343, NVIDIA GeForce RTX 3090, P2, 270.00 W, 224.86 W, 73, 5374 MiB, 24576 MiB, 35 %
2026/09/05 04:15:06.344, NVIDIA GeForce RTX 3090, P2, 270.00 W, 227.24 W, 72, 5374 MiB, 24576 MiB, 32 %
2026/09/05 04:15:16.345, NVIDIA GeForce RTX 3090, P2, 270.00 W, 222.88 W, 74, 5374 MiB, 24576 MiB, 7 %
2026/09/05 04:15:26.347, NVIDIA GeForce RTX 3090, P2, 270.00 W, 206.76 W, 71, 5374 MiB, 24576 MiB, 48 %
2026/09/05 04:15:36.348, NVIDIA GeForce RTX 3090, P2, 270.00 W, 223.55 W, 72, 5374 MiB, 24576 MiB, 48 %
2026/09/05 04:15:46.349, NVIDIA GeForce RTX 3090, P2, 270.00 W, 225.63 W, 74, 5374 MiB, 24576 MiB, 47 %
2026/09/05 04:15:56.351, NVIDIA GeForce RTX 3090, P2, 270.00 W, 229.84 W, 72, 5374 MiB, 24576 MiB, 47 %
2026/09/05 04:16:06.352, NVIDIA GeForce RTX 3090, P2, 270.00 W, 217.75 W, 72, 5374 MiB, 24576 MiB, 29 %
2026/09/05 04:16:16.353, NVIDIA GeForce RTX 3090, P2, 270.00 W, 218.86 W, 73, 5374 MiB, 24576 MiB, 33 %
2026/09/05 04:16:26.355, NVIDIA GeForce RTX 3090, P2, 270.00 W, 211.41 W, 71, 5374 MiB, 24576 MiB, 0 %
2026/09/05 04:16:36.356, NVIDIA GeForce RTX 3090, P2, 270.00 W, 227.77 W, 73, 5374 MiB, 24576 MiB, 49 %
2026/09/05 04:16:46.357, NVIDIA GeForce RTX 3090, P2, 270.00 W, 230.91 W, 73, 5374 MiB, 24576 MiB, 48 %
2026/09/05 04:16:56.359, NVIDIA GeForce RTX 3090, P2, 270.00 W, 219.66 W, 74, 5374 MiB, 24576 MiB, 0 %
2026/09/05 04:17:06.360, NVIDIA GeForce RTX 3090, P2, 270.00 W, 210.64 W, 72, 5374 MiB, 24576 MiB, 7 %
2026/09/05 04:17:16.361, NVIDIA GeForce RTX 3090, P2, 270.00 W, 222.94 W, 72, 5374 MiB, 24576 MiB, 6 %
2026/09/05 04:17:26.362, NVIDIA GeForce RTX 3090, P2, 270.00 W, 219.48 W, 72, 5374 MiB, 24576 MiB, 30 %
2026/09/05 04:17:36.363, NVIDIA GeForce RTX 3090, P2, 270.00 W, 222.66 W, 72, 5374 MiB, 24576 MiB, 50 %
2026/09/05 04:17:46.365, NVIDIA GeForce RTX 3090, P2, 270.00 W, 223.34 W, 73, 5374 MiB, 24576 MiB, 20 %
2026/09/05 04:17:56.366, NVIDIA GeForce RTX 3090, P2, 270.00 W, 211.94 W, 72, 5374 MiB, 24576 MiB, 19 %
2026/09/05 04:18:06.367, NVIDIA GeForce RTX 3090, P2, 270.00 W, 229.08 W, 71, 5374 MiB, 24576 MiB, 47 %
2026/09/05 04:18:16.369, NVIDIA GeForce RTX 3090, P2, 270.00 W, 227.88 W, 73, 5374 MiB, 24576 MiB, 49 %
2026/09/05 04:18:26.370, NVIDIA GeForce RTX 3090, P2, 270.00 W, 234.41 W, 73, 5374 MiB, 24576 MiB, 31 %
2026/09/05 04:18:36.371, NVIDIA GeForce RTX 3090, P2, 270.00 W, 217.39 W, 71, 5374 MiB, 24576 MiB, 35 %
2026/09/05 04:18:46.372, NVIDIA GeForce RTX 3090, P2, 270.00 W, 216.85 W, 73, 5876 MiB, 24576 MiB, 46 %
2026/09/05 04:18:56.373, NVIDIA GeForce RTX 3090, P2, 270.00 W, 209.47 W, 71, 5876 MiB, 24576 MiB, 49 %
2026/09/05 04:19:06.375, NVIDIA GeForce RTX 3090, P2, 270.00 W, 211.40 W, 72, 5876 MiB, 24576 MiB, 34 %
2026/09/05 04:19:16.376, NVIDIA GeForce RTX 3090, P2, 270.00 W, 223.35 W, 72, 5876 MiB, 24576 MiB, 43 %
2026/09/05 04:19:26.378, NVIDIA GeForce RTX 3090, P2, 270.00 W, 227.07 W, 72, 5876 MiB, 24576 MiB, 21 %
2026/09/05 04:19:36.379, NVIDIA GeForce RTX 3090, P2, 270.00 W, 231.65 W, 73, 5876 MiB, 24576 MiB, 48 %
2026/09/05 04:19:46.380, NVIDIA GeForce RTX 3090, P2, 270.00 W, 213.08 W, 73, 5876 MiB, 24576 MiB, 5 %
2026/09/05 04:19:56.382, NVIDIA GeForce RTX 3090, P2, 270.00 W, 223.85 W, 73, 5876 MiB, 24576 MiB, 0 %
2026/09/05 04:20:06.383, NVIDIA GeForce RTX 3090, P2, 270.00 W, 222.18 W, 72, 5876 MiB, 24576 MiB, 4 %
2026/09/05 04:20:16.384, NVIDIA GeForce RTX 3090, P2, 270.00 W, 230.26 W, 72, 5876 MiB, 24576 MiB, 31 %
2026/09/05 04:20:26.385, NVIDIA GeForce RTX 3090, P2, 270.00 W, 222.20 W, 72, 5876 MiB, 24576 MiB, 28 %
2026/09/05 04:20:36.386, NVIDIA GeForce RTX 3090, P2, 270.00 W, 220.82 W, 74, 5876 MiB, 24576 MiB, 40 %
2026/09/05 04:20:46.388, NVIDIA GeForce RTX 3090, P2, 270.00 W, 224.94 W, 74, 5876 MiB, 24576 MiB, 48 %
2026/09/05 04:20:56.389, NVIDIA GeForce RTX 3090, P2, 270.00 W, 215.45 W, 71, 5876 MiB, 24576 MiB, 48 %
2026/09/05 04:21:06.390, NVIDIA GeForce RTX 3090, P2, 270.00 W, 227.87 W, 73, 5876 MiB, 24576 MiB, 48 %
2026/09/05 04:21:16.391, NVIDIA GeForce RTX 3090, P2, 270.00 W, 221.91 W, 73, 5876 MiB, 24576 MiB, 31 %
2026/09/05 04:21:26.393, NVIDIA GeForce RTX 3090, P2, 270.00 W, 206.13 W, 74, 5876 MiB, 24576 MiB, 46 %
2026/09/05 04:21:36.394, NVIDIA GeForce RTX 3090, P2, 270.00 W, 226.77 W, 73, 5876 MiB, 24576 MiB, 44 %
2026/09/05 04:21:46.395, NVIDIA GeForce RTX 3090, P2, 270.00 W, 212.93 W, 71, 5876 MiB, 24576 MiB, 0 %
2026/09/05 04:21:56.397, NVIDIA GeForce RTX 3090, P2, 270.00 W, 223.95 W, 74, 5876 MiB, 24576 MiB, 51 %
2026/09/05 04:22:06.398, NVIDIA GeForce RTX 3090, P2, 270.00 W, 233.48 W, 73, 5876 MiB, 24576 MiB, 47 %
2026/09/05 04:22:16.399, NVIDIA GeForce RTX 3090, P2, 270.00 W, 227.68 W, 74, 5876 MiB, 24576 MiB, 47 %
2026/09/05 04:22:26.400, NVIDIA GeForce RTX 3090, P2, 270.00 W, 220.58 W, 74, 5876 MiB, 24576 MiB, 47 %
2026/09/05 04:22:36.401, NVIDIA GeForce RTX 3090, P2, 270.00 W, 223.19 W, 73, 5876 MiB, 24576 MiB, 30 %
2026/09/05 04:22:46.403, NVIDIA GeForce RTX 3090, P2, 270.00 W, 218.06 W, 71, 5876 MiB, 24576 MiB, 3 %
2026/09/05 04:22:56.404, NVIDIA GeForce RTX 3090, P2, 270.00 W, 218.47 W, 72, 5876 MiB, 24576 MiB, 36 %
2026/09/05 04:23:06.405, NVIDIA GeForce RTX 3090, P2, 270.00 W, 229.43 W, 73, 5876 MiB, 24576 MiB, 48 %
2026/09/05 04:23:16.406, NVIDIA GeForce RTX 3090, P2, 270.00 W, 216.88 W, 74, 5876 MiB, 24576 MiB, 48 %
2026/09/05 04:23:26.407, NVIDIA GeForce RTX 3090, P2, 270.00 W, 230.48 W, 71, 5876 MiB, 24576 MiB, 0 %
2026/09/05 04:23:36.408, NVIDIA GeForce RTX 3090, P2, 270.00 W, 222.73 W, 72, 5876 MiB, 24576 MiB, 49 %
2026/09/05 04:23:46.410, NVIDIA GeForce RTX 3090, P2, 270.00 W, 222.99 W, 72, 5876 MiB, 24576 MiB, 48 %
2026/09/05 04:23:56.411, NVIDIA GeForce RTX 3090, P2, 270.00 W, 229.92 W, 72, 5876 MiB, 24576 MiB, 23 %
2026/09/05 04:24:06.412, NVIDIA GeForce RTX 3090, P2, 270.00 W, 217.49 W, 71, 5876 MiB, 24576 MiB, 48 %
2026/09/05 04:24:16.413, NVIDIA GeForce RTX 3090, P2, 270.00 W, 215.17 W, 72, 5876 MiB, 24576 MiB, 35 %
2026/09/05 04:24:26.415, NVIDIA GeForce RTX 3090, P2, 270.00 W, 230.06 W, 73, 5876 MiB, 24576 MiB, 5 %
2026/09/05 04:24:36.416, NVIDIA GeForce RTX 3090, P2, 270.00 W, 224.63 W, 72, 5876 MiB, 24576 MiB, 49 %
2026/09/05 04:24:46.417, NVIDIA GeForce RTX 3090, P2, 270.00 W, 232.14 W, 73, 5876 MiB, 24576 MiB, 25 %
2026/09/05 04:24:56.418, NVIDIA GeForce RTX 3090, P2, 270.00 W, 229.68 W, 73, 5876 MiB, 24576 MiB, 47 %
2026/09/05 04:25:06.420, NVIDIA GeForce RTX 3090, P2, 270.00 W, 221.47 W, 73, 5876 MiB, 24576 MiB, 30 %
2026/09/05 04:25:16.421, NVIDIA GeForce RTX 3090, P2, 270.00 W, 216.24 W, 74, 5876 MiB, 24576 MiB, 47 %
2026/09/05 04:25:26.422, NVIDIA GeForce RTX 3090, P2, 270.00 W, 217.82 W, 71, 5876 MiB, 24576 MiB, 0 %
2026/09/05 04:25:36.423, NVIDIA GeForce RTX 3090, P2, 270.00 W, 224.54 W, 73, 5876 MiB, 24576 MiB, 48 %
2026/09/05 04:25:46.424, NVIDIA GeForce RTX 3090, P2, 270.00 W, 232.71 W, 73, 5876 MiB, 24576 MiB, 40 %
2026/09/05 04:25:56.425, NVIDIA GeForce RTX 3090, P2, 270.00 W, 234.57 W, 73, 5876 MiB, 24576 MiB, 48 %
2026/09/05 04:26:06.427, NVIDIA GeForce RTX 3090, P2, 270.00 W, 219.70 W, 74, 5876 MiB, 24576 MiB, 0 %
2026/09/05 04:26:16.428, NVIDIA GeForce RTX 3090, P2, 270.00 W, 209.02 W, 72, 5876 MiB, 24576 MiB, 6 %
2026/09/05 04:26:26.429, NVIDIA GeForce RTX 3090, P2, 270.00 W, 232.83 W, 72, 5876 MiB, 24576 MiB, 40 %
2026/09/05 04:26:36.430, NVIDIA GeForce RTX 3090, P2, 270.00 W, 223.10 W, 71, 5876 MiB, 24576 MiB, 22 %
2026/09/05 04:26:46.431, NVIDIA GeForce RTX 3090, P2, 270.00 W, 219.69 W, 72, 5876 MiB, 24576 MiB, 28 %
2026/09/05 04:26:56.433, NVIDIA GeForce RTX 3090, P2, 270.00 W, 218.96 W, 73, 5876 MiB, 24576 MiB, 44 %
2026/09/05 04:27:06.434, NVIDIA GeForce RTX 3090, P2, 270.00 W, 208.46 W, 71, 5876 MiB, 24576 MiB, 0 %
2026/09/05 04:27:16.435, NVIDIA GeForce RTX 3090, P2, 270.00 W, 228.23 W, 73, 5876 MiB, 24576 MiB, 48 %
2026/09/05 04:27:26.437, NVIDIA GeForce RTX 3090, P2, 270.00 W, 223.35 W, 72, 5876 MiB, 24576 MiB, 18 %
2026/09/05 04:27:36.438, NVIDIA GeForce RTX 3090, P2, 270.00 W, 218.26 W, 71, 5876 MiB, 24576 MiB, 47 %
2026/09/05 04:27:46.439, NVIDIA GeForce RTX 3090, P2, 270.00 W, 213.65 W, 74, 5876 MiB, 24576 MiB, 0 %
2026/09/05 04:27:56.440, NVIDIA GeForce RTX 3090, P2, 270.00 W, 216.46 W, 71, 5876 MiB, 24576 MiB, 0 %
2026/09/05 04:28:06.441, NVIDIA GeForce RTX 3090, P2, 270.00 W, 231.96 W, 73, 5876 MiB, 24576 MiB, 48 %
2026/09/05 04:28:16.443, NVIDIA GeForce RTX 3090, P2, 270.00 W, 232.30 W, 73, 5876 MiB, 24576 MiB, 36 %
2026/09/05 04:28:26.444, NVIDIA GeForce RTX 3090, P2, 270.00 W, 205.88 W, 74, 5876 MiB, 24576 MiB, 0 %
2026/09/05 04:28:36.445, NVIDIA GeForce RTX 3090, P2, 270.00 W, 221.88 W, 71, 5876 MiB, 24576 MiB, 32 %
2026/09/05 04:28:46.446, NVIDIA GeForce RTX 3090, P2, 270.00 W, 224.18 W, 72, 5876 MiB, 24576 MiB, 39 %
2026/09/05 04:28:56.447, NVIDIA GeForce RTX 3090, P2, 270.00 W, 229.21 W, 72, 5876 MiB, 24576 MiB, 31 %
2026/09/05 04:29:06.448, NVIDIA GeForce RTX 3090, P2, 270.00 W, 230.19 W, 73, 5876 MiB, 24576 MiB, 49 %
2026/09/05 04:29:16.450, NVIDIA GeForce RTX 3090, P2, 270.00 W, 227.16 W, 73, 5876 MiB, 24576 MiB, 0 %
2026/09/05 04:29:26.451, NVIDIA GeForce RTX 3090, P2, 270.00 W, 213.96 W, 71, 5876 MiB, 24576 MiB, 46 %
2026/09/05 04:29:36.452, NVIDIA GeForce RTX 3090, P2, 270.00 W, 219.21 W, 72, 5876 MiB, 24576 MiB, 22 %
2026/09/05 04:29:46.453, NVIDIA GeForce RTX 3090, P2, 270.00 W, 229.96 W, 73, 5876 MiB, 24576 MiB, 43 %
2026/09/05 04:29:56.454, NVIDIA GeForce RTX 3090, P2, 270.00 W, 231.29 W, 72, 5876 MiB, 24576 MiB, 30 %
2026/09/05 04:30:06.455, NVIDIA GeForce RTX 3090, P2, 270.00 W, 231.52 W, 73, 5876 MiB, 24576 MiB, 48 %
2026/09/05 04:30:16.456, NVIDIA GeForce RTX 3090, P2, 270.00 W, 218.90 W, 74, 5876 MiB, 24576 MiB, 0 %
2026/09/05 04:30:26.458, NVIDIA GeForce RTX 3090, P2, 270.00 W, 220.61 W, 72, 5876 MiB, 24576 MiB, 31 %
2026/09/05 04:30:36.459, NVIDIA GeForce RTX 3090, P2, 270.00 W, 228.43 W, 73, 5876 MiB, 24576 MiB, 18 %
2026/09/05 04:30:46.460, NVIDIA GeForce RTX 3090, P2, 270.00 W, 232.14 W, 72, 5876 MiB, 24576 MiB, 31 %
2026/09/05 04:30:56.461, NVIDIA GeForce RTX 3090, P2, 270.00 W, 224.12 W, 73, 5876 MiB, 24576 MiB, 31 %
2026/09/05 04:31:06.462, NVIDIA GeForce RTX 3090, P2, 270.00 W, 221.64 W, 74, 5876 MiB, 24576 MiB, 0 %
2026/09/05 04:31:16.463, NVIDIA GeForce RTX 3090, P2, 270.00 W, 209.08 W, 71, 5876 MiB, 24576 MiB, 0 %
2026/09/05 04:31:26.465, NVIDIA GeForce RTX 3090, P2, 270.00 W, 221.89 W, 72, 5876 MiB, 24576 MiB, 6 %
2026/09/05 04:31:36.466, NVIDIA GeForce RTX 3090, P2, 270.00 W, 233.00 W, 73, 5876 MiB, 24576 MiB, 48 %
2026/09/05 04:31:46.467, NVIDIA GeForce RTX 3090, P2, 270.00 W, 235.86 W, 72, 5876 MiB, 24576 MiB, 30 %
2026/09/05 04:31:56.468, NVIDIA GeForce RTX 3090, P2, 270.00 W, 221.70 W, 73, 5876 MiB, 24576 MiB, 27 %
2026/09/05 04:32:06.469, NVIDIA GeForce RTX 3090, P2, 270.00 W, 227.57 W, 73, 5876 MiB, 24576 MiB, 45 %
2026/09/05 04:32:16.470, NVIDIA GeForce RTX 3090, P2, 270.00 W, 213.95 W, 71, 5876 MiB, 24576 MiB, 49 %
2026/09/05 04:32:26.471, NVIDIA GeForce RTX 3090, P2, 270.00 W, 226.14 W, 73, 5876 MiB, 24576 MiB, 44 %
2026/09/05 04:32:36.473, NVIDIA GeForce RTX 3090, P2, 270.00 W, 237.57 W, 72, 5876 MiB, 24576 MiB, 22 %
2026/09/05 04:32:46.474, NVIDIA GeForce RTX 3090, P2, 270.00 W, 225.73 W, 73, 5876 MiB, 24576 MiB, 30 %
2026/09/05 04:32:56.475, NVIDIA GeForce RTX 3090, P2, 270.00 W, 218.26 W, 72, 5876 MiB, 24576 MiB, 42 %
2026/09/05 04:33:06.476, NVIDIA GeForce RTX 3090, P2, 270.00 W, 220.86 W, 72, 5876 MiB, 24576 MiB, 0 %
2026/09/05 04:33:16.477, NVIDIA GeForce RTX 3090, P2, 270.00 W, 223.75 W, 74, 5876 MiB, 24576 MiB, 41 %
2026/09/05 04:33:26.478, NVIDIA GeForce RTX 3090, P2, 270.00 W, 236.50 W, 73, 5876 MiB, 24576 MiB, 47 %
2026/09/05 04:33:36.480, NVIDIA GeForce RTX 3090, P2, 270.00 W, 217.14 W, 72, 5876 MiB, 24576 MiB, 30 %
2026/09/05 04:33:46.481, NVIDIA GeForce RTX 3090, P2, 270.00 W, 221.41 W, 73, 5876 MiB, 24576 MiB, 47 %
2026/09/05 04:33:56.482, NVIDIA GeForce RTX 3090, P2, 270.00 W, 208.61 W, 71, 5876 MiB, 24576 MiB, 49 %
2026/09/05 04:34:06.484, NVIDIA GeForce RTX 3090, P2, 270.00 W, 213.86 W, 71, 5876 MiB, 24576 MiB, 49 %
2026/09/05 04:34:16.485, NVIDIA GeForce RTX 3090, P2, 270.00 W, 214.41 W, 71, 5876 MiB, 24576 MiB, 44 %
2026/09/05 04:34:26.486, NVIDIA GeForce RTX 3090, P2, 270.00 W, 217.32 W, 72, 5876 MiB, 24576 MiB, 0 %
2026/09/05 04:34:36.487, NVIDIA GeForce RTX 3090, P2, 270.00 W, 236.29 W, 72, 5876 MiB, 24576 MiB, 10 %
2026/09/05 04:34:46.488, NVIDIA GeForce RTX 3090, P2, 270.00 W, 221.34 W, 72, 5876 MiB, 24576 MiB, 20 %
2026/09/05 04:34:56.489, NVIDIA GeForce RTX 3090, P2, 270.00 W, 209.90 W, 72, 5876 MiB, 24576 MiB, 40 %
2026/09/05 04:35:06.491, NVIDIA GeForce RTX 3090, P2, 270.00 W, 216.23 W, 71, 5876 MiB, 24576 MiB, 34 %
2026/09/05 04:35:16.492, NVIDIA GeForce RTX 3090, P2, 270.00 W, 225.41 W, 72, 5876 MiB, 24576 MiB, 6 %
2026/09/05 04:35:26.493, NVIDIA GeForce RTX 3090, P2, 270.00 W, 220.72 W, 71, 5876 MiB, 24576 MiB, 32 %
2026/09/05 04:35:36.494, NVIDIA GeForce RTX 3090, P2, 270.00 W, 227.43 W, 72, 5876 MiB, 24576 MiB, 48 %
2026/09/05 04:35:46.495, NVIDIA GeForce RTX 3090, P2, 270.00 W, 224.06 W, 72, 5876 MiB, 24576 MiB, 20 %
2026/09/05 04:35:56.496, NVIDIA GeForce RTX 3090, P2, 270.00 W, 210.76 W, 72, 5876 MiB, 24576 MiB, 5 %
2026/09/05 04:36:06.498, NVIDIA GeForce RTX 3090, P2, 270.00 W, 216.63 W, 71, 5876 MiB, 24576 MiB, 48 %
2026/09/05 04:36:16.499, NVIDIA GeForce RTX 3090, P2, 270.00 W, 222.93 W, 74, 5876 MiB, 24576 MiB, 47 %
2026/09/05 04:36:26.500, NVIDIA GeForce RTX 3090, P2, 270.00 W, 239.15 W, 73, 5876 MiB, 24576 MiB, 29 %
2026/09/05 04:36:36.501, NVIDIA GeForce RTX 3090, P2, 270.00 W, 220.32 W, 73, 5876 MiB, 24576 MiB, 30 %
2026/09/05 04:36:46.503, NVIDIA GeForce RTX 3090, P2, 270.00 W, 222.22 W, 74, 5876 MiB, 24576 MiB, 0 %
2026/09/05 04:36:56.504, NVIDIA GeForce RTX 3090, P2, 270.00 W, 210.62 W, 71, 5876 MiB, 24576 MiB, 0 %
2026/09/05 04:37:06.505, NVIDIA GeForce RTX 3090, P2, 270.00 W, 224.23 W, 73, 5876 MiB, 24576 MiB, 44 %
2026/09/05 04:37:16.507, NVIDIA GeForce RTX 3090, P2, 270.00 W, 220.11 W, 71, 5876 MiB, 24576 MiB, 52 %
2026/09/05 04:37:26.508, NVIDIA GeForce RTX 3090, P2, 270.00 W, 226.04 W, 74, 5876 MiB, 24576 MiB, 47 %
2026/09/05 04:37:36.510, NVIDIA GeForce RTX 3090, P2, 270.00 W, 219.47 W, 72, 5876 MiB, 24576 MiB, 46 %
2026/09/05 04:37:46.511, NVIDIA GeForce RTX 3090, P2, 270.00 W, 217.04 W, 72, 5876 MiB, 24576 MiB, 33 %
2026/09/05 04:37:56.513, NVIDIA GeForce RTX 3090, P2, 270.00 W, 224.02 W, 73, 5876 MiB, 24576 MiB, 6 %
2026/09/05 04:38:06.514, NVIDIA GeForce RTX 3090, P2, 270.00 W, 235.28 W, 72, 5876 MiB, 24576 MiB, 30 %
2026/09/05 04:38:16.516, NVIDIA GeForce RTX 3090, P2, 270.00 W, 222.89 W, 73, 5876 MiB, 24576 MiB, 38 %
2026/09/05 04:38:26.517, NVIDIA GeForce RTX 3090, P2, 270.00 W, 224.59 W, 74, 5876 MiB, 24576 MiB, 0 %
2026/09/05 04:38:36.518, NVIDIA GeForce RTX 3090, P2, 270.00 W, 220.36 W, 73, 5876 MiB, 24576 MiB, 38 %
2026/09/05 04:38:46.519, NVIDIA GeForce RTX 3090, P2, 270.00 W, 211.57 W, 71, 5876 MiB, 24576 MiB, 0 %
2026/09/05 04:38:56.521, NVIDIA GeForce RTX 3090, P2, 270.00 W, 224.18 W, 72, 5876 MiB, 24576 MiB, 10 %
2026/09/05 04:39:06.522, NVIDIA GeForce RTX 3090, P2, 270.00 W, 232.30 W, 72, 5876 MiB, 24576 MiB, 39 %
2026/09/05 04:39:16.523, NVIDIA GeForce RTX 3090, P2, 270.00 W, 225.75 W, 74, 5876 MiB, 24576 MiB, 39 %
2026/09/05 04:39:26.525, NVIDIA GeForce RTX 3090, P2, 270.00 W, 223.39 W, 73, 5876 MiB, 24576 MiB, 42 %
2026/09/05 04:39:36.526, NVIDIA GeForce RTX 3090, P2, 270.00 W, 215.82 W, 71, 5876 MiB, 24576 MiB, 49 %
2026/09/05 04:39:46.527, NVIDIA GeForce RTX 3090, P2, 270.00 W, 203.20 W, 71, 5876 MiB, 24576 MiB, 50 %
2026/09/05 04:39:56.529, NVIDIA GeForce RTX 3090, P2, 270.00 W, 219.96 W, 72, 5876 MiB, 24576 MiB, 8 %
2026/09/05 04:40:06.530, NVIDIA GeForce RTX 3090, P2, 270.00 W, 230.99 W, 72, 5876 MiB, 24576 MiB, 28 %
2026/09/05 04:40:16.531, NVIDIA GeForce RTX 3090, P2, 270.00 W, 233.73 W, 73, 5876 MiB, 24576 MiB, 48 %
2026/09/05 04:40:26.533, NVIDIA GeForce RTX 3090, P2, 270.00 W, 221.87 W, 73, 5876 MiB, 24576 MiB, 11 %
2026/09/05 04:40:36.534, NVIDIA GeForce RTX 3090, P2, 270.00 W, 223.62 W, 74, 5876 MiB, 24576 MiB, 0 %
2026/09/05 04:40:46.535, NVIDIA GeForce RTX 3090, P2, 270.00 W, 211.85 W, 72, 5876 MiB, 24576 MiB, 8 %
2026/09/05 04:40:56.536, NVIDIA GeForce RTX 3090, P2, 270.00 W, 218.14 W, 71, 5876 MiB, 24576 MiB, 0 %
2026/09/05 04:41:06.538, NVIDIA GeForce RTX 3090, P2, 270.00 W, 221.94 W, 73, 5876 MiB, 24576 MiB, 48 %
2026/09/05 04:41:16.539, NVIDIA GeForce RTX 3090, P2, 270.00 W, 234.40 W, 72, 5876 MiB, 24576 MiB, 31 %
2026/09/05 04:41:26.540, NVIDIA GeForce RTX 3090, P2, 270.00 W, 223.81 W, 73, 5876 MiB, 24576 MiB, 31 %
2026/09/05 04:41:36.541, NVIDIA GeForce RTX 3090, P2, 270.00 W, 211.11 W, 73, 5876 MiB, 24576 MiB, 7 %
2026/09/05 04:41:46.543, NVIDIA GeForce RTX 3090, P2, 270.00 W, 209.21 W, 71, 5876 MiB, 24576 MiB, 49 %
2026/09/05 04:41:56.544, NVIDIA GeForce RTX 3090, P2, 270.00 W, 225.25 W, 73, 5876 MiB, 24576 MiB, 48 %
2026/09/05 04:42:06.546, NVIDIA GeForce RTX 3090, P2, 270.00 W, 228.70 W, 71, 5876 MiB, 24576 MiB, 27 %
2026/09/05 04:42:16.547, NVIDIA GeForce RTX 3090, P2, 270.00 W, 214.13 W, 73, 5876 MiB, 24576 MiB, 36 %
2026/09/05 04:42:26.549, NVIDIA GeForce RTX 3090, P2, 270.00 W, 224.63 W, 72, 5876 MiB, 24576 MiB, 6 %
2026/09/05 04:42:36.550, NVIDIA GeForce RTX 3090, P2, 270.00 W, 219.57 W, 72, 5876 MiB, 24576 MiB, 31 %
2026/09/05 04:42:46.551, NVIDIA GeForce RTX 3090, P2, 270.00 W, 231.12 W, 72, 5876 MiB, 24576 MiB, 42 %
2026/09/05 04:42:56.552, NVIDIA GeForce RTX 3090, P2, 270.00 W, 229.96 W, 73, 5876 MiB, 24576 MiB, 48 %
2026/09/05 04:43:06.554, NVIDIA GeForce RTX 3090, P2, 270.00 W, 218.62 W, 73, 5876 MiB, 24576 MiB, 46 %
2026/09/05 04:43:16.555, NVIDIA GeForce RTX 3090, P2, 270.00 W, 217.18 W, 73, 5876 MiB, 24576 MiB, 38 %
2026/09/05 04:43:26.556, NVIDIA GeForce RTX 3090, P2, 270.00 W, 210.68 W, 71, 5876 MiB, 24576 MiB, 0 %
2026/09/05 04:43:36.558, NVIDIA GeForce RTX 3090, P2, 270.00 W, 233.14 W, 73, 5876 MiB, 24576 MiB, 34 %
2026/09/05 04:43:46.559, NVIDIA GeForce RTX 3090, P2, 270.00 W, 235.54 W, 72, 5876 MiB, 24576 MiB, 26 %
2026/09/05 04:43:56.560, NVIDIA GeForce RTX 3090, P2, 270.00 W, 221.54 W, 73, 5876 MiB, 24576 MiB, 47 %
2026/09/05 04:44:06.561, NVIDIA GeForce RTX 3090, P2, 270.00 W, 222.92 W, 74, 5876 MiB, 24576 MiB, 47 %
2026/09/05 04:44:16.563, NVIDIA GeForce RTX 3090, P2, 270.00 W, 216.45 W, 72, 5876 MiB, 24576 MiB, 12 %
2026/09/05 04:44:26.564, NVIDIA GeForce RTX 3090, P2, 270.00 W, 227.85 W, 73, 5876 MiB, 24576 MiB, 24 %
2026/09/05 04:44:36.565, NVIDIA GeForce RTX 3090, P2, 270.00 W, 226.43 W, 72, 5876 MiB, 24576 MiB, 32 %
2026/09/05 04:44:46.566, NVIDIA GeForce RTX 3090, P2, 270.00 W, 227.60 W, 73, 5876 MiB, 24576 MiB, 48 %
2026/09/05 04:44:56.568, NVIDIA GeForce RTX 3090, P2, 270.00 W, 224.80 W, 74, 5876 MiB, 24576 MiB, 48 %
2026/09/05 04:45:06.569, NVIDIA GeForce RTX 3090, P2, 270.00 W, 231.25 W, 74, 5876 MiB, 24576 MiB, 0 %
2026/09/05 04:45:16.570, NVIDIA GeForce RTX 3090, P2, 270.00 W, 215.04 W, 71, 5876 MiB, 24576 MiB, 49 %
2026/09/05 04:45:26.571, NVIDIA GeForce RTX 3090, P2, 270.00 W, 222.48 W, 73, 5876 MiB, 24576 MiB, 48 %
2026/09/05 04:45:36.573, NVIDIA GeForce RTX 3090, P2, 270.00 W, 238.01 W, 72, 5876 MiB, 24576 MiB, 5 %
2026/09/05 04:45:46.574, NVIDIA GeForce RTX 3090, P2, 270.00 W, 208.79 W, 71, 5876 MiB, 24576 MiB, 33 %
2026/09/05 04:45:56.575, NVIDIA GeForce RTX 3090, P2, 270.00 W, 219.19 W, 73, 5876 MiB, 24576 MiB, 7 %
2026/09/05 04:46:06.576, NVIDIA GeForce RTX 3090, P2, 270.00 W, 219.77 W, 71, 5876 MiB, 24576 MiB, 0 %
2026/09/05 04:46:16.577, NVIDIA GeForce RTX 3090, P2, 270.00 W, 227.98 W, 73, 5876 MiB, 24576 MiB, 44 %
2026/09/05 04:46:26.579, NVIDIA GeForce RTX 3090, P2, 270.00 W, 229.97 W, 72, 5876 MiB, 24576 MiB, 31 %
2026/09/05 04:46:36.580, NVIDIA GeForce RTX 3090, P2, 270.00 W, 220.89 W, 71, 5876 MiB, 24576 MiB, 35 %
2026/09/05 04:46:46.581, NVIDIA GeForce RTX 3090, P2, 270.00 W, 218.67 W, 73, 5876 MiB, 24576 MiB, 48 %
2026/09/05 04:46:56.582, NVIDIA GeForce RTX 3090, P2, 270.00 W, 213.11 W, 71, 5876 MiB, 24576 MiB, 30 %
2026/09/05 04:47:06.584, NVIDIA GeForce RTX 3090, P2, 270.00 W, 210.75 W, 71, 5876 MiB, 24576 MiB, 33 %
2026/09/05 04:47:16.585, NVIDIA GeForce RTX 3090, P2, 270.00 W, 227.77 W, 73, 5876 MiB, 24576 MiB, 10 %
2026/09/05 04:47:26.586, NVIDIA GeForce RTX 3090, P2, 270.00 W, 233.95 W, 72, 5876 MiB, 24576 MiB, 46 %
2026/09/05 04:47:36.587, NVIDIA GeForce RTX 3090, P2, 270.00 W, 228.03 W, 73, 5876 MiB, 24576 MiB, 44 %
2026/09/05 04:47:46.588, NVIDIA GeForce RTX 3090, P2, 270.00 W, 223.65 W, 74, 5876 MiB, 24576 MiB, 48 %
2026/09/05 04:47:56.589, NVIDIA GeForce RTX 3090, P2, 270.00 W, 211.38 W, 71, 5876 MiB, 24576 MiB, 0 %
2026/09/05 04:48:06.591, NVIDIA GeForce RTX 3090, P2, 270.00 W, 223.21 W, 72, 5876 MiB, 24576 MiB, 12 %
2026/09/05 04:48:16.592, NVIDIA GeForce RTX 3090, P2, 270.00 W, 238.83 W, 72, 5876 MiB, 24576 MiB, 4 %
2026/09/05 04:48:26.593, NVIDIA GeForce RTX 3090, P2, 270.00 W, 222.06 W, 73, 5876 MiB, 24576 MiB, 30 %
2026/09/05 04:48:36.594, NVIDIA GeForce RTX 3090, P2, 270.00 W, 221.46 W, 74, 5876 MiB, 24576 MiB, 0 %
2026/09/05 04:48:46.595, NVIDIA GeForce RTX 3090, P2, 270.00 W, 209.78 W, 72, 5876 MiB, 24576 MiB, 37 %
2026/09/05 04:48:56.596, NVIDIA GeForce RTX 3090, P2, 270.00 W, 216.40 W, 71, 5876 MiB, 24576 MiB, 46 %
2026/09/05 04:49:06.598, NVIDIA GeForce RTX 3090, P2, 270.00 W, 219.72 W, 72, 5876 MiB, 24576 MiB, 35 %
2026/09/05 04:49:16.599, NVIDIA GeForce RTX 3090, P2, 270.00 W, 235.44 W, 73, 5876 MiB, 24576 MiB, 43 %
2026/09/05 04:49:26.600, NVIDIA GeForce RTX 3090, P2, 270.00 W, 220.32 W, 74, 5876 MiB, 24576 MiB, 0 %
2026/09/05 04:49:36.601, NVIDIA GeForce RTX 3090, P2, 270.00 W, 217.75 W, 71, 5876 MiB, 24576 MiB, 44 %
2026/09/05 04:49:46.602, NVIDIA GeForce RTX 3090, P2, 270.00 W, 232.15 W, 73, 5876 MiB, 24576 MiB, 30 %
2026/09/05 04:49:56.604, NVIDIA GeForce RTX 3090, P2, 270.00 W, 230.29 W, 72, 5876 MiB, 24576 MiB, 17 %
2026/09/05 04:50:06.605, NVIDIA GeForce RTX 3090, P2, 270.00 W, 220.41 W, 74, 5876 MiB, 24576 MiB, 49 %
2026/09/05 04:50:16.606, NVIDIA GeForce RTX 3090, P2, 270.00 W, 229.16 W, 73, 5876 MiB, 24576 MiB, 0 %
2026/09/05 04:50:26.607, NVIDIA GeForce RTX 3090, P2, 270.00 W, 209.13 W, 71, 5876 MiB, 24576 MiB, 6 %
2026/09/05 04:50:36.609, NVIDIA GeForce RTX 3090, P2, 270.00 W, 225.98 W, 72, 5876 MiB, 24576 MiB, 23 %
2026/09/05 04:50:46.610, NVIDIA GeForce RTX 3090, P2, 270.00 W, 232.24 W, 71, 5876 MiB, 24576 MiB, 30 %
2026/09/05 04:50:56.611, NVIDIA GeForce RTX 3090, P2, 270.00 W, 222.02 W, 72, 5876 MiB, 24576 MiB, 48 %
2026/09/05 04:51:06.612, NVIDIA GeForce RTX 3090, P2, 270.00 W, 219.80 W, 73, 5876 MiB, 24576 MiB, 48 %
2026/09/05 04:51:16.614, NVIDIA GeForce RTX 3090, P2, 270.00 W, 216.07 W, 72, 5876 MiB, 24576 MiB, 11 %
2026/09/05 04:51:26.615, NVIDIA GeForce RTX 3090, P2, 270.00 W, 226.20 W, 72, 5876 MiB, 24576 MiB, 30 %
2026/09/05 04:51:36.617, NVIDIA GeForce RTX 3090, P2, 270.00 W, 231.99 W, 72, 5876 MiB, 24576 MiB, 42 %
2026/09/05 04:51:46.618, NVIDIA GeForce RTX 3090, P2, 270.00 W, 236.44 W, 73, 5876 MiB, 24576 MiB, 21 %
2026/09/05 04:51:56.619, NVIDIA GeForce RTX 3090, P2, 270.00 W, 228.33 W, 73, 5876 MiB, 24576 MiB, 46 %
2026/09/05 04:52:06.620, NVIDIA GeForce RTX 3090, P2, 270.00 W, 219.52 W, 74, 5876 MiB, 24576 MiB, 5 %
2026/09/05 04:52:16.622, NVIDIA GeForce RTX 3090, P2, 270.00 W, 213.14 W, 71, 5876 MiB, 24576 MiB, 19 %
2026/09/05 04:52:26.623, NVIDIA GeForce RTX 3090, P2, 270.00 W, 220.87 W, 72, 5876 MiB, 24576 MiB, 7 %
2026/09/05 04:52:36.624, NVIDIA GeForce RTX 3090, P2, 270.00 W, 228.24 W, 73, 5876 MiB, 24576 MiB, 31 %
2026/09/05 04:52:46.625, NVIDIA GeForce RTX 3090, P2, 270.00 W, 235.75 W, 73, 5876 MiB, 24576 MiB, 48 %
2026/09/05 04:52:56.627, NVIDIA GeForce RTX 3090, P2, 270.00 W, 227.41 W, 74, 5876 MiB, 24576 MiB, 38 %
2026/09/05 04:53:06.628, NVIDIA GeForce RTX 3090, P2, 270.00 W, 223.57 W, 74, 5876 MiB, 24576 MiB, 47 %
2026/09/05 04:53:16.629, NVIDIA GeForce RTX 3090, P2, 270.00 W, 218.98 W, 71, 5876 MiB, 24576 MiB, 0 %
2026/09/05 04:53:26.630, NVIDIA GeForce RTX 3090, P2, 270.00 W, 231.40 W, 73, 5876 MiB, 24576 MiB, 49 %
2026/09/05 04:53:36.632, NVIDIA GeForce RTX 3090, P2, 270.00 W, 230.25 W, 73, 5876 MiB, 24576 MiB, 47 %
2026/09/05 04:53:46.633, NVIDIA GeForce RTX 3090, P2, 270.00 W, 217.33 W, 74, 5876 MiB, 24576 MiB, 47 %
2026/09/05 04:53:56.634, NVIDIA GeForce RTX 3090, P2, 270.00 W, 225.51 W, 72, 5876 MiB, 24576 MiB, 6 %
2026/09/05 04:54:06.635, NVIDIA GeForce RTX 3090, P2, 270.00 W, 234.69 W, 72, 5876 MiB, 24576 MiB, 29 %
2026/09/05 04:54:16.637, NVIDIA GeForce RTX 3090, P2, 270.00 W, 219.52 W, 71, 5876 MiB, 24576 MiB, 48 %
2026/09/05 04:54:26.638, NVIDIA GeForce RTX 3090, P2, 270.00 W, 222.15 W, 73, 5876 MiB, 24576 MiB, 43 %
2026/09/05 04:54:36.639, NVIDIA GeForce RTX 3090, P2, 270.00 W, 214.59 W, 72, 5876 MiB, 24576 MiB, 30 %
2026/09/05 04:54:46.640, NVIDIA GeForce RTX 3090, P2, 270.00 W, 228.91 W, 72, 5876 MiB, 24576 MiB, 6 %
2026/09/05 04:54:56.641, NVIDIA GeForce RTX 3090, P2, 270.00 W, 225.09 W, 72, 5876 MiB, 24576 MiB, 45 %
2026/09/05 04:55:06.643, NVIDIA GeForce RTX 3090, P2, 270.00 W, 232.08 W, 73, 5876 MiB, 24576 MiB, 48 %
2026/09/05 04:55:16.644, NVIDIA GeForce RTX 3090, P2, 270.00 W, 221.76 W, 73, 5876 MiB, 24576 MiB, 46 %
2026/09/05 04:55:26.646, NVIDIA GeForce RTX 3090, P2, 270.00 W, 214.29 W, 71, 5876 MiB, 24576 MiB, 49 %
2026/09/05 04:55:36.647, NVIDIA GeForce RTX 3090, P2, 270.00 W, 224.65 W, 73, 5876 MiB, 24576 MiB, 28 %
2026/09/05 04:55:46.648, NVIDIA GeForce RTX 3090, P2, 270.00 W, 233.48 W, 74, 5876 MiB, 24576 MiB, 22 %
2026/09/05 04:55:56.649, NVIDIA GeForce RTX 3090, P2, 270.00 W, 222.87 W, 73, 5876 MiB, 24576 MiB, 32 %
2026/09/05 04:56:06.650, NVIDIA GeForce RTX 3090, P2, 270.00 W, 223.45 W, 74, 5876 MiB, 24576 MiB, 47 %
2026/09/05 04:56:16.652, NVIDIA GeForce RTX 3090, P2, 270.00 W, 213.25 W, 71, 5876 MiB, 24576 MiB, 10 %
2026/09/05 04:56:26.653, NVIDIA GeForce RTX 3090, P2, 270.00 W, 230.97 W, 73, 5876 MiB, 24576 MiB, 43 %
2026/09/05 04:56:36.654, NVIDIA GeForce RTX 3090, P2, 270.00 W, 234.06 W, 72, 5876 MiB, 24576 MiB, 38 %
2026/09/05 04:56:46.656, NVIDIA GeForce RTX 3090, P2, 270.00 W, 224.35 W, 72, 5876 MiB, 24576 MiB, 49 %
2026/09/05 04:56:56.658, NVIDIA GeForce RTX 3090, P2, 270.00 W, 222.29 W, 74, 5876 MiB, 24576 MiB, 48 %
2026/09/05 04:57:06.659, NVIDIA GeForce RTX 3090, P2, 270.00 W, 209.43 W, 72, 5876 MiB, 24576 MiB, 41 %
2026/09/05 04:57:16.660, NVIDIA GeForce RTX 3090, P2, 270.00 W, 221.23 W, 71, 5876 MiB, 24576 MiB, 31 %
2026/09/05 04:57:26.662, NVIDIA GeForce RTX 3090, P2, 270.00 W, 213.45 W, 72, 5876 MiB, 24576 MiB, 32 %
2026/09/05 04:57:36.663, NVIDIA GeForce RTX 3090, P2, 270.00 W, 224.26 W, 72, 5876 MiB, 24576 MiB, 46 %
2026/09/05 04:57:46.664, NVIDIA GeForce RTX 3090, P2, 270.00 W, 229.39 W, 73, 5876 MiB, 24576 MiB, 3 %
2026/09/05 04:57:56.666, NVIDIA GeForce RTX 3090, P2, 270.00 W, 210.26 W, 72, 5876 MiB, 24576 MiB, 32 %
2026/09/05 04:58:06.667, NVIDIA GeForce RTX 3090, P2, 270.00 W, 219.97 W, 72, 5876 MiB, 24576 MiB, 18 %
2026/09/05 04:58:16.668, NVIDIA GeForce RTX 3090, P2, 270.00 W, 189.93 W, 70, 5876 MiB, 24576 MiB, 34 %
2026/09/05 04:58:26.670, NVIDIA GeForce RTX 3090, P2, 270.00 W, 185.71 W, 69, 5876 MiB, 24576 MiB, 21 %
2026/09/05 04:58:36.671, NVIDIA GeForce RTX 3090, P2, 270.00 W, 175.30 W, 68, 5876 MiB, 24576 MiB, 21 %
2026/09/05 04:58:46.672, NVIDIA GeForce RTX 3090, P2, 270.00 W, 174.01 W, 68, 5876 MiB, 24576 MiB, 28 %
2026/09/05 04:58:56.673, NVIDIA GeForce RTX 3090, P0, 270.00 W, 168.31 W, 67, 1 MiB, 24576 MiB, 0 %
2026/09/05 04:59:06.675, NVIDIA GeForce RTX 3090, P2, 270.00 W, 182.84 W, 69, 2020 MiB, 24576 MiB, 34 %
2026/09/05 04:59:16.676, NVIDIA GeForce RTX 3090, P2, 270.00 W, 179.88 W, 69, 2020 MiB, 24576 MiB, 30 %
2026/09/05 04:59:26.677, NVIDIA GeForce RTX 3090, P2, 270.00 W, 173.48 W, 68, 2020 MiB, 24576 MiB, 26 %
2026/09/05 04:59:36.678, NVIDIA GeForce RTX 3090, P2, 270.00 W, 213.19 W, 71, 5470 MiB, 24576 MiB, 47 %
2026/09/05 04:59:46.680, NVIDIA GeForce RTX 3090, P2, 270.00 W, 235.22 W, 73, 5470 MiB, 24576 MiB, 46 %
2026/09/05 04:59:56.681, NVIDIA GeForce RTX 3090, P2, 270.00 W, 224.16 W, 72, 5470 MiB, 24576 MiB, 49 %
2026/09/05 05:00:06.683, NVIDIA GeForce RTX 3090, P2, 270.00 W, 215.70 W, 71, 5470 MiB, 24576 MiB, 47 %
2026/09/05 05:00:16.684, NVIDIA GeForce RTX 3090, P2, 270.00 W, 208.87 W, 71, 5470 MiB, 24576 MiB, 5 %
2026/09/05 05:00:26.685, NVIDIA GeForce RTX 3090, P2, 270.00 W, 225.22 W, 73, 5470 MiB, 24576 MiB, 47 %
2026/09/05 05:00:36.687, NVIDIA GeForce RTX 3090, P2, 270.00 W, 229.05 W, 71, 5470 MiB, 24576 MiB, 15 %
2026/09/05 05:00:46.688, NVIDIA GeForce RTX 3090, P2, 270.00 W, 232.19 W, 73, 5972 MiB, 24576 MiB, 47 %
2026/09/05 05:00:56.689, NVIDIA GeForce RTX 3090, P2, 270.00 W, 216.01 W, 72, 5972 MiB, 24576 MiB, 45 %
2026/09/05 05:01:06.691, NVIDIA GeForce RTX 3090, P2, 270.00 W, 220.52 W, 72, 5972 MiB, 24576 MiB, 3 %
2026/09/05 05:01:16.692, NVIDIA GeForce RTX 3090, P2, 270.00 W, 225.40 W, 71, 5972 MiB, 24576 MiB, 33 %
2026/09/05 05:01:26.693, NVIDIA GeForce RTX 3090, P2, 270.00 W, 221.42 W, 74, 5972 MiB, 24576 MiB, 18 %
2026/09/05 05:01:36.695, NVIDIA GeForce RTX 3090, P2, 270.00 W, 208.81 W, 71, 5972 MiB, 24576 MiB, 30 %
2026/09/05 05:01:46.696, NVIDIA GeForce RTX 3090, P2, 270.00 W, 228.77 W, 72, 5972 MiB, 24576 MiB, 23 %
2026/09/05 05:01:56.697, NVIDIA GeForce RTX 3090, P2, 270.00 W, 236.35 W, 73, 5972 MiB, 24576 MiB, 48 %
2026/09/05 05:02:06.698, NVIDIA GeForce RTX 3090, P2, 270.00 W, 233.53 W, 72, 5972 MiB, 24576 MiB, 26 %
2026/09/05 05:02:16.700, NVIDIA GeForce RTX 3090, P2, 270.00 W, 220.67 W, 73, 5972 MiB, 24576 MiB, 30 %
2026/09/05 05:02:26.701, NVIDIA GeForce RTX 3090, P2, 270.00 W, 219.38 W, 71, 5972 MiB, 24576 MiB, 46 %
2026/09/05 05:02:36.702, NVIDIA GeForce RTX 3090, P2, 270.00 W, 231.00 W, 73, 5972 MiB, 24576 MiB, 48 %
2026/09/05 05:02:46.703, NVIDIA GeForce RTX 3090, P2, 270.00 W, 218.57 W, 71, 5972 MiB, 24576 MiB, 52 %
2026/09/05 05:02:56.705, NVIDIA GeForce RTX 3090, P2, 270.00 W, 219.25 W, 73, 5972 MiB, 24576 MiB, 46 %
2026/09/05 05:03:06.706, NVIDIA GeForce RTX 3090, P2, 270.00 W, 208.18 W, 72, 5972 MiB, 24576 MiB, 12 %
2026/09/05 05:03:16.707, NVIDIA GeForce RTX 3090, P2, 270.00 W, 217.04 W, 71, 5972 MiB, 24576 MiB, 31 %
2026/09/05 05:03:26.709, NVIDIA GeForce RTX 3090, P2, 270.00 W, 231.83 W, 72, 5972 MiB, 24576 MiB, 25 %
2026/09/05 05:03:36.710, NVIDIA GeForce RTX 3090, P2, 270.00 W, 227.42 W, 73, 5972 MiB, 24576 MiB, 40 %
2026/09/05 05:03:46.711, NVIDIA GeForce RTX 3090, P2, 270.00 W, 211.81 W, 72, 5972 MiB, 24576 MiB, 12 %
2026/09/05 05:03:56.712, NVIDIA GeForce RTX 3090, P2, 270.00 W, 214.20 W, 71, 5972 MiB, 24576 MiB, 37 %
2026/09/05 05:04:06.714, NVIDIA GeForce RTX 3090, P2, 270.00 W, 232.23 W, 73, 5972 MiB, 24576 MiB, 47 %
2026/09/05 05:04:16.715, NVIDIA GeForce RTX 3090, P2, 270.00 W, 222.13 W, 71, 5972 MiB, 24576 MiB, 47 %
2026/09/05 05:04:26.716, NVIDIA GeForce RTX 3090, P2, 270.00 W, 220.74 W, 73, 5972 MiB, 24576 MiB, 47 %
2026/09/05 05:04:36.717, NVIDIA GeForce RTX 3090, P2, 270.00 W, 205.65 W, 71, 5972 MiB, 24576 MiB, 11 %
2026/09/05 05:04:46.718, NVIDIA GeForce RTX 3090, P2, 270.00 W, 222.14 W, 72, 5972 MiB, 24576 MiB, 30 %
2026/09/05 05:04:56.720, NVIDIA GeForce RTX 3090, P2, 270.00 W, 233.12 W, 72, 5972 MiB, 24576 MiB, 30 %
2026/09/05 05:05:06.721, NVIDIA GeForce RTX 3090, P2, 270.00 W, 234.73 W, 73, 5972 MiB, 24576 MiB, 47 %
2026/09/05 05:05:16.722, NVIDIA GeForce RTX 3090, P2, 270.00 W, 229.57 W, 74, 5972 MiB, 24576 MiB, 47 %
2026/09/05 05:05:26.723, NVIDIA GeForce RTX 3090, P2, 270.00 W, 207.48 W, 71, 5972 MiB, 24576 MiB, 13 %
2026/09/05 05:05:36.725, NVIDIA GeForce RTX 3090, P2, 270.00 W, 221.05 W, 72, 5972 MiB, 24576 MiB, 7 %
2026/09/05 05:05:46.726, NVIDIA GeForce RTX 3090, P2, 270.00 W, 231.25 W, 71, 5972 MiB, 24576 MiB, 30 %
2026/09/05 05:05:56.727, NVIDIA GeForce RTX 3090, P2, 270.00 W, 219.46 W, 73, 5972 MiB, 24576 MiB, 30 %
2026/09/05 05:06:06.728, NVIDIA GeForce RTX 3090, P2, 270.00 W, 221.48 W, 72, 5972 MiB, 24576 MiB, 30 %
2026/09/05 05:06:16.730, NVIDIA GeForce RTX 3090, P2, 270.00 W, 210.71 W, 71, 5972 MiB, 24576 MiB, 21 %
2026/09/05 05:06:26.731, NVIDIA GeForce RTX 3090, P2, 270.00 W, 220.68 W, 71, 5972 MiB, 24576 MiB, 15 %
2026/09/05 05:06:36.733, NVIDIA GeForce RTX 3090, P2, 270.00 W, 235.54 W, 71, 5972 MiB, 24576 MiB, 30 %
2026/09/05 05:06:46.734, NVIDIA GeForce RTX 3090, P2, 270.00 W, 219.58 W, 73, 5972 MiB, 24576 MiB, 27 %
2026/09/05 05:06:56.736, NVIDIA GeForce RTX 3090, P2, 270.00 W, 216.59 W, 73, 5972 MiB, 24576 MiB, 30 %
2026/09/05 05:07:06.737, NVIDIA GeForce RTX 3090, P2, 270.00 W, 209.05 W, 72, 5972 MiB, 24576 MiB, 48 %
2026/09/05 05:07:16.739, NVIDIA GeForce RTX 3090, P2, 270.00 W, 221.22 W, 71, 5972 MiB, 24576 MiB, 14 %
2026/09/05 05:07:26.740, NVIDIA GeForce RTX 3090, P2, 270.00 W, 222.66 W, 71, 5972 MiB, 24576 MiB, 31 %
2026/09/05 05:07:36.741, NVIDIA GeForce RTX 3090, P2, 270.00 W, 218.33 W, 73, 5972 MiB, 24576 MiB, 46 %
2026/09/05 05:07:46.743, NVIDIA GeForce RTX 3090, P2, 270.00 W, 216.17 W, 71, 5972 MiB, 24576 MiB, 35 %
2026/09/05 05:07:56.744, NVIDIA GeForce RTX 3090, P2, 270.00 W, 230.07 W, 73, 5972 MiB, 24576 MiB, 47 %
2026/09/05 05:08:06.745, NVIDIA GeForce RTX 3090, P2, 270.00 W, 227.16 W, 73, 5972 MiB, 24576 MiB, 47 %
2026/09/05 05:08:16.747, NVIDIA GeForce RTX 3090, P2, 270.00 W, 212.59 W, 73, 5972 MiB, 24576 MiB, 0 %
2026/09/05 05:08:26.748, NVIDIA GeForce RTX 3090, P2, 270.00 W, 230.03 W, 72, 5972 MiB, 24576 MiB, 48 %
2026/09/05 05:08:36.749, NVIDIA GeForce RTX 3090, P2, 270.00 W, 235.99 W, 72, 5972 MiB, 24576 MiB, 28 %
2026/09/05 05:08:46.750, NVIDIA GeForce RTX 3090, P2, 270.00 W, 223.52 W, 73, 5972 MiB, 24576 MiB, 31 %
2026/09/05 05:08:56.752, NVIDIA GeForce RTX 3090, P2, 270.00 W, 216.26 W, 72, 5972 MiB, 24576 MiB, 5 %
2026/09/05 05:09:06.753, NVIDIA GeForce RTX 3090, P2, 270.00 W, 216.27 W, 71, 5972 MiB, 24576 MiB, 40 %
2026/09/05 05:09:16.754, NVIDIA GeForce RTX 3090, P2, 270.00 W, 223.12 W, 72, 5972 MiB, 24576 MiB, 48 %
2026/09/05 05:09:26.756, NVIDIA GeForce RTX 3090, P2, 270.00 W, 236.53 W, 72, 5972 MiB, 24576 MiB, 6 %
2026/09/05 05:09:36.757, NVIDIA GeForce RTX 3090, P2, 270.00 W, 216.41 W, 73, 5972 MiB, 24576 MiB, 30 %
2026/09/05 05:09:46.758, NVIDIA GeForce RTX 3090, P2, 270.00 W, 217.21 W, 73, 5972 MiB, 24576 MiB, 47 %
2026/09/05 05:09:56.760, NVIDIA GeForce RTX 3090, P2, 270.00 W, 213.42 W, 71, 5972 MiB, 24576 MiB, 48 %
2026/09/05 05:10:06.761, NVIDIA GeForce RTX 3090, P2, 270.00 W, 238.76 W, 73, 5972 MiB, 24576 MiB, 46 %
2026/09/05 05:10:16.762, NVIDIA GeForce RTX 3090, P2, 270.00 W, 231.82 W, 73, 5972 MiB, 24576 MiB, 48 %
2026/09/05 05:10:26.763, NVIDIA GeForce RTX 3090, P2, 270.00 W, 216.23 W, 72, 5972 MiB, 24576 MiB, 0 %
2026/09/05 05:10:36.765, NVIDIA GeForce RTX 3090, P2, 270.00 W, 213.51 W, 71, 5972 MiB, 24576 MiB, 42 %
2026/09/05 05:10:46.766, NVIDIA GeForce RTX 3090, P2, 270.00 W, 222.93 W, 72, 5972 MiB, 24576 MiB, 38 %
2026/09/05 05:10:56.768, NVIDIA GeForce RTX 3090, P2, 270.00 W, 227.73 W, 72, 5972 MiB, 24576 MiB, 50 %
2026/09/05 05:11:06.769, NVIDIA GeForce RTX 3090, P2, 270.00 W, 228.43 W, 75, 5972 MiB, 24576 MiB, 43 %
2026/09/05 05:11:16.770, NVIDIA GeForce RTX 3090, P2, 270.00 W, 211.48 W, 71, 5972 MiB, 24576 MiB, 48 %
2026/09/05 05:11:26.771, NVIDIA GeForce RTX 3090, P2, 270.00 W, 227.95 W, 72, 5972 MiB, 24576 MiB, 48 %
2026/09/05 05:11:36.773, NVIDIA GeForce RTX 3090, P2, 270.00 W, 230.21 W, 73, 5972 MiB, 24576 MiB, 47 %
2026/09/05 05:11:46.775, NVIDIA GeForce RTX 3090, P2, 270.00 W, 223.10 W, 72, 5972 MiB, 24576 MiB, 39 %
2026/09/05 05:11:56.776, NVIDIA GeForce RTX 3090, P2, 270.00 W, 221.25 W, 71, 5972 MiB, 24576 MiB, 44 %
2026/09/05 05:12:06.778, NVIDIA GeForce RTX 3090, P2, 270.00 W, 217.99 W, 73, 5972 MiB, 24576 MiB, 49 %
2026/09/05 05:12:16.779, NVIDIA GeForce RTX 3090, P2, 270.00 W, 235.84 W, 72, 5972 MiB, 24576 MiB, 5 %
2026/09/05 05:12:26.781, NVIDIA GeForce RTX 3090, P2, 270.00 W, 223.51 W, 73, 5972 MiB, 24576 MiB, 2 %
2026/09/05 05:12:36.783, NVIDIA GeForce RTX 3090, P2, 270.00 W, 204.93 W, 71, 5972 MiB, 24576 MiB, 34 %
2026/09/05 05:12:46.784, NVIDIA GeForce RTX 3090, P2, 270.00 W, 221.35 W, 71, 5972 MiB, 24576 MiB, 30 %
2026/09/05 05:12:56.786, NVIDIA GeForce RTX 3090, P2, 270.00 W, 225.03 W, 72, 5972 MiB, 24576 MiB, 48 %
2026/09/05 05:13:06.787, NVIDIA GeForce RTX 3090, P2, 270.00 W, 228.06 W, 73, 5972 MiB, 24576 MiB, 48 %
2026/09/05 05:13:16.789, NVIDIA GeForce RTX 3090, P2, 270.00 W, 208.50 W, 71, 5972 MiB, 24576 MiB, 6 %
2026/09/05 05:13:26.790, NVIDIA GeForce RTX 3090, P2, 270.00 W, 231.21 W, 73, 5972 MiB, 24576 MiB, 47 %
2026/09/05 05:13:36.792, NVIDIA GeForce RTX 3090, P2, 270.00 W, 227.54 W, 73, 5972 MiB, 24576 MiB, 46 %
2026/09/05 05:13:46.793, NVIDIA GeForce RTX 3090, P2, 270.00 W, 209.04 W, 73, 5972 MiB, 24576 MiB, 16 %
2026/09/05 05:13:56.794, NVIDIA GeForce RTX 3090, P2, 270.00 W, 224.09 W, 73, 5972 MiB, 24576 MiB, 6 %
2026/09/05 05:14:06.796, NVIDIA GeForce RTX 3090, P2, 270.00 W, 231.08 W, 71, 5972 MiB, 24576 MiB, 34 %
2026/09/05 05:14:16.797, NVIDIA GeForce RTX 3090, P2, 270.00 W, 224.14 W, 72, 5972 MiB, 24576 MiB, 48 %
2026/09/05 05:14:26.799, NVIDIA GeForce RTX 3090, P2, 270.00 W, 222.10 W, 71, 5972 MiB, 24576 MiB, 21 %
2026/09/05 05:14:36.800, NVIDIA GeForce RTX 3090, P2, 270.00 W, 221.14 W, 74, 5972 MiB, 24576 MiB, 0 %
2026/09/05 05:14:46.802, NVIDIA GeForce RTX 3090, P2, 270.00 W, 222.24 W, 71, 5972 MiB, 24576 MiB, 46 %
2026/09/05 05:14:56.803, NVIDIA GeForce RTX 3090, P2, 270.00 W, 225.44 W, 73, 5972 MiB, 24576 MiB, 46 %
2026/09/05 05:15:06.804, NVIDIA GeForce RTX 3090, P2, 270.00 W, 229.84 W, 72, 5972 MiB, 24576 MiB, 26 %
2026/09/05 05:15:16.805, NVIDIA GeForce RTX 3090, P2, 270.00 W, 219.38 W, 73, 5972 MiB, 24576 MiB, 31 %
2026/09/05 05:15:26.807, NVIDIA GeForce RTX 3090, P2, 270.00 W, 209.43 W, 71, 5972 MiB, 24576 MiB, 0 %
2026/09/05 05:15:36.808, NVIDIA GeForce RTX 3090, P2, 270.00 W, 226.95 W, 72, 5972 MiB, 24576 MiB, 40 %
2026/09/05 05:15:46.809, NVIDIA GeForce RTX 3090, P2, 270.00 W, 230.72 W, 72, 5972 MiB, 24576 MiB, 30 %
2026/09/05 05:15:56.811, NVIDIA GeForce RTX 3090, P2, 270.00 W, 227.35 W, 73, 5972 MiB, 24576 MiB, 47 %
2026/09/05 05:16:06.812, NVIDIA GeForce RTX 3090, P2, 270.00 W, 218.61 W, 73, 5972 MiB, 24576 MiB, 18 %
2026/09/05 05:16:16.813, NVIDIA GeForce RTX 3090, P2, 270.00 W, 217.76 W, 72, 5972 MiB, 24576 MiB, 46 %
2026/09/05 05:16:26.815, NVIDIA GeForce RTX 3090, P2, 270.00 W, 223.58 W, 72, 5972 MiB, 24576 MiB, 39 %
2026/09/05 05:16:36.816, NVIDIA GeForce RTX 3090, P2, 270.00 W, 236.64 W, 72, 5972 MiB, 24576 MiB, 29 %
2026/09/05 05:16:46.817, NVIDIA GeForce RTX 3090, P2, 270.00 W, 225.29 W, 74, 5972 MiB, 24576 MiB, 0 %
2026/09/05 05:16:56.819, NVIDIA GeForce RTX 3090, P2, 270.00 W, 218.21 W, 72, 5972 MiB, 24576 MiB, 48 %
2026/09/05 05:17:06.820, NVIDIA GeForce RTX 3090, P2, 270.00 W, 224.17 W, 71, 5972 MiB, 24576 MiB, 23 %
2026/09/05 05:17:16.821, NVIDIA GeForce RTX 3090, P2, 270.00 W, 228.03 W, 73, 5972 MiB, 24576 MiB, 43 %
2026/09/05 05:17:26.823, NVIDIA GeForce RTX 3090, P2, 270.00 W, 221.64 W, 72, 5972 MiB, 24576 MiB, 49 %
2026/09/05 05:17:36.824, NVIDIA GeForce RTX 3090, P2, 270.00 W, 222.93 W, 74, 5972 MiB, 24576 MiB, 46 %
2026/09/05 05:17:46.825, NVIDIA GeForce RTX 3090, P2, 270.00 W, 209.78 W, 71, 5972 MiB, 24576 MiB, 0 %
2026/09/05 05:17:56.826, NVIDIA GeForce RTX 3090, P2, 270.00 W, 227.75 W, 74, 5972 MiB, 24576 MiB, 46 %
2026/09/05 05:18:06.828, NVIDIA GeForce RTX 3090, P2, 270.00 W, 233.95 W, 72, 5972 MiB, 24576 MiB, 5 %
2026/09/05 05:18:16.829, NVIDIA GeForce RTX 3090, P2, 270.00 W, 218.15 W, 71, 5972 MiB, 24576 MiB, 46 %
2026/09/05 05:18:26.830, NVIDIA GeForce RTX 3090, P2, 270.00 W, 220.70 W, 74, 5972 MiB, 24576 MiB, 0 %
2026/09/05 05:18:36.831, NVIDIA GeForce RTX 3090, P2, 270.00 W, 215.32 W, 71, 5972 MiB, 24576 MiB, 47 %
2026/09/05 05:18:46.833, NVIDIA GeForce RTX 3090, P2, 270.00 W, 223.51 W, 72, 5972 MiB, 24576 MiB, 26 %
2026/09/05 05:18:56.834, NVIDIA GeForce RTX 3090, P2, 270.00 W, 227.49 W, 72, 5972 MiB, 24576 MiB, 9 %
2026/09/05 05:19:06.835, NVIDIA GeForce RTX 3090, P2, 270.00 W, 211.99 W, 71, 5972 MiB, 24576 MiB, 30 %
2026/09/05 05:19:16.836, NVIDIA GeForce RTX 3090, P2, 270.00 W, 216.94 W, 71, 5972 MiB, 24576 MiB, 0 %
2026/09/05 05:19:26.838, NVIDIA GeForce RTX 3090, P2, 270.00 W, 224.10 W, 72, 5972 MiB, 24576 MiB, 48 %
2026/09/05 05:19:36.839, NVIDIA GeForce RTX 3090, P2, 270.00 W, 235.30 W, 73, 5972 MiB, 24576 MiB, 47 %
2026/09/05 05:19:46.840, NVIDIA GeForce RTX 3090, P2, 270.00 W, 220.73 W, 74, 5972 MiB, 24576 MiB, 46 %
2026/09/05 05:19:56.841, NVIDIA GeForce RTX 3090, P2, 270.00 W, 208.29 W, 71, 5972 MiB, 24576 MiB, 48 %
2026/09/05 05:20:06.842, NVIDIA GeForce RTX 3090, P2, 270.00 W, 228.68 W, 73, 5972 MiB, 24576 MiB, 48 %
2026/09/05 05:20:16.844, NVIDIA GeForce RTX 3090, P2, 270.00 W, 228.04 W, 73, 5972 MiB, 24576 MiB, 48 %
2026/09/05 05:20:26.845, NVIDIA GeForce RTX 3090, P2, 270.00 W, 215.98 W, 73, 5972 MiB, 24576 MiB, 0 %
2026/09/05 05:20:36.846, NVIDIA GeForce RTX 3090, P2, 270.00 W, 217.22 W, 71, 5972 MiB, 24576 MiB, 31 %
2026/09/05 05:20:46.847, NVIDIA GeForce RTX 3090, P2, 270.00 W, 228.51 W, 71, 5972 MiB, 24576 MiB, 27 %
2026/09/05 05:20:56.848, NVIDIA GeForce RTX 3090, P2, 270.00 W, 223.01 W, 73, 5972 MiB, 24576 MiB, 39 %
2026/09/05 05:21:06.850, NVIDIA GeForce RTX 3090, P2, 270.00 W, 223.74 W, 71, 5972 MiB, 24576 MiB, 1 %
2026/09/05 05:21:16.851, NVIDIA GeForce RTX 3090, P2, 270.00 W, 223.00 W, 73, 5972 MiB, 24576 MiB, 47 %
2026/09/05 05:21:26.852, NVIDIA GeForce RTX 3090, P2, 270.00 W, 231.60 W, 73, 5972 MiB, 24576 MiB, 46 %
2026/09/05 05:21:36.853, NVIDIA GeForce RTX 3090, P2, 270.00 W, 218.54 W, 73, 5972 MiB, 24576 MiB, 30 %
2026/09/05 05:21:46.854, NVIDIA GeForce RTX 3090, P2, 270.00 W, 222.53 W, 71, 5972 MiB, 24576 MiB, 45 %
2026/09/05 05:21:56.856, NVIDIA GeForce RTX 3090, P2, 270.00 W, 220.83 W, 72, 5972 MiB, 24576 MiB, 48 %
2026/09/05 05:22:06.857, NVIDIA GeForce RTX 3090, P2, 270.00 W, 225.73 W, 73, 5972 MiB, 24576 MiB, 47 %
2026/09/05 05:22:16.858, NVIDIA GeForce RTX 3090, P2, 270.00 W, 215.09 W, 73, 5972 MiB, 24576 MiB, 46 %
2026/09/05 05:22:26.859, NVIDIA GeForce RTX 3090, P2, 270.00 W, 221.04 W, 72, 5972 MiB, 24576 MiB, 30 %
2026/09/05 05:22:36.860, NVIDIA GeForce RTX 3090, P2, 270.00 W, 237.46 W, 73, 5972 MiB, 24576 MiB, 39 %
2026/09/05 05:22:46.862, NVIDIA GeForce RTX 3090, P2, 270.00 W, 222.49 W, 72, 5972 MiB, 24576 MiB, 49 %
2026/09/05 05:22:56.863, NVIDIA GeForce RTX 3090, P2, 270.00 W, 212.18 W, 73, 5972 MiB, 24576 MiB, 30 %
2026/09/05 05:23:06.864, NVIDIA GeForce RTX 3090, P2, 270.00 W, 217.18 W, 73, 5972 MiB, 24576 MiB, 42 %
2026/09/05 05:23:16.865, NVIDIA GeForce RTX 3090, P2, 270.00 W, 209.57 W, 71, 5972 MiB, 24576 MiB, 0 %
2026/09/05 05:23:26.867, NVIDIA GeForce RTX 3090, P2, 270.00 W, 227.49 W, 73, 5972 MiB, 24576 MiB, 5 %
2026/09/05 05:23:36.868, NVIDIA GeForce RTX 3090, P2, 270.00 W, 224.59 W, 72, 5972 MiB, 24576 MiB, 42 %
2026/09/05 05:23:46.869, NVIDIA GeForce RTX 3090, P2, 270.00 W, 223.81 W, 74, 5972 MiB, 24576 MiB, 31 %
2026/09/05 05:23:56.870, NVIDIA GeForce RTX 3090, P2, 270.00 W, 218.14 W, 73, 5972 MiB, 24576 MiB, 47 %
2026/09/05 05:24:06.871, NVIDIA GeForce RTX 3090, P2, 270.00 W, 226.18 W, 71, 5972 MiB, 24576 MiB, 48 %
2026/09/05 05:24:16.872, NVIDIA GeForce RTX 3090, P2, 270.00 W, 225.59 W, 73, 5972 MiB, 24576 MiB, 47 %
2026/09/05 05:24:26.873, NVIDIA GeForce RTX 3090, P2, 270.00 W, 229.01 W, 72, 5972 MiB, 24576 MiB, 50 %
2026/09/05 05:24:36.874, NVIDIA GeForce RTX 3090, P2, 270.00 W, 228.70 W, 73, 5972 MiB, 24576 MiB, 46 %
2026/09/05 05:24:46.876, NVIDIA GeForce RTX 3090, P2, 270.00 W, 218.24 W, 71, 5972 MiB, 24576 MiB, 0 %
2026/09/05 05:24:56.877, NVIDIA GeForce RTX 3090, P2, 270.00 W, 223.58 W, 72, 5972 MiB, 24576 MiB, 27 %
2026/09/05 05:25:06.878, NVIDIA GeForce RTX 3090, P2, 270.00 W, 232.61 W, 71, 5972 MiB, 24576 MiB, 4 %
2026/09/05 05:25:16.879, NVIDIA GeForce RTX 3090, P2, 270.00 W, 222.97 W, 73, 5972 MiB, 24576 MiB, 30 %
2026/09/05 05:25:26.880, NVIDIA GeForce RTX 3090, P2, 270.00 W, 218.23 W, 73, 5972 MiB, 24576 MiB, 17 %
2026/09/05 05:25:36.881, NVIDIA GeForce RTX 3090, P2, 270.00 W, 224.02 W, 72, 5972 MiB, 24576 MiB, 15 %
2026/09/05 05:25:46.882, NVIDIA GeForce RTX 3090, P2, 270.00 W, 224.95 W, 72, 5972 MiB, 24576 MiB, 48 %
2026/09/05 05:25:56.884, NVIDIA GeForce RTX 3090, P2, 270.00 W, 221.32 W, 72, 5972 MiB, 24576 MiB, 47 %
2026/09/05 05:26:06.885, NVIDIA GeForce RTX 3090, P2, 270.00 W, 213.16 W, 73, 5972 MiB, 24576 MiB, 47 %
2026/09/05 05:26:16.886, NVIDIA GeForce RTX 3090, P2, 270.00 W, 214.91 W, 71, 5972 MiB, 24576 MiB, 43 %
2026/09/05 05:26:26.887, NVIDIA GeForce RTX 3090, P2, 270.00 W, 234.63 W, 71, 5972 MiB, 24576 MiB, 6 %
2026/09/05 05:26:36.888, NVIDIA GeForce RTX 3090, P2, 270.00 W, 223.15 W, 73, 5972 MiB, 24576 MiB, 46 %
2026/09/05 05:26:46.889, NVIDIA GeForce RTX 3090, P2, 270.00 W, 209.88 W, 72, 5972 MiB, 24576 MiB, 30 %
2026/09/05 05:26:56.890, NVIDIA GeForce RTX 3090, P2, 270.00 W, 222.36 W, 72, 5972 MiB, 24576 MiB, 30 %
2026/09/05 05:27:06.891, NVIDIA GeForce RTX 3090, P2, 270.00 W, 219.64 W, 72, 5972 MiB, 24576 MiB, 17 %
2026/09/05 05:27:16.893, NVIDIA GeForce RTX 3090, P2, 270.00 W, 236.27 W, 72, 5972 MiB, 24576 MiB, 7 %
2026/09/05 05:27:26.894, NVIDIA GeForce RTX 3090, P2, 270.00 W, 228.53 W, 73, 5972 MiB, 24576 MiB, 47 %
2026/09/05 05:27:36.895, NVIDIA GeForce RTX 3090, P2, 270.00 W, 217.83 W, 74, 5972 MiB, 24576 MiB, 0 %
2026/09/05 05:27:46.896, NVIDIA GeForce RTX 3090, P2, 270.00 W, 210.55 W, 71, 5972 MiB, 24576 MiB, 48 %
2026/09/05 05:27:56.898, NVIDIA GeForce RTX 3090, P2, 270.00 W, 231.52 W, 72, 5972 MiB, 24576 MiB, 34 %
2026/09/05 05:28:06.899, NVIDIA GeForce RTX 3090, P2, 270.00 W, 223.13 W, 73, 5972 MiB, 24576 MiB, 29 %
2026/09/05 05:28:16.900, NVIDIA GeForce RTX 3090, P2, 270.00 W, 214.70 W, 71, 5972 MiB, 24576 MiB, 47 %
2026/09/05 05:28:26.901, NVIDIA GeForce RTX 3090, P2, 270.00 W, 226.69 W, 73, 5972 MiB, 24576 MiB, 47 %
2026/09/05 05:28:36.903, NVIDIA GeForce RTX 3090, P2, 270.00 W, 230.11 W, 72, 5972 MiB, 24576 MiB, 10 %
2026/09/05 05:28:46.904, NVIDIA GeForce RTX 3090, P2, 270.00 W, 223.57 W, 73, 5972 MiB, 24576 MiB, 33 %
2026/09/05 05:28:56.905, NVIDIA GeForce RTX 3090, P2, 270.00 W, 209.81 W, 71, 5972 MiB, 24576 MiB, 24 %
2026/09/05 05:29:06.907, NVIDIA GeForce RTX 3090, P2, 270.00 W, 203.81 W, 71, 5972 MiB, 24576 MiB, 50 %
2026/09/05 05:29:16.908, NVIDIA GeForce RTX 3090, P2, 270.00 W, 221.67 W, 72, 5972 MiB, 24576 MiB, 5 %
2026/09/05 05:29:26.909, NVIDIA GeForce RTX 3090, P2, 270.00 W, 216.31 W, 73, 5972 MiB, 24576 MiB, 54 %
2026/09/05 05:29:36.911, NVIDIA GeForce RTX 3090, P2, 270.00 W, 232.60 W, 72, 5972 MiB, 24576 MiB, 34 %
2026/09/05 05:29:46.912, NVIDIA GeForce RTX 3090, P2, 270.00 W, 216.59 W, 73, 5972 MiB, 24576 MiB, 29 %
2026/09/05 05:29:56.913, NVIDIA GeForce RTX 3090, P2, 270.00 W, 211.18 W, 71, 5972 MiB, 24576 MiB, 0 %
2026/09/05 05:30:06.914, NVIDIA GeForce RTX 3090, P2, 270.00 W, 232.22 W, 73, 5972 MiB, 24576 MiB, 47 %
2026/09/05 05:30:16.916, NVIDIA GeForce RTX 3090, P2, 270.00 W, 236.16 W, 72, 5972 MiB, 24576 MiB, 21 %
2026/09/05 05:30:26.917, NVIDIA GeForce RTX 3090, P2, 270.00 W, 228.41 W, 73, 5972 MiB, 24576 MiB, 4 %
2026/09/05 05:30:36.918, NVIDIA GeForce RTX 3090, P2, 270.00 W, 209.80 W, 71, 5972 MiB, 24576 MiB, 47 %
2026/09/05 05:30:46.919, NVIDIA GeForce RTX 3090, P2, 270.00 W, 225.73 W, 73, 5972 MiB, 24576 MiB, 6 %
2026/09/05 05:30:56.920, NVIDIA GeForce RTX 3090, P2, 270.00 W, 227.00 W, 72, 5972 MiB, 24576 MiB, 30 %
2026/09/05 05:31:06.922, NVIDIA GeForce RTX 3090, P2, 270.00 W, 234.34 W, 73, 5972 MiB, 24576 MiB, 47 %
2026/09/05 05:31:16.923, NVIDIA GeForce RTX 3090, P2, 270.00 W, 216.89 W, 73, 5972 MiB, 24576 MiB, 25 %
2026/09/05 05:31:26.925, NVIDIA GeForce RTX 3090, P2, 270.00 W, 203.81 W, 72, 5972 MiB, 24576 MiB, 48 %
2026/09/05 05:31:36.926, NVIDIA GeForce RTX 3090, P2, 270.00 W, 224.91 W, 74, 5972 MiB, 24576 MiB, 9 %
2026/09/05 05:31:46.927, NVIDIA GeForce RTX 3090, P2, 270.00 W, 233.40 W, 72, 5972 MiB, 24576 MiB, 47 %
2026/09/05 05:31:56.928, NVIDIA GeForce RTX 3090, P2, 270.00 W, 222.43 W, 73, 5972 MiB, 24576 MiB, 0 %
2026/09/05 05:32:06.930, NVIDIA GeForce RTX 3090, P2, 270.00 W, 206.93 W, 71, 5972 MiB, 24576 MiB, 0 %
2026/09/05 05:32:16.931, NVIDIA GeForce RTX 3090, P2, 270.00 W, 231.66 W, 72, 5972 MiB, 24576 MiB, 23 %
2026/09/05 05:32:26.932, NVIDIA GeForce RTX 3090, P2, 270.00 W, 233.77 W, 72, 5972 MiB, 24576 MiB, 36 %
2026/09/05 05:32:36.934, NVIDIA GeForce RTX 3090, P2, 270.00 W, 217.55 W, 71, 5972 MiB, 24576 MiB, 30 %
2026/09/05 05:32:46.935, NVIDIA GeForce RTX 3090, P2, 270.00 W, 221.49 W, 73, 5972 MiB, 24576 MiB, 6 %
2026/09/05 05:32:56.937, NVIDIA GeForce RTX 3090, P2, 270.00 W, 221.02 W, 72, 5972 MiB, 24576 MiB, 46 %
2026/09/05 05:33:06.938, NVIDIA GeForce RTX 3090, P2, 270.00 W, 230.57 W, 72, 5972 MiB, 24576 MiB, 48 %
2026/09/05 05:33:16.940, NVIDIA GeForce RTX 3090, P2, 270.00 W, 221.53 W, 72, 5972 MiB, 24576 MiB, 41 %
2026/09/05 05:33:26.941, NVIDIA GeForce RTX 3090, P2, 270.00 W, 209.86 W, 72, 5972 MiB, 24576 MiB, 22 %
2026/09/05 05:33:36.943, NVIDIA GeForce RTX 3090, P2, 270.00 W, 224.38 W, 73, 5972 MiB, 24576 MiB, 47 %
2026/09/05 05:33:46.945, NVIDIA GeForce RTX 3090, P2, 270.00 W, 232.03 W, 72, 6474 MiB, 24576 MiB, 30 %
2026/09/05 05:33:56.946, NVIDIA GeForce RTX 3090, P2, 270.00 W, 226.37 W, 73, 6474 MiB, 24576 MiB, 40 %
2026/09/05 05:34:06.948, NVIDIA GeForce RTX 3090, P2, 270.00 W, 220.46 W, 73, 6474 MiB, 24576 MiB, 4 %
2026/09/05 05:34:16.949, NVIDIA GeForce RTX 3090, P2, 270.00 W, 216.88 W, 73, 6474 MiB, 24576 MiB, 38 %
2026/09/05 05:34:26.951, NVIDIA GeForce RTX 3090, P2, 270.00 W, 222.13 W, 72, 6474 MiB, 24576 MiB, 5 %
2026/09/05 05:34:36.952, NVIDIA GeForce RTX 3090, P2, 270.00 W, 231.85 W, 72, 6474 MiB, 24576 MiB, 34 %
2026/09/05 05:34:46.953, NVIDIA GeForce RTX 3090, P2, 270.00 W, 227.19 W, 73, 6474 MiB, 24576 MiB, 46 %
2026/09/05 05:34:56.955, NVIDIA GeForce RTX 3090, P2, 270.00 W, 225.34 W, 74, 6474 MiB, 24576 MiB, 46 %
2026/09/05 05:35:06.956, NVIDIA GeForce RTX 3090, P2, 270.00 W, 212.62 W, 71, 6474 MiB, 24576 MiB, 0 %
2026/09/05 05:35:16.957, NVIDIA GeForce RTX 3090, P2, 270.00 W, 227.28 W, 73, 6474 MiB, 24576 MiB, 44 %
2026/09/05 05:35:26.959, NVIDIA GeForce RTX 3090, P2, 270.00 W, 235.26 W, 72, 6474 MiB, 24576 MiB, 38 %
2026/09/05 05:35:36.960, NVIDIA GeForce RTX 3090, P2, 270.00 W, 202.02 W, 71, 6474 MiB, 24576 MiB, 48 %
2026/09/05 05:35:46.961, NVIDIA GeForce RTX 3090, P2, 270.00 W, 217.75 W, 71, 6474 MiB, 24576 MiB, 4 %
2026/09/05 05:35:56.962, NVIDIA GeForce RTX 3090, P2, 270.00 W, 225.95 W, 72, 6474 MiB, 24576 MiB, 23 %
2026/09/05 05:36:06.963, NVIDIA GeForce RTX 3090, P2, 270.00 W, 235.43 W, 73, 6474 MiB, 24576 MiB, 47 %
2026/09/05 05:36:16.964, NVIDIA GeForce RTX 3090, P2, 270.00 W, 226.70 W, 73, 6474 MiB, 24576 MiB, 47 %
2026/09/05 05:36:26.965, NVIDIA GeForce RTX 3090, P2, 270.00 W, 227.52 W, 74, 6474 MiB, 24576 MiB, 0 %
2026/09/05 05:36:36.966, NVIDIA GeForce RTX 3090, P2, 270.00 W, 210.28 W, 71, 6474 MiB, 24576 MiB, 0 %
2026/09/05 05:36:46.968, NVIDIA GeForce RTX 3090, P2, 270.00 W, 217.49 W, 71, 6474 MiB, 24576 MiB, 6 %
2026/09/05 05:36:56.969, NVIDIA GeForce RTX 3090, P2, 270.00 W, 231.74 W, 73, 6474 MiB, 24576 MiB, 30 %
2026/09/05 05:37:06.970, NVIDIA GeForce RTX 3090, P2, 270.00 W, 220.42 W, 72, 6474 MiB, 24576 MiB, 31 %
2026/09/05 05:37:16.971, NVIDIA GeForce RTX 3090, P2, 270.00 W, 218.89 W, 74, 6474 MiB, 24576 MiB, 0 %
2026/09/05 05:37:26.972, NVIDIA GeForce RTX 3090, P2, 270.00 W, 214.44 W, 72, 6474 MiB, 24576 MiB, 10 %
2026/09/05 05:37:36.973, NVIDIA GeForce RTX 3090, P2, 270.00 W, 233.52 W, 72, 6474 MiB, 24576 MiB, 35 %
2026/09/05 05:37:46.974, NVIDIA GeForce RTX 3090, P2, 270.00 W, 228.84 W, 73, 6474 MiB, 24576 MiB, 46 %
2026/09/05 05:37:56.975, NVIDIA GeForce RTX 3090, P2, 270.00 W, 216.50 W, 73, 6474 MiB, 24576 MiB, 27 %
2026/09/05 05:38:06.977, NVIDIA GeForce RTX 3090, P2, 270.00 W, 214.31 W, 72, 6474 MiB, 24576 MiB, 30 %
2026/09/05 05:38:16.978, NVIDIA GeForce RTX 3090, P2, 270.00 W, 225.63 W, 72, 6474 MiB, 24576 MiB, 8 %
2026/09/05 05:38:26.979, NVIDIA GeForce RTX 3090, P2, 270.00 W, 219.45 W, 72, 6474 MiB, 24576 MiB, 35 %
2026/09/05 05:38:36.980, NVIDIA GeForce RTX 3090, P2, 270.00 W, 222.96 W, 73, 6474 MiB, 24576 MiB, 47 %
2026/09/05 05:38:46.981, NVIDIA GeForce RTX 3090, P2, 270.00 W, 221.02 W, 73, 6474 MiB, 24576 MiB, 7 %
2026/09/05 05:38:56.983, NVIDIA GeForce RTX 3090, P2, 270.00 W, 222.63 W, 71, 6474 MiB, 24576 MiB, 0 %
2026/09/05 05:39:06.984, NVIDIA GeForce RTX 3090, P2, 270.00 W, 222.95 W, 73, 6474 MiB, 24576 MiB, 10 %
2026/09/05 05:39:16.985, NVIDIA GeForce RTX 3090, P2, 270.00 W, 222.04 W, 73, 6474 MiB, 24576 MiB, 15 %
2026/09/05 05:39:26.986, NVIDIA GeForce RTX 3090, P2, 270.00 W, 208.13 W, 72, 6474 MiB, 24576 MiB, 23 %
2026/09/05 05:39:36.987, NVIDIA GeForce RTX 3090, P2, 270.00 W, 226.72 W, 73, 6474 MiB, 24576 MiB, 6 %
2026/09/05 05:39:46.988, NVIDIA GeForce RTX 3090, P2, 270.00 W, 237.44 W, 72, 6474 MiB, 24576 MiB, 24 %
2026/09/05 05:39:56.990, NVIDIA GeForce RTX 3090, P2, 270.00 W, 224.34 W, 74, 6474 MiB, 24576 MiB, 30 %
2026/09/05 05:40:06.991, NVIDIA GeForce RTX 3090, P2, 270.00 W, 220.93 W, 73, 6474 MiB, 24576 MiB, 45 %
2026/09/05 05:40:16.992, NVIDIA GeForce RTX 3090, P2, 270.00 W, 223.27 W, 73, 6474 MiB, 24576 MiB, 15 %
2026/09/05 05:40:26.993, NVIDIA GeForce RTX 3090, P2, 270.00 W, 232.14 W, 73, 6474 MiB, 24576 MiB, 49 %
2026/09/05 05:40:36.995, NVIDIA GeForce RTX 3090, P2, 270.00 W, 230.22 W, 73, 6474 MiB, 24576 MiB, 47 %
2026/09/05 05:40:46.996, NVIDIA GeForce RTX 3090, P2, 270.00 W, 212.76 W, 73, 6474 MiB, 24576 MiB, 32 %
2026/09/05 05:40:56.997, NVIDIA GeForce RTX 3090, P2, 270.00 W, 226.99 W, 72, 6474 MiB, 24576 MiB, 3 %
2026/09/05 05:41:06.998, NVIDIA GeForce RTX 3090, P2, 270.00 W, 222.64 W, 71, 6474 MiB, 24576 MiB, 27 %
2026/09/05 05:41:16.999, NVIDIA GeForce RTX 3090, P2, 270.00 W, 223.10 W, 73, 6474 MiB, 24576 MiB, 13 %
2026/09/05 05:41:27.000, NVIDIA GeForce RTX 3090, P2, 270.00 W, 218.35 W, 72, 6474 MiB, 24576 MiB, 5 %
2026/09/05 05:41:37.002, NVIDIA GeForce RTX 3090, P2, 270.00 W, 219.01 W, 72, 6474 MiB, 24576 MiB, 24 %
2026/09/05 05:41:47.003, NVIDIA GeForce RTX 3090, P2, 270.00 W, 223.61 W, 71, 6474 MiB, 24576 MiB, 32 %
2026/09/05 05:41:57.004, NVIDIA GeForce RTX 3090, P2, 270.00 W, 221.51 W, 73, 6474 MiB, 24576 MiB, 21 %
2026/09/05 05:42:07.005, NVIDIA GeForce RTX 3090, P2, 270.00 W, 219.51 W, 73, 6474 MiB, 24576 MiB, 46 %
2026/09/05 05:42:17.006, NVIDIA GeForce RTX 3090, P2, 270.00 W, 210.64 W, 71, 6474 MiB, 24576 MiB, 47 %
2026/09/05 05:42:27.007, NVIDIA GeForce RTX 3090, P2, 270.00 W, 228.38 W, 73, 6474 MiB, 24576 MiB, 47 %
2026/09/05 05:42:37.009, NVIDIA GeForce RTX 3090, P2, 270.00 W, 233.61 W, 73, 6474 MiB, 24576 MiB, 15 %
2026/09/05 05:42:47.010, NVIDIA GeForce RTX 3090, P2, 270.00 W, 221.90 W, 73, 6474 MiB, 24576 MiB, 31 %
2026/09/05 05:42:57.011, NVIDIA GeForce RTX 3090, P2, 270.00 W, 218.84 W, 71, 6474 MiB, 24576 MiB, 46 %
2026/09/05 05:43:07.012, NVIDIA GeForce RTX 3090, P2, 270.00 W, 225.64 W, 73, 6474 MiB, 24576 MiB, 48 %
2026/09/05 05:43:17.013, NVIDIA GeForce RTX 3090, P2, 270.00 W, 234.38 W, 73, 6474 MiB, 24576 MiB, 48 %
2026/09/05 05:43:27.014, NVIDIA GeForce RTX 3090, P2, 270.00 W, 223.49 W, 74, 6474 MiB, 24576 MiB, 42 %
2026/09/05 05:43:37.016, NVIDIA GeForce RTX 3090, P2, 270.00 W, 217.46 W, 71, 6474 MiB, 24576 MiB, 47 %
2026/09/05 05:43:47.017, NVIDIA GeForce RTX 3090, P2, 270.00 W, 224.99 W, 74, 6474 MiB, 24576 MiB, 49 %
2026/09/05 05:43:57.018, NVIDIA GeForce RTX 3090, P2, 270.00 W, 223.58 W, 72, 6474 MiB, 24576 MiB, 49 %
2026/09/05 05:44:07.019, NVIDIA GeForce RTX 3090, P2, 270.00 W, 224.10 W, 73, 6474 MiB, 24576 MiB, 26 %
2026/09/05 05:44:17.021, NVIDIA GeForce RTX 3090, P2, 270.00 W, 224.61 W, 74, 6474 MiB, 24576 MiB, 0 %
2026/09/05 05:44:27.022, NVIDIA GeForce RTX 3090, P2, 270.00 W, 209.07 W, 71, 6474 MiB, 24576 MiB, 0 %
2026/09/05 05:44:37.023, NVIDIA GeForce RTX 3090, P2, 270.00 W, 224.99 W, 73, 6474 MiB, 24576 MiB, 32 %
2026/09/05 05:44:47.024, NVIDIA GeForce RTX 3090, P2, 270.00 W, 231.51 W, 72, 6474 MiB, 24576 MiB, 31 %
2026/09/05 05:44:57.026, NVIDIA GeForce RTX 3090, P2, 270.00 W, 219.39 W, 73, 6474 MiB, 24576 MiB, 13 %
2026/09/05 05:45:07.027, NVIDIA GeForce RTX 3090, P2, 270.00 W, 208.55 W, 71, 6474 MiB, 24576 MiB, 47 %
2026/09/05 05:45:17.028, NVIDIA GeForce RTX 3090, P2, 270.00 W, 228.71 W, 72, 6474 MiB, 24576 MiB, 48 %
2026/09/05 05:45:27.029, NVIDIA GeForce RTX 3090, P2, 270.00 W, 236.07 W, 72, 6474 MiB, 24576 MiB, 19 %
2026/09/05 05:45:37.031, NVIDIA GeForce RTX 3090, P2, 270.00 W, 219.15 W, 73, 6474 MiB, 24576 MiB, 19 %
2026/09/05 05:45:47.032, NVIDIA GeForce RTX 3090, P2, 270.00 W, 218.97 W, 73, 6474 MiB, 24576 MiB, 7 %
2026/09/05 05:45:57.033, NVIDIA GeForce RTX 3090, P2, 270.00 W, 223.76 W, 71, 6474 MiB, 24576 MiB, 0 %
2026/09/05 05:46:07.034, NVIDIA GeForce RTX 3090, P2, 270.00 W, 230.85 W, 73, 6474 MiB, 24576 MiB, 45 %
2026/09/05 05:46:17.035, NVIDIA GeForce RTX 3090, P2, 270.00 W, 237.07 W, 73, 6474 MiB, 24576 MiB, 42 %
2026/09/05 05:46:27.037, NVIDIA GeForce RTX 3090, P2, 270.00 W, 212.84 W, 72, 6474 MiB, 24576 MiB, 30 %
2026/09/05 05:46:37.038, NVIDIA GeForce RTX 3090, P2, 270.00 W, 215.73 W, 72, 6474 MiB, 24576 MiB, 7 %
2026/09/05 05:46:47.039, NVIDIA GeForce RTX 3090, P2, 270.00 W, 212.64 W, 71, 6474 MiB, 24576 MiB, 48 %
2026/09/05 05:46:57.040, NVIDIA GeForce RTX 3090, P2, 270.00 W, 229.49 W, 72, 6474 MiB, 24576 MiB, 31 %
2026/09/05 05:47:07.041, NVIDIA GeForce RTX 3090, P2, 270.00 W, 217.21 W, 72, 6474 MiB, 24576 MiB, 10 %
2026/09/05 05:47:17.042, NVIDIA GeForce RTX 3090, P2, 270.00 W, 213.47 W, 71, 6474 MiB, 24576 MiB, 5 %
2026/09/05 05:47:27.044, NVIDIA GeForce RTX 3090, P2, 270.00 W, 223.80 W, 73, 6474 MiB, 24576 MiB, 9 %
2026/09/05 05:47:37.045, NVIDIA GeForce RTX 3090, P2, 270.00 W, 233.07 W, 73, 6474 MiB, 24576 MiB, 26 %
2026/09/05 05:47:47.046, NVIDIA GeForce RTX 3090, P2, 270.00 W, 219.85 W, 74, 6474 MiB, 24576 MiB, 22 %
2026/09/05 05:47:57.047, NVIDIA GeForce RTX 3090, P2, 270.00 W, 207.43 W, 72, 6474 MiB, 24576 MiB, 27 %
2026/09/05 05:48:07.049, NVIDIA GeForce RTX 3090, P2, 270.00 W, 224.48 W, 72, 6474 MiB, 24576 MiB, 5 %
2026/09/05 05:48:17.050, NVIDIA GeForce RTX 3090, P2, 270.00 W, 234.13 W, 72, 6474 MiB, 24576 MiB, 20 %
2026/09/05 05:48:27.051, NVIDIA GeForce RTX 3090, P2, 270.00 W, 224.86 W, 74, 6474 MiB, 24576 MiB, 48 %
2026/09/05 05:48:37.052, NVIDIA GeForce RTX 3090, P2, 270.00 W, 218.15 W, 73, 6474 MiB, 24576 MiB, 39 %
2026/09/05 05:48:47.053, NVIDIA GeForce RTX 3090, P2, 270.00 W, 215.27 W, 71, 6474 MiB, 24576 MiB, 0 %
2026/09/05 05:48:57.055, NVIDIA GeForce RTX 3090, P2, 270.00 W, 222.74 W, 72, 6474 MiB, 24576 MiB, 45 %
2026/09/05 05:49:07.056, NVIDIA GeForce RTX 3090, P2, 270.00 W, 236.06 W, 72, 6474 MiB, 24576 MiB, 30 %
2026/09/05 05:49:17.057, NVIDIA GeForce RTX 3090, P2, 270.00 W, 216.82 W, 72, 6474 MiB, 24576 MiB, 32 %
2026/09/05 05:49:27.059, NVIDIA GeForce RTX 3090, P2, 270.00 W, 210.06 W, 72, 6474 MiB, 24576 MiB, 7 %
2026/09/05 05:49:37.060, NVIDIA GeForce RTX 3090, P2, 270.00 W, 212.93 W, 71, 6474 MiB, 24576 MiB, 48 %
2026/09/05 05:49:47.061, NVIDIA GeForce RTX 3090, P2, 270.00 W, 220.91 W, 72, 6474 MiB, 24576 MiB, 31 %
2026/09/05 05:49:57.062, NVIDIA GeForce RTX 3090, P2, 270.00 W, 232.71 W, 73, 6474 MiB, 24576 MiB, 31 %
2026/09/05 05:50:07.063, NVIDIA GeForce RTX 3090, P2, 270.00 W, 233.93 W, 73, 6474 MiB, 24576 MiB, 47 %
2026/09/05 05:50:17.064, NVIDIA GeForce RTX 3090, P2, 270.00 W, 227.73 W, 74, 6474 MiB, 24576 MiB, 47 %
2026/09/05 05:50:27.066, NVIDIA GeForce RTX 3090, P2, 270.00 W, 232.97 W, 72, 6474 MiB, 24576 MiB, 6 %
2026/09/05 05:50:37.067, NVIDIA GeForce RTX 3090, P2, 270.00 W, 231.64 W, 72, 6474 MiB, 24576 MiB, 10 %
2026/09/05 05:50:47.068, NVIDIA GeForce RTX 3090, P2, 270.00 W, 226.47 W, 73, 6474 MiB, 24576 MiB, 48 %
2026/09/05 05:50:57.069, NVIDIA GeForce RTX 3090, P2, 270.00 W, 227.16 W, 74, 6474 MiB, 24576 MiB, 0 %
2026/09/05 05:51:07.071, NVIDIA GeForce RTX 3090, P2, 270.00 W, 219.64 W, 71, 6474 MiB, 24576 MiB, 1 %
2026/09/05 05:51:17.072, NVIDIA GeForce RTX 3090, P2, 270.00 W, 219.35 W, 73, 6474 MiB, 24576 MiB, 46 %
2026/09/05 05:51:27.073, NVIDIA GeForce RTX 3090, P2, 270.00 W, 222.35 W, 72, 6474 MiB, 24576 MiB, 46 %
2026/09/05 05:51:37.074, NVIDIA GeForce RTX 3090, P2, 270.00 W, 214.66 W, 72, 6474 MiB, 24576 MiB, 5 %
2026/09/05 05:51:47.075, NVIDIA GeForce RTX 3090, P2, 270.00 W, 220.81 W, 72, 6474 MiB, 24576 MiB, 23 %
2026/09/05 05:51:57.077, NVIDIA GeForce RTX 3090, P2, 270.00 W, 234.03 W, 72, 6474 MiB, 24576 MiB, 29 %
2026/09/05 05:52:07.078, NVIDIA GeForce RTX 3090, P2, 270.00 W, 223.20 W, 73, 6474 MiB, 24576 MiB, 33 %
2026/09/05 05:52:17.079, NVIDIA GeForce RTX 3090, P2, 270.00 W, 210.85 W, 71, 6474 MiB, 24576 MiB, 21 %
2026/09/05 05:52:27.080, NVIDIA GeForce RTX 3090, P2, 270.00 W, 227.21 W, 74, 6474 MiB, 24576 MiB, 46 %
2026/09/05 05:52:37.081, NVIDIA GeForce RTX 3090, P2, 270.00 W, 230.36 W, 73, 6474 MiB, 24576 MiB, 31 %
2026/09/05 05:52:47.082, NVIDIA GeForce RTX 3090, P2, 270.00 W, 221.65 W, 73, 6474 MiB, 24576 MiB, 32 %
2026/09/05 05:52:57.084, NVIDIA GeForce RTX 3090, P2, 270.00 W, 224.20 W, 73, 6474 MiB, 24576 MiB, 47 %
2026/09/05 05:53:07.085, NVIDIA GeForce RTX 3090, P2, 270.00 W, 222.75 W, 71, 6474 MiB, 24576 MiB, 7 %
2026/09/05 05:53:17.086, NVIDIA GeForce RTX 3090, P2, 270.00 W, 226.38 W, 72, 6474 MiB, 24576 MiB, 49 %
2026/09/05 05:53:27.087, NVIDIA GeForce RTX 3090, P2, 270.00 W, 221.80 W, 73, 6474 MiB, 24576 MiB, 44 %
2026/09/05 05:53:37.088, NVIDIA GeForce RTX 3090, P2, 270.00 W, 218.93 W, 72, 6474 MiB, 24576 MiB, 30 %
2026/09/05 05:53:47.089, NVIDIA GeForce RTX 3090, P2, 270.00 W, 227.49 W, 72, 6474 MiB, 24576 MiB, 12 %
2026/09/05 05:53:57.091, NVIDIA GeForce RTX 3090, P2, 270.00 W, 225.77 W, 71, 6474 MiB, 24576 MiB, 32 %
2026/09/05 05:54:07.092, NVIDIA GeForce RTX 3090, P2, 270.00 W, 223.23 W, 73, 6474 MiB, 24576 MiB, 30 %
2026/09/05 05:54:17.093, NVIDIA GeForce RTX 3090, P2, 270.00 W, 228.91 W, 74, 6474 MiB, 24576 MiB, 0 %
2026/09/05 05:54:27.094, NVIDIA GeForce RTX 3090, P2, 270.00 W, 208.91 W, 71, 6474 MiB, 24576 MiB, 0 %
2026/09/05 05:54:37.096, NVIDIA GeForce RTX 3090, P2, 270.00 W, 224.14 W, 72, 6474 MiB, 24576 MiB, 33 %
2026/09/05 05:54:47.097, NVIDIA GeForce RTX 3090, P2, 270.00 W, 232.71 W, 73, 6474 MiB, 24576 MiB, 32 %
2026/09/05 05:54:57.098, NVIDIA GeForce RTX 3090, P2, 270.00 W, 226.07 W, 73, 6474 MiB, 24576 MiB, 47 %
2026/09/05 05:55:07.099, NVIDIA GeForce RTX 3090, P2, 270.00 W, 226.75 W, 73, 6474 MiB, 24576 MiB, 0 %
2026/09/05 05:55:17.100, NVIDIA GeForce RTX 3090, P2, 270.00 W, 222.92 W, 72, 6474 MiB, 24576 MiB, 1 %
2026/09/05 05:55:27.102, NVIDIA GeForce RTX 3090, P2, 270.00 W, 230.22 W, 72, 6474 MiB, 24576 MiB, 39 %
2026/09/05 05:55:37.103, NVIDIA GeForce RTX 3090, P2, 270.00 W, 227.74 W, 73, 6474 MiB, 24576 MiB, 47 %
2026/09/05 05:55:47.104, NVIDIA GeForce RTX 3090, P2, 270.00 W, 215.28 W, 73, 6474 MiB, 24576 MiB, 6 %
2026/09/05 05:55:57.106, NVIDIA GeForce RTX 3090, P2, 270.00 W, 217.45 W, 72, 6474 MiB, 24576 MiB, 0 %
2026/09/05 05:56:07.107, NVIDIA GeForce RTX 3090, P2, 270.00 W, 230.97 W, 72, 6474 MiB, 24576 MiB, 30 %
2026/09/05 05:56:17.108, NVIDIA GeForce RTX 3090, P2, 270.00 W, 222.89 W, 73, 6474 MiB, 24576 MiB, 44 %
2026/09/05 05:56:27.109, NVIDIA GeForce RTX 3090, P2, 270.00 W, 211.49 W, 71, 6474 MiB, 24576 MiB, 30 %
2026/09/05 05:56:37.110, NVIDIA GeForce RTX 3090, P2, 270.00 W, 221.14 W, 72, 6474 MiB, 24576 MiB, 7 %
2026/09/05 05:56:47.111, NVIDIA GeForce RTX 3090, P2, 270.00 W, 232.69 W, 72, 6474 MiB, 24576 MiB, 6 %
2026/09/05 05:56:57.113, NVIDIA GeForce RTX 3090, P2, 270.00 W, 222.81 W, 73, 6474 MiB, 24576 MiB, 30 %
2026/09/05 05:57:07.114, NVIDIA GeForce RTX 3090, P2, 270.00 W, 219.23 W, 72, 6474 MiB, 24576 MiB, 36 %
2026/09/05 05:57:17.115, NVIDIA GeForce RTX 3090, P2, 270.00 W, 216.44 W, 71, 6474 MiB, 24576 MiB, 0 %
2026/09/05 05:57:27.117, NVIDIA GeForce RTX 3090, P2, 270.00 W, 228.65 W, 73, 6474 MiB, 24576 MiB, 47 %
2026/09/05 05:57:37.118, NVIDIA GeForce RTX 3090, P2, 270.00 W, 232.50 W, 73, 6474 MiB, 24576 MiB, 46 %
2026/09/05 05:57:47.119, NVIDIA GeForce RTX 3090, P2, 270.00 W, 220.89 W, 73, 6474 MiB, 24576 MiB, 28 %
2026/09/05 05:57:57.120, NVIDIA GeForce RTX 3090, P2, 270.00 W, 221.76 W, 74, 6474 MiB, 24576 MiB, 47 %
2026/09/05 05:58:07.121, NVIDIA GeForce RTX 3090, P2, 270.00 W, 209.06 W, 71, 6474 MiB, 24576 MiB, 0 %
2026/09/05 05:58:17.123, NVIDIA GeForce RTX 3090, P2, 270.00 W, 226.17 W, 72, 6474 MiB, 24576 MiB, 12 %
2026/09/05 05:58:27.124, NVIDIA GeForce RTX 3090, P2, 270.00 W, 231.94 W, 73, 6474 MiB, 24576 MiB, 30 %
2026/09/05 05:58:37.125, NVIDIA GeForce RTX 3090, P2, 270.00 W, 221.93 W, 73, 6474 MiB, 24576 MiB, 16 %
2026/09/05 05:58:47.127, NVIDIA GeForce RTX 3090, P2, 270.00 W, 216.09 W, 73, 6474 MiB, 24576 MiB, 45 %
2026/09/05 05:58:57.128, NVIDIA GeForce RTX 3090, P2, 270.00 W, 214.49 W, 71, 6474 MiB, 24576 MiB, 8 %
2026/09/05 05:59:07.130, NVIDIA GeForce RTX 3090, P2, 270.00 W, 235.88 W, 73, 6474 MiB, 24576 MiB, 30 %
2026/09/05 05:59:17.131, NVIDIA GeForce RTX 3090, P2, 270.00 W, 219.67 W, 73, 6474 MiB, 24576 MiB, 30 %
2026/09/05 05:59:27.132, NVIDIA GeForce RTX 3090, P2, 270.00 W, 213.48 W, 73, 6474 MiB, 24576 MiB, 32 %
2026/09/05 05:59:37.134, NVIDIA GeForce RTX 3090, P2, 270.00 W, 229.63 W, 72, 6474 MiB, 24576 MiB, 28 %
2026/09/05 05:59:47.135, NVIDIA GeForce RTX 3090, P2, 270.00 W, 226.69 W, 71, 6474 MiB, 24576 MiB, 10 %
2026/09/05 05:59:57.136, NVIDIA GeForce RTX 3090, P2, 270.00 W, 218.59 W, 73, 6474 MiB, 24576 MiB, 30 %
2026/09/05 06:00:07.138, NVIDIA GeForce RTX 3090, P2, 270.00 W, 207.08 W, 72, 6476 MiB, 24576 MiB, 7 %
2026/09/05 06:00:17.139, NVIDIA GeForce RTX 3090, P2, 270.00 W, 228.14 W, 73, 6476 MiB, 24576 MiB, 48 %
2026/09/05 06:00:27.140, NVIDIA GeForce RTX 3090, P2, 270.00 W, 225.78 W, 72, 6476 MiB, 24576 MiB, 47 %
2026/09/05 06:00:37.142, NVIDIA GeForce RTX 3090, P2, 270.00 W, 224.97 W, 74, 6476 MiB, 24576 MiB, 0 %
2026/09/05 06:00:47.144, NVIDIA GeForce RTX 3090, P2, 270.00 W, 215.89 W, 71, 6476 MiB, 24576 MiB, 48 %
2026/09/05 06:00:57.145, NVIDIA GeForce RTX 3090, P2, 270.00 W, 227.10 W, 73, 6476 MiB, 24576 MiB, 47 %
2026/09/05 06:01:07.146, NVIDIA GeForce RTX 3090, P2, 270.00 W, 221.28 W, 72, 6476 MiB, 24576 MiB, 48 %
2026/09/05 06:01:17.147, NVIDIA GeForce RTX 3090, P2, 270.00 W, 210.88 W, 72, 6476 MiB, 24576 MiB, 0 %
2026/09/05 06:01:27.148, NVIDIA GeForce RTX 3090, P2, 270.00 W, 224.98 W, 72, 6476 MiB, 24576 MiB, 5 %
2026/09/05 06:01:37.150, NVIDIA GeForce RTX 3090, P2, 270.00 W, 221.80 W, 73, 6476 MiB, 24576 MiB, 46 %
2026/09/05 06:01:47.151, NVIDIA GeForce RTX 3090, P2, 270.00 W, 236.05 W, 73, 6476 MiB, 24576 MiB, 36 %
2026/09/05 06:01:57.152, NVIDIA GeForce RTX 3090, P2, 270.00 W, 225.92 W, 73, 6476 MiB, 24576 MiB, 10 %
2026/09/05 06:02:07.154, NVIDIA GeForce RTX 3090, P2, 270.00 W, 215.01 W, 72, 6476 MiB, 24576 MiB, 11 %
2026/09/05 06:02:17.155, NVIDIA GeForce RTX 3090, P2, 270.00 W, 219.57 W, 72, 6476 MiB, 24576 MiB, 7 %
2026/09/05 06:02:27.156, NVIDIA GeForce RTX 3090, P2, 270.00 W, 232.14 W, 73, 6476 MiB, 24576 MiB, 47 %
2026/09/05 06:02:37.157, NVIDIA GeForce RTX 3090, P2, 270.00 W, 233.40 W, 72, 6476 MiB, 24576 MiB, 28 %
2026/09/05 06:02:47.159, NVIDIA GeForce RTX 3090, P2, 270.00 W, 222.62 W, 74, 6476 MiB, 24576 MiB, 47 %
2026/09/05 06:02:57.160, NVIDIA GeForce RTX 3090, P2, 270.00 W, 212.85 W, 71, 6476 MiB, 24576 MiB, 47 %
2026/09/05 06:03:07.162, NVIDIA GeForce RTX 3090, P2, 270.00 W, 222.59 W, 73, 6476 MiB, 24576 MiB, 17 %
2026/09/05 06:03:17.163, NVIDIA GeForce RTX 3090, P2, 270.00 W, 230.87 W, 72, 6476 MiB, 24576 MiB, 2 %
2026/09/05 06:03:27.165, NVIDIA GeForce RTX 3090, P2, 270.00 W, 229.55 W, 73, 6476 MiB, 24576 MiB, 48 %
2026/09/05 06:03:37.166, NVIDIA GeForce RTX 3090, P2, 270.00 W, 217.07 W, 74, 6476 MiB, 24576 MiB, 0 %
2026/09/05 06:03:47.167, NVIDIA GeForce RTX 3090, P2, 270.00 W, 206.60 W, 71, 6476 MiB, 24576 MiB, 47 %
2026/09/05 06:03:57.169, NVIDIA GeForce RTX 3090, P2, 270.00 W, 224.92 W, 73, 6476 MiB, 24576 MiB, 48 %
2026/09/05 06:04:07.170, NVIDIA GeForce RTX 3090, P2, 270.00 W, 229.32 W, 73, 6476 MiB, 24576 MiB, 48 %
2026/09/05 06:04:17.171, NVIDIA GeForce RTX 3090, P2, 270.00 W, 216.85 W, 72, 6476 MiB, 24576 MiB, 26 %
2026/09/05 06:04:27.172, NVIDIA GeForce RTX 3090, P2, 270.00 W, 216.68 W, 71, 6476 MiB, 24576 MiB, 20 %
2026/09/05 06:04:37.173, NVIDIA GeForce RTX 3090, P2, 270.00 W, 227.47 W, 72, 6476 MiB, 24576 MiB, 34 %
2026/09/05 06:04:47.175, NVIDIA GeForce RTX 3090, P2, 270.00 W, 234.87 W, 72, 6476 MiB, 24576 MiB, 29 %
2026/09/05 06:04:57.176, NVIDIA GeForce RTX 3090, P2, 270.00 W, 215.51 W, 71, 6476 MiB, 24576 MiB, 30 %
2026/09/05 06:05:07.177, NVIDIA GeForce RTX 3090, P2, 270.00 W, 222.40 W, 72, 6476 MiB, 24576 MiB, 5 %
2026/09/05 06:05:17.179, NVIDIA GeForce RTX 3090, P2, 270.00 W, 220.76 W, 72, 6476 MiB, 24576 MiB, 4 %
2026/09/05 06:05:27.180, NVIDIA GeForce RTX 3090, P2, 270.00 W, 221.37 W, 73, 6476 MiB, 24576 MiB, 46 %
2026/09/05 06:05:37.181, NVIDIA GeForce RTX 3090, P2, 270.00 W, 222.40 W, 73, 6476 MiB, 24576 MiB, 42 %
2026/09/05 06:05:47.182, NVIDIA GeForce RTX 3090, P2, 270.00 W, 216.55 W, 72, 6476 MiB, 24576 MiB, 0 %
2026/09/05 06:05:57.184, NVIDIA GeForce RTX 3090, P2, 270.00 W, 220.68 W, 72, 6476 MiB, 24576 MiB, 8 %
2026/09/05 06:06:07.185, NVIDIA GeForce RTX 3090, P2, 270.00 W, 226.90 W, 72, 6476 MiB, 24576 MiB, 4 %
2026/09/05 06:06:17.186, NVIDIA GeForce RTX 3090, P2, 270.00 W, 222.28 W, 72, 6476 MiB, 24576 MiB, 49 %
2026/09/05 06:06:27.188, NVIDIA GeForce RTX 3090, P2, 270.00 W, 213.88 W, 72, 6476 MiB, 24576 MiB, 19 %
2026/09/05 06:06:37.189, NVIDIA GeForce RTX 3090, P2, 270.00 W, 223.46 W, 72, 6476 MiB, 24576 MiB, 18 %
2026/09/05 06:06:47.190, NVIDIA GeForce RTX 3090, P2, 270.00 W, 232.90 W, 72, 6476 MiB, 24576 MiB, 31 %
2026/09/05 06:06:57.191, NVIDIA GeForce RTX 3090, P2, 270.00 W, 227.58 W, 73, 6476 MiB, 24576 MiB, 47 %
2026/09/05 06:07:07.193, NVIDIA GeForce RTX 3090, P2, 270.00 W, 224.56 W, 73, 6476 MiB, 24576 MiB, 4 %
2026/09/05 06:07:17.194, NVIDIA GeForce RTX 3090, P2, 270.00 W, 213.57 W, 71, 6476 MiB, 24576 MiB, 0 %
2026/09/05 06:07:27.196, NVIDIA GeForce RTX 3090, P2, 270.00 W, 228.69 W, 72, 6476 MiB, 24576 MiB, 46 %
2026/09/05 06:07:37.197, NVIDIA GeForce RTX 3090, P2, 270.00 W, 228.04 W, 73, 6476 MiB, 24576 MiB, 47 %
2026/09/05 06:07:47.198, NVIDIA GeForce RTX 3090, P2, 270.00 W, 222.52 W, 74, 6476 MiB, 24576 MiB, 0 %
2026/09/05 06:07:57.200, NVIDIA GeForce RTX 3090, P2, 270.00 W, 216.25 W, 71, 6476 MiB, 24576 MiB, 0 %
2026/09/05 06:08:07.201, NVIDIA GeForce RTX 3090, P2, 270.00 W, 232.45 W, 73, 6476 MiB, 24576 MiB, 41 %
2026/09/05 06:08:17.203, NVIDIA GeForce RTX 3090, P2, 270.00 W, 230.76 W, 71, 6476 MiB, 24576 MiB, 27 %
2026/09/05 06:08:27.204, NVIDIA GeForce RTX 3090, P2, 270.00 W, 218.95 W, 73, 6476 MiB, 24576 MiB, 25 %
2026/09/05 06:08:37.206, NVIDIA GeForce RTX 3090, P2, 270.00 W, 215.87 W, 72, 6476 MiB, 24576 MiB, 14 %
2026/09/05 06:08:47.207, NVIDIA GeForce RTX 3090, P2, 270.00 W, 215.53 W, 71, 6476 MiB, 24576 MiB, 4 %
2026/09/05 06:08:57.209, NVIDIA GeForce RTX 3090, P2, 270.00 W, 225.94 W, 72, 6476 MiB, 24576 MiB, 48 %
2026/09/05 06:09:07.211, NVIDIA GeForce RTX 3090, P2, 270.00 W, 233.07 W, 73, 6476 MiB, 24576 MiB, 46 %
2026/09/05 06:09:17.212, NVIDIA GeForce RTX 3090, P2, 270.00 W, 222.25 W, 73, 6476 MiB, 24576 MiB, 30 %
2026/09/05 06:09:27.213, NVIDIA GeForce RTX 3090, P2, 270.00 W, 222.53 W, 73, 6476 MiB, 24576 MiB, 4 %
2026/09/05 06:09:37.215, NVIDIA GeForce RTX 3090, P2, 270.00 W, 212.61 W, 71, 6476 MiB, 24576 MiB, 48 %
2026/09/05 06:09:47.216, NVIDIA GeForce RTX 3090, P2, 270.00 W, 232.84 W, 72, 6476 MiB, 24576 MiB, 48 %
2026/09/05 06:09:57.217, NVIDIA GeForce RTX 3090, P2, 270.00 W, 234.61 W, 73, 6476 MiB, 24576 MiB, 47 %
2026/09/05 06:10:07.219, NVIDIA GeForce RTX 3090, P2, 270.00 W, 226.05 W, 74, 6476 MiB, 24576 MiB, 0 %
2026/09/05 06:10:17.220, NVIDIA GeForce RTX 3090, P2, 270.00 W, 207.81 W, 71, 6476 MiB, 24576 MiB, 48 %
2026/09/05 06:10:27.221, NVIDIA GeForce RTX 3090, P2, 270.00 W, 226.47 W, 73, 6476 MiB, 24576 MiB, 26 %
2026/09/05 06:10:37.223, NVIDIA GeForce RTX 3090, P2, 270.00 W, 222.96 W, 71, 6476 MiB, 24576 MiB, 5 %
2026/09/05 06:10:47.224, NVIDIA GeForce RTX 3090, P2, 270.00 W, 227.09 W, 73, 6476 MiB, 24576 MiB, 1 %
2026/09/05 06:10:57.226, NVIDIA GeForce RTX 3090, P2, 270.00 W, 225.26 W, 73, 6476 MiB, 24576 MiB, 0 %
2026/09/05 06:11:07.227, NVIDIA GeForce RTX 3090, P2, 270.00 W, 207.21 W, 71, 6476 MiB, 24576 MiB, 0 %
2026/09/05 06:11:17.228, NVIDIA GeForce RTX 3090, P2, 270.00 W, 222.59 W, 73, 6476 MiB, 24576 MiB, 36 %
2026/09/05 06:11:27.230, NVIDIA GeForce RTX 3090, P2, 270.00 W, 237.20 W, 72, 6476 MiB, 24576 MiB, 23 %
2026/09/05 06:11:37.231, NVIDIA GeForce RTX 3090, P2, 270.00 W, 217.65 W, 73, 6476 MiB, 24576 MiB, 6 %
2026/09/05 06:11:47.233, NVIDIA GeForce RTX 3090, P2, 270.00 W, 217.38 W, 72, 6476 MiB, 24576 MiB, 22 %
2026/09/05 06:11:57.234, NVIDIA GeForce RTX 3090, P2, 270.00 W, 228.97 W, 72, 6476 MiB, 24576 MiB, 35 %
2026/09/05 06:12:07.235, NVIDIA GeForce RTX 3090, P2, 270.00 W, 218.54 W, 71, 6476 MiB, 24576 MiB, 40 %
2026/09/05 06:12:17.236, NVIDIA GeForce RTX 3090, P2, 270.00 W, 223.87 W, 73, 6476 MiB, 24576 MiB, 34 %
2026/09/05 06:12:27.238, NVIDIA GeForce RTX 3090, P2, 270.00 W, 211.49 W, 73, 6476 MiB, 24576 MiB, 29 %
2026/09/05 06:12:37.239, NVIDIA GeForce RTX 3090, P2, 270.00 W, 209.13 W, 71, 6476 MiB, 24576 MiB, 48 %
2026/09/05 06:12:47.241, NVIDIA GeForce RTX 3090, P2, 270.00 W, 227.77 W, 73, 6476 MiB, 24576 MiB, 30 %
2026/09/05 06:12:57.242, NVIDIA GeForce RTX 3090, P2, 270.00 W, 231.79 W, 73, 6476 MiB, 24576 MiB, 26 %
2026/09/05 06:13:07.243, NVIDIA GeForce RTX 3090, P2, 270.00 W, 225.99 W, 73, 6476 MiB, 24576 MiB, 46 %
2026/09/05 06:13:17.245, NVIDIA GeForce RTX 3090, P2, 270.00 W, 215.11 W, 73, 6476 MiB, 24576 MiB, 5 %
2026/09/05 06:13:27.246, NVIDIA GeForce RTX 3090, P2, 270.00 W, 223.18 W, 75, 6476 MiB, 24576 MiB, 48 %
2026/09/05 06:13:37.247, NVIDIA GeForce RTX 3090, P2, 270.00 W, 228.18 W, 71, 6476 MiB, 24576 MiB, 19 %
2026/09/05 06:13:47.249, NVIDIA GeForce RTX 3090, P2, 270.00 W, 221.64 W, 73, 6476 MiB, 24576 MiB, 9 %
2026/09/05 06:13:57.250, NVIDIA GeForce RTX 3090, P2, 270.00 W, 215.15 W, 73, 6476 MiB, 24576 MiB, 0 %
2026/09/05 06:14:07.251, NVIDIA GeForce RTX 3090, P2, 270.00 W, 220.32 W, 72, 6476 MiB, 24576 MiB, 5 %
2026/09/05 06:14:17.253, NVIDIA GeForce RTX 3090, P2, 270.00 W, 228.72 W, 72, 6476 MiB, 24576 MiB, 30 %
2026/09/05 06:14:27.254, NVIDIA GeForce RTX 3090, P2, 270.00 W, 221.79 W, 73, 6476 MiB, 24576 MiB, 30 %
2026/09/05 06:14:37.255, NVIDIA GeForce RTX 3090, P2, 270.00 W, 225.16 W, 73, 6476 MiB, 24576 MiB, 0 %
2026/09/05 06:14:47.257, NVIDIA GeForce RTX 3090, P2, 270.00 W, 212.02 W, 71, 6476 MiB, 24576 MiB, 5 %
2026/09/05 06:14:57.258, NVIDIA GeForce RTX 3090, P2, 270.00 W, 227.35 W, 72, 6476 MiB, 24576 MiB, 32 %
2026/09/05 06:15:07.259, NVIDIA GeForce RTX 3090, P2, 270.00 W, 235.33 W, 73, 6476 MiB, 24576 MiB, 51 %
2026/09/05 06:15:17.260, NVIDIA GeForce RTX 3090, P2, 270.00 W, 222.23 W, 74, 6476 MiB, 24576 MiB, 0 %
2026/09/05 06:15:27.262, NVIDIA GeForce RTX 3090, P2, 270.00 W, 214.02 W, 72, 6476 MiB, 24576 MiB, 0 %
2026/09/05 06:15:37.263, NVIDIA GeForce RTX 3090, P2, 270.00 W, 237.89 W, 73, 6476 MiB, 24576 MiB, 48 %
2026/09/05 06:15:47.264, NVIDIA GeForce RTX 3090, P2, 270.00 W, 225.36 W, 72, 6476 MiB, 24576 MiB, 46 %
2026/09/05 06:15:57.266, NVIDIA GeForce RTX 3090, P2, 270.00 W, 225.41 W, 73, 6476 MiB, 24576 MiB, 41 %
2026/09/05 06:16:07.267, NVIDIA GeForce RTX 3090, P2, 270.00 W, 213.96 W, 73, 6476 MiB, 24576 MiB, 35 %
2026/09/05 06:16:17.268, NVIDIA GeForce RTX 3090, P2, 270.00 W, 220.05 W, 71, 6476 MiB, 24576 MiB, 0 %
2026/09/05 06:16:27.270, NVIDIA GeForce RTX 3090, P2, 270.00 W, 232.73 W, 73, 6476 MiB, 24576 MiB, 47 %
2026/09/05 06:16:37.271, NVIDIA GeForce RTX 3090, P2, 270.00 W, 232.98 W, 72, 6476 MiB, 24576 MiB, 26 %
2026/09/05 06:16:47.272, NVIDIA GeForce RTX 3090, P2, 270.00 W, 221.70 W, 73, 6476 MiB, 24576 MiB, 30 %
2026/09/05 06:16:57.273, NVIDIA GeForce RTX 3090, P2, 270.00 W, 202.58 W, 71, 6476 MiB, 24576 MiB, 43 %
2026/09/05 06:17:07.274, NVIDIA GeForce RTX 3090, P2, 270.00 W, 219.54 W, 72, 6476 MiB, 24576 MiB, 30 %
2026/09/05 06:17:17.276, NVIDIA GeForce RTX 3090, P2, 270.00 W, 224.82 W, 73, 6476 MiB, 24576 MiB, 48 %
2026/09/05 06:17:27.277, NVIDIA GeForce RTX 3090, P2, 270.00 W, 228.27 W, 74, 6476 MiB, 24576 MiB, 48 %
2026/09/05 06:17:37.278, NVIDIA GeForce RTX 3090, P2, 270.00 W, 214.89 W, 72, 6476 MiB, 24576 MiB, 30 %
2026/09/05 06:17:47.279, NVIDIA GeForce RTX 3090, P2, 270.00 W, 231.17 W, 72, 6476 MiB, 24576 MiB, 0 %
2026/09/05 06:17:57.280, NVIDIA GeForce RTX 3090, P2, 270.00 W, 221.76 W, 72, 6476 MiB, 24576 MiB, 41 %
2026/09/05 06:18:07.282, NVIDIA GeForce RTX 3090, P2, 270.00 W, 227.22 W, 73, 6476 MiB, 24576 MiB, 46 %
2026/09/05 06:18:17.283, NVIDIA GeForce RTX 3090, P2, 270.00 W, 221.10 W, 74, 6476 MiB, 24576 MiB, 0 %
2026/09/05 06:18:27.284, NVIDIA GeForce RTX 3090, P2, 270.00 W, 210.33 W, 71, 6476 MiB, 24576 MiB, 0 %
2026/09/05 06:18:37.285, NVIDIA GeForce RTX 3090, P2, 270.00 W, 220.46 W, 72, 6476 MiB, 24576 MiB, 5 %
2026/09/05 06:18:47.287, NVIDIA GeForce RTX 3090, P2, 270.00 W, 234.01 W, 72, 6476 MiB, 24576 MiB, 32 %
2026/09/05 06:18:57.288, NVIDIA GeForce RTX 3090, P2, 270.00 W, 224.63 W, 72, 6476 MiB, 24576 MiB, 34 %
2026/09/05 06:19:07.289, NVIDIA GeForce RTX 3090, P2, 270.00 W, 209.60 W, 70, 6476 MiB, 24576 MiB, 31 %
2026/09/05 06:19:17.290, NVIDIA GeForce RTX 3090, P2, 270.00 W, 217.25 W, 72, 6476 MiB, 24576 MiB, 4 %
2026/09/05 06:19:27.292, NVIDIA GeForce RTX 3090, P2, 270.00 W, 228.06 W, 72, 6476 MiB, 24576 MiB, 36 %
2026/09/05 06:19:37.293, NVIDIA GeForce RTX 3090, P2, 270.00 W, 227.63 W, 73, 6476 MiB, 24576 MiB, 46 %
2026/09/05 06:19:47.294, NVIDIA GeForce RTX 3090, P2, 270.00 W, 226.94 W, 73, 6476 MiB, 24576 MiB, 47 %
2026/09/05 06:19:57.296, NVIDIA GeForce RTX 3090, P2, 270.00 W, 213.25 W, 71, 6476 MiB, 24576 MiB, 0 %
2026/09/05 06:20:07.297, NVIDIA GeForce RTX 3090, P2, 270.00 W, 226.03 W, 73, 6476 MiB, 24576 MiB, 47 %
2026/09/05 06:20:17.298, NVIDIA GeForce RTX 3090, P2, 270.00 W, 225.86 W, 72, 6476 MiB, 24576 MiB, 13 %
2026/09/05 06:20:27.299, NVIDIA GeForce RTX 3090, P2, 270.00 W, 231.43 W, 72, 6476 MiB, 24576 MiB, 27 %
2026/09/05 06:20:37.300, NVIDIA GeForce RTX 3090, P2, 270.00 W, 231.63 W, 73, 6476 MiB, 24576 MiB, 47 %
2026/09/05 06:20:47.302, NVIDIA GeForce RTX 3090, P2, 270.00 W, 216.21 W, 73, 6476 MiB, 24576 MiB, 41 %
2026/09/05 06:20:57.303, NVIDIA GeForce RTX 3090, P2, 270.00 W, 222.69 W, 72, 6476 MiB, 24576 MiB, 6 %
2026/09/05 06:21:07.304, NVIDIA GeForce RTX 3090, P2, 270.00 W, 225.72 W, 73, 6476 MiB, 24576 MiB, 48 %
2026/09/05 06:21:17.306, NVIDIA GeForce RTX 3090, P2, 270.00 W, 223.28 W, 71, 6476 MiB, 24576 MiB, 32 %
2026/09/05 06:21:27.307, NVIDIA GeForce RTX 3090, P2, 270.00 W, 217.02 W, 73, 6476 MiB, 24576 MiB, 33 %
2026/09/05 06:21:37.308, NVIDIA GeForce RTX 3090, P2, 270.00 W, 228.24 W, 74, 6476 MiB, 24576 MiB, 47 %
2026/09/05 06:21:47.310, NVIDIA GeForce RTX 3090, P2, 270.00 W, 221.29 W, 71, 6476 MiB, 24576 MiB, 0 %
2026/09/05 06:21:57.311, NVIDIA GeForce RTX 3090, P2, 270.00 W, 229.17 W, 72, 6476 MiB, 24576 MiB, 30 %
2026/09/05 06:22:07.312, NVIDIA GeForce RTX 3090, P2, 270.00 W, 224.21 W, 74, 6476 MiB, 24576 MiB, 48 %
2026/09/05 06:22:17.313, NVIDIA GeForce RTX 3090, P2, 270.00 W, 211.16 W, 73, 6476 MiB, 24576 MiB, 0 %
2026/09/05 06:22:27.315, NVIDIA GeForce RTX 3090, P2, 270.00 W, 211.29 W, 71, 6476 MiB, 24576 MiB, 0 %
2026/09/05 06:22:37.316, NVIDIA GeForce RTX 3090, P2, 270.00 W, 228.63 W, 72, 6476 MiB, 24576 MiB, 46 %
2026/09/05 06:22:47.317, NVIDIA GeForce RTX 3090, P2, 270.00 W, 226.08 W, 73, 6476 MiB, 24576 MiB, 47 %
2026/09/05 06:22:57.319, NVIDIA GeForce RTX 3090, P2, 270.00 W, 219.24 W, 74, 6476 MiB, 24576 MiB, 0 %
2026/09/05 06:23:07.320, NVIDIA GeForce RTX 3090, P2, 270.00 W, 205.57 W, 71, 6476 MiB, 24576 MiB, 30 %
2026/09/05 06:23:17.322, NVIDIA GeForce RTX 3090, P2, 270.00 W, 226.93 W, 72, 6476 MiB, 24576 MiB, 8 %
2026/09/05 06:23:27.323, NVIDIA GeForce RTX 3090, P2, 270.00 W, 234.74 W, 72, 6476 MiB, 24576 MiB, 30 %
2026/09/05 06:23:37.324, NVIDIA GeForce RTX 3090, P2, 270.00 W, 233.66 W, 73, 6476 MiB, 24576 MiB, 6 %
2026/09/05 06:23:47.326, NVIDIA GeForce RTX 3090, P2, 270.00 W, 231.19 W, 73, 6476 MiB, 24576 MiB, 46 %
2026/09/05 06:23:57.327, NVIDIA GeForce RTX 3090, P2, 270.00 W, 227.01 W, 73, 6476 MiB, 24576 MiB, 0 %
2026/09/05 06:24:07.329, NVIDIA GeForce RTX 3090, P2, 270.00 W, 222.36 W, 73, 6476 MiB, 24576 MiB, 5 %
2026/09/05 06:24:17.330, NVIDIA GeForce RTX 3090, P2, 270.00 W, 228.80 W, 72, 6476 MiB, 24576 MiB, 32 %
2026/09/05 06:24:27.331, NVIDIA GeForce RTX 3090, P2, 270.00 W, 225.22 W, 71, 6476 MiB, 24576 MiB, 19 %
2026/09/05 06:24:37.332, NVIDIA GeForce RTX 3090, P2, 270.00 W, 221.52 W, 73, 6476 MiB, 24576 MiB, 0 %
2026/09/05 06:24:47.334, NVIDIA GeForce RTX 3090, P2, 270.00 W, 212.49 W, 71, 6476 MiB, 24576 MiB, 0 %
2026/09/05 06:24:57.335, NVIDIA GeForce RTX 3090, P2, 270.00 W, 235.61 W, 73, 6476 MiB, 24576 MiB, 47 %
2026/09/05 06:25:07.336, NVIDIA GeForce RTX 3090, P2, 270.00 W, 231.44 W, 73, 6476 MiB, 24576 MiB, 46 %
2026/09/05 06:25:17.338, NVIDIA GeForce RTX 3090, P2, 270.00 W, 214.34 W, 73, 6476 MiB, 24576 MiB, 0 %
2026/09/05 06:25:27.339, NVIDIA GeForce RTX 3090, P2, 270.00 W, 214.00 W, 71, 6476 MiB, 24576 MiB, 0 %
2026/09/05 06:25:37.341, NVIDIA GeForce RTX 3090, P2, 270.00 W, 223.14 W, 73, 6476 MiB, 24576 MiB, 41 %
2026/09/05 06:25:47.342, NVIDIA GeForce RTX 3090, P2, 270.00 W, 238.07 W, 72, 6476 MiB, 24576 MiB, 20 %
2026/09/05 06:25:57.343, NVIDIA GeForce RTX 3090, P2, 270.00 W, 223.49 W, 74, 6476 MiB, 24576 MiB, 0 %
2026/09/05 06:26:07.345, NVIDIA GeForce RTX 3090, P2, 270.00 W, 209.24 W, 71, 6476 MiB, 24576 MiB, 47 %
2026/09/05 06:26:17.346, NVIDIA GeForce RTX 3090, P2, 270.00 W, 221.87 W, 72, 6476 MiB, 24576 MiB, 19 %
2026/09/05 06:26:27.347, NVIDIA GeForce RTX 3090, P2, 270.00 W, 233.92 W, 72, 6476 MiB, 24576 MiB, 4 %
2026/09/05 06:26:37.349, NVIDIA GeForce RTX 3090, P2, 270.00 W, 231.53 W, 73, 6476 MiB, 24576 MiB, 48 %
2026/09/05 06:26:47.350, NVIDIA GeForce RTX 3090, P2, 270.00 W, 219.52 W, 74, 6476 MiB, 24576 MiB, 0 %
2026/09/05 06:26:57.352, NVIDIA GeForce RTX 3090, P2, 270.00 W, 212.65 W, 71, 6476 MiB, 24576 MiB, 48 %
2026/09/05 06:27:07.353, NVIDIA GeForce RTX 3090, P2, 270.00 W, 221.60 W, 72, 6476 MiB, 24576 MiB, 47 %
2026/09/05 06:27:17.355, NVIDIA GeForce RTX 3090, P2, 270.00 W, 236.14 W, 73, 6476 MiB, 24576 MiB, 47 %
2026/09/05 06:27:27.356, NVIDIA GeForce RTX 3090, P2, 270.00 W, 220.31 W, 73, 6476 MiB, 24576 MiB, 7 %
2026/09/05 06:27:37.358, NVIDIA GeForce RTX 3090, P2, 270.00 W, 194.93 W, 71, 6476 MiB, 24576 MiB, 8 %
2026/09/05 06:27:47.360, NVIDIA GeForce RTX 3090, P2, 270.00 W, 210.59 W, 71, 6476 MiB, 24576 MiB, 0 %
2026/09/05 06:27:57.361, NVIDIA GeForce RTX 3090, P2, 270.00 W, 225.34 W, 73, 6476 MiB, 24576 MiB, 47 %
2026/09/05 06:28:07.362, NVIDIA GeForce RTX 3090, P2, 270.00 W, 229.56 W, 72, 6476 MiB, 24576 MiB, 46 %
2026/09/05 06:28:17.364, NVIDIA GeForce RTX 3090, P2, 270.00 W, 227.88 W, 74, 6476 MiB, 24576 MiB, 0 %
2026/09/05 06:28:27.365, NVIDIA GeForce RTX 3090, P2, 270.00 W, 209.37 W, 71, 6476 MiB, 24576 MiB, 0 %
2026/09/05 06:28:37.367, NVIDIA GeForce RTX 3090, P2, 270.00 W, 225.18 W, 72, 6476 MiB, 24576 MiB, 48 %
2026/09/05 06:28:47.368, NVIDIA GeForce RTX 3090, P2, 270.00 W, 233.51 W, 73, 6476 MiB, 24576 MiB, 46 %
2026/09/05 06:28:57.369, NVIDIA GeForce RTX 3090, P2, 270.00 W, 223.54 W, 74, 6476 MiB, 24576 MiB, 3 %
2026/09/05 06:29:07.370, NVIDIA GeForce RTX 3090, P2, 270.00 W, 211.10 W, 71, 6476 MiB, 24576 MiB, 0 %
2026/09/05 06:29:17.372, NVIDIA GeForce RTX 3090, P2, 270.00 W, 224.85 W, 73, 6476 MiB, 24576 MiB, 47 %
2026/09/05 06:29:27.373, NVIDIA GeForce RTX 3090, P2, 270.00 W, 221.32 W, 72, 6476 MiB, 24576 MiB, 47 %
2026/09/05 06:29:37.374, NVIDIA GeForce RTX 3090, P2, 270.00 W, 222.76 W, 74, 6476 MiB, 24576 MiB, 0 %
2026/09/05 06:29:47.375, NVIDIA GeForce RTX 3090, P2, 270.00 W, 218.94 W, 71, 6476 MiB, 24576 MiB, 0 %
2026/09/05 06:29:57.377, NVIDIA GeForce RTX 3090, P2, 270.00 W, 234.31 W, 73, 6476 MiB, 24576 MiB, 49 %
2026/09/05 06:30:07.378, NVIDIA GeForce RTX 3090, P2, 270.00 W, 232.34 W, 73, 6476 MiB, 24576 MiB, 46 %
2026/09/05 06:30:17.379, NVIDIA GeForce RTX 3090, P2, 270.00 W, 221.98 W, 73, 6476 MiB, 24576 MiB, 30 %
2026/09/05 06:30:27.380, NVIDIA GeForce RTX 3090, P2, 270.00 W, 211.40 W, 71, 6476 MiB, 24576 MiB, 43 %
2026/09/05 06:30:37.382, NVIDIA GeForce RTX 3090, P2, 270.00 W, 221.26 W, 72, 6476 MiB, 24576 MiB, 4 %
2026/09/05 06:30:47.383, NVIDIA GeForce RTX 3090, P2, 270.00 W, 237.39 W, 72, 6476 MiB, 24576 MiB, 15 %
2026/09/05 06:30:57.384, NVIDIA GeForce RTX 3090, P2, 270.00 W, 219.25 W, 72, 6476 MiB, 24576 MiB, 33 %
2026/09/05 06:31:07.385, NVIDIA GeForce RTX 3090, P2, 270.00 W, 222.90 W, 74, 6476 MiB, 24576 MiB, 47 %
2026/09/05 06:31:17.387, NVIDIA GeForce RTX 3090, P2, 270.00 W, 211.86 W, 71, 6476 MiB, 24576 MiB, 0 %
2026/09/05 06:31:27.388, NVIDIA GeForce RTX 3090, P2, 270.00 W, 228.99 W, 73, 6476 MiB, 24576 MiB, 40 %
2026/09/05 06:31:37.389, NVIDIA GeForce RTX 3090, P2, 270.00 W, 232.66 W, 72, 6476 MiB, 24576 MiB, 36 %
2026/09/05 06:31:47.390, NVIDIA GeForce RTX 3090, P2, 270.00 W, 220.10 W, 73, 6476 MiB, 24576 MiB, 21 %
2026/09/05 06:31:57.392, NVIDIA GeForce RTX 3090, P2, 270.00 W, 216.37 W, 71, 6476 MiB, 24576 MiB, 8 %
2026/09/05 06:32:07.393, NVIDIA GeForce RTX 3090, P2, 270.00 W, 226.29 W, 73, 6476 MiB, 24576 MiB, 4 %
2026/09/05 06:32:17.394, NVIDIA GeForce RTX 3090, P2, 270.00 W, 234.86 W, 73, 6476 MiB, 24576 MiB, 46 %
2026/09/05 06:32:27.395, NVIDIA GeForce RTX 3090, P2, 270.00 W, 222.92 W, 73, 6476 MiB, 24576 MiB, 28 %
2026/09/05 06:32:37.397, NVIDIA GeForce RTX 3090, P2, 270.00 W, 213.25 W, 71, 6476 MiB, 24576 MiB, 0 %
2026/09/05 06:32:47.398, NVIDIA GeForce RTX 3090, P2, 270.00 W, 227.79 W, 73, 6476 MiB, 24576 MiB, 46 %
2026/09/05 06:32:57.400, NVIDIA GeForce RTX 3090, P2, 270.00 W, 228.15 W, 72, 6476 MiB, 24576 MiB, 7 %
2026/09/05 06:33:07.401, NVIDIA GeForce RTX 3090, P2, 270.00 W, 216.87 W, 72, 6476 MiB, 24576 MiB, 34 %
2026/09/05 06:33:17.402, NVIDIA GeForce RTX 3090, P2, 270.00 W, 218.20 W, 74, 6476 MiB, 24576 MiB, 2 %
2026/09/05 06:33:27.404, NVIDIA GeForce RTX 3090, P2, 270.00 W, 218.36 W, 71, 6476 MiB, 24576 MiB, 0 %
2026/09/05 06:33:37.405, NVIDIA GeForce RTX 3090, P2, 270.00 W, 220.70 W, 72, 6476 MiB, 24576 MiB, 19 %
2026/09/05 06:33:47.406, NVIDIA GeForce RTX 3090, P2, 270.00 W, 230.93 W, 71, 6476 MiB, 24576 MiB, 30 %
2026/09/05 06:33:57.407, NVIDIA GeForce RTX 3090, P2, 270.00 W, 221.21 W, 73, 6476 MiB, 24576 MiB, 30 %
2026/09/05 06:34:07.409, NVIDIA GeForce RTX 3090, P2, 270.00 W, 218.32 W, 71, 6476 MiB, 24576 MiB, 0 %
2026/09/05 06:34:17.410, NVIDIA GeForce RTX 3090, P2, 270.00 W, 228.56 W, 73, 6476 MiB, 24576 MiB, 48 %
2026/09/05 06:34:27.411, NVIDIA GeForce RTX 3090, P2, 270.00 W, 219.35 W, 71, 6476 MiB, 24576 MiB, 47 %
2026/09/05 06:34:37.413, NVIDIA GeForce RTX 3090, P2, 270.00 W, 224.88 W, 73, 6476 MiB, 24576 MiB, 4 %
2026/09/05 06:34:47.414, NVIDIA GeForce RTX 3090, P2, 270.00 W, 213.92 W, 71, 6476 MiB, 24576 MiB, 0 %
2026/09/05 06:34:57.415, NVIDIA GeForce RTX 3090, P2, 270.00 W, 225.44 W, 73, 6476 MiB, 24576 MiB, 39 %
2026/09/05 06:35:07.416, NVIDIA GeForce RTX 3090, P2, 270.00 W, 234.65 W, 71, 6476 MiB, 24576 MiB, 30 %
2026/09/05 06:35:17.418, NVIDIA GeForce RTX 3090, P2, 270.00 W, 221.12 W, 73, 6476 MiB, 24576 MiB, 32 %
2026/09/05 06:35:27.419, NVIDIA GeForce RTX 3090, P2, 270.00 W, 213.72 W, 71, 6476 MiB, 24576 MiB, 48 %
2026/09/05 06:35:37.422, NVIDIA GeForce RTX 3090, P2, 270.00 W, 221.61 W, 71, 6476 MiB, 24576 MiB, 49 %
2026/09/05 06:35:47.423, NVIDIA GeForce RTX 3090, P2, 270.00 W, 225.35 W, 72, 6476 MiB, 24576 MiB, 10 %
2026/09/05 06:35:57.424, NVIDIA GeForce RTX 3090, P2, 270.00 W, 220.71 W, 72, 6476 MiB, 24576 MiB, 46 %
2026/09/05 06:36:07.425, NVIDIA GeForce RTX 3090, P2, 270.00 W, 228.69 W, 74, 6476 MiB, 24576 MiB, 0 %
2026/09/05 06:36:17.427, NVIDIA GeForce RTX 3090, P2, 270.00 W, 221.33 W, 73, 6476 MiB, 24576 MiB, 6 %
2026/09/05 06:36:27.428, NVIDIA GeForce RTX 3090, P2, 270.00 W, 223.90 W, 71, 6476 MiB, 24576 MiB, 3 %
2026/09/05 06:36:37.429, NVIDIA GeForce RTX 3090, P2, 270.00 W, 224.74 W, 71, 6476 MiB, 24576 MiB, 36 %
2026/09/05 06:36:47.431, NVIDIA GeForce RTX 3090, P2, 270.00 W, 223.21 W, 73, 6476 MiB, 24576 MiB, 15 %
2026/09/05 06:36:57.432, NVIDIA GeForce RTX 3090, P2, 270.00 W, 222.16 W, 71, 6476 MiB, 24576 MiB, 44 %
2026/09/05 06:37:07.433, NVIDIA GeForce RTX 3090, P2, 270.00 W, 220.61 W, 73, 6476 MiB, 24576 MiB, 48 %
2026/09/05 06:37:17.435, NVIDIA GeForce RTX 3090, P2, 270.00 W, 234.49 W, 72, 6476 MiB, 24576 MiB, 30 %
2026/09/05 06:37:27.436, NVIDIA GeForce RTX 3090, P2, 270.00 W, 228.59 W, 73, 6476 MiB, 24576 MiB, 46 %
2026/09/05 06:37:37.437, NVIDIA GeForce RTX 3090, P2, 270.00 W, 216.26 W, 73, 6476 MiB, 24576 MiB, 47 %
2026/09/05 06:37:47.439, NVIDIA GeForce RTX 3090, P2, 270.00 W, 209.83 W, 71, 6476 MiB, 24576 MiB, 0 %
2026/09/05 06:37:57.440, NVIDIA GeForce RTX 3090, P2, 270.00 W, 225.75 W, 72, 6476 MiB, 24576 MiB, 49 %
2026/09/05 06:38:07.441, NVIDIA GeForce RTX 3090, P2, 270.00 W, 218.28 W, 73, 6476 MiB, 24576 MiB, 30 %
2026/09/05 06:38:17.442, NVIDIA GeForce RTX 3090, P2, 270.00 W, 216.56 W, 72, 6476 MiB, 24576 MiB, 37 %
2026/09/05 06:38:27.443, NVIDIA GeForce RTX 3090, P2, 270.00 W, 220.19 W, 72, 6476 MiB, 24576 MiB, 3 %
2026/09/05 06:38:37.445, NVIDIA GeForce RTX 3090, P2, 270.00 W, 225.86 W, 72, 6476 MiB, 24576 MiB, 45 %
2026/09/05 06:38:47.446, NVIDIA GeForce RTX 3090, P2, 270.00 W, 233.84 W, 72, 6476 MiB, 24576 MiB, 30 %
2026/09/05 06:38:57.447, NVIDIA GeForce RTX 3090, P2, 270.00 W, 232.74 W, 73, 6476 MiB, 24576 MiB, 48 %
2026/09/05 06:39:07.448, NVIDIA GeForce RTX 3090, P2, 270.00 W, 226.74 W, 74, 6476 MiB, 24576 MiB, 47 %
2026/09/05 06:39:17.450, NVIDIA GeForce RTX 3090, P2, 270.00 W, 219.53 W, 72, 6476 MiB, 24576 MiB, 23 %
2026/09/05 06:39:27.451, NVIDIA GeForce RTX 3090, P2, 270.00 W, 230.89 W, 73, 6476 MiB, 24576 MiB, 47 %
2026/09/05 06:39:37.453, NVIDIA GeForce RTX 3090, P2, 270.00 W, 223.16 W, 73, 6476 MiB, 24576 MiB, 30 %
2026/09/05 06:39:47.454, NVIDIA GeForce RTX 3090, P2, 270.00 W, 216.83 W, 72, 6476 MiB, 24576 MiB, 37 %
2026/09/05 06:39:57.456, NVIDIA GeForce RTX 3090, P2, 270.00 W, 228.15 W, 72, 6476 MiB, 24576 MiB, 32 %
2026/09/05 06:40:07.457, NVIDIA GeForce RTX 3090, P2, 270.00 W, 221.80 W, 73, 6476 MiB, 24576 MiB, 50 %
2026/09/05 06:40:17.458, NVIDIA GeForce RTX 3090, P2, 270.00 W, 229.63 W, 73, 6476 MiB, 24576 MiB, 48 %
2026/09/05 06:40:27.459, NVIDIA GeForce RTX 3090, P2, 270.00 W, 218.53 W, 72, 6476 MiB, 24576 MiB, 27 %
2026/09/05 06:40:37.460, NVIDIA GeForce RTX 3090, P2, 270.00 W, 220.31 W, 72, 6476 MiB, 24576 MiB, 16 %
2026/09/05 06:40:47.462, NVIDIA GeForce RTX 3090, P2, 270.00 W, 224.77 W, 72, 6476 MiB, 24576 MiB, 11 %
2026/09/05 06:40:57.463, NVIDIA GeForce RTX 3090, P2, 270.00 W, 233.89 W, 71, 6476 MiB, 24576 MiB, 27 %
2026/09/05 06:41:07.465, NVIDIA GeForce RTX 3090, P2, 270.00 W, 230.74 W, 73, 6476 MiB, 24576 MiB, 46 %
2026/09/05 06:41:17.466, NVIDIA GeForce RTX 3090, P2, 270.00 W, 215.07 W, 73, 6476 MiB, 24576 MiB, 47 %
2026/09/05 06:41:27.467, NVIDIA GeForce RTX 3090, P2, 270.00 W, 224.62 W, 72, 6476 MiB, 24576 MiB, 5 %
2026/09/05 06:41:37.468, NVIDIA GeForce RTX 3090, P2, 270.00 W, 225.77 W, 71, 6476 MiB, 24576 MiB, 48 %
2026/09/05 06:41:47.470, NVIDIA GeForce RTX 3090, P2, 270.00 W, 233.91 W, 73, 6476 MiB, 24576 MiB, 47 %
2026/09/05 06:41:57.471, NVIDIA GeForce RTX 3090, P2, 270.00 W, 220.42 W, 74, 6476 MiB, 24576 MiB, 47 %
2026/09/05 06:42:07.472, NVIDIA GeForce RTX 3090, P2, 270.00 W, 216.80 W, 71, 6476 MiB, 24576 MiB, 3 %
2026/09/05 06:42:17.474, NVIDIA GeForce RTX 3090, P2, 270.00 W, 228.16 W, 73, 6476 MiB, 24576 MiB, 25 %
2026/09/05 06:42:27.475, NVIDIA GeForce RTX 3090, P2, 270.00 W, 232.75 W, 73, 6476 MiB, 24576 MiB, 47 %
2026/09/05 06:42:37.476, NVIDIA GeForce RTX 3090, P2, 270.00 W, 218.82 W, 73, 6476 MiB, 24576 MiB, 23 %
2026/09/05 06:42:47.478, NVIDIA GeForce RTX 3090, P2, 270.00 W, 214.30 W, 71, 6476 MiB, 24576 MiB, 30 %
2026/09/05 06:42:57.479, NVIDIA GeForce RTX 3090, P2, 270.00 W, 216.67 W, 72, 6476 MiB, 24576 MiB, 3 %
2026/09/05 06:43:07.480, NVIDIA GeForce RTX 3090, P2, 270.00 W, 229.97 W, 71, 6476 MiB, 24576 MiB, 37 %
2026/09/05 06:43:17.481, NVIDIA GeForce RTX 3090, P2, 270.00 W, 215.44 W, 71, 6476 MiB, 24576 MiB, 46 %
2026/09/05 06:43:27.483, NVIDIA GeForce RTX 3090, P2, 270.00 W, 216.66 W, 72, 6476 MiB, 24576 MiB, 0 %
2026/09/05 06:43:37.484, NVIDIA GeForce RTX 3090, P2, 270.00 W, 220.46 W, 71, 6476 MiB, 24576 MiB, 5 %
2026/09/05 06:43:47.485, NVIDIA GeForce RTX 3090, P2, 270.00 W, 229.05 W, 72, 6476 MiB, 24576 MiB, 31 %
2026/09/05 06:43:57.487, NVIDIA GeForce RTX 3090, P2, 270.00 W, 230.43 W, 73, 6476 MiB, 24576 MiB, 46 %
2026/09/05 06:44:07.488, NVIDIA GeForce RTX 3090, P2, 270.00 W, 222.11 W, 73, 6476 MiB, 24576 MiB, 0 %
2026/09/05 06:44:17.489, NVIDIA GeForce RTX 3090, P2, 270.00 W, 215.77 W, 71, 6476 MiB, 24576 MiB, 10 %
2026/09/05 06:44:27.490, NVIDIA GeForce RTX 3090, P2, 270.00 W, 221.13 W, 71, 6476 MiB, 24576 MiB, 6 %
2026/09/05 06:44:37.492, NVIDIA GeForce RTX 3090, P2, 270.00 W, 228.61 W, 71, 6476 MiB, 24576 MiB, 30 %
2026/09/05 06:44:47.493, NVIDIA GeForce RTX 3090, P2, 270.00 W, 219.28 W, 73, 6476 MiB, 24576 MiB, 25 %
2026/09/05 06:44:57.494, NVIDIA GeForce RTX 3090, P2, 270.00 W, 215.87 W, 71, 6476 MiB, 24576 MiB, 0 %
2026/09/05 06:45:07.496, NVIDIA GeForce RTX 3090, P2, 270.00 W, 222.37 W, 73, 6476 MiB, 24576 MiB, 43 %
2026/09/05 06:45:17.497, NVIDIA GeForce RTX 3090, P2, 270.00 W, 230.45 W, 73, 6476 MiB, 24576 MiB, 47 %
2026/09/05 06:45:27.498, NVIDIA GeForce RTX 3090, P2, 270.00 W, 198.56 W, 71, 6476 MiB, 24576 MiB, 0 %
2026/09/05 06:45:37.499, NVIDIA GeForce RTX 3090, P2, 270.00 W, 225.90 W, 74, 6476 MiB, 24576 MiB, 43 %
2026/09/05 06:45:47.501, NVIDIA GeForce RTX 3090, P2, 270.00 W, 234.82 W, 72, 6476 MiB, 24576 MiB, 43 %
2026/09/05 06:45:57.502, NVIDIA GeForce RTX 3090, P2, 270.00 W, 214.49 W, 73, 6476 MiB, 24576 MiB, 0 %
2026/09/05 06:46:07.504, NVIDIA GeForce RTX 3090, P2, 270.00 W, 230.52 W, 71, 6476 MiB, 24576 MiB, 43 %
2026/09/05 06:46:17.505, NVIDIA GeForce RTX 3090, P2, 270.00 W, 227.33 W, 72, 6476 MiB, 24576 MiB, 38 %
2026/09/05 06:46:27.506, NVIDIA GeForce RTX 3090, P2, 270.00 W, 235.24 W, 72, 6476 MiB, 24576 MiB, 29 %
2026/09/05 06:46:37.507, NVIDIA GeForce RTX 3090, P2, 270.00 W, 224.02 W, 73, 6476 MiB, 24576 MiB, 1 %
2026/09/05 06:46:47.508, NVIDIA GeForce RTX 3090, P2, 270.00 W, 222.91 W, 73, 6476 MiB, 24576 MiB, 0 %
2026/09/05 06:46:57.509, NVIDIA GeForce RTX 3090, P2, 270.00 W, 218.66 W, 72, 6476 MiB, 24576 MiB, 0 %
2026/09/05 06:47:07.511, NVIDIA GeForce RTX 3090, P2, 270.00 W, 228.28 W, 72, 6476 MiB, 24576 MiB, 30 %
2026/09/05 06:47:17.512, NVIDIA GeForce RTX 3090, P2, 270.00 W, 221.23 W, 72, 6476 MiB, 24576 MiB, 48 %
2026/09/05 06:47:27.513, NVIDIA GeForce RTX 3090, P2, 270.00 W, 220.66 W, 74, 6476 MiB, 24576 MiB, 0 %
2026/09/05 06:47:37.515, NVIDIA GeForce RTX 3090, P2, 270.00 W, 209.90 W, 71, 6476 MiB, 24576 MiB, 0 %
2026/09/05 06:47:47.516, NVIDIA GeForce RTX 3090, P2, 270.00 W, 228.37 W, 72, 6476 MiB, 24576 MiB, 41 %
2026/09/05 06:47:57.517, NVIDIA GeForce RTX 3090, P2, 270.00 W, 228.46 W, 73, 6476 MiB, 24576 MiB, 46 %
2026/09/05 06:48:07.518, NVIDIA GeForce RTX 3090, P2, 270.00 W, 213.56 W, 72, 6476 MiB, 24576 MiB, 3 %
2026/09/05 06:48:17.520, NVIDIA GeForce RTX 3090, P2, 270.00 W, 225.69 W, 72, 6476 MiB, 24576 MiB, 4 %
2026/09/05 06:48:27.521, NVIDIA GeForce RTX 3090, P2, 270.00 W, 235.85 W, 71, 6476 MiB, 24576 MiB, 23 %
2026/09/05 06:48:37.522, NVIDIA GeForce RTX 3090, P2, 270.00 W, 227.19 W, 73, 6476 MiB, 24576 MiB, 41 %
2026/09/05 06:48:47.523, NVIDIA GeForce RTX 3090, P2, 270.00 W, 214.46 W, 73, 6476 MiB, 24576 MiB, 44 %
2026/09/05 06:48:57.525, NVIDIA GeForce RTX 3090, P2, 270.00 W, 222.13 W, 71, 6476 MiB, 24576 MiB, 30 %
2026/09/05 06:49:07.526, NVIDIA GeForce RTX 3090, P2, 270.00 W, 230.75 W, 71, 6476 MiB, 24576 MiB, 35 %
2026/09/05 06:49:17.527, NVIDIA GeForce RTX 3090, P2, 270.00 W, 227.74 W, 72, 6476 MiB, 24576 MiB, 46 %
2026/09/05 06:49:27.528, NVIDIA GeForce RTX 3090, P2, 270.00 W, 222.31 W, 73, 6476 MiB, 24576 MiB, 20 %
2026/09/05 06:49:37.530, NVIDIA GeForce RTX 3090, P2, 270.00 W, 211.80 W, 71, 6476 MiB, 24576 MiB, 0 %
2026/09/05 06:49:47.531, NVIDIA GeForce RTX 3090, P2, 270.00 W, 227.16 W, 72, 6476 MiB, 24576 MiB, 48 %
2026/09/05 06:49:57.532, NVIDIA GeForce RTX 3090, P2, 270.00 W, 221.12 W, 72, 6476 MiB, 24576 MiB, 30 %
2026/09/05 06:50:07.534, NVIDIA GeForce RTX 3090, P2, 270.00 W, 220.30 W, 73, 6476 MiB, 24576 MiB, 24 %
2026/09/05 06:50:17.535, NVIDIA GeForce RTX 3090, P2, 270.00 W, 209.48 W, 71, 6476 MiB, 24576 MiB, 44 %
2026/09/05 06:50:27.536, NVIDIA GeForce RTX 3090, P2, 270.00 W, 231.49 W, 72, 6476 MiB, 24576 MiB, 48 %
2026/09/05 06:50:37.537, NVIDIA GeForce RTX 3090, P2, 270.00 W, 232.18 W, 72, 6476 MiB, 24576 MiB, 47 %
2026/09/05 06:50:47.539, NVIDIA GeForce RTX 3090, P2, 270.00 W, 220.83 W, 73, 6476 MiB, 24576 MiB, 46 %
2026/09/05 06:50:57.540, NVIDIA GeForce RTX 3090, P2, 270.00 W, 213.57 W, 71, 6476 MiB, 24576 MiB, 42 %
2026/09/05 06:51:07.542, NVIDIA GeForce RTX 3090, P2, 270.00 W, 235.63 W, 73, 6476 MiB, 24576 MiB, 5 %
2026/09/05 06:51:17.543, NVIDIA GeForce RTX 3090, P2, 270.00 W, 233.50 W, 72, 6476 MiB, 24576 MiB, 49 %
2026/09/05 06:51:27.544, NVIDIA GeForce RTX 3090, P2, 270.00 W, 218.91 W, 73, 6476 MiB, 24576 MiB, 25 %
2026/09/05 06:51:37.545, NVIDIA GeForce RTX 3090, P2, 270.00 W, 211.14 W, 71, 6476 MiB, 24576 MiB, 8 %
2026/09/05 06:51:47.547, NVIDIA GeForce RTX 3090, P2, 270.00 W, 217.40 W, 71, 6476 MiB, 24576 MiB, 48 %
2026/09/05 06:51:57.548, NVIDIA GeForce RTX 3090, P2, 270.00 W, 221.80 W, 72, 6476 MiB, 24576 MiB, 7 %
2026/09/05 06:52:07.549, NVIDIA GeForce RTX 3090, P2, 270.00 W, 220.27 W, 71, 6476 MiB, 24576 MiB, 14 %
2026/09/05 06:52:17.551, NVIDIA GeForce RTX 3090, P2, 270.00 W, 223.35 W, 73, 6476 MiB, 24576 MiB, 24 %
2026/09/05 06:52:27.552, NVIDIA GeForce RTX 3090, P2, 270.00 W, 210.42 W, 71, 6476 MiB, 24576 MiB, 35 %
2026/09/05 06:52:37.553, NVIDIA GeForce RTX 3090, P2, 270.00 W, 230.96 W, 74, 6476 MiB, 24576 MiB, 46 %
2026/09/05 06:52:47.554, NVIDIA GeForce RTX 3090, P2, 270.00 W, 236.03 W, 73, 6476 MiB, 24576 MiB, 49 %
2026/09/05 06:52:57.556, NVIDIA GeForce RTX 3090, P2, 270.00 W, 225.63 W, 73, 6476 MiB, 24576 MiB, 0 %
2026/09/05 06:53:07.557, NVIDIA GeForce RTX 3090, P2, 270.00 W, 215.92 W, 73, 6476 MiB, 24576 MiB, 5 %
2026/09/05 06:53:17.558, NVIDIA GeForce RTX 3090, P2, 270.00 W, 215.42 W, 71, 6476 MiB, 24576 MiB, 4 %
2026/09/05 06:53:27.559, NVIDIA GeForce RTX 3090, P2, 270.00 W, 230.54 W, 71, 6476 MiB, 24576 MiB, 5 %
2026/09/05 06:53:37.560, NVIDIA GeForce RTX 3090, P2, 270.00 W, 236.76 W, 73, 6476 MiB, 24576 MiB, 46 %
2026/09/05 06:53:47.561, NVIDIA GeForce RTX 3090, P2, 270.00 W, 222.51 W, 72, 6476 MiB, 24576 MiB, 30 %
2026/09/05 06:53:57.563, NVIDIA GeForce RTX 3090, P2, 270.00 W, 211.84 W, 72, 6476 MiB, 24576 MiB, 30 %
2026/09/05 06:54:07.564, NVIDIA GeForce RTX 3090, P2, 270.00 W, 219.76 W, 72, 6476 MiB, 24576 MiB, 38 %
2026/09/05 06:54:17.565, NVIDIA GeForce RTX 3090, P2, 270.00 W, 237.72 W, 72, 6476 MiB, 24576 MiB, 39 %
2026/09/05 06:54:27.566, NVIDIA GeForce RTX 3090, P2, 270.00 W, 212.61 W, 73, 6476 MiB, 24576 MiB, 0 %
2026/09/05 06:54:37.567, NVIDIA GeForce RTX 3090, P2, 270.00 W, 213.15 W, 71, 6476 MiB, 24576 MiB, 0 %
2026/09/05 06:54:47.569, NVIDIA GeForce RTX 3090, P2, 270.00 W, 226.84 W, 73, 6476 MiB, 24576 MiB, 41 %
2026/09/05 06:54:57.570, NVIDIA GeForce RTX 3090, P2, 270.00 W, 230.37 W, 72, 6476 MiB, 24576 MiB, 43 %
2026/09/05 06:55:07.571, NVIDIA GeForce RTX 3090, P2, 270.00 W, 229.16 W, 74, 6476 MiB, 24576 MiB, 49 %
2026/09/05 06:55:17.572, NVIDIA GeForce RTX 3090, P2, 270.00 W, 220.71 W, 74, 6476 MiB, 24576 MiB, 47 %
2026/09/05 06:55:27.573, NVIDIA GeForce RTX 3090, P2, 270.00 W, 226.68 W, 72, 6476 MiB, 24576 MiB, 7 %
2026/09/05 06:55:37.575, NVIDIA GeForce RTX 3090, P2, 270.00 W, 231.18 W, 73, 6476 MiB, 24576 MiB, 48 %
2026/09/05 06:55:47.576, NVIDIA GeForce RTX 3090, P2, 270.00 W, 234.66 W, 73, 6476 MiB, 24576 MiB, 47 %
2026/09/05 06:55:57.577, NVIDIA GeForce RTX 3090, P2, 270.00 W, 222.66 W, 73, 6476 MiB, 24576 MiB, 40 %
2026/09/05 06:56:07.578, NVIDIA GeForce RTX 3090, P2, 270.00 W, 188.53 W, 69, 6476 MiB, 24576 MiB, 33 %
2026/09/05 06:56:17.579, NVIDIA GeForce RTX 3090, P2, 270.00 W, 185.26 W, 69, 6476 MiB, 24576 MiB, 23 %
2026/09/05 06:56:27.580, NVIDIA GeForce RTX 3090, P2, 270.00 W, 176.11 W, 68, 6476 MiB, 24576 MiB, 17 %
2026/09/05 06:56:37.582, NVIDIA GeForce RTX 3090, P2, 270.00 W, 172.14 W, 68, 6476 MiB, 24576 MiB, 27 %
2026/09/05 06:56:47.583, NVIDIA GeForce RTX 3090, P0, 270.00 W, 174.42 W, 68, 1 MiB, 24576 MiB, 0 %
2026/09/05 06:56:57.584, NVIDIA GeForce RTX 3090, P2, 270.00 W, 183.39 W, 69, 2020 MiB, 24576 MiB, 32 %
2026/09/05 06:57:07.585, NVIDIA GeForce RTX 3090, P2, 270.00 W, 179.80 W, 69, 2020 MiB, 24576 MiB, 20 %
2026/09/05 06:57:17.586, NVIDIA GeForce RTX 3090, P2, 270.00 W, 173.54 W, 68, 2020 MiB, 24576 MiB, 29 %
2026/09/05 06:57:27.588, NVIDIA GeForce RTX 3090, P2, 270.00 W, 219.15 W, 73, 5000 MiB, 24576 MiB, 30 %
2026/09/05 06:57:37.589, NVIDIA GeForce RTX 3090, P2, 270.00 W, 210.42 W, 71, 5000 MiB, 24576 MiB, 47 %
2026/09/05 06:57:47.590, NVIDIA GeForce RTX 3090, P2, 270.00 W, 225.22 W, 73, 5000 MiB, 24576 MiB, 43 %
2026/09/05 06:57:57.592, NVIDIA GeForce RTX 3090, P2, 270.00 W, 231.59 W, 72, 5000 MiB, 24576 MiB, 48 %
2026/09/05 06:58:07.593, NVIDIA GeForce RTX 3090, P2, 270.00 W, 223.64 W, 73, 5000 MiB, 24576 MiB, 47 %
2026/09/05 06:58:17.595, NVIDIA GeForce RTX 3090, P2, 270.00 W, 214.25 W, 71, 5000 MiB, 24576 MiB, 46 %
2026/09/05 06:58:27.596, NVIDIA GeForce RTX 3090, P2, 270.00 W, 230.05 W, 72, 5000 MiB, 24576 MiB, 49 %
2026/09/05 06:58:37.597, NVIDIA GeForce RTX 3090, P2, 270.00 W, 235.43 W, 72, 5000 MiB, 24576 MiB, 14 %
2026/09/05 06:58:47.598, NVIDIA GeForce RTX 3090, P2, 270.00 W, 229.01 W, 71, 5000 MiB, 24576 MiB, 34 %
2026/09/05 06:58:57.600, NVIDIA GeForce RTX 3090, P2, 270.00 W, 218.36 W, 73, 5000 MiB, 24576 MiB, 30 %
2026/09/05 06:59:07.601, NVIDIA GeForce RTX 3090, P2, 270.00 W, 219.75 W, 73, 5000 MiB, 24576 MiB, 9 %
2026/09/05 06:59:17.603, NVIDIA GeForce RTX 3090, P2, 270.00 W, 232.12 W, 73, 5000 MiB, 24576 MiB, 48 %
2026/09/05 06:59:27.604, NVIDIA GeForce RTX 3090, P2, 270.00 W, 225.89 W, 71, 5000 MiB, 24576 MiB, 0 %
2026/09/05 06:59:37.606, NVIDIA GeForce RTX 3090, P2, 270.00 W, 227.92 W, 73, 5000 MiB, 24576 MiB, 28 %
2026/09/05 06:59:47.607, NVIDIA GeForce RTX 3090, P2, 270.00 W, 223.98 W, 71, 5000 MiB, 24576 MiB, 33 %
2026/09/05 06:59:57.608, NVIDIA GeForce RTX 3090, P2, 270.00 W, 220.52 W, 73, 5000 MiB, 24576 MiB, 25 %
2026/09/05 07:00:07.610, NVIDIA GeForce RTX 3090, P2, 270.00 W, 214.31 W, 71, 5000 MiB, 24576 MiB, 0 %
2026/09/05 07:00:17.611, NVIDIA GeForce RTX 3090, P2, 270.00 W, 224.84 W, 72, 5000 MiB, 24576 MiB, 10 %
2026/09/05 07:00:27.612, NVIDIA GeForce RTX 3090, P2, 270.00 W, 221.10 W, 73, 5000 MiB, 24576 MiB, 30 %
2026/09/05 07:00:37.614, NVIDIA GeForce RTX 3090, P2, 270.00 W, 217.63 W, 72, 5502 MiB, 24576 MiB, 30 %
2026/09/05 07:00:47.615, NVIDIA GeForce RTX 3090, P2, 270.00 W, 215.91 W, 71, 5502 MiB, 24576 MiB, 0 %
2026/09/05 07:00:57.616, NVIDIA GeForce RTX 3090, P2, 270.00 W, 227.01 W, 72, 5502 MiB, 24576 MiB, 19 %
2026/09/05 07:01:07.618, NVIDIA GeForce RTX 3090, P2, 270.00 W, 221.46 W, 72, 5502 MiB, 24576 MiB, 50 %
2026/09/05 07:01:17.619, NVIDIA GeForce RTX 3090, P2, 270.00 W, 232.01 W, 73, 5502 MiB, 24576 MiB, 47 %
2026/09/05 07:01:27.620, NVIDIA GeForce RTX 3090, P2, 270.00 W, 230.25 W, 74, 5502 MiB, 24576 MiB, 0 %
2026/09/05 07:01:37.621, NVIDIA GeForce RTX 3090, P2, 270.00 W, 220.01 W, 73, 5502 MiB, 24576 MiB, 47 %
2026/09/05 07:01:47.622, NVIDIA GeForce RTX 3090, P2, 270.00 W, 221.02 W, 71, 5502 MiB, 24576 MiB, 0 %
2026/09/05 07:01:57.624, NVIDIA GeForce RTX 3090, P2, 270.00 W, 230.66 W, 72, 5502 MiB, 24576 MiB, 48 %
2026/09/05 07:02:07.625, NVIDIA GeForce RTX 3090, P2, 270.00 W, 232.95 W, 72, 5502 MiB, 24576 MiB, 46 %
2026/09/05 07:02:17.626, NVIDIA GeForce RTX 3090, P2, 270.00 W, 224.39 W, 73, 5502 MiB, 24576 MiB, 47 %
2026/09/05 07:02:27.628, NVIDIA GeForce RTX 3090, P2, 270.00 W, 218.73 W, 71, 5502 MiB, 24576 MiB, 0 %
2026/09/05 07:02:37.629, NVIDIA GeForce RTX 3090, P2, 270.00 W, 229.63 W, 74, 5502 MiB, 24576 MiB, 46 %
2026/09/05 07:02:47.631, NVIDIA GeForce RTX 3090, P2, 270.00 W, 222.98 W, 70, 5502 MiB, 24576 MiB, 46 %
2026/09/05 07:02:57.632, NVIDIA GeForce RTX 3090, P2, 270.00 W, 222.77 W, 73, 5502 MiB, 24576 MiB, 26 %
2026/09/05 07:03:07.633, NVIDIA GeForce RTX 3090, P2, 270.00 W, 217.80 W, 71, 5502 MiB, 24576 MiB, 10 %
2026/09/05 07:03:17.634, NVIDIA GeForce RTX 3090, P2, 270.00 W, 219.18 W, 71, 5502 MiB, 24576 MiB, 6 %
2026/09/05 07:03:27.635, NVIDIA GeForce RTX 3090, P2, 270.00 W, 231.55 W, 73, 5502 MiB, 24576 MiB, 37 %
2026/09/05 07:03:37.637, NVIDIA GeForce RTX 3090, P2, 270.00 W, 222.93 W, 73, 5502 MiB, 24576 MiB, 31 %
2026/09/05 07:03:47.638, NVIDIA GeForce RTX 3090, P2, 270.00 W, 226.20 W, 73, 5502 MiB, 24576 MiB, 0 %
2026/09/05 07:03:57.639, NVIDIA GeForce RTX 3090, P2, 270.00 W, 217.46 W, 71, 5502 MiB, 24576 MiB, 41 %
2026/09/05 07:04:07.641, NVIDIA GeForce RTX 3090, P2, 270.00 W, 224.40 W, 71, 5502 MiB, 24576 MiB, 49 %
2026/09/05 07:04:17.642, NVIDIA GeForce RTX 3090, P2, 270.00 W, 228.04 W, 73, 5502 MiB, 24576 MiB, 47 %
2026/09/05 07:04:27.643, NVIDIA GeForce RTX 3090, P2, 270.00 W, 218.28 W, 73, 5502 MiB, 24576 MiB, 0 %
2026/09/05 07:04:37.644, NVIDIA GeForce RTX 3090, P2, 270.00 W, 227.78 W, 72, 5502 MiB, 24576 MiB, 35 %
2026/09/05 07:04:47.645, NVIDIA GeForce RTX 3090, P2, 270.00 W, 230.99 W, 72, 5502 MiB, 24576 MiB, 9 %
2026/09/05 07:04:57.647, NVIDIA GeForce RTX 3090, P2, 270.00 W, 224.18 W, 73, 5502 MiB, 24576 MiB, 38 %
2026/09/05 07:05:07.648, NVIDIA GeForce RTX 3090, P2, 270.00 W, 225.49 W, 74, 5502 MiB, 24576 MiB, 0 %
2026/09/05 07:05:17.649, NVIDIA GeForce RTX 3090, P2, 270.00 W, 211.43 W, 71, 5502 MiB, 24576 MiB, 22 %
2026/09/05 07:05:27.650, NVIDIA GeForce RTX 3090, P2, 270.00 W, 230.62 W, 72, 5502 MiB, 24576 MiB, 1 %
2026/09/05 07:05:37.652, NVIDIA GeForce RTX 3090, P2, 270.00 W, 226.85 W, 71, 5502 MiB, 24576 MiB, 47 %
2026/09/05 07:05:47.653, NVIDIA GeForce RTX 3090, P2, 270.00 W, 229.84 W, 72, 5502 MiB, 24576 MiB, 47 %
2026/09/05 07:05:57.654, NVIDIA GeForce RTX 3090, P2, 270.00 W, 225.81 W, 74, 5502 MiB, 24576 MiB, 48 %
2026/09/05 07:06:07.655, NVIDIA GeForce RTX 3090, P2, 270.00 W, 223.39 W, 71, 5502 MiB, 24576 MiB, 30 %
2026/09/05 07:06:17.657, NVIDIA GeForce RTX 3090, P2, 270.00 W, 213.03 W, 71, 5502 MiB, 24576 MiB, 49 %
2026/09/05 07:06:27.658, NVIDIA GeForce RTX 3090, P2, 270.00 W, 225.40 W, 72, 5502 MiB, 24576 MiB, 48 %
2026/09/05 07:06:37.659, NVIDIA GeForce RTX 3090, P2, 270.00 W, 222.61 W, 72, 5502 MiB, 24576 MiB, 50 %
2026/09/05 07:06:47.660, NVIDIA GeForce RTX 3090, P2, 270.00 W, 226.20 W, 73, 5502 MiB, 24576 MiB, 35 %
2026/09/05 07:06:57.661, NVIDIA GeForce RTX 3090, P2, 270.00 W, 220.33 W, 71, 5502 MiB, 24576 MiB, 45 %
2026/09/05 07:07:07.662, NVIDIA GeForce RTX 3090, P2, 270.00 W, 222.37 W, 72, 5502 MiB, 24576 MiB, 49 %
2026/09/05 07:07:17.663, NVIDIA GeForce RTX 3090, P2, 270.00 W, 219.93 W, 71, 5502 MiB, 24576 MiB, 46 %
2026/09/05 07:07:27.665, NVIDIA GeForce RTX 3090, P2, 270.00 W, 222.73 W, 74, 5502 MiB, 24576 MiB, 8 %
2026/09/05 07:07:37.666, NVIDIA GeForce RTX 3090, P2, 270.00 W, 201.70 W, 70, 5502 MiB, 24576 MiB, 0 %
2026/09/05 07:07:47.667, NVIDIA GeForce RTX 3090, P2, 270.00 W, 224.74 W, 72, 5502 MiB, 24576 MiB, 48 %
2026/09/05 07:07:57.668, NVIDIA GeForce RTX 3090, P2, 270.00 W, 233.65 W, 73, 5502 MiB, 24576 MiB, 47 %
2026/09/05 07:08:07.669, NVIDIA GeForce RTX 3090, P2, 270.00 W, 220.32 W, 72, 5502 MiB, 24576 MiB, 28 %
2026/09/05 07:08:17.671, NVIDIA GeForce RTX 3090, P2, 270.00 W, 216.63 W, 73, 5502 MiB, 24576 MiB, 36 %
2026/09/05 07:08:27.672, NVIDIA GeForce RTX 3090, P2, 270.00 W, 208.84 W, 72, 5502 MiB, 24576 MiB, 19 %
2026/09/05 07:08:37.673, NVIDIA GeForce RTX 3090, P2, 270.00 W, 221.50 W, 71, 5502 MiB, 24576 MiB, 20 %
2026/09/05 07:08:47.674, NVIDIA GeForce RTX 3090, P2, 270.00 W, 234.18 W, 72, 5502 MiB, 24576 MiB, 48 %
2026/09/05 07:08:57.675, NVIDIA GeForce RTX 3090, P2, 270.00 W, 228.24 W, 73, 5502 MiB, 24576 MiB, 48 %
2026/09/05 07:09:07.677, NVIDIA GeForce RTX 3090, P2, 270.00 W, 220.07 W, 74, 5502 MiB, 24576 MiB, 46 %
2026/09/05 07:09:17.678, NVIDIA GeForce RTX 3090, P2, 270.00 W, 212.67 W, 71, 5502 MiB, 24576 MiB, 47 %
2026/09/05 07:09:27.679, NVIDIA GeForce RTX 3090, P2, 270.00 W, 220.96 W, 71, 5502 MiB, 24576 MiB, 9 %
2026/09/05 07:09:37.680, NVIDIA GeForce RTX 3090, P2, 270.00 W, 230.92 W, 73, 5502 MiB, 24576 MiB, 47 %
2026/09/05 07:09:47.681, NVIDIA GeForce RTX 3090, P2, 270.00 W, 239.50 W, 73, 5502 MiB, 24576 MiB, 48 %
2026/09/05 07:09:57.682, NVIDIA GeForce RTX 3090, P2, 270.00 W, 226.90 W, 73, 5502 MiB, 24576 MiB, 47 %
2026/09/05 07:10:07.684, NVIDIA GeForce RTX 3090, P2, 270.00 W, 220.75 W, 74, 5502 MiB, 24576 MiB, 0 %
2026/09/05 07:10:17.685, NVIDIA GeForce RTX 3090, P2, 270.00 W, 216.76 W, 71, 5502 MiB, 24576 MiB, 0 %
2026/09/05 07:10:27.686, NVIDIA GeForce RTX 3090, P2, 270.00 W, 226.72 W, 72, 5502 MiB, 24576 MiB, 35 %
2026/09/05 07:10:37.687, NVIDIA GeForce RTX 3090, P2, 270.00 W, 225.76 W, 73, 5502 MiB, 24576 MiB, 39 %
2026/09/05 07:10:47.688, NVIDIA GeForce RTX 3090, P2, 270.00 W, 222.74 W, 73, 5502 MiB, 24576 MiB, 1 %
2026/09/05 07:10:57.689, NVIDIA GeForce RTX 3090, P2, 270.00 W, 214.07 W, 71, 5502 MiB, 24576 MiB, 0 %
2026/09/05 07:11:07.691, NVIDIA GeForce RTX 3090, P2, 270.00 W, 221.06 W, 74, 5502 MiB, 24576 MiB, 46 %
2026/09/05 07:11:17.692, NVIDIA GeForce RTX 3090, P2, 270.00 W, 231.96 W, 72, 5502 MiB, 24576 MiB, 26 %
2026/09/05 07:11:27.693, NVIDIA GeForce RTX 3090, P2, 270.00 W, 227.36 W, 73, 5502 MiB, 24576 MiB, 38 %
2026/09/05 07:11:37.694, NVIDIA GeForce RTX 3090, P2, 270.00 W, 210.21 W, 71, 5502 MiB, 24576 MiB, 47 %
2026/09/05 07:11:47.695, NVIDIA GeForce RTX 3090, P2, 270.00 W, 223.45 W, 72, 5502 MiB, 24576 MiB, 50 %
2026/09/05 07:11:57.697, NVIDIA GeForce RTX 3090, P2, 270.00 W, 229.17 W, 73, 5502 MiB, 24576 MiB, 47 %
2026/09/05 07:12:07.698, NVIDIA GeForce RTX 3090, P2, 270.00 W, 229.07 W, 73, 5502 MiB, 24576 MiB, 3 %
2026/09/05 07:12:17.699, NVIDIA GeForce RTX 3090, P2, 270.00 W, 221.46 W, 71, 5502 MiB, 24576 MiB, 0 %
2026/09/05 07:12:27.700, NVIDIA GeForce RTX 3090, P2, 270.00 W, 237.21 W, 73, 5502 MiB, 24576 MiB, 48 %
2026/09/05 07:12:37.701, NVIDIA GeForce RTX 3090, P2, 270.00 W, 235.06 W, 72, 5502 MiB, 24576 MiB, 23 %
2026/09/05 07:12:47.703, NVIDIA GeForce RTX 3090, P2, 270.00 W, 223.88 W, 73, 5502 MiB, 24576 MiB, 9 %
2026/09/05 07:12:57.704, NVIDIA GeForce RTX 3090, P2, 270.00 W, 217.50 W, 72, 5502 MiB, 24576 MiB, 30 %
2026/09/05 07:13:07.705, NVIDIA GeForce RTX 3090, P2, 270.00 W, 227.59 W, 72, 5502 MiB, 24576 MiB, 8 %
2026/09/05 07:13:17.706, NVIDIA GeForce RTX 3090, P2, 270.00 W, 226.77 W, 73, 5502 MiB, 24576 MiB, 49 %
2026/09/05 07:13:27.707, NVIDIA GeForce RTX 3090, P2, 270.00 W, 225.58 W, 72, 5502 MiB, 24576 MiB, 37 %
2026/09/05 07:13:37.709, NVIDIA GeForce RTX 3090, P2, 270.00 W, 222.00 W, 73, 5502 MiB, 24576 MiB, 30 %
2026/09/05 07:13:47.710, NVIDIA GeForce RTX 3090, P2, 270.00 W, 214.85 W, 72, 5502 MiB, 24576 MiB, 30 %
2026/09/05 07:13:57.711, NVIDIA GeForce RTX 3090, P2, 270.00 W, 216.49 W, 71, 5502 MiB, 24576 MiB, 35 %
2026/09/05 07:14:07.712, NVIDIA GeForce RTX 3090, P2, 270.00 W, 226.72 W, 72, 5502 MiB, 24576 MiB, 49 %
2026/09/05 07:14:17.713, NVIDIA GeForce RTX 3090, P2, 270.00 W, 234.55 W, 73, 5502 MiB, 24576 MiB, 48 %
2026/09/05 07:14:27.715, NVIDIA GeForce RTX 3090, P2, 270.00 W, 223.78 W, 73, 5502 MiB, 24576 MiB, 37 %
2026/09/05 07:14:37.716, NVIDIA GeForce RTX 3090, P2, 270.00 W, 219.65 W, 73, 5502 MiB, 24576 MiB, 4 %
2026/09/05 07:14:47.717, NVIDIA GeForce RTX 3090, P2, 270.00 W, 228.80 W, 73, 5502 MiB, 24576 MiB, 9 %
2026/09/05 07:14:57.718, NVIDIA GeForce RTX 3090, P2, 270.00 W, 226.95 W, 72, 5502 MiB, 24576 MiB, 41 %
2026/09/05 07:15:07.719, NVIDIA GeForce RTX 3090, P2, 270.00 W, 223.10 W, 73, 5502 MiB, 24576 MiB, 47 %
2026/09/05 07:15:17.721, NVIDIA GeForce RTX 3090, P2, 270.00 W, 221.17 W, 73, 5502 MiB, 24576 MiB, 47 %
2026/09/05 07:15:27.722, NVIDIA GeForce RTX 3090, P2, 270.00 W, 217.49 W, 71, 5502 MiB, 24576 MiB, 0 %
2026/09/05 07:15:37.723, NVIDIA GeForce RTX 3090, P2, 270.00 W, 223.50 W, 73, 5502 MiB, 24576 MiB, 47 %
2026/09/05 07:15:47.724, NVIDIA GeForce RTX 3090, P2, 270.00 W, 236.22 W, 72, 5502 MiB, 24576 MiB, 5 %
2026/09/05 07:15:57.725, NVIDIA GeForce RTX 3090, P2, 270.00 W, 226.54 W, 73, 5502 MiB, 24576 MiB, 48 %
2026/09/05 07:16:07.727, NVIDIA GeForce RTX 3090, P2, 270.00 W, 227.98 W, 73, 5502 MiB, 24576 MiB, 4 %
2026/09/05 07:16:17.728, NVIDIA GeForce RTX 3090, P2, 270.00 W, 219.71 W, 71, 5502 MiB, 24576 MiB, 38 %
2026/09/05 07:16:27.729, NVIDIA GeForce RTX 3090, P2, 270.00 W, 227.23 W, 73, 5502 MiB, 24576 MiB, 36 %
2026/09/05 07:16:37.730, NVIDIA GeForce RTX 3090, P2, 270.00 W, 220.38 W, 71, 5502 MiB, 24576 MiB, 36 %
2026/09/05 07:16:47.732, NVIDIA GeForce RTX 3090, P2, 270.00 W, 224.95 W, 72, 5502 MiB, 24576 MiB, 47 %
2026/09/05 07:16:57.733, NVIDIA GeForce RTX 3090, P2, 270.00 W, 217.28 W, 73, 5502 MiB, 24576 MiB, 5 %
2026/09/05 07:17:07.735, NVIDIA GeForce RTX 3090, P2, 270.00 W, 217.02 W, 71, 5502 MiB, 24576 MiB, 42 %
2026/09/05 07:17:17.736, NVIDIA GeForce RTX 3090, P2, 270.00 W, 224.88 W, 72, 5502 MiB, 24576 MiB, 32 %
2026/09/05 07:17:27.738, NVIDIA GeForce RTX 3090, P2, 270.00 W, 234.14 W, 72, 5502 MiB, 24576 MiB, 45 %
2026/09/05 07:17:37.739, NVIDIA GeForce RTX 3090, P2, 270.00 W, 227.84 W, 72, 5502 MiB, 24576 MiB, 20 %
2026/09/05 07:17:47.740, NVIDIA GeForce RTX 3090, P2, 270.00 W, 234.20 W, 74, 5502 MiB, 24576 MiB, 47 %
2026/09/05 07:17:57.741, NVIDIA GeForce RTX 3090, P2, 270.00 W, 223.36 W, 74, 5502 MiB, 24576 MiB, 0 %
2026/09/05 07:18:07.742, NVIDIA GeForce RTX 3090, P2, 270.00 W, 208.86 W, 71, 5502 MiB, 24576 MiB, 47 %
2026/09/05 07:18:17.744, NVIDIA GeForce RTX 3090, P2, 270.00 W, 221.50 W, 71, 5502 MiB, 24576 MiB, 31 %
2026/09/05 07:18:27.745, NVIDIA GeForce RTX 3090, P2, 270.00 W, 225.10 W, 73, 5502 MiB, 24576 MiB, 47 %
2026/09/05 07:18:37.746, NVIDIA GeForce RTX 3090, P2, 270.00 W, 225.81 W, 71, 5502 MiB, 24576 MiB, 46 %
2026/09/05 07:18:47.748, NVIDIA GeForce RTX 3090, P2, 270.00 W, 220.10 W, 73, 5502 MiB, 24576 MiB, 3 %
2026/09/05 07:18:57.749, NVIDIA GeForce RTX 3090, P2, 270.00 W, 210.50 W, 72, 5502 MiB, 24576 MiB, 25 %
2026/09/05 07:19:07.750, NVIDIA GeForce RTX 3090, P2, 270.00 W, 216.31 W, 71, 5502 MiB, 24576 MiB, 5 %
2026/09/05 07:19:17.751, NVIDIA GeForce RTX 3090, P2, 270.00 W, 225.56 W, 72, 5502 MiB, 24576 MiB, 48 %
2026/09/05 07:19:27.753, NVIDIA GeForce RTX 3090, P2, 270.00 W, 222.87 W, 73, 5502 MiB, 24576 MiB, 31 %
2026/09/05 07:19:37.754, NVIDIA GeForce RTX 3090, P2, 270.00 W, 215.00 W, 71, 5502 MiB, 24576 MiB, 30 %
2026/09/05 07:19:47.755, NVIDIA GeForce RTX 3090, P2, 270.00 W, 217.42 W, 71, 5502 MiB, 24576 MiB, 0 %
2026/09/05 07:19:57.756, NVIDIA GeForce RTX 3090, P2, 270.00 W, 228.39 W, 72, 5502 MiB, 24576 MiB, 49 %
2026/09/05 07:20:07.757, NVIDIA GeForce RTX 3090, P2, 270.00 W, 240.59 W, 73, 5502 MiB, 24576 MiB, 25 %
2026/09/05 07:20:17.758, NVIDIA GeForce RTX 3090, P2, 270.00 W, 225.06 W, 73, 5502 MiB, 24576 MiB, 2 %
2026/09/05 07:20:27.760, NVIDIA GeForce RTX 3090, P2, 270.00 W, 209.65 W, 72, 5502 MiB, 24576 MiB, 48 %
2026/09/05 07:20:37.761, NVIDIA GeForce RTX 3090, P2, 270.00 W, 216.59 W, 71, 5502 MiB, 24576 MiB, 0 %
2026/09/05 07:20:47.762, NVIDIA GeForce RTX 3090, P2, 270.00 W, 232.93 W, 72, 5502 MiB, 24576 MiB, 8 %
2026/09/05 07:20:57.763, NVIDIA GeForce RTX 3090, P2, 270.00 W, 220.32 W, 72, 5502 MiB, 24576 MiB, 31 %
2026/09/05 07:21:07.764, NVIDIA GeForce RTX 3090, P2, 270.00 W, 203.10 W, 71, 5502 MiB, 24576 MiB, 48 %
2026/09/05 07:21:17.765, NVIDIA GeForce RTX 3090, P2, 270.00 W, 233.28 W, 73, 5502 MiB, 24576 MiB, 48 %
2026/09/05 07:21:27.767, NVIDIA GeForce RTX 3090, P2, 270.00 W, 228.63 W, 72, 5502 MiB, 24576 MiB, 48 %
2026/09/05 07:21:37.769, NVIDIA GeForce RTX 3090, P2, 270.00 W, 217.49 W, 73, 5502 MiB, 24576 MiB, 0 %
2026/09/05 07:21:47.770, NVIDIA GeForce RTX 3090, P2, 270.00 W, 220.10 W, 71, 5502 MiB, 24576 MiB, 38 %
2026/09/05 07:21:57.771, NVIDIA GeForce RTX 3090, P2, 270.00 W, 215.13 W, 72, 5502 MiB, 24576 MiB, 30 %
2026/09/05 07:22:07.773, NVIDIA GeForce RTX 3090, P2, 270.00 W, 234.27 W, 72, 5502 MiB, 24576 MiB, 7 %
2026/09/05 07:22:17.774, NVIDIA GeForce RTX 3090, P2, 270.00 W, 206.99 W, 73, 5502 MiB, 24576 MiB, 48 %
2026/09/05 07:22:27.775, NVIDIA GeForce RTX 3090, P2, 270.00 W, 222.07 W, 74, 5502 MiB, 24576 MiB, 0 %
2026/09/05 07:22:37.776, NVIDIA GeForce RTX 3090, P2, 270.00 W, 215.96 W, 71, 5502 MiB, 24576 MiB, 0 %
2026/09/05 07:22:47.777, NVIDIA GeForce RTX 3090, P2, 270.00 W, 225.14 W, 72, 5502 MiB, 24576 MiB, 5 %
2026/09/05 07:22:57.778, NVIDIA GeForce RTX 3090, P2, 270.00 W, 229.48 W, 72, 5502 MiB, 24576 MiB, 54 %
2026/09/05 07:23:07.779, NVIDIA GeForce RTX 3090, P2, 270.00 W, 234.57 W, 72, 5502 MiB, 24576 MiB, 30 %
2026/09/05 07:23:17.781, NVIDIA GeForce RTX 3090, P2, 270.00 W, 224.19 W, 73, 5502 MiB, 24576 MiB, 30 %
2026/09/05 07:23:27.782, NVIDIA GeForce RTX 3090, P2, 270.00 W, 219.68 W, 74, 5502 MiB, 24576 MiB, 47 %
2026/09/05 07:23:37.783, NVIDIA GeForce RTX 3090, P2, 270.00 W, 212.26 W, 71, 5502 MiB, 24576 MiB, 48 %
2026/09/05 07:23:47.784, NVIDIA GeForce RTX 3090, P2, 270.00 W, 218.29 W, 72, 5502 MiB, 24576 MiB, 38 %
2026/09/05 07:23:57.785, NVIDIA GeForce RTX 3090, P2, 270.00 W, 231.34 W, 73, 5502 MiB, 24576 MiB, 48 %
2026/09/05 07:24:07.787, NVIDIA GeForce RTX 3090, P2, 270.00 W, 237.38 W, 72, 5502 MiB, 24576 MiB, 14 %
2026/09/05 07:24:17.788, NVIDIA GeForce RTX 3090, P2, 270.00 W, 226.87 W, 73, 5502 MiB, 24576 MiB, 41 %
2026/09/05 07:24:27.789, NVIDIA GeForce RTX 3090, P2, 270.00 W, 220.63 W, 73, 5502 MiB, 24576 MiB, 0 %
2026/09/05 07:24:37.790, NVIDIA GeForce RTX 3090, P2, 270.00 W, 217.93 W, 71, 5502 MiB, 24576 MiB, 0 %
2026/09/05 07:24:47.792, NVIDIA GeForce RTX 3090, P2, 270.00 W, 226.24 W, 73, 5502 MiB, 24576 MiB, 47 %
2026/09/05 07:24:57.793, NVIDIA GeForce RTX 3090, P2, 270.00 W, 233.08 W, 72, 5502 MiB, 24576 MiB, 43 %
2026/09/05 07:25:07.794, NVIDIA GeForce RTX 3090, P2, 270.00 W, 217.90 W, 71, 5502 MiB, 24576 MiB, 30 %
2026/09/05 07:25:17.795, NVIDIA GeForce RTX 3090, P2, 270.00 W, 212.16 W, 72, 5502 MiB, 24576 MiB, 23 %
2026/09/05 07:25:27.797, NVIDIA GeForce RTX 3090, P2, 270.00 W, 225.22 W, 72, 5502 MiB, 24576 MiB, 3 %
2026/09/05 07:25:37.798, NVIDIA GeForce RTX 3090, P2, 270.00 W, 234.87 W, 72, 5502 MiB, 24576 MiB, 12 %
2026/09/05 07:25:47.799, NVIDIA GeForce RTX 3090, P2, 270.00 W, 221.25 W, 72, 5502 MiB, 24576 MiB, 31 %
2026/09/05 07:25:57.801, NVIDIA GeForce RTX 3090, P2, 270.00 W, 216.74 W, 71, 5502 MiB, 24576 MiB, 47 %
2026/09/05 07:26:07.802, NVIDIA GeForce RTX 3090, P2, 270.00 W, 224.11 W, 73, 5502 MiB, 24576 MiB, 3 %
2026/09/05 07:26:17.803, NVIDIA GeForce RTX 3090, P2, 270.00 W, 233.85 W, 71, 5502 MiB, 24576 MiB, 3 %
2026/09/05 07:26:27.805, NVIDIA GeForce RTX 3090, P2, 270.00 W, 234.06 W, 73, 5502 MiB, 24576 MiB, 48 %
2026/09/05 07:26:37.807, NVIDIA GeForce RTX 3090, P2, 270.00 W, 220.93 W, 73, 5502 MiB, 24576 MiB, 0 %
2026/09/05 07:26:47.808, NVIDIA GeForce RTX 3090, P2, 270.00 W, 203.13 W, 71, 5502 MiB, 24576 MiB, 50 %
2026/09/05 07:26:57.810, NVIDIA GeForce RTX 3090, P2, 270.00 W, 225.72 W, 73, 5502 MiB, 24576 MiB, 48 %
2026/09/05 07:27:07.811, NVIDIA GeForce RTX 3090, P2, 270.00 W, 234.69 W, 71, 5502 MiB, 24576 MiB, 5 %
2026/09/05 07:27:17.812, NVIDIA GeForce RTX 3090, P2, 270.00 W, 223.67 W, 73, 5502 MiB, 24576 MiB, 39 %
2026/09/05 07:27:27.814, NVIDIA GeForce RTX 3090, P2, 270.00 W, 220.43 W, 74, 5502 MiB, 24576 MiB, 0 %
2026/09/05 07:27:37.815, NVIDIA GeForce RTX 3090, P2, 270.00 W, 206.14 W, 72, 5502 MiB, 24576 MiB, 21 %
2026/09/05 07:27:47.817, NVIDIA GeForce RTX 3090, P2, 270.00 W, 224.17 W, 72, 5502 MiB, 24576 MiB, 8 %
2026/09/05 07:27:57.818, NVIDIA GeForce RTX 3090, P2, 270.00 W, 227.54 W, 72, 5502 MiB, 24576 MiB, 36 %
2026/09/05 07:28:07.819, NVIDIA GeForce RTX 3090, P2, 270.00 W, 224.73 W, 72, 5502 MiB, 24576 MiB, 46 %
2026/09/05 07:28:17.821, NVIDIA GeForce RTX 3090, P2, 270.00 W, 221.16 W, 73, 5502 MiB, 24576 MiB, 45 %
2026/09/05 07:28:27.822, NVIDIA GeForce RTX 3090, P2, 270.00 W, 209.08 W, 71, 5502 MiB, 24576 MiB, 10 %
2026/09/05 07:28:37.823, NVIDIA GeForce RTX 3090, P2, 270.00 W, 222.80 W, 72, 5502 MiB, 24576 MiB, 41 %
2026/09/05 07:28:47.825, NVIDIA GeForce RTX 3090, P2, 270.00 W, 226.86 W, 71, 5502 MiB, 24576 MiB, 5 %
2026/09/05 07:28:57.826, NVIDIA GeForce RTX 3090, P2, 270.00 W, 227.86 W, 73, 5502 MiB, 24576 MiB, 47 %
2026/09/05 07:29:07.827, NVIDIA GeForce RTX 3090, P2, 270.00 W, 218.56 W, 73, 5502 MiB, 24576 MiB, 0 %
2026/09/05 07:29:17.829, NVIDIA GeForce RTX 3090, P2, 270.00 W, 223.08 W, 72, 5502 MiB, 24576 MiB, 6 %
2026/09/05 07:29:27.830, NVIDIA GeForce RTX 3090, P2, 270.00 W, 236.77 W, 72, 5502 MiB, 24576 MiB, 6 %
2026/09/05 07:29:37.831, NVIDIA GeForce RTX 3090, P2, 270.00 W, 223.22 W, 73, 5502 MiB, 24576 MiB, 6 %
2026/09/05 07:29:47.832, NVIDIA GeForce RTX 3090, P2, 270.00 W, 212.72 W, 72, 5502 MiB, 24576 MiB, 6 %
2026/09/05 07:29:57.834, NVIDIA GeForce RTX 3090, P2, 270.00 W, 208.89 W, 71, 5502 MiB, 24576 MiB, 49 %
2026/09/05 07:30:07.835, NVIDIA GeForce RTX 3090, P2, 270.00 W, 221.48 W, 73, 5502 MiB, 24576 MiB, 44 %
2026/09/05 07:30:17.836, NVIDIA GeForce RTX 3090, P2, 270.00 W, 227.67 W, 71, 5502 MiB, 24576 MiB, 10 %
2026/09/05 07:30:27.837, NVIDIA GeForce RTX 3090, P2, 270.00 W, 223.87 W, 73, 6004 MiB, 24576 MiB, 32 %
2026/09/05 07:30:37.839, NVIDIA GeForce RTX 3090, P2, 270.00 W, 223.84 W, 72, 6004 MiB, 24576 MiB, 0 %
2026/09/05 07:30:47.840, NVIDIA GeForce RTX 3090, P2, 270.00 W, 214.98 W, 72, 6004 MiB, 24576 MiB, 7 %
2026/09/05 07:30:57.841, NVIDIA GeForce RTX 3090, P2, 270.00 W, 212.83 W, 72, 6004 MiB, 24576 MiB, 45 %
2026/09/05 07:31:07.842, NVIDIA GeForce RTX 3090, P2, 270.00 W, 223.61 W, 72, 6004 MiB, 24576 MiB, 21 %
2026/09/05 07:31:17.843, NVIDIA GeForce RTX 3090, P2, 270.00 W, 227.74 W, 72, 6004 MiB, 24576 MiB, 47 %
2026/09/05 07:31:27.844, NVIDIA GeForce RTX 3090, P2, 270.00 W, 224.93 W, 73, 6004 MiB, 24576 MiB, 0 %
2026/09/05 07:31:37.846, NVIDIA GeForce RTX 3090, P2, 270.00 W, 217.54 W, 73, 6004 MiB, 24576 MiB, 6 %
2026/09/05 07:31:47.847, NVIDIA GeForce RTX 3090, P2, 270.00 W, 211.13 W, 71, 6004 MiB, 24576 MiB, 48 %
2026/09/05 07:31:57.848, NVIDIA GeForce RTX 3090, P2, 270.00 W, 226.77 W, 72, 6004 MiB, 24576 MiB, 6 %
2026/09/05 07:32:07.849, NVIDIA GeForce RTX 3090, P2, 270.00 W, 237.65 W, 72, 6004 MiB, 24576 MiB, 36 %
2026/09/05 07:32:17.851, NVIDIA GeForce RTX 3090, P2, 270.00 W, 225.69 W, 73, 6004 MiB, 24576 MiB, 37 %
2026/09/05 07:32:27.852, NVIDIA GeForce RTX 3090, P2, 270.00 W, 218.54 W, 73, 6004 MiB, 24576 MiB, 37 %
2026/09/05 07:32:37.853, NVIDIA GeForce RTX 3090, P2, 270.00 W, 219.47 W, 71, 6004 MiB, 24576 MiB, 41 %
2026/09/05 07:32:47.854, NVIDIA GeForce RTX 3090, P2, 270.00 W, 224.97 W, 74, 6004 MiB, 24576 MiB, 49 %
2026/09/05 07:32:57.856, NVIDIA GeForce RTX 3090, P2, 270.00 W, 220.15 W, 71, 6004 MiB, 24576 MiB, 3 %
2026/09/05 07:33:07.857, NVIDIA GeForce RTX 3090, P2, 270.00 W, 223.91 W, 73, 6004 MiB, 24576 MiB, 47 %
2026/09/05 07:33:17.858, NVIDIA GeForce RTX 3090, P2, 270.00 W, 222.26 W, 71, 6004 MiB, 24576 MiB, 47 %
2026/09/05 07:33:27.860, NVIDIA GeForce RTX 3090, P2, 270.00 W, 218.49 W, 72, 6004 MiB, 24576 MiB, 34 %
2026/09/05 07:33:37.861, NVIDIA GeForce RTX 3090, P2, 270.00 W, 232.91 W, 72, 6004 MiB, 24576 MiB, 31 %
2026/09/05 07:33:47.863, NVIDIA GeForce RTX 3090, P2, 270.00 W, 225.80 W, 72, 6004 MiB, 24576 MiB, 49 %
2026/09/05 07:33:57.864, NVIDIA GeForce RTX 3090, P2, 270.00 W, 221.15 W, 73, 6004 MiB, 24576 MiB, 0 %
2026/09/05 07:34:07.865, NVIDIA GeForce RTX 3090, P2, 270.00 W, 209.70 W, 71, 6004 MiB, 24576 MiB, 48 %
2026/09/05 07:34:17.866, NVIDIA GeForce RTX 3090, P2, 270.00 W, 227.90 W, 72, 6004 MiB, 24576 MiB, 10 %
2026/09/05 07:34:27.867, NVIDIA GeForce RTX 3090, P2, 270.00 W, 232.78 W, 72, 6004 MiB, 24576 MiB, 48 %
2026/09/05 07:34:37.869, NVIDIA GeForce RTX 3090, P2, 270.00 W, 235.17 W, 72, 6004 MiB, 24576 MiB, 34 %
2026/09/05 07:34:47.870, NVIDIA GeForce RTX 3090, P2, 270.00 W, 222.57 W, 73, 6004 MiB, 24576 MiB, 23 %
2026/09/05 07:34:57.872, NVIDIA GeForce RTX 3090, P2, 270.00 W, 214.87 W, 71, 6004 MiB, 24576 MiB, 49 %
2026/09/05 07:35:07.873, NVIDIA GeForce RTX 3090, P2, 270.00 W, 226.76 W, 73, 6004 MiB, 24576 MiB, 28 %
2026/09/05 07:35:17.874, NVIDIA GeForce RTX 3090, P2, 270.00 W, 226.82 W, 71, 6004 MiB, 24576 MiB, 32 %
2026/09/05 07:35:27.875, NVIDIA GeForce RTX 3090, P2, 270.00 W, 224.92 W, 72, 6004 MiB, 24576 MiB, 46 %
2026/09/05 07:35:37.877, NVIDIA GeForce RTX 3090, P2, 270.00 W, 219.51 W, 73, 6004 MiB, 24576 MiB, 47 %
2026/09/05 07:35:47.878, NVIDIA GeForce RTX 3090, P2, 270.00 W, 206.67 W, 70, 6004 MiB, 24576 MiB, 0 %
2026/09/05 07:35:57.879, NVIDIA GeForce RTX 3090, P2, 270.00 W, 221.64 W, 73, 6004 MiB, 24576 MiB, 28 %
2026/09/05 07:36:07.881, NVIDIA GeForce RTX 3090, P2, 270.00 W, 237.76 W, 72, 6004 MiB, 24576 MiB, 30 %
2026/09/05 07:36:17.882, NVIDIA GeForce RTX 3090, P2, 270.00 W, 217.94 W, 71, 6004 MiB, 24576 MiB, 44 %
2026/09/05 07:36:27.883, NVIDIA GeForce RTX 3090, P2, 270.00 W, 223.84 W, 74, 6004 MiB, 24576 MiB, 46 %
2026/09/05 07:36:37.885, NVIDIA GeForce RTX 3090, P2, 270.00 W, 219.54 W, 73, 6004 MiB, 24576 MiB, 29 %
2026/09/05 07:36:47.886, NVIDIA GeForce RTX 3090, P2, 270.00 W, 216.98 W, 71, 6004 MiB, 24576 MiB, 43 %
2026/09/05 07:36:57.888, NVIDIA GeForce RTX 3090, P2, 270.00 W, 231.77 W, 73, 6004 MiB, 24576 MiB, 36 %
2026/09/05 07:37:07.889, NVIDIA GeForce RTX 3090, P2, 270.00 W, 229.61 W, 73, 6004 MiB, 24576 MiB, 48 %
2026/09/05 07:37:17.891, NVIDIA GeForce RTX 3090, P2, 270.00 W, 218.96 W, 74, 6004 MiB, 24576 MiB, 0 %
2026/09/05 07:37:27.892, NVIDIA GeForce RTX 3090, P2, 270.00 W, 217.43 W, 71, 6004 MiB, 24576 MiB, 42 %
2026/09/05 07:37:37.894, NVIDIA GeForce RTX 3090, P2, 270.00 W, 224.66 W, 72, 6004 MiB, 24576 MiB, 48 %
2026/09/05 07:37:47.895, NVIDIA GeForce RTX 3090, P2, 270.00 W, 233.38 W, 73, 6004 MiB, 24576 MiB, 30 %
2026/09/05 07:37:57.896, NVIDIA GeForce RTX 3090, P2, 270.00 W, 220.86 W, 73, 6004 MiB, 24576 MiB, 31 %
2026/09/05 07:38:07.897, NVIDIA GeForce RTX 3090, P2, 270.00 W, 203.31 W, 70, 6004 MiB, 24576 MiB, 5 %
2026/09/05 07:38:17.899, NVIDIA GeForce RTX 3090, P2, 270.00 W, 224.70 W, 72, 6004 MiB, 24576 MiB, 39 %
2026/09/05 07:38:27.900, NVIDIA GeForce RTX 3090, P2, 270.00 W, 237.42 W, 73, 6004 MiB, 24576 MiB, 19 %
2026/09/05 07:38:37.901, NVIDIA GeForce RTX 3090, P2, 270.00 W, 223.69 W, 74, 6004 MiB, 24576 MiB, 46 %
2026/09/05 07:38:47.903, NVIDIA GeForce RTX 3090, P2, 270.00 W, 212.98 W, 71, 6004 MiB, 24576 MiB, 0 %
2026/09/05 07:38:57.904, NVIDIA GeForce RTX 3090, P2, 270.00 W, 227.63 W, 72, 6004 MiB, 24576 MiB, 49 %
2026/09/05 07:39:07.905, NVIDIA GeForce RTX 3090, P2, 270.00 W, 233.95 W, 71, 6004 MiB, 24576 MiB, 30 %
2026/09/05 07:39:17.907, NVIDIA GeForce RTX 3090, P2, 270.00 W, 223.33 W, 73, 6004 MiB, 24576 MiB, 43 %
2026/09/05 07:39:27.908, NVIDIA GeForce RTX 3090, P2, 270.00 W, 208.89 W, 71, 6004 MiB, 24576 MiB, 0 %
2026/09/05 07:39:37.909, NVIDIA GeForce RTX 3090, P2, 270.00 W, 228.53 W, 72, 6004 MiB, 24576 MiB, 48 %
2026/09/05 07:39:47.910, NVIDIA GeForce RTX 3090, P2, 270.00 W, 232.37 W, 72, 6004 MiB, 24576 MiB, 47 %
2026/09/05 07:39:57.912, NVIDIA GeForce RTX 3090, P2, 270.00 W, 215.90 W, 73, 6004 MiB, 24576 MiB, 29 %
2026/09/05 07:40:07.913, NVIDIA GeForce RTX 3090, P2, 270.00 W, 211.42 W, 72, 6004 MiB, 24576 MiB, 30 %
2026/09/05 07:40:17.914, NVIDIA GeForce RTX 3090, P2, 270.00 W, 222.24 W, 73, 6004 MiB, 24576 MiB, 48 %
2026/09/05 07:40:27.916, NVIDIA GeForce RTX 3090, P2, 270.00 W, 226.13 W, 71, 6004 MiB, 24576 MiB, 4 %
2026/09/05 07:40:37.917, NVIDIA GeForce RTX 3090, P2, 270.00 W, 224.88 W, 71, 6004 MiB, 24576 MiB, 34 %
2026/09/05 07:40:47.918, NVIDIA GeForce RTX 3090, P2, 270.00 W, 218.30 W, 73, 6004 MiB, 24576 MiB, 25 %
2026/09/05 07:40:57.920, NVIDIA GeForce RTX 3090, P2, 270.00 W, 216.04 W, 73, 6004 MiB, 24576 MiB, 46 %
2026/09/05 07:41:07.921, NVIDIA GeForce RTX 3090, P2, 270.00 W, 211.29 W, 71, 6004 MiB, 24576 MiB, 0 %
2026/09/05 07:41:17.923, NVIDIA GeForce RTX 3090, P2, 270.00 W, 231.62 W, 72, 6004 MiB, 24576 MiB, 47 %
2026/09/05 07:41:27.924, NVIDIA GeForce RTX 3090, P2, 270.00 W, 221.41 W, 73, 6004 MiB, 24576 MiB, 30 %
2026/09/05 07:41:37.926, NVIDIA GeForce RTX 3090, P2, 270.00 W, 216.33 W, 73, 6004 MiB, 24576 MiB, 40 %
2026/09/05 07:41:47.927, NVIDIA GeForce RTX 3090, P2, 270.00 W, 225.49 W, 71, 6004 MiB, 24576 MiB, 5 %
2026/09/05 07:41:57.928, NVIDIA GeForce RTX 3090, P2, 270.00 W, 222.63 W, 71, 6004 MiB, 24576 MiB, 40 %
2026/09/05 07:42:07.930, NVIDIA GeForce RTX 3090, P2, 270.00 W, 229.34 W, 73, 6004 MiB, 24576 MiB, 41 %
2026/09/05 07:42:17.931, NVIDIA GeForce RTX 3090, P2, 270.00 W, 222.73 W, 73, 6004 MiB, 24576 MiB, 47 %
2026/09/05 07:42:27.932, NVIDIA GeForce RTX 3090, P2, 270.00 W, 214.40 W, 71, 6004 MiB, 24576 MiB, 29 %
2026/09/05 07:42:37.933, NVIDIA GeForce RTX 3090, P2, 270.00 W, 210.96 W, 71, 6004 MiB, 24576 MiB, 49 %
2026/09/05 07:42:47.935, NVIDIA GeForce RTX 3090, P2, 270.00 W, 222.61 W, 71, 6004 MiB, 24576 MiB, 47 %
2026/09/05 07:42:57.936, NVIDIA GeForce RTX 3090, P2, 270.00 W, 223.30 W, 71, 6004 MiB, 24576 MiB, 49 %
2026/09/05 07:43:07.937, NVIDIA GeForce RTX 3090, P2, 270.00 W, 232.88 W, 74, 6004 MiB, 24576 MiB, 36 %
2026/09/05 07:43:17.939, NVIDIA GeForce RTX 3090, P2, 270.00 W, 224.19 W, 73, 6004 MiB, 24576 MiB, 34 %
2026/09/05 07:43:27.940, NVIDIA GeForce RTX 3090, P2, 270.00 W, 214.82 W, 73, 6004 MiB, 24576 MiB, 5 %
2026/09/05 07:43:37.941, NVIDIA GeForce RTX 3090, P2, 270.00 W, 212.55 W, 71, 6004 MiB, 24576 MiB, 15 %
2026/09/05 07:43:47.942, NVIDIA GeForce RTX 3090, P2, 270.00 W, 226.14 W, 72, 6004 MiB, 24576 MiB, 49 %
2026/09/05 07:43:57.944, NVIDIA GeForce RTX 3090, P2, 270.00 W, 231.32 W, 72, 6004 MiB, 24576 MiB, 46 %
2026/09/05 07:44:07.945, NVIDIA GeForce RTX 3090, P2, 270.00 W, 219.19 W, 73, 6004 MiB, 24576 MiB, 30 %
2026/09/05 07:44:17.946, NVIDIA GeForce RTX 3090, P2, 270.00 W, 216.17 W, 73, 6004 MiB, 24576 MiB, 5 %
2026/09/05 07:44:27.947, NVIDIA GeForce RTX 3090, P2, 270.00 W, 221.38 W, 71, 6004 MiB, 24576 MiB, 47 %
2026/09/05 07:44:37.949, NVIDIA GeForce RTX 3090, P2, 270.00 W, 230.12 W, 73, 6004 MiB, 24576 MiB, 48 %
2026/09/05 07:44:47.950, NVIDIA GeForce RTX 3090, P2, 270.00 W, 234.75 W, 72, 6004 MiB, 24576 MiB, 40 %
2026/09/05 07:44:57.951, NVIDIA GeForce RTX 3090, P2, 270.00 W, 219.02 W, 73, 6004 MiB, 24576 MiB, 30 %
2026/09/05 07:45:07.952, NVIDIA GeForce RTX 3090, P2, 270.00 W, 206.46 W, 71, 6004 MiB, 24576 MiB, 49 %
2026/09/05 07:45:17.953, NVIDIA GeForce RTX 3090, P2, 270.00 W, 227.91 W, 73, 6004 MiB, 24576 MiB, 49 %
2026/09/05 07:45:27.954, NVIDIA GeForce RTX 3090, P2, 270.00 W, 229.99 W, 72, 6004 MiB, 24576 MiB, 44 %
2026/09/05 07:45:37.955, NVIDIA GeForce RTX 3090, P2, 270.00 W, 220.91 W, 72, 6004 MiB, 24576 MiB, 37 %
2026/09/05 07:45:47.956, NVIDIA GeForce RTX 3090, P2, 270.00 W, 223.53 W, 73, 6004 MiB, 24576 MiB, 4 %
2026/09/05 07:45:57.958, NVIDIA GeForce RTX 3090, P2, 270.00 W, 207.73 W, 71, 6004 MiB, 24576 MiB, 48 %
2026/09/05 07:46:07.959, NVIDIA GeForce RTX 3090, P2, 270.00 W, 211.42 W, 72, 6004 MiB, 24576 MiB, 4 %
2026/09/05 07:46:17.960, NVIDIA GeForce RTX 3090, P2, 270.00 W, 233.59 W, 72, 6004 MiB, 24576 MiB, 5 %
2026/09/05 07:46:27.961, NVIDIA GeForce RTX 3090, P2, 270.00 W, 228.46 W, 72, 6004 MiB, 24576 MiB, 49 %
2026/09/05 07:46:37.963, NVIDIA GeForce RTX 3090, P2, 270.00 W, 222.02 W, 73, 6004 MiB, 24576 MiB, 30 %
2026/09/05 07:46:47.964, NVIDIA GeForce RTX 3090, P2, 270.00 W, 224.25 W, 73, 6004 MiB, 24576 MiB, 4 %
2026/09/05 07:46:57.965, NVIDIA GeForce RTX 3090, P2, 270.00 W, 220.99 W, 71, 6004 MiB, 24576 MiB, 46 %
2026/09/05 07:47:07.967, NVIDIA GeForce RTX 3090, P2, 270.00 W, 233.49 W, 72, 6004 MiB, 24576 MiB, 51 %
2026/09/05 07:47:17.968, NVIDIA GeForce RTX 3090, P2, 270.00 W, 231.29 W, 73, 6004 MiB, 24576 MiB, 48 %
2026/09/05 07:47:27.969, NVIDIA GeForce RTX 3090, P2, 270.00 W, 221.27 W, 72, 6004 MiB, 24576 MiB, 43 %
2026/09/05 07:47:37.971, NVIDIA GeForce RTX 3090, P2, 270.00 W, 225.32 W, 74, 6004 MiB, 24576 MiB, 7 %
2026/09/05 07:47:47.972, NVIDIA GeForce RTX 3090, P2, 270.00 W, 229.41 W, 72, 6004 MiB, 24576 MiB, 39 %
2026/09/05 07:47:57.974, NVIDIA GeForce RTX 3090, P2, 270.00 W, 235.48 W, 73, 6004 MiB, 24576 MiB, 48 %
2026/09/05 07:48:07.975, NVIDIA GeForce RTX 3090, P2, 270.00 W, 227.74 W, 72, 6004 MiB, 24576 MiB, 32 %
2026/09/05 07:48:17.977, NVIDIA GeForce RTX 3090, P2, 270.00 W, 222.34 W, 74, 6004 MiB, 24576 MiB, 48 %
2026/09/05 07:48:27.978, NVIDIA GeForce RTX 3090, P2, 270.00 W, 219.54 W, 71, 6004 MiB, 24576 MiB, 0 %
2026/09/05 07:48:37.979, NVIDIA GeForce RTX 3090, P2, 270.00 W, 224.39 W, 72, 6004 MiB, 24576 MiB, 13 %
2026/09/05 07:48:47.981, NVIDIA GeForce RTX 3090, P2, 270.00 W, 228.00 W, 72, 6004 MiB, 24576 MiB, 49 %
2026/09/05 07:48:57.982, NVIDIA GeForce RTX 3090, P2, 270.00 W, 231.48 W, 72, 6004 MiB, 24576 MiB, 49 %
2026/09/05 07:49:07.983, NVIDIA GeForce RTX 3090, P2, 270.00 W, 223.92 W, 73, 6004 MiB, 24576 MiB, 40 %
2026/09/05 07:49:17.984, NVIDIA GeForce RTX 3090, P2, 270.00 W, 220.10 W, 73, 6004 MiB, 24576 MiB, 49 %
2026/09/05 07:49:27.986, NVIDIA GeForce RTX 3090, P2, 270.00 W, 212.12 W, 72, 6004 MiB, 24576 MiB, 30 %
2026/09/05 07:49:37.987, NVIDIA GeForce RTX 3090, P2, 270.00 W, 230.24 W, 73, 6004 MiB, 24576 MiB, 44 %
2026/09/05 07:49:47.988, NVIDIA GeForce RTX 3090, P2, 270.00 W, 233.99 W, 72, 6004 MiB, 24576 MiB, 38 %
2026/09/05 07:49:57.989, NVIDIA GeForce RTX 3090, P2, 270.00 W, 218.59 W, 72, 6004 MiB, 24576 MiB, 31 %
2026/09/05 07:50:07.990, NVIDIA GeForce RTX 3090, P2, 270.00 W, 213.09 W, 73, 6004 MiB, 24576 MiB, 32 %
2026/09/05 07:50:17.992, NVIDIA GeForce RTX 3090, P2, 270.00 W, 226.97 W, 72, 6004 MiB, 24576 MiB, 28 %
2026/09/05 07:50:27.993, NVIDIA GeForce RTX 3090, P2, 270.00 W, 232.26 W, 72, 6004 MiB, 24576 MiB, 48 %
2026/09/05 07:50:37.994, NVIDIA GeForce RTX 3090, P2, 270.00 W, 220.26 W, 72, 6004 MiB, 24576 MiB, 24 %
2026/09/05 07:50:47.995, NVIDIA GeForce RTX 3090, P2, 270.00 W, 210.74 W, 72, 6004 MiB, 24576 MiB, 30 %
2026/09/05 07:50:57.997, NVIDIA GeForce RTX 3090, P2, 270.00 W, 232.13 W, 72, 6004 MiB, 24576 MiB, 9 %
2026/09/05 07:51:07.998, NVIDIA GeForce RTX 3090, P2, 270.00 W, 227.01 W, 72, 6004 MiB, 24576 MiB, 49 %
2026/09/05 07:51:17.999, NVIDIA GeForce RTX 3090, P2, 270.00 W, 215.04 W, 71, 6004 MiB, 24576 MiB, 39 %
2026/09/05 07:51:28.001, NVIDIA GeForce RTX 3090, P2, 270.00 W, 222.74 W, 73, 6004 MiB, 24576 MiB, 5 %
2026/09/05 07:51:38.002, NVIDIA GeForce RTX 3090, P2, 270.00 W, 228.61 W, 73, 6004 MiB, 24576 MiB, 48 %
2026/09/05 07:51:48.003, NVIDIA GeForce RTX 3090, P2, 270.00 W, 232.96 W, 72, 6004 MiB, 24576 MiB, 30 %
2026/09/05 07:51:58.004, NVIDIA GeForce RTX 3090, P2, 270.00 W, 226.14 W, 73, 6004 MiB, 24576 MiB, 0 %
2026/09/05 07:52:08.006, NVIDIA GeForce RTX 3090, P2, 270.00 W, 229.03 W, 74, 6004 MiB, 24576 MiB, 0 %
2026/09/05 07:52:18.007, NVIDIA GeForce RTX 3090, P2, 270.00 W, 215.97 W, 72, 6004 MiB, 24576 MiB, 47 %
2026/09/05 07:52:28.009, NVIDIA GeForce RTX 3090, P2, 270.00 W, 210.62 W, 71, 6004 MiB, 24576 MiB, 0 %
2026/09/05 07:52:38.010, NVIDIA GeForce RTX 3090, P2, 270.00 W, 234.55 W, 72, 6004 MiB, 24576 MiB, 47 %
2026/09/05 07:52:48.012, NVIDIA GeForce RTX 3090, P2, 270.00 W, 224.06 W, 73, 6004 MiB, 24576 MiB, 47 %
2026/09/05 07:52:58.013, NVIDIA GeForce RTX 3090, P2, 270.00 W, 208.88 W, 74, 6004 MiB, 24576 MiB, 0 %
2026/09/05 07:53:08.016, NVIDIA GeForce RTX 3090, P2, 270.00 W, 219.84 W, 73, 6004 MiB, 24576 MiB, 0 %
2026/09/05 07:53:18.017, NVIDIA GeForce RTX 3090, P2, 270.00 W, 219.12 W, 71, 6004 MiB, 24576 MiB, 26 %
2026/09/05 07:53:28.018, NVIDIA GeForce RTX 3090, P2, 270.00 W, 228.17 W, 72, 6004 MiB, 24576 MiB, 46 %
2026/09/05 07:53:38.020, NVIDIA GeForce RTX 3090, P2, 270.00 W, 233.95 W, 72, 6004 MiB, 24576 MiB, 29 %
2026/09/05 07:53:48.022, NVIDIA GeForce RTX 3090, P2, 270.00 W, 222.28 W, 71, 6004 MiB, 24576 MiB, 47 %
2026/09/05 07:53:58.023, NVIDIA GeForce RTX 3090, P2, 270.00 W, 225.77 W, 73, 6004 MiB, 24576 MiB, 40 %
2026/09/05 07:54:08.025, NVIDIA GeForce RTX 3090, P2, 270.00 W, 212.44 W, 72, 6004 MiB, 24576 MiB, 25 %
2026/09/05 07:54:18.026, NVIDIA GeForce RTX 3090, P2, 270.00 W, 218.48 W, 71, 6004 MiB, 24576 MiB, 4 %
2026/09/05 07:54:28.027, NVIDIA GeForce RTX 3090, P2, 270.00 W, 226.09 W, 72, 6004 MiB, 24576 MiB, 48 %
2026/09/05 07:54:38.029, NVIDIA GeForce RTX 3090, P2, 270.00 W, 231.07 W, 73, 6004 MiB, 24576 MiB, 47 %
2026/09/05 07:54:48.030, NVIDIA GeForce RTX 3090, P2, 270.00 W, 222.38 W, 73, 6004 MiB, 24576 MiB, 48 %
2026/09/05 07:54:58.031, NVIDIA GeForce RTX 3090, P2, 270.00 W, 213.23 W, 71, 6004 MiB, 24576 MiB, 0 %
2026/09/05 07:55:08.032, NVIDIA GeForce RTX 3090, P2, 270.00 W, 229.05 W, 73, 6004 MiB, 24576 MiB, 48 %
2026/09/05 07:55:18.033, NVIDIA GeForce RTX 3090, P2, 270.00 W, 238.41 W, 72, 6004 MiB, 24576 MiB, 32 %
2026/09/05 07:55:28.035, NVIDIA GeForce RTX 3090, P2, 270.00 W, 222.43 W, 73, 6004 MiB, 24576 MiB, 49 %
2026/09/05 07:55:38.036, NVIDIA GeForce RTX 3090, P2, 270.00 W, 205.94 W, 70, 6004 MiB, 24576 MiB, 0 %
2026/09/05 07:55:48.037, NVIDIA GeForce RTX 3090, P2, 270.00 W, 212.40 W, 72, 6004 MiB, 24576 MiB, 49 %
2026/09/05 07:55:58.038, NVIDIA GeForce RTX 3090, P2, 270.00 W, 224.86 W, 71, 6004 MiB, 24576 MiB, 47 %
2026/09/05 07:56:08.039, NVIDIA GeForce RTX 3090, P2, 270.00 W, 219.26 W, 74, 6004 MiB, 24576 MiB, 16 %
2026/09/05 07:56:18.041, NVIDIA GeForce RTX 3090, P2, 270.00 W, 217.19 W, 72, 6004 MiB, 24576 MiB, 6 %
2026/09/05 07:56:28.042, NVIDIA GeForce RTX 3090, P2, 270.00 W, 213.44 W, 71, 6004 MiB, 24576 MiB, 0 %
2026/09/05 07:56:38.043, NVIDIA GeForce RTX 3090, P2, 270.00 W, 231.12 W, 73, 6004 MiB, 24576 MiB, 48 %
2026/09/05 07:56:48.044, NVIDIA GeForce RTX 3090, P2, 270.00 W, 233.51 W, 72, 6004 MiB, 24576 MiB, 45 %
2026/09/05 07:56:58.045, NVIDIA GeForce RTX 3090, P2, 270.00 W, 224.29 W, 73, 6004 MiB, 24576 MiB, 0 %
2026/09/05 07:57:08.046, NVIDIA GeForce RTX 3090, P2, 270.00 W, 215.79 W, 71, 6004 MiB, 24576 MiB, 48 %
2026/09/05 07:57:18.048, NVIDIA GeForce RTX 3090, P2, 270.00 W, 225.83 W, 71, 6004 MiB, 24576 MiB, 33 %
2026/09/05 07:57:28.049, NVIDIA GeForce RTX 3090, P2, 270.00 W, 224.59 W, 71, 6004 MiB, 24576 MiB, 2 %
2026/09/05 07:57:38.050, NVIDIA GeForce RTX 3090, P2, 270.00 W, 228.07 W, 73, 6004 MiB, 24576 MiB, 49 %
2026/09/05 07:57:48.051, NVIDIA GeForce RTX 3090, P2, 270.00 W, 218.12 W, 73, 6004 MiB, 24576 MiB, 0 %
2026/09/05 07:57:58.052, NVIDIA GeForce RTX 3090, P2, 270.00 W, 218.89 W, 71, 6004 MiB, 24576 MiB, 31 %
2026/09/05 07:58:08.053, NVIDIA GeForce RTX 3090, P2, 270.00 W, 220.21 W, 71, 6004 MiB, 24576 MiB, 41 %
2026/09/05 07:58:18.055, NVIDIA GeForce RTX 3090, P2, 270.00 W, 219.38 W, 73, 6004 MiB, 24576 MiB, 31 %
2026/09/05 07:58:28.056, NVIDIA GeForce RTX 3090, P2, 270.00 W, 218.49 W, 73, 6004 MiB, 24576 MiB, 3 %
2026/09/05 07:58:38.057, NVIDIA GeForce RTX 3090, P2, 270.00 W, 223.03 W, 71, 6004 MiB, 24576 MiB, 42 %
2026/09/05 07:58:48.058, NVIDIA GeForce RTX 3090, P2, 270.00 W, 227.22 W, 71, 6004 MiB, 24576 MiB, 15 %
2026/09/05 07:58:58.060, NVIDIA GeForce RTX 3090, P2, 270.00 W, 226.57 W, 73, 6004 MiB, 24576 MiB, 36 %
2026/09/05 07:59:08.061, NVIDIA GeForce RTX 3090, P2, 270.00 W, 218.29 W, 73, 6004 MiB, 24576 MiB, 42 %
2026/09/05 07:59:18.062, NVIDIA GeForce RTX 3090, P2, 270.00 W, 221.01 W, 71, 6004 MiB, 24576 MiB, 0 %
2026/09/05 07:59:28.063, NVIDIA GeForce RTX 3090, P2, 270.00 W, 227.27 W, 73, 6004 MiB, 24576 MiB, 50 %
2026/09/05 07:59:38.064, NVIDIA GeForce RTX 3090, P2, 270.00 W, 234.90 W, 73, 6004 MiB, 24576 MiB, 47 %
2026/09/05 07:59:48.065, NVIDIA GeForce RTX 3090, P2, 270.00 W, 232.44 W, 74, 6004 MiB, 24576 MiB, 47 %
2026/09/05 07:59:58.067, NVIDIA GeForce RTX 3090, P2, 270.00 W, 207.35 W, 71, 6004 MiB, 24576 MiB, 12 %
2026/09/05 08:00:08.068, NVIDIA GeForce RTX 3090, P2, 270.00 W, 209.65 W, 73, 6004 MiB, 24576 MiB, 46 %
2026/09/05 08:00:18.069, NVIDIA GeForce RTX 3090, P2, 270.00 W, 222.88 W, 71, 6004 MiB, 24576 MiB, 6 %
2026/09/05 08:00:28.070, NVIDIA GeForce RTX 3090, P2, 270.00 W, 219.52 W, 74, 6004 MiB, 24576 MiB, 0 %
2026/09/05 08:00:38.072, NVIDIA GeForce RTX 3090, P2, 270.00 W, 218.06 W, 71, 6004 MiB, 24576 MiB, 47 %
2026/09/05 08:00:48.073, NVIDIA GeForce RTX 3090, P2, 270.00 W, 227.87 W, 73, 6004 MiB, 24576 MiB, 36 %
2026/09/05 08:00:58.074, NVIDIA GeForce RTX 3090, P2, 270.00 W, 236.15 W, 72, 6004 MiB, 24576 MiB, 30 %
2026/09/05 08:01:08.076, NVIDIA GeForce RTX 3090, P2, 270.00 W, 226.91 W, 73, 6004 MiB, 24576 MiB, 41 %
2026/09/05 08:01:18.077, NVIDIA GeForce RTX 3090, P2, 270.00 W, 211.41 W, 72, 6004 MiB, 24576 MiB, 9 %
2026/09/05 08:01:28.078, NVIDIA GeForce RTX 3090, P2, 270.00 W, 228.91 W, 73, 6004 MiB, 24576 MiB, 4 %
2026/09/05 08:01:38.079, NVIDIA GeForce RTX 3090, P2, 270.00 W, 235.96 W, 72, 6004 MiB, 24576 MiB, 30 %
2026/09/05 08:01:48.081, NVIDIA GeForce RTX 3090, P2, 270.00 W, 215.60 W, 73, 6004 MiB, 24576 MiB, 45 %
2026/09/05 08:01:58.082, NVIDIA GeForce RTX 3090, P2, 270.00 W, 214.71 W, 73, 6004 MiB, 24576 MiB, 5 %
2026/09/05 08:02:08.083, NVIDIA GeForce RTX 3090, P2, 270.00 W, 228.04 W, 72, 6004 MiB, 24576 MiB, 8 %
2026/09/05 08:02:18.084, NVIDIA GeForce RTX 3090, P2, 270.00 W, 230.83 W, 72, 6004 MiB, 24576 MiB, 14 %
2026/09/05 08:02:28.086, NVIDIA GeForce RTX 3090, P2, 270.00 W, 225.64 W, 72, 6004 MiB, 24576 MiB, 45 %
2026/09/05 08:02:38.087, NVIDIA GeForce RTX 3090, P2, 270.00 W, 218.12 W, 72, 6004 MiB, 24576 MiB, 4 %
2026/09/05 08:02:48.088, NVIDIA GeForce RTX 3090, P2, 270.00 W, 221.48 W, 71, 6004 MiB, 24576 MiB, 8 %
2026/09/05 08:02:58.089, NVIDIA GeForce RTX 3090, P2, 270.00 W, 233.40 W, 73, 6004 MiB, 24576 MiB, 34 %
2026/09/05 08:03:08.090, NVIDIA GeForce RTX 3090, P2, 270.00 W, 231.69 W, 73, 6004 MiB, 24576 MiB, 46 %
2026/09/05 08:03:18.091, NVIDIA GeForce RTX 3090, P2, 270.00 W, 217.54 W, 73, 6004 MiB, 24576 MiB, 4 %
2026/09/05 08:03:28.093, NVIDIA GeForce RTX 3090, P2, 270.00 W, 218.20 W, 71, 6004 MiB, 24576 MiB, 6 %
2026/09/05 08:03:38.094, NVIDIA GeForce RTX 3090, P2, 270.00 W, 234.24 W, 72, 6004 MiB, 24576 MiB, 5 %
2026/09/05 08:03:48.096, NVIDIA GeForce RTX 3090, P2, 270.00 W, 217.35 W, 71, 6004 MiB, 24576 MiB, 30 %
2026/09/05 08:03:58.097, NVIDIA GeForce RTX 3090, P2, 270.00 W, 213.30 W, 73, 6004 MiB, 24576 MiB, 6 %
2026/09/05 08:04:08.099, NVIDIA GeForce RTX 3090, P2, 270.00 W, 221.36 W, 72, 6004 MiB, 24576 MiB, 31 %
2026/09/05 08:04:18.100, NVIDIA GeForce RTX 3090, P2, 270.00 W, 225.35 W, 71, 6004 MiB, 24576 MiB, 24 %
2026/09/05 08:04:28.102, NVIDIA GeForce RTX 3090, P2, 270.00 W, 219.92 W, 73, 6004 MiB, 24576 MiB, 31 %
2026/09/05 08:04:38.103, NVIDIA GeForce RTX 3090, P2, 270.00 W, 207.80 W, 71, 6004 MiB, 24576 MiB, 8 %
2026/09/05 08:04:48.104, NVIDIA GeForce RTX 3090, P2, 270.00 W, 217.88 W, 71, 6004 MiB, 24576 MiB, 19 %
2026/09/05 08:04:58.105, NVIDIA GeForce RTX 3090, P2, 270.00 W, 234.28 W, 72, 6004 MiB, 24576 MiB, 32 %
2026/09/05 08:05:08.107, NVIDIA GeForce RTX 3090, P2, 270.00 W, 219.25 W, 73, 6004 MiB, 24576 MiB, 29 %
2026/09/05 08:05:18.108, NVIDIA GeForce RTX 3090, P2, 270.00 W, 221.30 W, 73, 6004 MiB, 24576 MiB, 41 %
2026/09/05 08:05:28.109, NVIDIA GeForce RTX 3090, P2, 270.00 W, 219.56 W, 72, 6004 MiB, 24576 MiB, 19 %
2026/09/05 08:05:38.110, NVIDIA GeForce RTX 3090, P2, 270.00 W, 227.01 W, 72, 6004 MiB, 24576 MiB, 49 %
2026/09/05 08:05:48.111, NVIDIA GeForce RTX 3090, P2, 270.00 W, 233.42 W, 73, 6004 MiB, 24576 MiB, 48 %
2026/09/05 08:05:58.113, NVIDIA GeForce RTX 3090, P2, 270.00 W, 221.01 W, 73, 6004 MiB, 24576 MiB, 31 %
2026/09/05 08:06:08.114, NVIDIA GeForce RTX 3090, P2, 270.00 W, 215.45 W, 71, 6004 MiB, 24576 MiB, 50 %
2026/09/05 08:06:18.115, NVIDIA GeForce RTX 3090, P2, 270.00 W, 222.68 W, 72, 6004 MiB, 24576 MiB, 5 %
2026/09/05 08:06:28.117, NVIDIA GeForce RTX 3090, P2, 270.00 W, 235.12 W, 73, 6004 MiB, 24576 MiB, 47 %
2026/09/05 08:06:38.118, NVIDIA GeForce RTX 3090, P2, 270.00 W, 224.58 W, 73, 6004 MiB, 24576 MiB, 10 %
2026/09/05 08:06:48.119, NVIDIA GeForce RTX 3090, P2, 270.00 W, 207.88 W, 71, 6004 MiB, 24576 MiB, 0 %
2026/09/05 08:06:58.120, NVIDIA GeForce RTX 3090, P2, 270.00 W, 226.04 W, 73, 6004 MiB, 24576 MiB, 48 %
2026/09/05 08:07:08.122, NVIDIA GeForce RTX 3090, P2, 270.00 W, 234.37 W, 73, 6004 MiB, 24576 MiB, 47 %
2026/09/05 08:07:18.123, NVIDIA GeForce RTX 3090, P2, 270.00 W, 224.87 W, 73, 6004 MiB, 24576 MiB, 23 %
2026/09/05 08:07:28.124, NVIDIA GeForce RTX 3090, P2, 270.00 W, 224.88 W, 73, 6004 MiB, 24576 MiB, 48 %
2026/09/05 08:07:38.126, NVIDIA GeForce RTX 3090, P2, 270.00 W, 224.06 W, 73, 6004 MiB, 24576 MiB, 31 %
2026/09/05 08:07:48.127, NVIDIA GeForce RTX 3090, P2, 270.00 W, 219.84 W, 71, 6004 MiB, 24576 MiB, 31 %
2026/09/05 08:07:58.129, NVIDIA GeForce RTX 3090, P2, 270.00 W, 230.66 W, 71, 6004 MiB, 24576 MiB, 44 %
2026/09/05 08:08:08.130, NVIDIA GeForce RTX 3090, P2, 270.00 W, 230.16 W, 73, 6004 MiB, 24576 MiB, 48 %
2026/09/05 08:08:18.132, NVIDIA GeForce RTX 3090, P2, 270.00 W, 217.66 W, 73, 6004 MiB, 24576 MiB, 46 %
2026/09/05 08:08:28.133, NVIDIA GeForce RTX 3090, P2, 270.00 W, 211.24 W, 72, 6004 MiB, 24576 MiB, 38 %
2026/09/05 08:08:38.135, NVIDIA GeForce RTX 3090, P2, 270.00 W, 222.42 W, 71, 6004 MiB, 24576 MiB, 31 %
2026/09/05 08:08:48.136, NVIDIA GeForce RTX 3090, P2, 270.00 W, 236.00 W, 72, 6004 MiB, 24576 MiB, 29 %
2026/09/05 08:08:58.138, NVIDIA GeForce RTX 3090, P2, 270.00 W, 221.36 W, 73, 6004 MiB, 24576 MiB, 21 %
2026/09/05 08:09:08.139, NVIDIA GeForce RTX 3090, P2, 270.00 W, 217.78 W, 72, 6004 MiB, 24576 MiB, 11 %
2026/09/05 08:09:18.140, NVIDIA GeForce RTX 3090, P2, 270.00 W, 228.82 W, 73, 6004 MiB, 24576 MiB, 47 %
2026/09/05 08:09:28.142, NVIDIA GeForce RTX 3090, P2, 270.00 W, 233.65 W, 72, 6004 MiB, 24576 MiB, 47 %
2026/09/05 08:09:38.143, NVIDIA GeForce RTX 3090, P2, 270.00 W, 219.44 W, 73, 6004 MiB, 24576 MiB, 0 %
2026/09/05 08:09:48.145, NVIDIA GeForce RTX 3090, P2, 270.00 W, 219.59 W, 71, 6004 MiB, 24576 MiB, 6 %
2026/09/05 08:09:58.146, NVIDIA GeForce RTX 3090, P2, 270.00 W, 226.14 W, 73, 6004 MiB, 24576 MiB, 47 %
2026/09/05 08:10:08.147, NVIDIA GeForce RTX 3090, P2, 270.00 W, 224.23 W, 72, 6004 MiB, 24576 MiB, 49 %
2026/09/05 08:10:18.149, NVIDIA GeForce RTX 3090, P2, 270.00 W, 224.46 W, 71, 6004 MiB, 24576 MiB, 47 %
2026/09/05 08:10:28.150, NVIDIA GeForce RTX 3090, P2, 270.00 W, 222.84 W, 73, 6004 MiB, 24576 MiB, 46 %
2026/09/05 08:10:38.151, NVIDIA GeForce RTX 3090, P2, 270.00 W, 210.52 W, 71, 6004 MiB, 24576 MiB, 0 %
2026/09/05 08:10:48.152, NVIDIA GeForce RTX 3090, P2, 270.00 W, 230.99 W, 72, 6004 MiB, 24576 MiB, 48 %
2026/09/05 08:10:58.153, NVIDIA GeForce RTX 3090, P2, 270.00 W, 236.07 W, 73, 6004 MiB, 24576 MiB, 52 %
2026/09/05 08:11:08.155, NVIDIA GeForce RTX 3090, P2, 270.00 W, 219.55 W, 74, 6004 MiB, 24576 MiB, 46 %
2026/09/05 08:11:18.156, NVIDIA GeForce RTX 3090, P2, 270.00 W, 212.03 W, 71, 6004 MiB, 24576 MiB, 0 %
2026/09/05 08:11:28.157, NVIDIA GeForce RTX 3090, P2, 270.00 W, 220.90 W, 71, 6004 MiB, 24576 MiB, 11 %
2026/09/05 08:11:38.158, NVIDIA GeForce RTX 3090, P2, 270.00 W, 227.38 W, 71, 6004 MiB, 24576 MiB, 38 %
2026/09/05 08:11:48.159, NVIDIA GeForce RTX 3090, P2, 270.00 W, 224.30 W, 73, 6004 MiB, 24576 MiB, 53 %
2026/09/05 08:11:58.161, NVIDIA GeForce RTX 3090, P2, 270.00 W, 218.11 W, 71, 6004 MiB, 24576 MiB, 0 %
2026/09/05 08:12:08.162, NVIDIA GeForce RTX 3090, P2, 270.00 W, 234.50 W, 72, 6004 MiB, 24576 MiB, 49 %
2026/09/05 08:12:18.164, NVIDIA GeForce RTX 3090, P2, 270.00 W, 225.90 W, 72, 6004 MiB, 24576 MiB, 47 %
2026/09/05 08:12:28.165, NVIDIA GeForce RTX 3090, P2, 270.00 W, 224.22 W, 74, 6004 MiB, 24576 MiB, 47 %
2026/09/05 08:12:38.166, NVIDIA GeForce RTX 3090, P2, 270.00 W, 220.03 W, 73, 6004 MiB, 24576 MiB, 45 %
2026/09/05 08:12:48.167, NVIDIA GeForce RTX 3090, P2, 270.00 W, 223.91 W, 71, 6004 MiB, 24576 MiB, 47 %
2026/09/05 08:12:58.168, NVIDIA GeForce RTX 3090, P2, 270.00 W, 229.12 W, 72, 6004 MiB, 24576 MiB, 46 %
2026/09/05 08:13:08.170, NVIDIA GeForce RTX 3090, P2, 270.00 W, 229.26 W, 72, 6004 MiB, 24576 MiB, 49 %
2026/09/05 08:13:18.171, NVIDIA GeForce RTX 3090, P2, 270.00 W, 225.45 W, 74, 6004 MiB, 24576 MiB, 47 %
2026/09/05 08:13:28.172, NVIDIA GeForce RTX 3090, P2, 270.00 W, 206.52 W, 73, 6004 MiB, 24576 MiB, 5 %
2026/09/05 08:13:38.173, NVIDIA GeForce RTX 3090, P2, 270.00 W, 211.66 W, 71, 6004 MiB, 24576 MiB, 47 %
2026/09/05 08:13:48.175, NVIDIA GeForce RTX 3090, P2, 270.00 W, 225.26 W, 72, 6004 MiB, 24576 MiB, 8 %
2026/09/05 08:13:58.176, NVIDIA GeForce RTX 3090, P2, 270.00 W, 226.59 W, 71, 6004 MiB, 24576 MiB, 52 %
2026/09/05 08:14:08.177, NVIDIA GeForce RTX 3090, P2, 270.00 W, 237.90 W, 72, 6004 MiB, 24576 MiB, 9 %
2026/09/05 08:14:18.178, NVIDIA GeForce RTX 3090, P2, 270.00 W, 222.30 W, 73, 6004 MiB, 24576 MiB, 23 %
2026/09/05 08:14:28.179, NVIDIA GeForce RTX 3090, P2, 270.00 W, 226.32 W, 74, 6004 MiB, 24576 MiB, 47 %
2026/09/05 08:14:38.180, NVIDIA GeForce RTX 3090, P2, 270.00 W, 213.66 W, 71, 6004 MiB, 24576 MiB, 30 %
2026/09/05 08:14:48.182, NVIDIA GeForce RTX 3090, P2, 270.00 W, 235.79 W, 73, 6004 MiB, 24576 MiB, 19 %
2026/09/05 08:14:58.183, NVIDIA GeForce RTX 3090, P2, 270.00 W, 234.07 W, 72, 6004 MiB, 24576 MiB, 21 %
2026/09/05 08:15:08.184, NVIDIA GeForce RTX 3090, P2, 270.00 W, 224.91 W, 74, 6004 MiB, 24576 MiB, 21 %
2026/09/05 08:15:18.185, NVIDIA GeForce RTX 3090, P2, 270.00 W, 211.75 W, 71, 6004 MiB, 24576 MiB, 14 %
2026/09/05 08:15:28.186, NVIDIA GeForce RTX 3090, P2, 270.00 W, 215.31 W, 71, 6004 MiB, 24576 MiB, 45 %
2026/09/05 08:15:38.188, NVIDIA GeForce RTX 3090, P2, 270.00 W, 227.07 W, 73, 6004 MiB, 24576 MiB, 49 %
2026/09/05 08:15:48.189, NVIDIA GeForce RTX 3090, P2, 270.00 W, 224.29 W, 72, 6004 MiB, 24576 MiB, 30 %
2026/09/05 08:15:58.190, NVIDIA GeForce RTX 3090, P2, 270.00 W, 221.74 W, 73, 6004 MiB, 24576 MiB, 28 %
2026/09/05 08:16:08.191, NVIDIA GeForce RTX 3090, P2, 270.00 W, 229.67 W, 71, 6004 MiB, 24576 MiB, 48 %
2026/09/05 08:16:18.193, NVIDIA GeForce RTX 3090, P2, 270.00 W, 226.20 W, 72, 6004 MiB, 24576 MiB, 34 %
2026/09/05 08:16:28.194, NVIDIA GeForce RTX 3090, P2, 270.00 W, 232.81 W, 72, 6004 MiB, 24576 MiB, 4 %
2026/09/05 08:16:38.195, NVIDIA GeForce RTX 3090, P2, 270.00 W, 233.18 W, 73, 6004 MiB, 24576 MiB, 48 %
2026/09/05 08:16:48.196, NVIDIA GeForce RTX 3090, P2, 270.00 W, 222.94 W, 73, 6004 MiB, 24576 MiB, 45 %
2026/09/05 08:16:58.197, NVIDIA GeForce RTX 3090, P2, 270.00 W, 215.62 W, 71, 6004 MiB, 24576 MiB, 49 %
2026/09/05 08:17:08.198, NVIDIA GeForce RTX 3090, P2, 270.00 W, 228.24 W, 72, 6004 MiB, 24576 MiB, 49 %
2026/09/05 08:17:18.200, NVIDIA GeForce RTX 3090, P2, 270.00 W, 232.08 W, 72, 6004 MiB, 24576 MiB, 49 %
2026/09/05 08:17:28.201, NVIDIA GeForce RTX 3090, P2, 270.00 W, 225.46 W, 73, 6004 MiB, 24576 MiB, 30 %
2026/09/05 08:17:38.202, NVIDIA GeForce RTX 3090, P2, 270.00 W, 217.82 W, 73, 6004 MiB, 24576 MiB, 5 %
2026/09/05 08:17:48.204, NVIDIA GeForce RTX 3090, P2, 270.00 W, 216.18 W, 71, 6004 MiB, 24576 MiB, 48 %
2026/09/05 08:17:58.205, NVIDIA GeForce RTX 3090, P2, 270.00 W, 222.73 W, 71, 6004 MiB, 24576 MiB, 14 %
2026/09/05 08:18:08.206, NVIDIA GeForce RTX 3090, P2, 270.00 W, 218.65 W, 72, 6004 MiB, 24576 MiB, 51 %
2026/09/05 08:18:18.207, NVIDIA GeForce RTX 3090, P2, 270.00 W, 233.75 W, 73, 6004 MiB, 24576 MiB, 48 %
2026/09/05 08:18:28.208, NVIDIA GeForce RTX 3090, P2, 270.00 W, 220.72 W, 72, 6004 MiB, 24576 MiB, 7 %
2026/09/05 08:18:38.210, NVIDIA GeForce RTX 3090, P2, 270.00 W, 204.43 W, 70, 6004 MiB, 24576 MiB, 48 %
2026/09/05 08:18:48.211, NVIDIA GeForce RTX 3090, P2, 270.00 W, 227.77 W, 72, 6004 MiB, 24576 MiB, 21 %
2026/09/05 08:18:58.212, NVIDIA GeForce RTX 3090, P2, 270.00 W, 226.19 W, 71, 6004 MiB, 24576 MiB, 6 %
2026/09/05 08:19:08.213, NVIDIA GeForce RTX 3090, P2, 270.00 W, 230.70 W, 73, 6004 MiB, 24576 MiB, 48 %
2026/09/05 08:19:18.215, NVIDIA GeForce RTX 3090, P2, 270.00 W, 222.96 W, 72, 6004 MiB, 24576 MiB, 35 %
2026/09/05 08:19:28.216, NVIDIA GeForce RTX 3090, P2, 270.00 W, 220.86 W, 73, 6004 MiB, 24576 MiB, 30 %
2026/09/05 08:19:38.217, NVIDIA GeForce RTX 3090, P2, 270.00 W, 218.46 W, 73, 6004 MiB, 24576 MiB, 52 %
2026/09/05 08:19:48.219, NVIDIA GeForce RTX 3090, P2, 270.00 W, 230.71 W, 71, 6004 MiB, 24576 MiB, 38 %
2026/09/05 08:19:58.220, NVIDIA GeForce RTX 3090, P2, 270.00 W, 237.32 W, 73, 6004 MiB, 24576 MiB, 41 %
2026/09/05 08:20:08.221, NVIDIA GeForce RTX 3090, P2, 270.00 W, 226.38 W, 73, 6004 MiB, 24576 MiB, 44 %
2026/09/05 08:20:18.222, NVIDIA GeForce RTX 3090, P2, 270.00 W, 228.69 W, 73, 6004 MiB, 24576 MiB, 0 %
2026/09/05 08:20:28.224, NVIDIA GeForce RTX 3090, P2, 270.00 W, 221.10 W, 72, 6004 MiB, 24576 MiB, 8 %
2026/09/05 08:20:38.225, NVIDIA GeForce RTX 3090, P2, 270.00 W, 230.43 W, 72, 6004 MiB, 24576 MiB, 32 %
2026/09/05 08:20:48.226, NVIDIA GeForce RTX 3090, P2, 270.00 W, 235.21 W, 72, 6004 MiB, 24576 MiB, 11 %
2026/09/05 08:20:58.227, NVIDIA GeForce RTX 3090, P2, 270.00 W, 222.60 W, 74, 6004 MiB, 24576 MiB, 47 %
2026/09/05 08:21:08.229, NVIDIA GeForce RTX 3090, P2, 270.00 W, 224.61 W, 73, 6004 MiB, 24576 MiB, 0 %
2026/09/05 08:21:18.230, NVIDIA GeForce RTX 3090, P2, 270.00 W, 218.59 W, 71, 6004 MiB, 24576 MiB, 3 %
2026/09/05 08:21:28.231, NVIDIA GeForce RTX 3090, P2, 270.00 W, 222.54 W, 73, 6004 MiB, 24576 MiB, 48 %
2026/09/05 08:21:38.232, NVIDIA GeForce RTX 3090, P2, 270.00 W, 224.01 W, 70, 6004 MiB, 24576 MiB, 26 %
2026/09/05 08:21:48.234, NVIDIA GeForce RTX 3090, P2, 270.00 W, 222.18 W, 73, 6004 MiB, 24576 MiB, 30 %
2026/09/05 08:21:58.235, NVIDIA GeForce RTX 3090, P2, 270.00 W, 216.58 W, 72, 6004 MiB, 24576 MiB, 30 %
2026/09/05 08:22:08.236, NVIDIA GeForce RTX 3090, P2, 270.00 W, 225.80 W, 71, 6004 MiB, 24576 MiB, 5 %
2026/09/05 08:22:18.237, NVIDIA GeForce RTX 3090, P2, 270.00 W, 235.33 W, 72, 6004 MiB, 24576 MiB, 30 %
2026/09/05 08:22:28.239, NVIDIA GeForce RTX 3090, P2, 270.00 W, 227.30 W, 73, 6004 MiB, 24576 MiB, 42 %
2026/09/05 08:22:38.240, NVIDIA GeForce RTX 3090, P2, 270.00 W, 216.52 W, 73, 6004 MiB, 24576 MiB, 39 %
2026/09/05 08:22:48.241, NVIDIA GeForce RTX 3090, P2, 270.00 W, 205.79 W, 71, 6004 MiB, 24576 MiB, 0 %
2026/09/05 08:22:58.243, NVIDIA GeForce RTX 3090, P2, 270.00 W, 224.97 W, 74, 6004 MiB, 24576 MiB, 27 %
2026/09/05 08:23:08.244, NVIDIA GeForce RTX 3090, P2, 270.00 W, 235.94 W, 72, 6004 MiB, 24576 MiB, 30 %
2026/09/05 08:23:18.245, NVIDIA GeForce RTX 3090, P2, 270.00 W, 222.82 W, 73, 6004 MiB, 24576 MiB, 31 %
2026/09/05 08:23:28.247, NVIDIA GeForce RTX 3090, P2, 270.00 W, 225.89 W, 73, 6004 MiB, 24576 MiB, 4 %
2026/09/05 08:23:38.248, NVIDIA GeForce RTX 3090, P2, 270.00 W, 226.92 W, 72, 6004 MiB, 24576 MiB, 31 %
2026/09/05 08:23:48.249, NVIDIA GeForce RTX 3090, P2, 270.00 W, 222.97 W, 72, 6004 MiB, 24576 MiB, 49 %
2026/09/05 08:23:58.251, NVIDIA GeForce RTX 3090, P2, 270.00 W, 235.23 W, 72, 6004 MiB, 24576 MiB, 4 %
2026/09/05 08:24:08.252, NVIDIA GeForce RTX 3090, P2, 270.00 W, 220.83 W, 72, 6004 MiB, 24576 MiB, 42 %
2026/09/05 08:24:18.253, NVIDIA GeForce RTX 3090, P2, 270.00 W, 216.74 W, 73, 6004 MiB, 24576 MiB, 0 %
2026/09/05 08:24:28.254, NVIDIA GeForce RTX 3090, P2, 270.00 W, 216.71 W, 71, 6004 MiB, 24576 MiB, 52 %
2026/09/05 08:24:38.256, NVIDIA GeForce RTX 3090, P2, 270.00 W, 222.30 W, 72, 6004 MiB, 24576 MiB, 30 %
2026/09/05 08:24:48.257, NVIDIA GeForce RTX 3090, P2, 270.00 W, 231.40 W, 72, 6004 MiB, 24576 MiB, 48 %
2026/09/05 08:24:58.258, NVIDIA GeForce RTX 3090, P2, 270.00 W, 220.75 W, 71, 6004 MiB, 24576 MiB, 42 %
2026/09/05 08:25:08.259, NVIDIA GeForce RTX 3090, P2, 270.00 W, 225.50 W, 73, 6004 MiB, 24576 MiB, 24 %
2026/09/05 08:25:18.261, NVIDIA GeForce RTX 3090, P2, 270.00 W, 211.35 W, 71, 6004 MiB, 24576 MiB, 48 %
2026/09/05 08:25:28.262, NVIDIA GeForce RTX 3090, P2, 270.00 W, 226.97 W, 72, 6004 MiB, 24576 MiB, 33 %
2026/09/05 08:25:38.263, NVIDIA GeForce RTX 3090, P2, 270.00 W, 230.76 W, 72, 6004 MiB, 24576 MiB, 50 %
2026/09/05 08:25:48.265, NVIDIA GeForce RTX 3090, P2, 270.00 W, 227.54 W, 71, 6004 MiB, 24576 MiB, 48 %
2026/09/05 08:25:58.266, NVIDIA GeForce RTX 3090, P2, 270.00 W, 225.49 W, 72, 6004 MiB, 24576 MiB, 39 %
2026/09/05 08:26:08.267, NVIDIA GeForce RTX 3090, P2, 270.00 W, 210.37 W, 71, 6004 MiB, 24576 MiB, 12 %
2026/09/05 08:26:18.269, NVIDIA GeForce RTX 3090, P2, 270.00 W, 224.81 W, 73, 6004 MiB, 24576 MiB, 50 %
2026/09/05 08:26:28.270, NVIDIA GeForce RTX 3090, P2, 270.00 W, 227.65 W, 72, 6004 MiB, 24576 MiB, 31 %
2026/09/05 08:26:38.271, NVIDIA GeForce RTX 3090, P2, 270.00 W, 229.65 W, 73, 6004 MiB, 24576 MiB, 48 %
2026/09/05 08:26:48.273, NVIDIA GeForce RTX 3090, P2, 270.00 W, 221.47 W, 74, 6004 MiB, 24576 MiB, 47 %
2026/09/05 08:26:58.275, NVIDIA GeForce RTX 3090, P2, 270.00 W, 212.62 W, 71, 6004 MiB, 24576 MiB, 40 %
2026/09/05 08:27:08.276, NVIDIA GeForce RTX 3090, P2, 270.00 W, 233.20 W, 72, 6004 MiB, 24576 MiB, 43 %
2026/09/05 08:27:18.278, NVIDIA GeForce RTX 3090, P2, 270.00 W, 221.98 W, 73, 6004 MiB, 24576 MiB, 34 %
2026/09/05 08:27:28.279, NVIDIA GeForce RTX 3090, P2, 270.00 W, 212.73 W, 72, 6004 MiB, 24576 MiB, 22 %
2026/09/05 08:27:38.281, NVIDIA GeForce RTX 3090, P2, 270.00 W, 234.12 W, 72, 6004 MiB, 24576 MiB, 33 %
2026/09/05 08:27:48.282, NVIDIA GeForce RTX 3090, P2, 270.00 W, 240.40 W, 73, 6004 MiB, 24576 MiB, 48 %
2026/09/05 08:27:58.283, NVIDIA GeForce RTX 3090, P2, 270.00 W, 209.04 W, 72, 6004 MiB, 24576 MiB, 0 %
2026/09/05 08:28:08.285, NVIDIA GeForce RTX 3090, P2, 270.00 W, 215.03 W, 71, 6004 MiB, 24576 MiB, 48 %
2026/09/05 08:28:18.286, NVIDIA GeForce RTX 3090, P2, 270.00 W, 231.11 W, 73, 6004 MiB, 24576 MiB, 43 %
2026/09/05 08:28:28.288, NVIDIA GeForce RTX 3090, P2, 270.00 W, 234.75 W, 72, 6004 MiB, 24576 MiB, 45 %
2026/09/05 08:28:38.289, NVIDIA GeForce RTX 3090, P2, 270.00 W, 222.55 W, 74, 6004 MiB, 24576 MiB, 17 %
2026/09/05 08:28:48.290, NVIDIA GeForce RTX 3090, P2, 270.00 W, 221.92 W, 72, 6004 MiB, 24576 MiB, 0 %
2026/09/05 08:28:58.292, NVIDIA GeForce RTX 3090, P2, 270.00 W, 216.83 W, 72, 6004 MiB, 24576 MiB, 7 %
2026/09/05 08:29:08.293, NVIDIA GeForce RTX 3090, P2, 270.00 W, 236.26 W, 71, 6004 MiB, 24576 MiB, 19 %
2026/09/05 08:29:18.294, NVIDIA GeForce RTX 3090, P2, 270.00 W, 227.76 W, 73, 6004 MiB, 24576 MiB, 46 %
2026/09/05 08:29:28.295, NVIDIA GeForce RTX 3090, P2, 270.00 W, 218.12 W, 73, 6004 MiB, 24576 MiB, 0 %
2026/09/05 08:29:38.297, NVIDIA GeForce RTX 3090, P2, 270.00 W, 223.11 W, 71, 6004 MiB, 24576 MiB, 32 %
2026/09/05 08:29:48.298, NVIDIA GeForce RTX 3090, P2, 270.00 W, 226.80 W, 72, 6004 MiB, 24576 MiB, 39 %
2026/09/05 08:29:58.299, NVIDIA GeForce RTX 3090, P2, 270.00 W, 225.98 W, 71, 6004 MiB, 24576 MiB, 49 %
2026/09/05 08:30:08.300, NVIDIA GeForce RTX 3090, P2, 270.00 W, 224.53 W, 73, 6004 MiB, 24576 MiB, 36 %
2026/09/05 08:30:18.302, NVIDIA GeForce RTX 3090, P2, 270.00 W, 219.18 W, 73, 6004 MiB, 24576 MiB, 46 %
2026/09/05 08:30:28.303, NVIDIA GeForce RTX 3090, P2, 270.00 W, 219.97 W, 71, 6004 MiB, 24576 MiB, 0 %
2026/09/05 08:30:38.304, NVIDIA GeForce RTX 3090, P2, 270.00 W, 226.16 W, 72, 6004 MiB, 24576 MiB, 48 %
2026/09/05 08:30:48.306, NVIDIA GeForce RTX 3090, P2, 270.00 W, 211.97 W, 73, 6004 MiB, 24576 MiB, 36 %
2026/09/05 08:30:58.307, NVIDIA GeForce RTX 3090, P2, 270.00 W, 218.94 W, 73, 6004 MiB, 24576 MiB, 46 %
2026/09/05 08:31:08.309, NVIDIA GeForce RTX 3090, P2, 270.00 W, 215.74 W, 71, 6004 MiB, 24576 MiB, 0 %
2026/09/05 08:31:18.310, NVIDIA GeForce RTX 3090, P2, 270.00 W, 222.58 W, 72, 6004 MiB, 24576 MiB, 27 %
2026/09/05 08:31:28.311, NVIDIA GeForce RTX 3090, P2, 270.00 W, 235.06 W, 71, 6004 MiB, 24576 MiB, 30 %
2026/09/05 08:31:38.312, NVIDIA GeForce RTX 3090, P2, 270.00 W, 227.28 W, 74, 6004 MiB, 24576 MiB, 0 %
2026/09/05 08:31:48.314, NVIDIA GeForce RTX 3090, P2, 270.00 W, 216.33 W, 72, 6004 MiB, 24576 MiB, 5 %
2026/09/05 08:31:58.315, NVIDIA GeForce RTX 3090, P2, 270.00 W, 224.29 W, 71, 6004 MiB, 24576 MiB, 4 %
2026/09/05 08:32:08.317, NVIDIA GeForce RTX 3090, P2, 270.00 W, 225.11 W, 73, 6004 MiB, 24576 MiB, 41 %
2026/09/05 08:32:18.318, NVIDIA GeForce RTX 3090, P2, 270.00 W, 232.75 W, 73, 6004 MiB, 24576 MiB, 31 %
2026/09/05 08:32:28.319, NVIDIA GeForce RTX 3090, P2, 270.00 W, 223.64 W, 73, 6004 MiB, 24576 MiB, 30 %
2026/09/05 08:32:38.321, NVIDIA GeForce RTX 3090, P2, 270.00 W, 219.69 W, 73, 6004 MiB, 24576 MiB, 43 %
2026/09/05 08:32:48.322, NVIDIA GeForce RTX 3090, P2, 270.00 W, 216.76 W, 71, 6004 MiB, 24576 MiB, 0 %
2026/09/05 08:32:58.324, NVIDIA GeForce RTX 3090, P2, 270.00 W, 230.92 W, 72, 6004 MiB, 24576 MiB, 35 %
2026/09/05 08:33:08.325, NVIDIA GeForce RTX 3090, P2, 270.00 W, 237.38 W, 73, 6004 MiB, 24576 MiB, 18 %
2026/09/05 08:33:18.326, NVIDIA GeForce RTX 3090, P2, 270.00 W, 223.92 W, 73, 6004 MiB, 24576 MiB, 0 %
2026/09/05 08:33:28.327, NVIDIA GeForce RTX 3090, P2, 270.00 W, 218.31 W, 71, 6004 MiB, 24576 MiB, 44 %
2026/09/05 08:33:38.329, NVIDIA GeForce RTX 3090, P2, 270.00 W, 227.34 W, 72, 6004 MiB, 24576 MiB, 47 %
2026/09/05 08:33:48.330, NVIDIA GeForce RTX 3090, P2, 270.00 W, 221.34 W, 70, 6004 MiB, 24576 MiB, 50 %
2026/09/05 08:33:58.331, NVIDIA GeForce RTX 3090, P2, 270.00 W, 224.88 W, 74, 6004 MiB, 24576 MiB, 0 %
2026/09/05 08:34:08.332, NVIDIA GeForce RTX 3090, P2, 270.00 W, 216.61 W, 72, 6004 MiB, 24576 MiB, 18 %
2026/09/05 08:34:18.334, NVIDIA GeForce RTX 3090, P2, 270.00 W, 210.84 W, 71, 6004 MiB, 24576 MiB, 0 %
2026/09/05 08:34:28.335, NVIDIA GeForce RTX 3090, P2, 270.00 W, 225.60 W, 73, 6004 MiB, 24576 MiB, 47 %
2026/09/05 08:34:38.336, NVIDIA GeForce RTX 3090, P2, 270.00 W, 233.10 W, 73, 6004 MiB, 24576 MiB, 47 %
2026/09/05 08:34:48.338, NVIDIA GeForce RTX 3090, P2, 270.00 W, 220.73 W, 74, 6004 MiB, 24576 MiB, 0 %
2026/09/05 08:34:58.339, NVIDIA GeForce RTX 3090, P2, 270.00 W, 206.93 W, 70, 6004 MiB, 24576 MiB, 0 %
2026/09/05 08:35:08.340, NVIDIA GeForce RTX 3090, P2, 270.00 W, 232.50 W, 73, 6004 MiB, 24576 MiB, 47 %
2026/09/05 08:35:18.341, NVIDIA GeForce RTX 3090, P2, 270.00 W, 234.85 W, 73, 6004 MiB, 24576 MiB, 47 %
2026/09/05 08:35:28.343, NVIDIA GeForce RTX 3090, P2, 270.00 W, 223.85 W, 73, 6004 MiB, 24576 MiB, 8 %
2026/09/05 08:35:38.344, NVIDIA GeForce RTX 3090, P2, 270.00 W, 220.75 W, 73, 6004 MiB, 24576 MiB, 36 %
2026/09/05 08:35:48.346, NVIDIA GeForce RTX 3090, P2, 270.00 W, 223.11 W, 72, 6004 MiB, 24576 MiB, 7 %
2026/09/05 08:35:58.347, NVIDIA GeForce RTX 3090, P2, 270.00 W, 238.16 W, 72, 6004 MiB, 24576 MiB, 30 %
2026/09/05 08:36:08.348, NVIDIA GeForce RTX 3090, P2, 270.00 W, 222.89 W, 73, 6004 MiB, 24576 MiB, 34 %
2026/09/05 08:36:18.349, NVIDIA GeForce RTX 3090, P2, 270.00 W, 225.57 W, 73, 6004 MiB, 24576 MiB, 47 %
2026/09/05 08:36:28.351, NVIDIA GeForce RTX 3090, P2, 270.00 W, 208.38 W, 71, 6004 MiB, 24576 MiB, 13 %
2026/09/05 08:36:38.352, NVIDIA GeForce RTX 3090, P2, 270.00 W, 236.75 W, 72, 6004 MiB, 24576 MiB, 6 %
2026/09/05 08:36:48.353, NVIDIA GeForce RTX 3090, P2, 270.00 W, 225.59 W, 70, 6004 MiB, 24576 MiB, 21 %
2026/09/05 08:36:58.355, NVIDIA GeForce RTX 3090, P2, 270.00 W, 223.66 W, 73, 6004 MiB, 24576 MiB, 37 %
2026/09/05 08:37:08.356, NVIDIA GeForce RTX 3090, P2, 270.00 W, 223.76 W, 73, 6004 MiB, 24576 MiB, 47 %
2026/09/05 08:37:18.358, NVIDIA GeForce RTX 3090, P2, 270.00 W, 217.12 W, 71, 6004 MiB, 24576 MiB, 47 %
2026/09/05 08:37:28.360, NVIDIA GeForce RTX 3090, P2, 270.00 W, 227.27 W, 72, 6004 MiB, 24576 MiB, 4 %
2026/09/05 08:37:38.361, NVIDIA GeForce RTX 3090, P2, 270.00 W, 238.37 W, 72, 6004 MiB, 24576 MiB, 12 %
2026/09/05 08:37:48.362, NVIDIA GeForce RTX 3090, P2, 270.00 W, 229.84 W, 73, 6004 MiB, 24576 MiB, 48 %
2026/09/05 08:37:58.363, NVIDIA GeForce RTX 3090, P2, 270.00 W, 226.51 W, 74, 6004 MiB, 24576 MiB, 0 %
2026/09/05 08:38:08.365, NVIDIA GeForce RTX 3090, P2, 270.00 W, 205.68 W, 70, 6004 MiB, 24576 MiB, 39 %
2026/09/05 08:38:18.366, NVIDIA GeForce RTX 3090, P2, 270.00 W, 226.06 W, 73, 6004 MiB, 24576 MiB, 23 %
2026/09/05 08:38:28.367, NVIDIA GeForce RTX 3090, P2, 270.00 W, 232.57 W, 72, 6004 MiB, 24576 MiB, 44 %
2026/09/05 08:38:38.368, NVIDIA GeForce RTX 3090, P2, 270.00 W, 236.98 W, 73, 6004 MiB, 24576 MiB, 47 %
2026/09/05 08:38:48.370, NVIDIA GeForce RTX 3090, P2, 270.00 W, 221.27 W, 73, 6004 MiB, 24576 MiB, 15 %
2026/09/05 08:38:58.371, NVIDIA GeForce RTX 3090, P2, 270.00 W, 203.66 W, 71, 6004 MiB, 24576 MiB, 37 %
2026/09/05 08:39:08.373, NVIDIA GeForce RTX 3090, P2, 270.00 W, 207.18 W, 71, 6004 MiB, 24576 MiB, 6 %
2026/09/05 08:39:18.374, NVIDIA GeForce RTX 3090, P2, 270.00 W, 224.89 W, 72, 6004 MiB, 24576 MiB, 6 %
2026/09/05 08:39:28.376, NVIDIA GeForce RTX 3090, P2, 270.00 W, 231.67 W, 71, 6004 MiB, 24576 MiB, 5 %
2026/09/05 08:39:38.377, NVIDIA GeForce RTX 3090, P2, 270.00 W, 222.27 W, 73, 6004 MiB, 24576 MiB, 30 %
2026/09/05 08:39:48.379, NVIDIA GeForce RTX 3090, P2, 270.00 W, 217.51 W, 73, 6004 MiB, 24576 MiB, 5 %
2026/09/05 08:39:58.380, NVIDIA GeForce RTX 3090, P2, 270.00 W, 227.11 W, 72, 6004 MiB, 24576 MiB, 30 %
2026/09/05 08:40:08.381, NVIDIA GeForce RTX 3090, P2, 270.00 W, 234.97 W, 71, 6004 MiB, 24576 MiB, 30 %
2026/09/05 08:40:18.383, NVIDIA GeForce RTX 3090, P2, 270.00 W, 222.92 W, 73, 6004 MiB, 24576 MiB, 35 %
2026/09/05 08:40:28.384, NVIDIA GeForce RTX 3090, P2, 270.00 W, 220.33 W, 73, 6004 MiB, 24576 MiB, 0 %
2026/09/05 08:40:38.385, NVIDIA GeForce RTX 3090, P2, 270.00 W, 226.55 W, 72, 6004 MiB, 24576 MiB, 6 %
2026/09/05 08:40:48.387, NVIDIA GeForce RTX 3090, P2, 270.00 W, 233.84 W, 72, 6004 MiB, 24576 MiB, 24 %
2026/09/05 08:40:58.388, NVIDIA GeForce RTX 3090, P2, 270.00 W, 222.94 W, 74, 6004 MiB, 24576 MiB, 0 %
2026/09/05 08:41:08.389, NVIDIA GeForce RTX 3090, P2, 270.00 W, 212.77 W, 71, 6004 MiB, 24576 MiB, 50 %
2026/09/05 08:41:18.391, NVIDIA GeForce RTX 3090, P2, 270.00 W, 228.48 W, 73, 6004 MiB, 24576 MiB, 6 %
2026/09/05 08:41:28.392, NVIDIA GeForce RTX 3090, P2, 270.00 W, 234.53 W, 72, 6004 MiB, 24576 MiB, 36 %
2026/09/05 08:41:38.393, NVIDIA GeForce RTX 3090, P2, 270.00 W, 229.85 W, 73, 6004 MiB, 24576 MiB, 47 %
2026/09/05 08:41:48.395, NVIDIA GeForce RTX 3090, P2, 270.00 W, 223.81 W, 73, 6004 MiB, 24576 MiB, 0 %
2026/09/05 08:41:58.396, NVIDIA GeForce RTX 3090, P2, 270.00 W, 216.80 W, 71, 6004 MiB, 24576 MiB, 0 %
2026/09/05 08:42:08.397, NVIDIA GeForce RTX 3090, P2, 270.00 W, 225.26 W, 72, 6004 MiB, 24576 MiB, 48 %
2026/09/05 08:42:18.398, NVIDIA GeForce RTX 3090, P2, 270.00 W, 228.17 W, 72, 6004 MiB, 24576 MiB, 46 %
2026/09/05 08:42:28.400, NVIDIA GeForce RTX 3090, P2, 270.00 W, 225.20 W, 73, 6004 MiB, 24576 MiB, 36 %
2026/09/05 08:42:38.401, NVIDIA GeForce RTX 3090, P2, 270.00 W, 220.57 W, 72, 6004 MiB, 24576 MiB, 46 %
2026/09/05 08:42:48.402, NVIDIA GeForce RTX 3090, P2, 270.00 W, 215.25 W, 71, 6004 MiB, 24576 MiB, 4 %
2026/09/05 08:42:58.403, NVIDIA GeForce RTX 3090, P2, 270.00 W, 227.25 W, 72, 6004 MiB, 24576 MiB, 30 %
2026/09/05 08:43:08.404, NVIDIA GeForce RTX 3090, P2, 270.00 W, 228.78 W, 73, 6004 MiB, 24576 MiB, 49 %
2026/09/05 08:43:18.406, NVIDIA GeForce RTX 3090, P2, 270.00 W, 216.40 W, 73, 6004 MiB, 24576 MiB, 0 %
2026/09/05 08:43:28.407, NVIDIA GeForce RTX 3090, P2, 270.00 W, 210.19 W, 70, 6004 MiB, 24576 MiB, 47 %
2026/09/05 08:43:38.408, NVIDIA GeForce RTX 3090, P2, 270.00 W, 226.05 W, 72, 6004 MiB, 24576 MiB, 47 %
2026/09/05 08:43:48.410, NVIDIA GeForce RTX 3090, P2, 270.00 W, 227.77 W, 73, 6004 MiB, 24576 MiB, 46 %
2026/09/05 08:43:58.411, NVIDIA GeForce RTX 3090, P2, 270.00 W, 221.12 W, 73, 6004 MiB, 24576 MiB, 0 %
2026/09/05 08:44:08.412, NVIDIA GeForce RTX 3090, P2, 270.00 W, 209.92 W, 72, 6004 MiB, 24576 MiB, 7 %
2026/09/05 08:44:18.413, NVIDIA GeForce RTX 3090, P2, 270.00 W, 226.82 W, 71, 6004 MiB, 24576 MiB, 6 %
2026/09/05 08:44:28.415, NVIDIA GeForce RTX 3090, P2, 270.00 W, 231.21 W, 72, 6004 MiB, 24576 MiB, 50 %
2026/09/05 08:44:38.416, NVIDIA GeForce RTX 3090, P2, 270.00 W, 230.25 W, 73, 6004 MiB, 24576 MiB, 47 %
2026/09/05 08:44:48.417, NVIDIA GeForce RTX 3090, P2, 270.00 W, 218.41 W, 73, 6004 MiB, 24576 MiB, 0 %
2026/09/05 08:44:58.418, NVIDIA GeForce RTX 3090, P2, 270.00 W, 211.01 W, 71, 6004 MiB, 24576 MiB, 0 %
2026/09/05 08:45:08.420, NVIDIA GeForce RTX 3090, P2, 270.00 W, 227.03 W, 72, 6004 MiB, 24576 MiB, 47 %
2026/09/05 08:45:18.421, NVIDIA GeForce RTX 3090, P2, 270.00 W, 237.92 W, 72, 6004 MiB, 24576 MiB, 37 %
2026/09/05 08:45:28.422, NVIDIA GeForce RTX 3090, P2, 270.00 W, 216.36 W, 71, 6004 MiB, 24576 MiB, 38 %
2026/09/05 08:45:38.424, NVIDIA GeForce RTX 3090, P2, 270.00 W, 218.10 W, 73, 6004 MiB, 24576 MiB, 36 %
2026/09/05 08:45:48.426, NVIDIA GeForce RTX 3090, P2, 270.00 W, 213.08 W, 71, 6004 MiB, 24576 MiB, 0 %
2026/09/05 08:45:58.427, NVIDIA GeForce RTX 3090, P2, 270.00 W, 229.93 W, 72, 6004 MiB, 24576 MiB, 49 %
2026/09/05 08:46:08.428, NVIDIA GeForce RTX 3090, P2, 270.00 W, 228.21 W, 72, 6004 MiB, 24576 MiB, 48 %
2026/09/05 08:46:18.429, NVIDIA GeForce RTX 3090, P2, 270.00 W, 223.88 W, 73, 6004 MiB, 24576 MiB, 30 %
2026/09/05 08:46:28.431, NVIDIA GeForce RTX 3090, P2, 270.00 W, 213.28 W, 72, 6004 MiB, 24576 MiB, 6 %
2026/09/05 08:46:38.432, NVIDIA GeForce RTX 3090, P2, 270.00 W, 228.06 W, 72, 6004 MiB, 24576 MiB, 5 %
2026/09/05 08:46:48.433, NVIDIA GeForce RTX 3090, P2, 270.00 W, 235.46 W, 72, 6004 MiB, 24576 MiB, 47 %
2026/09/05 08:46:58.434, NVIDIA GeForce RTX 3090, P2, 270.00 W, 222.48 W, 73, 6004 MiB, 24576 MiB, 30 %
2026/09/05 08:47:08.435, NVIDIA GeForce RTX 3090, P2, 270.00 W, 221.04 W, 72, 6004 MiB, 24576 MiB, 43 %
2026/09/05 08:47:18.437, NVIDIA GeForce RTX 3090, P2, 270.00 W, 210.59 W, 71, 6004 MiB, 24576 MiB, 33 %
2026/09/05 08:47:28.438, NVIDIA GeForce RTX 3090, P2, 270.00 W, 225.33 W, 72, 6004 MiB, 24576 MiB, 49 %
2026/09/05 08:47:38.439, NVIDIA GeForce RTX 3090, P2, 270.00 W, 217.56 W, 71, 6004 MiB, 24576 MiB, 39 %
2026/09/05 08:47:48.440, NVIDIA GeForce RTX 3090, P2, 270.00 W, 223.77 W, 73, 6004 MiB, 24576 MiB, 0 %
2026/09/05 08:47:58.442, NVIDIA GeForce RTX 3090, P2, 270.00 W, 226.07 W, 71, 6004 MiB, 24576 MiB, 0 %
2026/09/05 08:48:08.443, NVIDIA GeForce RTX 3090, P2, 270.00 W, 233.01 W, 72, 6004 MiB, 24576 MiB, 31 %
2026/09/05 08:48:18.444, NVIDIA GeForce RTX 3090, P2, 270.00 W, 238.09 W, 72, 6004 MiB, 24576 MiB, 18 %
2026/09/05 08:48:28.446, NVIDIA GeForce RTX 3090, P2, 270.00 W, 218.83 W, 71, 6004 MiB, 24576 MiB, 40 %
2026/09/05 08:48:38.447, NVIDIA GeForce RTX 3090, P2, 270.00 W, 227.23 W, 74, 6004 MiB, 24576 MiB, 0 %
2026/09/05 08:48:48.448, NVIDIA GeForce RTX 3090, P2, 270.00 W, 216.09 W, 73, 6004 MiB, 24576 MiB, 6 %
2026/09/05 08:48:58.449, NVIDIA GeForce RTX 3090, P2, 270.00 W, 220.33 W, 72, 6004 MiB, 24576 MiB, 5 %
2026/09/05 08:49:08.451, NVIDIA GeForce RTX 3090, P2, 270.00 W, 228.98 W, 74, 6004 MiB, 24576 MiB, 47 %
2026/09/05 08:49:18.452, NVIDIA GeForce RTX 3090, P2, 270.00 W, 232.04 W, 73, 6004 MiB, 24576 MiB, 47 %
2026/09/05 08:49:28.453, NVIDIA GeForce RTX 3090, P2, 270.00 W, 223.86 W, 74, 6004 MiB, 24576 MiB, 0 %
2026/09/05 08:49:38.454, NVIDIA GeForce RTX 3090, P2, 270.00 W, 210.66 W, 71, 6004 MiB, 24576 MiB, 10 %
2026/09/05 08:49:48.455, NVIDIA GeForce RTX 3090, P2, 270.00 W, 220.71 W, 71, 6004 MiB, 24576 MiB, 0 %
2026/09/05 08:49:58.456, NVIDIA GeForce RTX 3090, P2, 270.00 W, 229.67 W, 72, 6004 MiB, 24576 MiB, 37 %
2026/09/05 08:50:08.457, NVIDIA GeForce RTX 3090, P2, 270.00 W, 223.40 W, 73, 6004 MiB, 24576 MiB, 49 %
2026/09/05 08:50:18.459, NVIDIA GeForce RTX 3090, P2, 270.00 W, 229.76 W, 73, 6004 MiB, 24576 MiB, 47 %
2026/09/05 08:50:28.460, NVIDIA GeForce RTX 3090, P2, 270.00 W, 215.06 W, 73, 6004 MiB, 24576 MiB, 7 %
2026/09/05 08:50:38.461, NVIDIA GeForce RTX 3090, P2, 270.00 W, 220.47 W, 71, 6004 MiB, 24576 MiB, 6 %
2026/09/05 08:50:48.462, NVIDIA GeForce RTX 3090, P2, 270.00 W, 232.32 W, 72, 6004 MiB, 24576 MiB, 32 %
2026/09/05 08:50:58.463, NVIDIA GeForce RTX 3090, P2, 270.00 W, 227.60 W, 73, 6004 MiB, 24576 MiB, 39 %
2026/09/05 08:51:08.465, NVIDIA GeForce RTX 3090, P2, 270.00 W, 223.88 W, 73, 6004 MiB, 24576 MiB, 0 %
2026/09/05 08:51:18.466, NVIDIA GeForce RTX 3090, P2, 270.00 W, 227.52 W, 74, 6004 MiB, 24576 MiB, 49 %
2026/09/05 08:51:28.467, NVIDIA GeForce RTX 3090, P2, 270.00 W, 214.00 W, 71, 6004 MiB, 24576 MiB, 0 %
2026/09/05 08:51:38.468, NVIDIA GeForce RTX 3090, P2, 270.00 W, 227.01 W, 72, 6004 MiB, 24576 MiB, 49 %
2026/09/05 08:51:48.469, NVIDIA GeForce RTX 3090, P2, 270.00 W, 233.39 W, 71, 6004 MiB, 24576 MiB, 31 %
2026/09/05 08:51:58.470, NVIDIA GeForce RTX 3090, P2, 270.00 W, 205.03 W, 72, 6004 MiB, 24576 MiB, 30 %
2026/09/05 08:52:08.471, NVIDIA GeForce RTX 3090, P2, 270.00 W, 222.37 W, 73, 6004 MiB, 24576 MiB, 23 %
2026/09/05 08:52:18.473, NVIDIA GeForce RTX 3090, P2, 270.00 W, 221.16 W, 72, 6004 MiB, 24576 MiB, 0 %
2026/09/05 08:52:28.474, NVIDIA GeForce RTX 3090, P2, 270.00 W, 223.17 W, 72, 6004 MiB, 24576 MiB, 20 %
2026/09/05 08:52:38.475, NVIDIA GeForce RTX 3090, P2, 270.00 W, 234.99 W, 71, 6004 MiB, 24576 MiB, 33 %
2026/09/05 08:52:48.476, NVIDIA GeForce RTX 3090, P2, 270.00 W, 222.84 W, 72, 6004 MiB, 24576 MiB, 49 %
2026/09/05 08:52:58.478, NVIDIA GeForce RTX 3090, P2, 270.00 W, 222.04 W, 73, 6004 MiB, 24576 MiB, 13 %
2026/09/05 08:53:08.479, NVIDIA GeForce RTX 3090, P2, 270.00 W, 213.39 W, 72, 6004 MiB, 24576 MiB, 7 %
2026/09/05 08:53:18.480, NVIDIA GeForce RTX 3090, P2, 270.00 W, 233.12 W, 72, 6004 MiB, 24576 MiB, 45 %
2026/09/05 08:53:28.481, NVIDIA GeForce RTX 3090, P2, 270.00 W, 217.09 W, 72, 6004 MiB, 24576 MiB, 29 %
2026/09/05 08:53:38.483, NVIDIA GeForce RTX 3090, P2, 270.00 W, 184.80 W, 69, 6004 MiB, 24576 MiB, 33 %
2026/09/05 08:53:48.484, NVIDIA GeForce RTX 3090, P2, 270.00 W, 175.38 W, 68, 6004 MiB, 24576 MiB, 33 %
2026/09/05 08:53:58.485, NVIDIA GeForce RTX 3090, P2, 270.00 W, 173.85 W, 68, 6004 MiB, 24576 MiB, 13 %
2026/09/05 08:54:08.486, NVIDIA GeForce RTX 3090, P2, 270.00 W, 171.79 W, 67, 6004 MiB, 24576 MiB, 24 %
2026/09/05 08:54:18.487, NVIDIA GeForce RTX 3090, P2, 270.00 W, 157.32 W, 66, 1180 MiB, 24576 MiB, 0 %
2026/09/05 08:54:28.488, NVIDIA GeForce RTX 3090, P2, 270.00 W, 179.01 W, 68, 2020 MiB, 24576 MiB, 26 %
2026/09/05 08:54:38.489, NVIDIA GeForce RTX 3090, P2, 270.00 W, 173.38 W, 68, 2020 MiB, 24576 MiB, 26 %
2026/09/05 08:54:48.490, NVIDIA GeForce RTX 3090, P2, 270.00 W, 171.92 W, 68, 2020 MiB, 24576 MiB, 21 %
2026/09/05 08:54:58.492, NVIDIA GeForce RTX 3090, P2, 270.00 W, 221.05 W, 72, 4872 MiB, 24576 MiB, 29 %
2026/09/05 08:55:08.493, NVIDIA GeForce RTX 3090, P2, 270.00 W, 215.46 W, 71, 4872 MiB, 24576 MiB, 5 %
2026/09/05 08:55:18.494, NVIDIA GeForce RTX 3090, P2, 270.00 W, 238.13 W, 72, 4872 MiB, 24576 MiB, 8 %
2026/09/05 08:55:28.495, NVIDIA GeForce RTX 3090, P2, 270.00 W, 228.77 W, 71, 5374 MiB, 24576 MiB, 48 %
2026/09/05 08:55:38.496, NVIDIA GeForce RTX 3090, P2, 270.00 W, 220.68 W, 72, 5374 MiB, 24576 MiB, 1 %
2026/09/05 08:55:48.497, NVIDIA GeForce RTX 3090, P2, 270.00 W, 221.48 W, 72, 5374 MiB, 24576 MiB, 2 %
2026/09/05 08:55:58.499, NVIDIA GeForce RTX 3090, P2, 270.00 W, 210.79 W, 71, 5374 MiB, 24576 MiB, 41 %
2026/09/05 08:56:08.500, NVIDIA GeForce RTX 3090, P2, 270.00 W, 232.27 W, 72, 5374 MiB, 24576 MiB, 47 %
2026/09/05 08:56:18.501, NVIDIA GeForce RTX 3090, P2, 270.00 W, 229.65 W, 72, 5374 MiB, 24576 MiB, 47 %
2026/09/05 08:56:28.502, NVIDIA GeForce RTX 3090, P2, 270.00 W, 236.72 W, 72, 5374 MiB, 24576 MiB, 24 %
2026/09/05 08:56:38.503, NVIDIA GeForce RTX 3090, P2, 270.00 W, 219.51 W, 72, 5374 MiB, 24576 MiB, 29 %
2026/09/05 08:56:48.504, NVIDIA GeForce RTX 3090, P2, 270.00 W, 219.07 W, 73, 5374 MiB, 24576 MiB, 40 %
2026/09/05 08:56:58.505, NVIDIA GeForce RTX 3090, P2, 270.00 W, 218.92 W, 73, 5374 MiB, 24576 MiB, 26 %
2026/09/05 08:57:08.507, NVIDIA GeForce RTX 3090, P2, 270.00 W, 214.53 W, 71, 5374 MiB, 24576 MiB, 0 %
2026/09/05 08:57:18.508, NVIDIA GeForce RTX 3090, P2, 270.00 W, 233.35 W, 72, 5374 MiB, 24576 MiB, 46 %
2026/09/05 08:57:28.509, NVIDIA GeForce RTX 3090, P2, 270.00 W, 231.82 W, 71, 5374 MiB, 24576 MiB, 25 %
2026/09/05 08:57:38.510, NVIDIA GeForce RTX 3090, P2, 270.00 W, 217.20 W, 72, 5374 MiB, 24576 MiB, 20 %
2026/09/05 08:57:48.511, NVIDIA GeForce RTX 3090, P2, 270.00 W, 208.85 W, 71, 5374 MiB, 24576 MiB, 4 %
2026/09/05 08:57:58.513, NVIDIA GeForce RTX 3090, P2, 270.00 W, 228.82 W, 73, 5374 MiB, 24576 MiB, 48 %
2026/09/05 08:58:08.514, NVIDIA GeForce RTX 3090, P2, 270.00 W, 230.48 W, 71, 5374 MiB, 24576 MiB, 25 %
2026/09/05 08:58:18.515, NVIDIA GeForce RTX 3090, P2, 270.00 W, 215.61 W, 71, 5374 MiB, 24576 MiB, 30 %
2026/09/05 08:58:28.517, NVIDIA GeForce RTX 3090, P2, 270.00 W, 212.80 W, 71, 5374 MiB, 24576 MiB, 21 %
2026/09/05 08:58:38.518, NVIDIA GeForce RTX 3090, P2, 270.00 W, 219.69 W, 71, 5374 MiB, 24576 MiB, 4 %
2026/09/05 08:58:48.519, NVIDIA GeForce RTX 3090, P2, 270.00 W, 213.28 W, 71, 5374 MiB, 24576 MiB, 37 %
2026/09/05 08:58:58.520, NVIDIA GeForce RTX 3090, P2, 270.00 W, 235.67 W, 73, 5374 MiB, 24576 MiB, 47 %
2026/09/05 08:59:08.521, NVIDIA GeForce RTX 3090, P2, 270.00 W, 222.58 W, 73, 5374 MiB, 24576 MiB, 0 %
2026/09/05 08:59:18.523, NVIDIA GeForce RTX 3090, P2, 270.00 W, 212.17 W, 71, 5374 MiB, 24576 MiB, 18 %
2026/09/05 08:59:28.524, NVIDIA GeForce RTX 3090, P2, 270.00 W, 227.96 W, 72, 5374 MiB, 24576 MiB, 48 %
2026/09/05 08:59:38.525, NVIDIA GeForce RTX 3090, P2, 270.00 W, 223.66 W, 71, 5374 MiB, 24576 MiB, 47 %
2026/09/05 08:59:48.526, NVIDIA GeForce RTX 3090, P2, 270.00 W, 220.72 W, 74, 5374 MiB, 24576 MiB, 0 %
2026/09/05 08:59:58.527, NVIDIA GeForce RTX 3090, P2, 270.00 W, 214.84 W, 72, 5374 MiB, 24576 MiB, 30 %
2026/09/05 09:00:08.529, NVIDIA GeForce RTX 3090, P2, 270.00 W, 217.27 W, 71, 5374 MiB, 24576 MiB, 6 %
2026/09/05 09:00:18.530, NVIDIA GeForce RTX 3090, P2, 270.00 W, 241.25 W, 72, 5374 MiB, 24576 MiB, 18 %
2026/09/05 09:00:28.531, NVIDIA GeForce RTX 3090, P2, 270.00 W, 225.48 W, 74, 5374 MiB, 24576 MiB, 0 %
2026/09/05 09:00:38.532, NVIDIA GeForce RTX 3090, P2, 270.00 W, 210.14 W, 71, 5374 MiB, 24576 MiB, 48 %
2026/09/05 09:00:48.533, NVIDIA GeForce RTX 3090, P2, 270.00 W, 223.50 W, 72, 5374 MiB, 24576 MiB, 47 %
2026/09/05 09:00:58.535, NVIDIA GeForce RTX 3090, P2, 270.00 W, 226.31 W, 71, 5374 MiB, 24576 MiB, 50 %
2026/09/05 09:01:08.536, NVIDIA GeForce RTX 3090, P2, 270.00 W, 220.69 W, 72, 5374 MiB, 24576 MiB, 47 %
2026/09/05 09:01:18.537, NVIDIA GeForce RTX 3090, P2, 270.00 W, 218.55 W, 71, 5374 MiB, 24576 MiB, 30 %
2026/09/05 09:01:28.538, NVIDIA GeForce RTX 3090, P2, 270.00 W, 234.54 W, 71, 5374 MiB, 24576 MiB, 39 %
2026/09/05 09:01:38.540, NVIDIA GeForce RTX 3090, P2, 270.00 W, 237.30 W, 73, 5374 MiB, 24576 MiB, 44 %
2026/09/05 09:01:48.541, NVIDIA GeForce RTX 3090, P2, 270.00 W, 218.58 W, 73, 5374 MiB, 24576 MiB, 19 %
2026/09/05 09:01:58.542, NVIDIA GeForce RTX 3090, P2, 270.00 W, 211.74 W, 71, 5374 MiB, 24576 MiB, 48 %
2026/09/05 09:02:08.543, NVIDIA GeForce RTX 3090, P2, 270.00 W, 222.85 W, 72, 5374 MiB, 24576 MiB, 12 %
2026/09/05 09:02:18.544, NVIDIA GeForce RTX 3090, P2, 270.00 W, 236.65 W, 73, 5374 MiB, 24576 MiB, 48 %
2026/09/05 09:02:28.545, NVIDIA GeForce RTX 3090, P2, 270.00 W, 222.49 W, 72, 5374 MiB, 24576 MiB, 30 %
2026/09/05 09:02:38.547, NVIDIA GeForce RTX 3090, P2, 270.00 W, 225.32 W, 72, 5374 MiB, 24576 MiB, 10 %
2026/09/05 09:02:48.548, NVIDIA GeForce RTX 3090, P2, 270.00 W, 214.05 W, 70, 5374 MiB, 24576 MiB, 38 %
2026/09/05 09:02:58.549, NVIDIA GeForce RTX 3090, P2, 270.00 W, 221.69 W, 72, 5374 MiB, 24576 MiB, 32 %
2026/09/05 09:03:08.550, NVIDIA GeForce RTX 3090, P2, 270.00 W, 217.78 W, 73, 5374 MiB, 24576 MiB, 41 %
2026/09/05 09:03:18.551, NVIDIA GeForce RTX 3090, P2, 270.00 W, 228.29 W, 71, 5374 MiB, 24576 MiB, 21 %
2026/09/05 09:03:28.553, NVIDIA GeForce RTX 3090, P2, 270.00 W, 227.79 W, 71, 5374 MiB, 24576 MiB, 31 %
2026/09/05 09:03:38.554, NVIDIA GeForce RTX 3090, P2, 270.00 W, 224.36 W, 73, 5374 MiB, 24576 MiB, 41 %
2026/09/05 09:03:48.555, NVIDIA GeForce RTX 3090, P2, 270.00 W, 223.16 W, 73, 5374 MiB, 24576 MiB, 39 %
2026/09/05 09:03:58.556, NVIDIA GeForce RTX 3090, P2, 270.00 W, 221.05 W, 71, 5374 MiB, 24576 MiB, 30 %
2026/09/05 09:04:08.557, NVIDIA GeForce RTX 3090, P2, 270.00 W, 222.29 W, 72, 5374 MiB, 24576 MiB, 50 %
2026/09/05 09:04:18.559, NVIDIA GeForce RTX 3090, P2, 270.00 W, 215.08 W, 71, 5374 MiB, 24576 MiB, 42 %
2026/09/05 09:04:28.560, NVIDIA GeForce RTX 3090, P2, 270.00 W, 220.21 W, 74, 5374 MiB, 24576 MiB, 47 %
2026/09/05 09:04:38.561, NVIDIA GeForce RTX 3090, P2, 270.00 W, 216.32 W, 71, 5374 MiB, 24576 MiB, 47 %
2026/09/05 09:04:48.562, NVIDIA GeForce RTX 3090, P2, 270.00 W, 226.14 W, 72, 5374 MiB, 24576 MiB, 49 %
2026/09/05 09:04:58.563, NVIDIA GeForce RTX 3090, P2, 270.00 W, 232.74 W, 71, 5374 MiB, 24576 MiB, 39 %
2026/09/05 09:05:08.564, NVIDIA GeForce RTX 3090, P2, 270.00 W, 222.21 W, 73, 5374 MiB, 24576 MiB, 30 %
2026/09/05 09:05:18.566, NVIDIA GeForce RTX 3090, P2, 270.00 W, 217.37 W, 72, 5374 MiB, 24576 MiB, 6 %
2026/09/05 09:05:28.567, NVIDIA GeForce RTX 3090, P2, 270.00 W, 219.77 W, 71, 5374 MiB, 24576 MiB, 38 %
2026/09/05 09:05:38.568, NVIDIA GeForce RTX 3090, P2, 270.00 W, 225.73 W, 72, 5374 MiB, 24576 MiB, 45 %
2026/09/05 09:05:48.569, NVIDIA GeForce RTX 3090, P2, 270.00 W, 235.96 W, 73, 5374 MiB, 24576 MiB, 47 %
2026/09/05 09:05:58.571, NVIDIA GeForce RTX 3090, P2, 270.00 W, 222.20 W, 73, 5374 MiB, 24576 MiB, 30 %
2026/09/05 09:06:08.572, NVIDIA GeForce RTX 3090, P2, 270.00 W, 213.38 W, 71, 5374 MiB, 24576 MiB, 5 %
2026/09/05 09:06:18.574, NVIDIA GeForce RTX 3090, P2, 270.00 W, 217.01 W, 71, 5374 MiB, 24576 MiB, 0 %
2026/09/05 09:06:28.575, NVIDIA GeForce RTX 3090, P2, 270.00 W, 231.07 W, 71, 5374 MiB, 24576 MiB, 30 %
2026/09/05 09:06:38.576, NVIDIA GeForce RTX 3090, P2, 270.00 W, 237.06 W, 72, 5374 MiB, 24576 MiB, 18 %
2026/09/05 09:06:48.577, NVIDIA GeForce RTX 3090, P2, 270.00 W, 217.70 W, 73, 5374 MiB, 24576 MiB, 26 %
2026/09/05 09:06:58.579, NVIDIA GeForce RTX 3090, P2, 270.00 W, 214.10 W, 72, 5374 MiB, 24576 MiB, 30 %
2026/09/05 09:07:08.580, NVIDIA GeForce RTX 3090, P2, 270.00 W, 216.59 W, 71, 5374 MiB, 24576 MiB, 0 %
2026/09/05 09:07:18.581, NVIDIA GeForce RTX 3090, P2, 270.00 W, 233.55 W, 73, 5374 MiB, 24576 MiB, 41 %
2026/09/05 09:07:28.582, NVIDIA GeForce RTX 3090, P2, 270.00 W, 234.88 W, 72, 5374 MiB, 24576 MiB, 22 %
2026/09/05 09:07:38.583, NVIDIA GeForce RTX 3090, P2, 270.00 W, 227.46 W, 73, 5374 MiB, 24576 MiB, 47 %
2026/09/05 09:07:48.584, NVIDIA GeForce RTX 3090, P2, 270.00 W, 221.49 W, 73, 5374 MiB, 24576 MiB, 0 %
2026/09/05 09:07:58.586, NVIDIA GeForce RTX 3090, P2, 270.00 W, 213.20 W, 71, 5374 MiB, 24576 MiB, 0 %
2026/09/05 09:08:08.587, NVIDIA GeForce RTX 3090, P2, 270.00 W, 228.32 W, 73, 5374 MiB, 24576 MiB, 55 %
2026/09/05 09:08:18.588, NVIDIA GeForce RTX 3090, P2, 270.00 W, 236.34 W, 72, 5374 MiB, 24576 MiB, 16 %
2026/09/05 09:08:28.590, NVIDIA GeForce RTX 3090, P2, 270.00 W, 223.17 W, 73, 5374 MiB, 24576 MiB, 44 %
2026/09/05 09:08:38.591, NVIDIA GeForce RTX 3090, P2, 270.00 W, 218.10 W, 72, 5374 MiB, 24576 MiB, 5 %
2026/09/05 09:08:48.592, NVIDIA GeForce RTX 3090, P2, 270.00 W, 221.34 W, 71, 5374 MiB, 24576 MiB, 31 %
2026/09/05 09:08:58.593, NVIDIA GeForce RTX 3090, P2, 270.00 W, 226.50 W, 72, 5374 MiB, 24576 MiB, 49 %
2026/09/05 09:09:08.595, NVIDIA GeForce RTX 3090, P2, 270.00 W, 239.26 W, 72, 5374 MiB, 24576 MiB, 11 %
2026/09/05 09:09:18.596, NVIDIA GeForce RTX 3090, P2, 270.00 W, 223.54 W, 73, 5374 MiB, 24576 MiB, 30 %
2026/09/05 09:09:28.597, NVIDIA GeForce RTX 3090, P2, 270.00 W, 219.12 W, 73, 5374 MiB, 24576 MiB, 37 %
2026/09/05 09:09:38.598, NVIDIA GeForce RTX 3090, P2, 270.00 W, 214.10 W, 71, 5374 MiB, 24576 MiB, 0 %
2026/09/05 09:09:48.600, NVIDIA GeForce RTX 3090, P2, 270.00 W, 225.32 W, 72, 5374 MiB, 24576 MiB, 35 %
2026/09/05 09:09:58.601, NVIDIA GeForce RTX 3090, P2, 270.00 W, 230.44 W, 71, 5374 MiB, 24576 MiB, 31 %
2026/09/05 09:10:08.602, NVIDIA GeForce RTX 3090, P2, 270.00 W, 225.83 W, 73, 5374 MiB, 24576 MiB, 36 %
2026/09/05 09:10:18.603, NVIDIA GeForce RTX 3090, P2, 270.00 W, 223.31 W, 73, 5374 MiB, 24576 MiB, 47 %
2026/09/05 09:10:28.604, NVIDIA GeForce RTX 3090, P2, 270.00 W, 214.40 W, 71, 5374 MiB, 24576 MiB, 48 %
2026/09/05 09:10:38.606, NVIDIA GeForce RTX 3090, P2, 270.00 W, 228.72 W, 72, 5374 MiB, 24576 MiB, 49 %
2026/09/05 09:10:48.607, NVIDIA GeForce RTX 3090, P2, 270.00 W, 225.55 W, 71, 5374 MiB, 24576 MiB, 31 %
2026/09/05 09:10:58.609, NVIDIA GeForce RTX 3090, P2, 270.00 W, 234.51 W, 72, 5374 MiB, 24576 MiB, 48 %
2026/09/05 09:11:08.610, NVIDIA GeForce RTX 3090, P2, 270.00 W, 224.69 W, 73, 5374 MiB, 24576 MiB, 24 %
2026/09/05 09:11:18.612, NVIDIA GeForce RTX 3090, P2, 270.00 W, 212.86 W, 72, 5374 MiB, 24576 MiB, 8 %
2026/09/05 09:11:28.613, NVIDIA GeForce RTX 3090, P2, 270.00 W, 223.67 W, 70, 5374 MiB, 24576 MiB, 0 %
2026/09/05 09:11:38.614, NVIDIA GeForce RTX 3090, P2, 270.00 W, 228.40 W, 72, 5374 MiB, 24576 MiB, 48 %
2026/09/05 09:11:48.615, NVIDIA GeForce RTX 3090, P2, 270.00 W, 233.93 W, 72, 5374 MiB, 24576 MiB, 20 %
2026/09/05 09:11:58.617, NVIDIA GeForce RTX 3090, P2, 270.00 W, 218.23 W, 70, 5374 MiB, 24576 MiB, 47 %
2026/09/05 09:12:08.618, NVIDIA GeForce RTX 3090, P2, 270.00 W, 212.52 W, 72, 5374 MiB, 24576 MiB, 29 %
2026/09/05 09:12:18.620, NVIDIA GeForce RTX 3090, P2, 270.00 W, 211.36 W, 73, 5374 MiB, 24576 MiB, 36 %
2026/09/05 09:12:28.621, NVIDIA GeForce RTX 3090, P2, 270.00 W, 213.42 W, 71, 5374 MiB, 24576 MiB, 41 %
2026/09/05 09:12:38.622, NVIDIA GeForce RTX 3090, P2, 270.00 W, 235.16 W, 73, 5374 MiB, 24576 MiB, 48 %
2026/09/05 09:12:48.624, NVIDIA GeForce RTX 3090, P2, 270.00 W, 225.26 W, 71, 5374 MiB, 24576 MiB, 24 %
2026/09/05 09:12:58.625, NVIDIA GeForce RTX 3090, P2, 270.00 W, 219.07 W, 73, 5374 MiB, 24576 MiB, 30 %
2026/09/05 09:13:08.626, NVIDIA GeForce RTX 3090, P2, 270.00 W, 213.72 W, 72, 5374 MiB, 24576 MiB, 8 %
2026/09/05 09:13:18.628, NVIDIA GeForce RTX 3090, P2, 270.00 W, 223.21 W, 74, 5374 MiB, 24576 MiB, 47 %
2026/09/05 09:13:28.629, NVIDIA GeForce RTX 3090, P2, 270.00 W, 237.33 W, 72, 5374 MiB, 24576 MiB, 30 %
2026/09/05 09:13:38.630, NVIDIA GeForce RTX 3090, P2, 270.00 W, 219.00 W, 72, 5374 MiB, 24576 MiB, 30 %
2026/09/05 09:13:48.632, NVIDIA GeForce RTX 3090, P2, 270.00 W, 212.58 W, 71, 5374 MiB, 24576 MiB, 5 %
2026/09/05 09:13:58.633, NVIDIA GeForce RTX 3090, P2, 270.00 W, 229.75 W, 72, 5374 MiB, 24576 MiB, 16 %
2026/09/05 09:14:08.634, NVIDIA GeForce RTX 3090, P2, 270.00 W, 233.09 W, 72, 5374 MiB, 24576 MiB, 31 %
2026/09/05 09:14:18.636, NVIDIA GeForce RTX 3090, P2, 270.00 W, 227.36 W, 71, 5374 MiB, 24576 MiB, 45 %
2026/09/05 09:14:28.637, NVIDIA GeForce RTX 3090, P2, 270.00 W, 221.18 W, 73, 5374 MiB, 24576 MiB, 37 %
2026/09/05 09:14:38.638, NVIDIA GeForce RTX 3090, P2, 270.00 W, 217.34 W, 72, 5374 MiB, 24576 MiB, 37 %
2026/09/05 09:14:48.639, NVIDIA GeForce RTX 3090, P2, 270.00 W, 223.30 W, 71, 5374 MiB, 24576 MiB, 5 %
2026/09/05 09:14:58.641, NVIDIA GeForce RTX 3090, P2, 270.00 W, 239.56 W, 73, 5374 MiB, 24576 MiB, 36 %
2026/09/05 09:15:08.642, NVIDIA GeForce RTX 3090, P2, 270.00 W, 222.90 W, 71, 5374 MiB, 24576 MiB, 50 %
2026/09/05 09:15:18.643, NVIDIA GeForce RTX 3090, P2, 270.00 W, 218.37 W, 72, 5374 MiB, 24576 MiB, 49 %
2026/09/05 09:15:28.644, NVIDIA GeForce RTX 3090, P2, 270.00 W, 209.03 W, 70, 5374 MiB, 24576 MiB, 48 %
2026/09/05 09:15:38.646, NVIDIA GeForce RTX 3090, P2, 270.00 W, 230.51 W, 73, 5374 MiB, 24576 MiB, 5 %
2026/09/05 09:15:48.647, NVIDIA GeForce RTX 3090, P2, 270.00 W, 239.25 W, 72, 5374 MiB, 24576 MiB, 38 %
2026/09/05 09:15:58.648, NVIDIA GeForce RTX 3090, P2, 270.00 W, 221.15 W, 72, 5374 MiB, 24576 MiB, 9 %
2026/09/05 09:16:08.650, NVIDIA GeForce RTX 3090, P2, 270.00 W, 211.51 W, 72, 5374 MiB, 24576 MiB, 43 %
2026/09/05 09:16:18.651, NVIDIA GeForce RTX 3090, P2, 270.00 W, 217.80 W, 71, 5374 MiB, 24576 MiB, 0 %
2026/09/05 09:16:28.652, NVIDIA GeForce RTX 3090, P2, 270.00 W, 236.33 W, 73, 5374 MiB, 24576 MiB, 47 %
2026/09/05 09:16:38.654, NVIDIA GeForce RTX 3090, P2, 270.00 W, 236.01 W, 73, 5374 MiB, 24576 MiB, 41 %
2026/09/05 09:16:48.655, NVIDIA GeForce RTX 3090, P2, 270.00 W, 216.73 W, 72, 5374 MiB, 24576 MiB, 30 %
2026/09/05 09:16:58.656, NVIDIA GeForce RTX 3090, P2, 270.00 W, 220.71 W, 73, 5374 MiB, 24576 MiB, 0 %
2026/09/05 09:17:08.658, NVIDIA GeForce RTX 3090, P2, 270.00 W, 214.43 W, 70, 5374 MiB, 24576 MiB, 48 %
2026/09/05 09:17:18.659, NVIDIA GeForce RTX 3090, P2, 270.00 W, 219.81 W, 74, 5374 MiB, 24576 MiB, 47 %
2026/09/05 09:17:28.661, NVIDIA GeForce RTX 3090, P2, 270.00 W, 233.26 W, 73, 5374 MiB, 24576 MiB, 47 %
2026/09/05 09:17:38.662, NVIDIA GeForce RTX 3090, P2, 270.00 W, 230.58 W, 71, 5374 MiB, 24576 MiB, 20 %
2026/09/05 09:17:48.663, NVIDIA GeForce RTX 3090, P2, 270.00 W, 226.52 W, 73, 5374 MiB, 24576 MiB, 48 %
2026/09/05 09:17:58.665, NVIDIA GeForce RTX 3090, P2, 270.00 W, 214.94 W, 73, 5374 MiB, 24576 MiB, 39 %
2026/09/05 09:18:08.666, NVIDIA GeForce RTX 3090, P2, 270.00 W, 219.43 W, 71, 5374 MiB, 24576 MiB, 0 %
2026/09/05 09:18:18.667, NVIDIA GeForce RTX 3090, P2, 270.00 W, 229.67 W, 71, 5374 MiB, 24576 MiB, 48 %
2026/09/05 09:18:28.668, NVIDIA GeForce RTX 3090, P2, 270.00 W, 240.37 W, 72, 5374 MiB, 24576 MiB, 40 %
2026/09/05 09:18:38.670, NVIDIA GeForce RTX 3090, P2, 270.00 W, 220.04 W, 73, 5374 MiB, 24576 MiB, 21 %
2026/09/05 09:18:48.671, NVIDIA GeForce RTX 3090, P2, 270.00 W, 217.40 W, 71, 5374 MiB, 24576 MiB, 0 %
2026/09/05 09:18:58.672, NVIDIA GeForce RTX 3090, P2, 270.00 W, 230.54 W, 72, 5374 MiB, 24576 MiB, 5 %
2026/09/05 09:19:08.674, NVIDIA GeForce RTX 3090, P2, 270.00 W, 230.52 W, 71, 5374 MiB, 24576 MiB, 24 %
2026/09/05 09:19:18.675, NVIDIA GeForce RTX 3090, P2, 270.00 W, 226.46 W, 73, 5374 MiB, 24576 MiB, 49 %
2026/09/05 09:19:28.676, NVIDIA GeForce RTX 3090, P2, 270.00 W, 220.72 W, 73, 5374 MiB, 24576 MiB, 30 %
2026/09/05 09:19:38.678, NVIDIA GeForce RTX 3090, P2, 270.00 W, 207.26 W, 70, 5374 MiB, 24576 MiB, 8 %
2026/09/05 09:19:48.679, NVIDIA GeForce RTX 3090, P2, 270.00 W, 220.53 W, 72, 5374 MiB, 24576 MiB, 38 %
2026/09/05 09:19:58.680, NVIDIA GeForce RTX 3090, P2, 270.00 W, 223.17 W, 72, 5374 MiB, 24576 MiB, 42 %
2026/09/05 09:20:08.681, NVIDIA GeForce RTX 3090, P2, 270.00 W, 229.84 W, 72, 5374 MiB, 24576 MiB, 49 %
2026/09/05 09:20:18.683, NVIDIA GeForce RTX 3090, P2, 270.00 W, 223.44 W, 72, 5374 MiB, 24576 MiB, 47 %
2026/09/05 09:20:28.684, NVIDIA GeForce RTX 3090, P2, 270.00 W, 224.95 W, 74, 5374 MiB, 24576 MiB, 0 %
2026/09/05 09:20:38.685, NVIDIA GeForce RTX 3090, P2, 270.00 W, 215.17 W, 71, 5374 MiB, 24576 MiB, 42 %
2026/09/05 09:20:48.687, NVIDIA GeForce RTX 3090, P2, 270.00 W, 225.38 W, 71, 5374 MiB, 24576 MiB, 26 %
2026/09/05 09:20:58.688, NVIDIA GeForce RTX 3090, P2, 270.00 W, 230.28 W, 72, 5374 MiB, 24576 MiB, 30 %
2026/09/05 09:21:08.689, NVIDIA GeForce RTX 3090, P2, 270.00 W, 232.55 W, 72, 5374 MiB, 24576 MiB, 49 %
2026/09/05 09:21:18.690, NVIDIA GeForce RTX 3090, P2, 270.00 W, 223.09 W, 73, 5374 MiB, 24576 MiB, 23 %
2026/09/05 09:21:28.691, NVIDIA GeForce RTX 3090, P2, 270.00 W, 221.78 W, 72, 5374 MiB, 24576 MiB, 26 %
2026/09/05 09:21:38.693, NVIDIA GeForce RTX 3090, P2, 270.00 W, 217.65 W, 71, 5374 MiB, 24576 MiB, 41 %
2026/09/05 09:21:48.694, NVIDIA GeForce RTX 3090, P2, 270.00 W, 219.85 W, 71, 5374 MiB, 24576 MiB, 18 %
2026/09/05 09:21:58.695, NVIDIA GeForce RTX 3090, P2, 270.00 W, 227.73 W, 72, 5374 MiB, 24576 MiB, 25 %
2026/09/05 09:22:08.697, NVIDIA GeForce RTX 3090, P2, 270.00 W, 229.57 W, 73, 5374 MiB, 24576 MiB, 48 %
2026/09/05 09:22:18.698, NVIDIA GeForce RTX 3090, P2, 270.00 W, 223.95 W, 73, 5374 MiB, 24576 MiB, 0 %
2026/09/05 09:22:28.699, NVIDIA GeForce RTX 3090, P2, 270.00 W, 210.86 W, 71, 5374 MiB, 24576 MiB, 49 %
2026/09/05 09:22:38.701, NVIDIA GeForce RTX 3090, P2, 270.00 W, 226.97 W, 73, 5374 MiB, 24576 MiB, 47 %
2026/09/05 09:22:48.702, NVIDIA GeForce RTX 3090, P2, 270.00 W, 235.44 W, 71, 5374 MiB, 24576 MiB, 7 %
2026/09/05 09:22:58.703, NVIDIA GeForce RTX 3090, P2, 270.00 W, 221.13 W, 72, 5374 MiB, 24576 MiB, 40 %
2026/09/05 09:23:08.704, NVIDIA GeForce RTX 3090, P2, 270.00 W, 210.67 W, 72, 5374 MiB, 24576 MiB, 5 %
2026/09/05 09:23:18.706, NVIDIA GeForce RTX 3090, P2, 270.00 W, 225.70 W, 72, 5374 MiB, 24576 MiB, 16 %
2026/09/05 09:23:28.707, NVIDIA GeForce RTX 3090, P2, 270.00 W, 229.68 W, 72, 5374 MiB, 24576 MiB, 30 %
2026/09/05 09:23:38.708, NVIDIA GeForce RTX 3090, P2, 270.00 W, 222.77 W, 72, 5374 MiB, 24576 MiB, 35 %
2026/09/05 09:23:48.709, NVIDIA GeForce RTX 3090, P2, 270.00 W, 224.41 W, 73, 5374 MiB, 24576 MiB, 0 %
2026/09/05 09:23:58.711, NVIDIA GeForce RTX 3090, P2, 270.00 W, 213.69 W, 71, 5374 MiB, 24576 MiB, 48 %
2026/09/05 09:24:08.712, NVIDIA GeForce RTX 3090, P2, 270.00 W, 223.86 W, 72, 5374 MiB, 24576 MiB, 49 %
2026/09/05 09:24:18.713, NVIDIA GeForce RTX 3090, P2, 270.00 W, 219.02 W, 72, 5374 MiB, 24576 MiB, 49 %
2026/09/05 09:24:28.714, NVIDIA GeForce RTX 3090, P2, 270.00 W, 222.57 W, 73, 5374 MiB, 24576 MiB, 47 %
2026/09/05 09:24:38.715, NVIDIA GeForce RTX 3090, P2, 270.00 W, 216.85 W, 71, 5374 MiB, 24576 MiB, 45 %
2026/09/05 09:24:48.718, NVIDIA GeForce RTX 3090, P2, 270.00 W, 233.33 W, 73, 5374 MiB, 24576 MiB, 44 %
2026/09/05 09:24:58.719, NVIDIA GeForce RTX 3090, P2, 270.00 W, 230.79 W, 72, 5374 MiB, 24576 MiB, 26 %
2026/09/05 09:25:08.720, NVIDIA GeForce RTX 3090, P2, 270.00 W, 219.47 W, 73, 5374 MiB, 24576 MiB, 23 %
2026/09/05 09:25:18.721, NVIDIA GeForce RTX 3090, P2, 270.00 W, 215.45 W, 72, 5374 MiB, 24576 MiB, 5 %
2026/09/05 09:25:28.722, NVIDIA GeForce RTX 3090, P2, 270.00 W, 216.61 W, 71, 5374 MiB, 24576 MiB, 47 %
2026/09/05 09:25:38.724, NVIDIA GeForce RTX 3090, P2, 270.00 W, 222.19 W, 71, 5374 MiB, 24576 MiB, 0 %
2026/09/05 09:25:48.725, NVIDIA GeForce RTX 3090, P2, 270.00 W, 229.03 W, 73, 5374 MiB, 24576 MiB, 48 %
2026/09/05 09:25:58.726, NVIDIA GeForce RTX 3090, P2, 270.00 W, 225.91 W, 72, 5374 MiB, 24576 MiB, 33 %
2026/09/05 09:26:08.728, NVIDIA GeForce RTX 3090, P2, 270.00 W, 225.88 W, 72, 5374 MiB, 24576 MiB, 47 %
2026/09/05 09:26:18.729, NVIDIA GeForce RTX 3090, P2, 270.00 W, 225.76 W, 74, 5374 MiB, 24576 MiB, 47 %
2026/09/05 09:26:28.730, NVIDIA GeForce RTX 3090, P2, 270.00 W, 214.36 W, 71, 5374 MiB, 24576 MiB, 0 %
2026/09/05 09:26:38.731, NVIDIA GeForce RTX 3090, P2, 270.00 W, 227.67 W, 72, 5374 MiB, 24576 MiB, 49 %
2026/09/05 09:26:48.732, NVIDIA GeForce RTX 3090, P2, 270.00 W, 236.64 W, 72, 5374 MiB, 24576 MiB, 23 %
2026/09/05 09:26:58.734, NVIDIA GeForce RTX 3090, P2, 270.00 W, 225.06 W, 73, 5374 MiB, 24576 MiB, 38 %
2026/09/05 09:27:08.735, NVIDIA GeForce RTX 3090, P2, 270.00 W, 214.79 W, 71, 5374 MiB, 24576 MiB, 47 %
2026/09/05 09:27:18.736, NVIDIA GeForce RTX 3090, P2, 270.00 W, 222.78 W, 73, 5374 MiB, 24576 MiB, 21 %
2026/09/05 09:27:28.738, NVIDIA GeForce RTX 3090, P2, 270.00 W, 228.67 W, 72, 5374 MiB, 24576 MiB, 30 %
2026/09/05 09:27:38.739, NVIDIA GeForce RTX 3090, P2, 270.00 W, 229.05 W, 72, 5374 MiB, 24576 MiB, 50 %
2026/09/05 09:27:48.740, NVIDIA GeForce RTX 3090, P2, 270.00 W, 220.69 W, 72, 5374 MiB, 24576 MiB, 23 %
2026/09/05 09:27:58.742, NVIDIA GeForce RTX 3090, P2, 270.00 W, 229.66 W, 74, 5374 MiB, 24576 MiB, 0 %
2026/09/05 09:28:08.743, NVIDIA GeForce RTX 3090, P2, 270.00 W, 211.55 W, 71, 5374 MiB, 24576 MiB, 49 %
2026/09/05 09:28:18.744, NVIDIA GeForce RTX 3090, P2, 270.00 W, 231.05 W, 72, 5374 MiB, 24576 MiB, 49 %
2026/09/05 09:28:28.745, NVIDIA GeForce RTX 3090, P2, 270.00 W, 223.13 W, 71, 5374 MiB, 24576 MiB, 34 %
2026/09/05 09:28:38.746, NVIDIA GeForce RTX 3090, P2, 270.00 W, 216.32 W, 72, 5374 MiB, 24576 MiB, 37 %
2026/09/05 09:28:48.748, NVIDIA GeForce RTX 3090, P2, 270.00 W, 226.53 W, 73, 5374 MiB, 24576 MiB, 48 %
2026/09/05 09:28:58.749, NVIDIA GeForce RTX 3090, P2, 270.00 W, 207.41 W, 70, 5374 MiB, 24576 MiB, 49 %
2026/09/05 09:29:08.750, NVIDIA GeForce RTX 3090, P2, 270.00 W, 226.69 W, 72, 5374 MiB, 24576 MiB, 49 %
2026/09/05 09:29:18.751, NVIDIA GeForce RTX 3090, P2, 270.00 W, 231.93 W, 73, 5374 MiB, 24576 MiB, 46 %
2026/09/05 09:29:28.753, NVIDIA GeForce RTX 3090, P2, 270.00 W, 203.65 W, 71, 5374 MiB, 24576 MiB, 48 %
2026/09/05 09:29:38.754, NVIDIA GeForce RTX 3090, P2, 270.00 W, 207.82 W, 71, 5374 MiB, 24576 MiB, 0 %
2026/09/05 09:29:48.755, NVIDIA GeForce RTX 3090, P2, 270.00 W, 218.46 W, 71, 5374 MiB, 24576 MiB, 4 %
2026/09/05 09:29:58.756, NVIDIA GeForce RTX 3090, P2, 270.00 W, 225.21 W, 71, 5374 MiB, 24576 MiB, 37 %
2026/09/05 09:30:08.758, NVIDIA GeForce RTX 3090, P2, 270.00 W, 223.72 W, 73, 5374 MiB, 24576 MiB, 30 %
2026/09/05 09:30:18.759, NVIDIA GeForce RTX 3090, P2, 270.00 W, 208.43 W, 70, 5374 MiB, 24576 MiB, 0 %
2026/09/05 09:30:28.761, NVIDIA GeForce RTX 3090, P2, 270.00 W, 231.60 W, 72, 5374 MiB, 24576 MiB, 46 %
2026/09/05 09:30:38.762, NVIDIA GeForce RTX 3090, P2, 270.00 W, 228.90 W, 74, 5374 MiB, 24576 MiB, 46 %
2026/09/05 09:30:48.764, NVIDIA GeForce RTX 3090, P2, 270.00 W, 219.54 W, 72, 5374 MiB, 24576 MiB, 1 %
2026/09/05 09:30:58.765, NVIDIA GeForce RTX 3090, P2, 270.00 W, 212.74 W, 73, 5374 MiB, 24576 MiB, 37 %
2026/09/05 09:31:08.766, NVIDIA GeForce RTX 3090, P2, 270.00 W, 232.71 W, 71, 5374 MiB, 24576 MiB, 49 %
2026/09/05 09:31:18.768, NVIDIA GeForce RTX 3090, P2, 270.00 W, 228.39 W, 72, 5374 MiB, 24576 MiB, 49 %
2026/09/05 09:31:28.769, NVIDIA GeForce RTX 3090, P2, 270.00 W, 231.12 W, 72, 5374 MiB, 24576 MiB, 49 %
2026/09/05 09:31:38.770, NVIDIA GeForce RTX 3090, P2, 270.00 W, 218.28 W, 73, 5374 MiB, 24576 MiB, 47 %
2026/09/05 09:31:48.771, NVIDIA GeForce RTX 3090, P2, 270.00 W, 237.08 W, 72, 5374 MiB, 24576 MiB, 28 %
2026/09/05 09:31:58.773, NVIDIA GeForce RTX 3090, P2, 270.00 W, 215.21 W, 71, 5374 MiB, 24576 MiB, 48 %
2026/09/05 09:32:08.774, NVIDIA GeForce RTX 3090, P2, 270.00 W, 226.16 W, 72, 5374 MiB, 24576 MiB, 47 %
2026/09/05 09:32:18.775, NVIDIA GeForce RTX 3090, P2, 270.00 W, 224.26 W, 73, 5374 MiB, 24576 MiB, 47 %
2026/09/05 09:32:28.776, NVIDIA GeForce RTX 3090, P2, 270.00 W, 211.49 W, 72, 5374 MiB, 24576 MiB, 47 %
2026/09/05 09:32:38.778, NVIDIA GeForce RTX 3090, P2, 270.00 W, 213.15 W, 71, 5374 MiB, 24576 MiB, 0 %
2026/09/05 09:32:48.780, NVIDIA GeForce RTX 3090, P2, 270.00 W, 224.15 W, 73, 5374 MiB, 24576 MiB, 43 %
2026/09/05 09:32:58.781, NVIDIA GeForce RTX 3090, P2, 270.00 W, 217.60 W, 70, 5374 MiB, 24576 MiB, 47 %
2026/09/05 09:33:08.782, NVIDIA GeForce RTX 3090, P2, 270.00 W, 218.19 W, 73, 5374 MiB, 24576 MiB, 47 %
2026/09/05 09:33:18.783, NVIDIA GeForce RTX 3090, P2, 270.00 W, 209.69 W, 71, 5374 MiB, 24576 MiB, 0 %
2026/09/05 09:33:28.784, NVIDIA GeForce RTX 3090, P2, 270.00 W, 223.76 W, 72, 5374 MiB, 24576 MiB, 30 %
2026/09/05 09:33:38.786, NVIDIA GeForce RTX 3090, P2, 270.00 W, 236.10 W, 72, 5374 MiB, 24576 MiB, 41 %
2026/09/05 09:33:48.787, NVIDIA GeForce RTX 3090, P2, 270.00 W, 215.86 W, 72, 5374 MiB, 24576 MiB, 47 %
2026/09/05 09:33:58.788, NVIDIA GeForce RTX 3090, P2, 270.00 W, 217.88 W, 71, 5374 MiB, 24576 MiB, 0 %
2026/09/05 09:34:08.789, NVIDIA GeForce RTX 3090, P2, 270.00 W, 234.42 W, 72, 5374 MiB, 24576 MiB, 48 %
2026/09/05 09:34:18.791, NVIDIA GeForce RTX 3090, P2, 270.00 W, 234.90 W, 72, 5374 MiB, 24576 MiB, 18 %
2026/09/05 09:34:28.792, NVIDIA GeForce RTX 3090, P2, 270.00 W, 222.45 W, 74, 5374 MiB, 24576 MiB, 47 %
2026/09/05 09:34:38.793, NVIDIA GeForce RTX 3090, P2, 270.00 W, 222.77 W, 71, 5374 MiB, 24576 MiB, 0 %
2026/09/05 09:34:48.794, NVIDIA GeForce RTX 3090, P2, 270.00 W, 234.43 W, 71, 5374 MiB, 24576 MiB, 5 %
2026/09/05 09:34:58.796, NVIDIA GeForce RTX 3090, P2, 270.00 W, 220.55 W, 74, 5374 MiB, 24576 MiB, 47 %
2026/09/05 09:35:08.797, NVIDIA GeForce RTX 3090, P2, 270.00 W, 215.22 W, 72, 5374 MiB, 24576 MiB, 19 %
2026/09/05 09:35:18.798, NVIDIA GeForce RTX 3090, P2, 270.00 W, 224.03 W, 71, 5374 MiB, 24576 MiB, 45 %
2026/09/05 09:35:28.800, NVIDIA GeForce RTX 3090, P2, 270.00 W, 232.92 W, 73, 5374 MiB, 24576 MiB, 47 %
2026/09/05 09:35:38.801, NVIDIA GeForce RTX 3090, P2, 270.00 W, 218.75 W, 71, 5374 MiB, 24576 MiB, 47 %
2026/09/05 09:35:48.802, NVIDIA GeForce RTX 3090, P2, 270.00 W, 231.45 W, 73, 5374 MiB, 24576 MiB, 0 %
2026/09/05 09:35:58.804, NVIDIA GeForce RTX 3090, P2, 270.00 W, 211.78 W, 70, 5374 MiB, 24576 MiB, 48 %
2026/09/05 09:36:08.805, NVIDIA GeForce RTX 3090, P2, 270.00 W, 233.86 W, 72, 5374 MiB, 24576 MiB, 30 %
2026/09/05 09:36:18.806, NVIDIA GeForce RTX 3090, P2, 270.00 W, 235.99 W, 71, 5374 MiB, 24576 MiB, 3 %
2026/09/05 09:36:28.807, NVIDIA GeForce RTX 3090, P2, 270.00 W, 218.22 W, 73, 5374 MiB, 24576 MiB, 7 %
2026/09/05 09:36:38.809, NVIDIA GeForce RTX 3090, P2, 270.00 W, 212.59 W, 73, 5374 MiB, 24576 MiB, 6 %
2026/09/05 09:36:48.810, NVIDIA GeForce RTX 3090, P2, 270.00 W, 215.19 W, 71, 5374 MiB, 24576 MiB, 0 %
2026/09/05 09:36:58.811, NVIDIA GeForce RTX 3090, P2, 270.00 W, 220.01 W, 71, 5374 MiB, 24576 MiB, 17 %
2026/09/05 09:37:08.813, NVIDIA GeForce RTX 3090, P2, 270.00 W, 238.23 W, 74, 5374 MiB, 24576 MiB, 15 %
2026/09/05 09:37:18.814, NVIDIA GeForce RTX 3090, P2, 270.00 W, 217.90 W, 70, 5374 MiB, 24576 MiB, 46 %
2026/09/05 09:37:28.815, NVIDIA GeForce RTX 3090, P2, 270.00 W, 217.81 W, 73, 5374 MiB, 24576 MiB, 48 %
2026/09/05 09:37:38.816, NVIDIA GeForce RTX 3090, P2, 270.00 W, 215.74 W, 71, 5374 MiB, 24576 MiB, 3 %
2026/09/05 09:37:48.818, NVIDIA GeForce RTX 3090, P2, 270.00 W, 220.94 W, 73, 5374 MiB, 24576 MiB, 5 %
2026/09/05 09:37:58.819, NVIDIA GeForce RTX 3090, P2, 270.00 W, 233.64 W, 72, 5374 MiB, 24576 MiB, 20 %
2026/09/05 09:38:08.820, NVIDIA GeForce RTX 3090, P2, 270.00 W, 221.78 W, 74, 5374 MiB, 24576 MiB, 40 %
2026/09/05 09:38:18.822, NVIDIA GeForce RTX 3090, P2, 270.00 W, 219.01 W, 71, 5374 MiB, 24576 MiB, 22 %
2026/09/05 09:38:28.823, NVIDIA GeForce RTX 3090, P2, 270.00 W, 228.34 W, 71, 5374 MiB, 24576 MiB, 30 %
2026/09/05 09:38:38.824, NVIDIA GeForce RTX 3090, P2, 270.00 W, 228.74 W, 71, 5374 MiB, 24576 MiB, 31 %
2026/09/05 09:38:48.826, NVIDIA GeForce RTX 3090, P2, 270.00 W, 222.29 W, 73, 5374 MiB, 24576 MiB, 30 %
2026/09/05 09:38:58.827, NVIDIA GeForce RTX 3090, P2, 270.00 W, 227.48 W, 73, 5374 MiB, 24576 MiB, 49 %
2026/09/05 09:39:08.828, NVIDIA GeForce RTX 3090, P2, 270.00 W, 216.43 W, 71, 5374 MiB, 24576 MiB, 36 %
2026/09/05 09:39:18.829, NVIDIA GeForce RTX 3090, P2, 270.00 W, 228.41 W, 71, 5374 MiB, 24576 MiB, 46 %
2026/09/05 09:39:28.831, NVIDIA GeForce RTX 3090, P2, 270.00 W, 220.20 W, 72, 5374 MiB, 24576 MiB, 30 %
2026/09/05 09:39:38.832, NVIDIA GeForce RTX 3090, P2, 270.00 W, 230.30 W, 73, 5374 MiB, 24576 MiB, 48 %
2026/09/05 09:39:48.833, NVIDIA GeForce RTX 3090, P2, 270.00 W, 224.70 W, 73, 5374 MiB, 24576 MiB, 30 %
2026/09/05 09:39:58.834, NVIDIA GeForce RTX 3090, P2, 270.00 W, 226.12 W, 73, 5374 MiB, 24576 MiB, 0 %
2026/09/05 09:40:08.836, NVIDIA GeForce RTX 3090, P2, 270.00 W, 218.31 W, 73, 5374 MiB, 24576 MiB, 47 %
2026/09/05 09:40:18.837, NVIDIA GeForce RTX 3090, P2, 270.00 W, 216.24 W, 71, 5374 MiB, 24576 MiB, 7 %
2026/09/05 09:40:28.838, NVIDIA GeForce RTX 3090, P2, 270.00 W, 232.84 W, 73, 5374 MiB, 24576 MiB, 48 %
2026/09/05 09:40:38.840, NVIDIA GeForce RTX 3090, P2, 270.00 W, 230.83 W, 72, 5374 MiB, 24576 MiB, 46 %
2026/09/05 09:40:48.841, NVIDIA GeForce RTX 3090, P2, 270.00 W, 218.45 W, 73, 5374 MiB, 24576 MiB, 22 %
2026/09/05 09:40:58.842, NVIDIA GeForce RTX 3090, P2, 270.00 W, 219.47 W, 73, 5374 MiB, 24576 MiB, 3 %
2026/09/05 09:41:08.843, NVIDIA GeForce RTX 3090, P2, 270.00 W, 219.59 W, 71, 5374 MiB, 24576 MiB, 0 %
2026/09/05 09:41:18.844, NVIDIA GeForce RTX 3090, P2, 270.00 W, 226.10 W, 73, 5374 MiB, 24576 MiB, 48 %
2026/09/05 09:41:28.845, NVIDIA GeForce RTX 3090, P2, 270.00 W, 235.70 W, 72, 5374 MiB, 24576 MiB, 19 %
2026/09/05 09:41:38.847, NVIDIA GeForce RTX 3090, P2, 270.00 W, 223.87 W, 73, 5374 MiB, 24576 MiB, 30 %
2026/09/05 09:41:48.848, NVIDIA GeForce RTX 3090, P2, 270.00 W, 226.33 W, 73, 5374 MiB, 24576 MiB, 44 %
2026/09/05 09:41:58.849, NVIDIA GeForce RTX 3090, P2, 270.00 W, 209.22 W, 71, 5374 MiB, 24576 MiB, 0 %
2026/09/05 09:42:08.850, NVIDIA GeForce RTX 3090, P2, 270.00 W, 220.48 W, 73, 5374 MiB, 24576 MiB, 52 %
2026/09/05 09:42:18.852, NVIDIA GeForce RTX 3090, P2, 270.00 W, 227.58 W, 72, 5374 MiB, 24576 MiB, 44 %
2026/09/05 09:42:28.853, NVIDIA GeForce RTX 3090, P2, 270.00 W, 218.76 W, 73, 5374 MiB, 24576 MiB, 32 %
2026/09/05 09:42:38.854, NVIDIA GeForce RTX 3090, P2, 270.00 W, 206.48 W, 71, 5374 MiB, 24576 MiB, 0 %
2026/09/05 09:42:48.855, NVIDIA GeForce RTX 3090, P2, 270.00 W, 233.90 W, 73, 5374 MiB, 24576 MiB, 21 %
2026/09/05 09:42:58.856, NVIDIA GeForce RTX 3090, P2, 270.00 W, 237.11 W, 73, 5374 MiB, 24576 MiB, 34 %
2026/09/05 09:43:08.858, NVIDIA GeForce RTX 3090, P2, 270.00 W, 220.26 W, 73, 5374 MiB, 24576 MiB, 30 %
2026/09/05 09:43:18.859, NVIDIA GeForce RTX 3090, P2, 270.00 W, 208.92 W, 70, 5374 MiB, 24576 MiB, 9 %
2026/09/05 09:43:28.860, NVIDIA GeForce RTX 3090, P2, 270.00 W, 221.19 W, 72, 5374 MiB, 24576 MiB, 25 %
2026/09/05 09:43:38.861, NVIDIA GeForce RTX 3090, P2, 270.00 W, 236.55 W, 71, 5374 MiB, 24576 MiB, 20 %
2026/09/05 09:43:48.862, NVIDIA GeForce RTX 3090, P2, 270.00 W, 226.95 W, 74, 5374 MiB, 24576 MiB, 47 %
2026/09/05 09:43:58.864, NVIDIA GeForce RTX 3090, P2, 270.00 W, 220.19 W, 71, 5374 MiB, 24576 MiB, 0 %
2026/09/05 09:44:08.865, NVIDIA GeForce RTX 3090, P2, 270.00 W, 226.18 W, 72, 5374 MiB, 24576 MiB, 11 %
2026/09/05 09:44:18.866, NVIDIA GeForce RTX 3090, P2, 270.00 W, 226.39 W, 72, 5374 MiB, 24576 MiB, 48 %
2026/09/05 09:44:28.867, NVIDIA GeForce RTX 3090, P2, 270.00 W, 221.71 W, 72, 5374 MiB, 24576 MiB, 50 %
2026/09/05 09:44:38.868, NVIDIA GeForce RTX 3090, P2, 270.00 W, 212.79 W, 72, 5374 MiB, 24576 MiB, 30 %
2026/09/05 09:44:48.870, NVIDIA GeForce RTX 3090, P2, 270.00 W, 222.97 W, 71, 5374 MiB, 24576 MiB, 13 %
2026/09/05 09:44:58.871, NVIDIA GeForce RTX 3090, P2, 270.00 W, 232.46 W, 72, 5374 MiB, 24576 MiB, 32 %
2026/09/05 09:45:08.872, NVIDIA GeForce RTX 3090, P2, 270.00 W, 234.32 W, 73, 5374 MiB, 24576 MiB, 48 %
2026/09/05 09:45:18.873, NVIDIA GeForce RTX 3090, P2, 270.00 W, 222.44 W, 73, 5374 MiB, 24576 MiB, 34 %
2026/09/05 09:45:28.875, NVIDIA GeForce RTX 3090, P2, 270.00 W, 217.28 W, 71, 5374 MiB, 24576 MiB, 47 %
2026/09/05 09:45:38.876, NVIDIA GeForce RTX 3090, P2, 270.00 W, 225.62 W, 73, 5374 MiB, 24576 MiB, 5 %
2026/09/05 09:45:48.877, NVIDIA GeForce RTX 3090, P2, 270.00 W, 224.27 W, 73, 5374 MiB, 24576 MiB, 32 %
2026/09/05 09:45:58.878, NVIDIA GeForce RTX 3090, P2, 270.00 W, 223.45 W, 73, 5374 MiB, 24576 MiB, 35 %
2026/09/05 09:46:08.880, NVIDIA GeForce RTX 3090, P2, 270.00 W, 222.50 W, 73, 5374 MiB, 24576 MiB, 5 %
2026/09/05 09:46:18.881, NVIDIA GeForce RTX 3090, P2, 270.00 W, 224.61 W, 72, 5374 MiB, 24576 MiB, 7 %
2026/09/05 09:46:28.882, NVIDIA GeForce RTX 3090, P2, 270.00 W, 231.13 W, 71, 5374 MiB, 24576 MiB, 42 %
2026/09/05 09:46:38.883, NVIDIA GeForce RTX 3090, P2, 270.00 W, 224.04 W, 71, 5374 MiB, 24576 MiB, 48 %
2026/09/05 09:46:48.885, NVIDIA GeForce RTX 3090, P2, 270.00 W, 216.37 W, 73, 5374 MiB, 24576 MiB, 25 %
2026/09/05 09:46:58.886, NVIDIA GeForce RTX 3090, P2, 270.00 W, 216.16 W, 72, 5374 MiB, 24576 MiB, 30 %
2026/09/05 09:47:08.888, NVIDIA GeForce RTX 3090, P2, 270.00 W, 225.56 W, 73, 5374 MiB, 24576 MiB, 6 %
2026/09/05 09:47:18.889, NVIDIA GeForce RTX 3090, P2, 270.00 W, 222.07 W, 71, 5374 MiB, 24576 MiB, 30 %
2026/09/05 09:47:28.891, NVIDIA GeForce RTX 3090, P2, 270.00 W, 221.01 W, 73, 5374 MiB, 24576 MiB, 31 %
2026/09/05 09:47:38.892, NVIDIA GeForce RTX 3090, P2, 270.00 W, 214.05 W, 72, 5374 MiB, 24576 MiB, 5 %
2026/09/05 09:47:48.893, NVIDIA GeForce RTX 3090, P2, 270.00 W, 223.38 W, 72, 5374 MiB, 24576 MiB, 4 %
2026/09/05 09:47:58.895, NVIDIA GeForce RTX 3090, P2, 270.00 W, 231.61 W, 72, 5374 MiB, 24576 MiB, 30 %
2026/09/05 09:48:08.896, NVIDIA GeForce RTX 3090, P2, 270.00 W, 227.81 W, 73, 5374 MiB, 24576 MiB, 45 %
2026/09/05 09:48:18.898, NVIDIA GeForce RTX 3090, P2, 270.00 W, 227.72 W, 73, 5374 MiB, 24576 MiB, 0 %
2026/09/05 09:48:28.900, NVIDIA GeForce RTX 3090, P2, 270.00 W, 207.95 W, 71, 5374 MiB, 24576 MiB, 0 %
2026/09/05 09:48:38.901, NVIDIA GeForce RTX 3090, P2, 270.00 W, 223.41 W, 72, 5374 MiB, 24576 MiB, 8 %
2026/09/05 09:48:48.902, NVIDIA GeForce RTX 3090, P2, 270.00 W, 235.74 W, 72, 5374 MiB, 24576 MiB, 19 %
2026/09/05 09:48:58.904, NVIDIA GeForce RTX 3090, P2, 270.00 W, 220.40 W, 73, 5374 MiB, 24576 MiB, 5 %
2026/09/05 09:49:08.905, NVIDIA GeForce RTX 3090, P2, 270.00 W, 215.11 W, 71, 5374 MiB, 24576 MiB, 0 %
2026/09/05 09:49:18.906, NVIDIA GeForce RTX 3090, P2, 270.00 W, 223.40 W, 71, 5374 MiB, 24576 MiB, 4 %
2026/09/05 09:49:28.907, NVIDIA GeForce RTX 3090, P2, 270.00 W, 231.02 W, 73, 5374 MiB, 24576 MiB, 48 %
2026/09/05 09:49:38.909, NVIDIA GeForce RTX 3090, P2, 270.00 W, 225.76 W, 71, 5374 MiB, 24576 MiB, 46 %
2026/09/05 09:49:48.910, NVIDIA GeForce RTX 3090, P2, 270.00 W, 205.25 W, 72, 5374 MiB, 24576 MiB, 32 %
2026/09/05 09:49:58.911, NVIDIA GeForce RTX 3090, P2, 270.00 W, 218.21 W, 72, 5374 MiB, 24576 MiB, 18 %
2026/09/05 09:50:08.912, NVIDIA GeForce RTX 3090, P2, 270.00 W, 226.50 W, 71, 5374 MiB, 24576 MiB, 26 %
2026/09/05 09:50:18.914, NVIDIA GeForce RTX 3090, P2, 270.00 W, 224.96 W, 73, 5374 MiB, 24576 MiB, 49 %
2026/09/05 09:50:28.915, NVIDIA GeForce RTX 3090, P2, 270.00 W, 224.18 W, 72, 5374 MiB, 24576 MiB, 49 %
2026/09/05 09:50:38.916, NVIDIA GeForce RTX 3090, P2, 270.00 W, 228.43 W, 74, 5374 MiB, 24576 MiB, 48 %
2026/09/05 09:50:48.918, NVIDIA GeForce RTX 3090, P2, 270.00 W, 209.09 W, 71, 5374 MiB, 24576 MiB, 48 %
2026/09/05 09:50:58.919, NVIDIA GeForce RTX 3090, P2, 270.00 W, 230.57 W, 71, 5374 MiB, 24576 MiB, 38 %
2026/09/05 09:51:08.920, NVIDIA GeForce RTX 3090, P2, 270.00 W, 221.95 W, 73, 5374 MiB, 24576 MiB, 44 %
2026/09/05 09:51:18.922, NVIDIA GeForce RTX 3090, P2, 270.00 W, 228.84 W, 74, 5374 MiB, 24576 MiB, 47 %
2026/09/05 09:51:28.923, NVIDIA GeForce RTX 3090, P2, 270.00 W, 225.47 W, 73, 5374 MiB, 24576 MiB, 0 %
2026/09/05 09:51:38.925, NVIDIA GeForce RTX 3090, P2, 270.00 W, 215.74 W, 71, 5374 MiB, 24576 MiB, 47 %
2026/09/05 09:51:48.926, NVIDIA GeForce RTX 3090, P2, 270.00 W, 213.80 W, 71, 5374 MiB, 24576 MiB, 0 %
2026/09/05 09:51:58.928, NVIDIA GeForce RTX 3090, P2, 270.00 W, 222.55 W, 72, 5374 MiB, 24576 MiB, 7 %
2026/09/05 09:52:08.929, NVIDIA GeForce RTX 3090, P2, 270.00 W, 228.45 W, 72, 5374 MiB, 24576 MiB, 49 %
2026/09/05 09:52:18.930, NVIDIA GeForce RTX 3090, P2, 270.00 W, 231.28 W, 72, 5374 MiB, 24576 MiB, 47 %
2026/09/05 09:52:28.931, NVIDIA GeForce RTX 3090, P2, 270.00 W, 218.29 W, 73, 5374 MiB, 24576 MiB, 31 %
2026/09/05 09:52:38.933, NVIDIA GeForce RTX 3090, P2, 270.00 W, 215.24 W, 72, 5374 MiB, 24576 MiB, 34 %
2026/09/05 09:52:48.934, NVIDIA GeForce RTX 3090, P2, 270.00 W, 219.93 W, 71, 5374 MiB, 24576 MiB, 44 %
2026/09/05 09:52:58.936, NVIDIA GeForce RTX 3090, P2, 270.00 W, 232.76 W, 73, 5374 MiB, 24576 MiB, 44 %
2026/09/05 09:53:08.937, NVIDIA GeForce RTX 3090, P2, 270.00 W, 233.94 W, 72, 5374 MiB, 24576 MiB, 22 %
2026/09/05 09:53:18.939, NVIDIA GeForce RTX 3090, P2, 270.00 W, 216.46 W, 71, 5374 MiB, 24576 MiB, 28 %
2026/09/05 09:53:28.940, NVIDIA GeForce RTX 3090, P2, 270.00 W, 217.26 W, 73, 5374 MiB, 24576 MiB, 0 %
2026/09/05 09:53:38.941, NVIDIA GeForce RTX 3090, P2, 270.00 W, 209.81 W, 71, 5374 MiB, 24576 MiB, 44 %
2026/09/05 09:53:48.943, NVIDIA GeForce RTX 3090, P2, 270.00 W, 227.02 W, 73, 5374 MiB, 24576 MiB, 48 %
2026/09/05 09:53:58.944, NVIDIA GeForce RTX 3090, P2, 270.00 W, 234.51 W, 72, 5374 MiB, 24576 MiB, 30 %
2026/09/05 09:54:08.946, NVIDIA GeForce RTX 3090, P2, 270.00 W, 232.03 W, 72, 5374 MiB, 24576 MiB, 47 %
2026/09/05 09:54:18.947, NVIDIA GeForce RTX 3090, P2, 270.00 W, 223.08 W, 73, 5374 MiB, 24576 MiB, 0 %
2026/09/05 09:54:28.948, NVIDIA GeForce RTX 3090, P2, 270.00 W, 201.05 W, 69, 5374 MiB, 24576 MiB, 0 %
2026/09/05 09:54:38.950, NVIDIA GeForce RTX 3090, P2, 270.00 W, 218.72 W, 71, 5374 MiB, 24576 MiB, 0 %
2026/09/05 09:54:48.952, NVIDIA GeForce RTX 3090, P2, 270.00 W, 226.74 W, 72, 5374 MiB, 24576 MiB, 49 %
2026/09/05 09:54:58.953, NVIDIA GeForce RTX 3090, P2, 270.00 W, 233.05 W, 72, 5374 MiB, 24576 MiB, 46 %
2026/09/05 09:55:08.954, NVIDIA GeForce RTX 3090, P2, 270.00 W, 211.90 W, 73, 5374 MiB, 24576 MiB, 30 %
2026/09/05 09:55:18.956, NVIDIA GeForce RTX 3090, P2, 270.00 W, 230.13 W, 73, 5374 MiB, 24576 MiB, 47 %
2026/09/05 09:55:28.957, NVIDIA GeForce RTX 3090, P2, 270.00 W, 216.51 W, 71, 5374 MiB, 24576 MiB, 47 %
2026/09/05 09:55:38.958, NVIDIA GeForce RTX 3090, P2, 270.00 W, 231.59 W, 73, 5374 MiB, 24576 MiB, 46 %
2026/09/05 09:55:48.959, NVIDIA GeForce RTX 3090, P2, 270.00 W, 225.38 W, 71, 5374 MiB, 24576 MiB, 10 %
2026/09/05 09:55:58.960, NVIDIA GeForce RTX 3090, P2, 270.00 W, 220.50 W, 73, 5374 MiB, 24576 MiB, 36 %
2026/09/05 09:56:08.962, NVIDIA GeForce RTX 3090, P2, 270.00 W, 221.49 W, 73, 5374 MiB, 24576 MiB, 16 %
2026/09/05 09:56:18.963, NVIDIA GeForce RTX 3090, P2, 270.00 W, 217.29 W, 71, 5374 MiB, 24576 MiB, 40 %
2026/09/05 09:56:28.964, NVIDIA GeForce RTX 3090, P2, 270.00 W, 232.91 W, 72, 5374 MiB, 24576 MiB, 41 %
2026/09/05 09:56:38.966, NVIDIA GeForce RTX 3090, P2, 270.00 W, 233.55 W, 73, 5374 MiB, 24576 MiB, 49 %
2026/09/05 09:56:48.967, NVIDIA GeForce RTX 3090, P2, 270.00 W, 226.45 W, 73, 5374 MiB, 24576 MiB, 43 %
2026/09/05 09:56:58.968, NVIDIA GeForce RTX 3090, P2, 270.00 W, 206.47 W, 71, 5374 MiB, 24576 MiB, 0 %
2026/09/05 09:57:08.970, NVIDIA GeForce RTX 3090, P2, 270.00 W, 221.63 W, 72, 5374 MiB, 24576 MiB, 27 %
2026/09/05 09:57:18.971, NVIDIA GeForce RTX 3090, P2, 270.00 W, 237.86 W, 73, 5374 MiB, 24576 MiB, 20 %
2026/09/05 09:57:28.973, NVIDIA GeForce RTX 3090, P2, 270.00 W, 217.85 W, 73, 5374 MiB, 24576 MiB, 22 %
2026/09/05 09:57:38.974, NVIDIA GeForce RTX 3090, P2, 270.00 W, 211.00 W, 71, 5374 MiB, 24576 MiB, 0 %
2026/09/05 09:57:48.975, NVIDIA GeForce RTX 3090, P2, 270.00 W, 225.32 W, 73, 5374 MiB, 24576 MiB, 28 %
2026/09/05 09:57:58.976, NVIDIA GeForce RTX 3090, P2, 270.00 W, 227.67 W, 72, 5374 MiB, 24576 MiB, 17 %
2026/09/05 09:58:08.977, NVIDIA GeForce RTX 3090, P2, 270.00 W, 228.37 W, 72, 5374 MiB, 24576 MiB, 48 %
2026/09/05 09:58:18.978, NVIDIA GeForce RTX 3090, P2, 270.00 W, 214.80 W, 73, 5374 MiB, 24576 MiB, 47 %
2026/09/05 09:58:28.980, NVIDIA GeForce RTX 3090, P2, 270.00 W, 226.29 W, 72, 5374 MiB, 24576 MiB, 7 %
2026/09/05 09:58:38.981, NVIDIA GeForce RTX 3090, P2, 270.00 W, 233.85 W, 73, 5374 MiB, 24576 MiB, 48 %
2026/09/05 09:58:48.982, NVIDIA GeForce RTX 3090, P2, 270.00 W, 234.05 W, 72, 5374 MiB, 24576 MiB, 23 %
2026/09/05 09:58:58.984, NVIDIA GeForce RTX 3090, P2, 270.00 W, 218.28 W, 74, 5374 MiB, 24576 MiB, 0 %
2026/09/05 09:59:08.985, NVIDIA GeForce RTX 3090, P2, 270.00 W, 217.85 W, 71, 5374 MiB, 24576 MiB, 0 %
2026/09/05 09:59:18.987, NVIDIA GeForce RTX 3090, P2, 270.00 W, 226.91 W, 72, 5374 MiB, 24576 MiB, 49 %
2026/09/05 09:59:28.988, NVIDIA GeForce RTX 3090, P2, 270.00 W, 228.01 W, 73, 5374 MiB, 24576 MiB, 50 %
2026/09/05 09:59:38.989, NVIDIA GeForce RTX 3090, P2, 270.00 W, 224.20 W, 73, 5374 MiB, 24576 MiB, 48 %
2026/09/05 09:59:48.991, NVIDIA GeForce RTX 3090, P2, 270.00 W, 213.54 W, 71, 5374 MiB, 24576 MiB, 43 %
2026/09/05 09:59:58.992, NVIDIA GeForce RTX 3090, P2, 270.00 W, 226.70 W, 72, 5374 MiB, 24576 MiB, 9 %
2026/09/05 10:00:08.993, NVIDIA GeForce RTX 3090, P2, 270.00 W, 224.66 W, 72, 5374 MiB, 24576 MiB, 23 %
2026/09/05 10:00:18.994, NVIDIA GeForce RTX 3090, P2, 270.00 W, 230.41 W, 73, 5374 MiB, 24576 MiB, 48 %
2026/09/05 10:00:28.995, NVIDIA GeForce RTX 3090, P2, 270.00 W, 217.33 W, 73, 5374 MiB, 24576 MiB, 0 %
2026/09/05 10:00:38.997, NVIDIA GeForce RTX 3090, P2, 270.00 W, 224.42 W, 71, 5374 MiB, 24576 MiB, 38 %
2026/09/05 10:00:48.998, NVIDIA GeForce RTX 3090, P2, 270.00 W, 214.00 W, 71, 5374 MiB, 24576 MiB, 50 %
2026/09/05 10:00:58.999, NVIDIA GeForce RTX 3090, P2, 270.00 W, 225.59 W, 71, 5374 MiB, 24576 MiB, 24 %
2026/09/05 10:01:09.000, NVIDIA GeForce RTX 3090, P2, 270.00 W, 221.10 W, 73, 5374 MiB, 24576 MiB, 43 %
2026/09/05 10:01:19.002, NVIDIA GeForce RTX 3090, P2, 270.00 W, 217.90 W, 71, 5374 MiB, 24576 MiB, 0 %
2026/09/05 10:01:29.003, NVIDIA GeForce RTX 3090, P2, 270.00 W, 214.74 W, 71, 5374 MiB, 24576 MiB, 47 %
2026/09/05 10:01:39.004, NVIDIA GeForce RTX 3090, P2, 270.00 W, 230.88 W, 73, 5374 MiB, 24576 MiB, 5 %
2026/09/05 10:01:49.005, NVIDIA GeForce RTX 3090, P2, 270.00 W, 232.38 W, 72, 5374 MiB, 24576 MiB, 49 %
2026/09/05 10:01:59.007, NVIDIA GeForce RTX 3090, P2, 270.00 W, 216.32 W, 72, 5374 MiB, 24576 MiB, 39 %
2026/09/05 10:02:09.008, NVIDIA GeForce RTX 3090, P2, 270.00 W, 219.18 W, 73, 5374 MiB, 24576 MiB, 0 %
2026/09/05 10:02:19.009, NVIDIA GeForce RTX 3090, P2, 270.00 W, 210.29 W, 71, 5374 MiB, 24576 MiB, 0 %
2026/09/05 10:02:29.011, NVIDIA GeForce RTX 3090, P2, 270.00 W, 232.22 W, 72, 5374 MiB, 24576 MiB, 40 %
2026/09/05 10:02:39.012, NVIDIA GeForce RTX 3090, P2, 270.00 W, 233.92 W, 72, 5876 MiB, 24576 MiB, 31 %
2026/09/05 10:02:49.013, NVIDIA GeForce RTX 3090, P2, 270.00 W, 227.10 W, 73, 5876 MiB, 24576 MiB, 40 %
2026/09/05 10:02:59.015, NVIDIA GeForce RTX 3090, P2, 270.00 W, 219.37 W, 72, 5876 MiB, 24576 MiB, 29 %
2026/09/05 10:03:09.016, NVIDIA GeForce RTX 3090, P2, 270.00 W, 226.08 W, 72, 5876 MiB, 24576 MiB, 5 %
2026/09/05 10:03:19.017, NVIDIA GeForce RTX 3090, P2, 270.00 W, 226.93 W, 72, 5876 MiB, 24576 MiB, 48 %
2026/09/05 10:03:29.018, NVIDIA GeForce RTX 3090, P2, 270.00 W, 220.40 W, 74, 5876 MiB, 24576 MiB, 48 %
2026/09/05 10:03:39.019, NVIDIA GeForce RTX 3090, P2, 270.00 W, 205.53 W, 74, 5876 MiB, 24576 MiB, 43 %
2026/09/05 10:03:49.021, NVIDIA GeForce RTX 3090, P2, 270.00 W, 211.80 W, 72, 5876 MiB, 24576 MiB, 30 %
2026/09/05 10:03:59.022, NVIDIA GeForce RTX 3090, P2, 270.00 W, 225.04 W, 72, 5876 MiB, 24576 MiB, 5 %
2026/09/05 10:04:09.023, NVIDIA GeForce RTX 3090, P2, 270.00 W, 235.23 W, 72, 5876 MiB, 24576 MiB, 34 %
2026/09/05 10:04:19.025, NVIDIA GeForce RTX 3090, P2, 270.00 W, 226.89 W, 72, 5876 MiB, 24576 MiB, 47 %
2026/09/05 10:04:29.026, NVIDIA GeForce RTX 3090, P2, 270.00 W, 222.92 W, 73, 5876 MiB, 24576 MiB, 29 %
2026/09/05 10:04:39.027, NVIDIA GeForce RTX 3090, P2, 270.00 W, 220.02 W, 71, 5876 MiB, 24576 MiB, 45 %
2026/09/05 10:04:49.028, NVIDIA GeForce RTX 3090, P2, 270.00 W, 223.54 W, 74, 5876 MiB, 24576 MiB, 1 %
2026/09/05 10:04:59.030, NVIDIA GeForce RTX 3090, P2, 270.00 W, 217.96 W, 71, 5876 MiB, 24576 MiB, 30 %
2026/09/05 10:05:09.031, NVIDIA GeForce RTX 3090, P2, 270.00 W, 221.11 W, 73, 5876 MiB, 24576 MiB, 30 %
2026/09/05 10:05:19.032, NVIDIA GeForce RTX 3090, P2, 270.00 W, 214.96 W, 73, 5876 MiB, 24576 MiB, 0 %
2026/09/05 10:05:29.033, NVIDIA GeForce RTX 3090, P2, 270.00 W, 219.00 W, 71, 5876 MiB, 24576 MiB, 44 %
2026/09/05 10:05:39.035, NVIDIA GeForce RTX 3090, P2, 270.00 W, 231.24 W, 73, 5876 MiB, 24576 MiB, 4 %
2026/09/05 10:05:49.036, NVIDIA GeForce RTX 3090, P2, 270.00 W, 227.85 W, 71, 5876 MiB, 24576 MiB, 23 %
2026/09/05 10:05:59.037, NVIDIA GeForce RTX 3090, P2, 270.00 W, 225.22 W, 73, 5876 MiB, 24576 MiB, 48 %
2026/09/05 10:06:09.039, NVIDIA GeForce RTX 3090, P2, 270.00 W, 217.62 W, 73, 5876 MiB, 24576 MiB, 32 %
2026/09/05 10:06:19.040, NVIDIA GeForce RTX 3090, P2, 270.00 W, 220.24 W, 73, 5876 MiB, 24576 MiB, 44 %
2026/09/05 10:06:29.042, NVIDIA GeForce RTX 3090, P2, 270.00 W, 217.54 W, 73, 5876 MiB, 24576 MiB, 0 %
2026/09/05 10:06:39.043, NVIDIA GeForce RTX 3090, P2, 270.00 W, 224.71 W, 71, 5876 MiB, 24576 MiB, 37 %
2026/09/05 10:06:49.045, NVIDIA GeForce RTX 3090, P2, 270.00 W, 226.90 W, 72, 5876 MiB, 24576 MiB, 48 %
2026/09/05 10:06:59.046, NVIDIA GeForce RTX 3090, P2, 270.00 W, 219.98 W, 71, 5876 MiB, 24576 MiB, 17 %
2026/09/05 10:07:09.047, NVIDIA GeForce RTX 3090, P2, 270.00 W, 224.27 W, 73, 5876 MiB, 24576 MiB, 0 %
2026/09/05 10:07:19.049, NVIDIA GeForce RTX 3090, P2, 270.00 W, 218.55 W, 72, 5876 MiB, 24576 MiB, 15 %
2026/09/05 10:07:29.050, NVIDIA GeForce RTX 3090, P2, 270.00 W, 221.75 W, 71, 5876 MiB, 24576 MiB, 4 %
2026/09/05 10:07:39.051, NVIDIA GeForce RTX 3090, P2, 270.00 W, 234.31 W, 71, 5876 MiB, 24576 MiB, 38 %
2026/09/05 10:07:49.052, NVIDIA GeForce RTX 3090, P2, 270.00 W, 231.58 W, 72, 5876 MiB, 24576 MiB, 43 %
2026/09/05 10:07:59.053, NVIDIA GeForce RTX 3090, P2, 270.00 W, 235.16 W, 73, 5876 MiB, 24576 MiB, 45 %
2026/09/05 10:08:09.055, NVIDIA GeForce RTX 3090, P2, 270.00 W, 220.95 W, 72, 5876 MiB, 24576 MiB, 22 %
2026/09/05 10:08:19.056, NVIDIA GeForce RTX 3090, P2, 270.00 W, 229.29 W, 70, 5876 MiB, 24576 MiB, 8 %
2026/09/05 10:08:29.057, NVIDIA GeForce RTX 3090, P2, 270.00 W, 221.17 W, 72, 5876 MiB, 24576 MiB, 5 %
2026/09/05 10:08:39.059, NVIDIA GeForce RTX 3090, P2, 270.00 W, 225.63 W, 72, 5876 MiB, 24576 MiB, 49 %
2026/09/05 10:08:49.060, NVIDIA GeForce RTX 3090, P2, 270.00 W, 231.14 W, 74, 5876 MiB, 24576 MiB, 48 %
2026/09/05 10:08:59.062, NVIDIA GeForce RTX 3090, P2, 270.00 W, 223.59 W, 74, 5876 MiB, 24576 MiB, 46 %
2026/09/05 10:09:09.063, NVIDIA GeForce RTX 3090, P2, 270.00 W, 216.38 W, 73, 5876 MiB, 24576 MiB, 36 %
2026/09/05 10:09:19.064, NVIDIA GeForce RTX 3090, P2, 270.00 W, 217.23 W, 71, 5876 MiB, 24576 MiB, 48 %
2026/09/05 10:09:29.065, NVIDIA GeForce RTX 3090, P2, 270.00 W, 218.52 W, 71, 5876 MiB, 24576 MiB, 32 %
2026/09/05 10:09:39.067, NVIDIA GeForce RTX 3090, P2, 270.00 W, 237.32 W, 73, 5876 MiB, 24576 MiB, 31 %
2026/09/05 10:09:49.068, NVIDIA GeForce RTX 3090, P2, 270.00 W, 230.33 W, 73, 5876 MiB, 24576 MiB, 48 %
2026/09/05 10:09:59.070, NVIDIA GeForce RTX 3090, P2, 270.00 W, 221.65 W, 73, 5876 MiB, 24576 MiB, 39 %
2026/09/05 10:10:09.071, NVIDIA GeForce RTX 3090, P2, 270.00 W, 218.88 W, 72, 5876 MiB, 24576 MiB, 7 %
2026/09/05 10:10:19.072, NVIDIA GeForce RTX 3090, P2, 270.00 W, 216.82 W, 71, 5876 MiB, 24576 MiB, 8 %
2026/09/05 10:10:29.074, NVIDIA GeForce RTX 3090, P2, 270.00 W, 232.74 W, 71, 5876 MiB, 24576 MiB, 35 %
2026/09/05 10:10:39.075, NVIDIA GeForce RTX 3090, P2, 270.00 W, 223.37 W, 73, 5876 MiB, 24576 MiB, 30 %
2026/09/05 10:10:49.076, NVIDIA GeForce RTX 3090, P2, 270.00 W, 223.84 W, 73, 5876 MiB, 24576 MiB, 21 %
2026/09/05 10:10:59.077, NVIDIA GeForce RTX 3090, P2, 270.00 W, 209.19 W, 71, 5876 MiB, 24576 MiB, 7 %
2026/09/05 10:11:09.079, NVIDIA GeForce RTX 3090, P2, 270.00 W, 230.82 W, 73, 5876 MiB, 24576 MiB, 14 %
2026/09/05 10:11:19.080, NVIDIA GeForce RTX 3090, P2, 270.00 W, 233.55 W, 71, 5876 MiB, 24576 MiB, 12 %
2026/09/05 10:11:29.081, NVIDIA GeForce RTX 3090, P2, 270.00 W, 220.27 W, 73, 5876 MiB, 24576 MiB, 23 %
2026/09/05 10:11:39.082, NVIDIA GeForce RTX 3090, P2, 270.00 W, 213.88 W, 70, 5876 MiB, 24576 MiB, 5 %
2026/09/05 10:11:49.084, NVIDIA GeForce RTX 3090, P2, 270.00 W, 218.56 W, 73, 5876 MiB, 24576 MiB, 47 %
2026/09/05 10:11:59.085, NVIDIA GeForce RTX 3090, P2, 270.00 W, 238.16 W, 72, 5876 MiB, 24576 MiB, 26 %
2026/09/05 10:12:09.086, NVIDIA GeForce RTX 3090, P2, 270.00 W, 233.31 W, 73, 5876 MiB, 24576 MiB, 46 %
2026/09/05 10:12:19.087, NVIDIA GeForce RTX 3090, P2, 270.00 W, 221.72 W, 73, 5876 MiB, 24576 MiB, 5 %
2026/09/05 10:12:29.088, NVIDIA GeForce RTX 3090, P2, 270.00 W, 222.65 W, 72, 5876 MiB, 24576 MiB, 27 %
2026/09/05 10:12:39.089, NVIDIA GeForce RTX 3090, P2, 270.00 W, 236.94 W, 72, 5876 MiB, 24576 MiB, 42 %
2026/09/05 10:12:49.090, NVIDIA GeForce RTX 3090, P2, 270.00 W, 233.82 W, 72, 5876 MiB, 24576 MiB, 10 %
2026/09/05 10:12:59.092, NVIDIA GeForce RTX 3090, P2, 270.00 W, 221.73 W, 73, 5876 MiB, 24576 MiB, 6 %
2026/09/05 10:13:09.093, NVIDIA GeForce RTX 3090, P2, 270.00 W, 215.64 W, 71, 5876 MiB, 24576 MiB, 25 %
2026/09/05 10:13:19.094, NVIDIA GeForce RTX 3090, P2, 270.00 W, 206.26 W, 72, 5876 MiB, 24576 MiB, 6 %
2026/09/05 10:13:29.095, NVIDIA GeForce RTX 3090, P2, 270.00 W, 209.76 W, 71, 5876 MiB, 24576 MiB, 49 %
2026/09/05 10:13:39.096, NVIDIA GeForce RTX 3090, P2, 270.00 W, 231.98 W, 74, 5876 MiB, 24576 MiB, 51 %
2026/09/05 10:13:49.097, NVIDIA GeForce RTX 3090, P2, 270.00 W, 233.42 W, 71, 5876 MiB, 24576 MiB, 2 %
2026/09/05 10:13:59.099, NVIDIA GeForce RTX 3090, P2, 270.00 W, 220.91 W, 73, 5876 MiB, 24576 MiB, 5 %
2026/09/05 10:14:09.100, NVIDIA GeForce RTX 3090, P2, 270.00 W, 206.45 W, 70, 5876 MiB, 24576 MiB, 50 %
2026/09/05 10:14:19.102, NVIDIA GeForce RTX 3090, P2, 270.00 W, 219.35 W, 71, 5876 MiB, 24576 MiB, 13 %
2026/09/05 10:14:29.103, NVIDIA GeForce RTX 3090, P2, 270.00 W, 233.61 W, 72, 5876 MiB, 24576 MiB, 30 %
2026/09/05 10:14:39.104, NVIDIA GeForce RTX 3090, P2, 270.00 W, 224.45 W, 73, 5876 MiB, 24576 MiB, 8 %
2026/09/05 10:14:49.106, NVIDIA GeForce RTX 3090, P2, 270.00 W, 220.25 W, 74, 5876 MiB, 24576 MiB, 10 %
2026/09/05 10:14:59.107, NVIDIA GeForce RTX 3090, P2, 270.00 W, 222.07 W, 71, 5876 MiB, 24576 MiB, 30 %
2026/09/05 10:15:09.109, NVIDIA GeForce RTX 3090, P2, 270.00 W, 226.91 W, 73, 5876 MiB, 24576 MiB, 28 %
2026/09/05 10:15:19.110, NVIDIA GeForce RTX 3090, P2, 270.00 W, 227.15 W, 72, 5876 MiB, 24576 MiB, 45 %
2026/09/05 10:15:29.112, NVIDIA GeForce RTX 3090, P2, 270.00 W, 229.64 W, 73, 5876 MiB, 24576 MiB, 47 %
2026/09/05 10:15:39.113, NVIDIA GeForce RTX 3090, P2, 270.00 W, 221.60 W, 74, 5876 MiB, 24576 MiB, 32 %
2026/09/05 10:15:49.115, NVIDIA GeForce RTX 3090, P2, 270.00 W, 220.42 W, 73, 5876 MiB, 24576 MiB, 26 %
2026/09/05 10:15:59.116, NVIDIA GeForce RTX 3090, P2, 270.00 W, 213.28 W, 72, 5876 MiB, 24576 MiB, 22 %
2026/09/05 10:16:09.117, NVIDIA GeForce RTX 3090, P2, 270.00 W, 210.04 W, 71, 5876 MiB, 24576 MiB, 35 %
2026/09/05 10:16:19.119, NVIDIA GeForce RTX 3090, P2, 270.00 W, 227.04 W, 73, 5876 MiB, 24576 MiB, 48 %
2026/09/05 10:16:29.120, NVIDIA GeForce RTX 3090, P2, 270.00 W, 232.21 W, 72, 5876 MiB, 24576 MiB, 49 %
2026/09/05 10:16:39.122, NVIDIA GeForce RTX 3090, P2, 270.00 W, 223.16 W, 73, 5876 MiB, 24576 MiB, 49 %
2026/09/05 10:16:49.123, NVIDIA GeForce RTX 3090, P2, 270.00 W, 218.21 W, 73, 5876 MiB, 24576 MiB, 0 %
2026/09/05 10:16:59.124, NVIDIA GeForce RTX 3090, P2, 270.00 W, 209.76 W, 71, 5876 MiB, 24576 MiB, 0 %
2026/09/05 10:17:09.126, NVIDIA GeForce RTX 3090, P2, 270.00 W, 228.56 W, 73, 5876 MiB, 24576 MiB, 48 %
2026/09/05 10:17:19.127, NVIDIA GeForce RTX 3090, P2, 270.00 W, 222.40 W, 71, 5876 MiB, 24576 MiB, 30 %
2026/09/05 10:17:29.128, NVIDIA GeForce RTX 3090, P2, 270.00 W, 225.81 W, 74, 5876 MiB, 24576 MiB, 48 %
2026/09/05 10:17:39.130, NVIDIA GeForce RTX 3090, P2, 270.00 W, 220.35 W, 74, 5876 MiB, 24576 MiB, 47 %
2026/09/05 10:17:49.131, NVIDIA GeForce RTX 3090, P2, 270.00 W, 217.26 W, 71, 5876 MiB, 24576 MiB, 0 %
2026/09/05 10:17:59.133, NVIDIA GeForce RTX 3090, P2, 270.00 W, 236.60 W, 71, 5876 MiB, 24576 MiB, 39 %
2026/09/05 10:18:09.134, NVIDIA GeForce RTX 3090, P2, 270.00 W, 229.37 W, 72, 5876 MiB, 24576 MiB, 37 %
2026/09/05 10:18:19.135, NVIDIA GeForce RTX 3090, P2, 270.00 W, 219.93 W, 73, 5876 MiB, 24576 MiB, 46 %
2026/09/05 10:18:29.137, NVIDIA GeForce RTX 3090, P2, 270.00 W, 217.73 W, 73, 5876 MiB, 24576 MiB, 30 %
2026/09/05 10:18:39.138, NVIDIA GeForce RTX 3090, P2, 270.00 W, 224.61 W, 73, 5876 MiB, 24576 MiB, 37 %
2026/09/05 10:18:49.140, NVIDIA GeForce RTX 3090, P2, 270.00 W, 231.02 W, 72, 5876 MiB, 24576 MiB, 6 %
2026/09/05 10:18:59.141, NVIDIA GeForce RTX 3090, P2, 270.00 W, 229.13 W, 71, 5876 MiB, 24576 MiB, 46 %
2026/09/05 10:19:09.142, NVIDIA GeForce RTX 3090, P2, 270.00 W, 233.29 W, 73, 5876 MiB, 24576 MiB, 47 %
2026/09/05 10:19:19.144, NVIDIA GeForce RTX 3090, P2, 270.00 W, 221.75 W, 74, 5876 MiB, 24576 MiB, 0 %
2026/09/05 10:19:29.145, NVIDIA GeForce RTX 3090, P2, 270.00 W, 209.29 W, 71, 5876 MiB, 24576 MiB, 1 %
2026/09/05 10:19:39.146, NVIDIA GeForce RTX 3090, P2, 270.00 W, 228.68 W, 73, 5876 MiB, 24576 MiB, 45 %
2026/09/05 10:19:49.148, NVIDIA GeForce RTX 3090, P2, 270.00 W, 225.60 W, 73, 5876 MiB, 24576 MiB, 45 %
2026/09/05 10:19:59.149, NVIDIA GeForce RTX 3090, P2, 270.00 W, 223.71 W, 73, 5876 MiB, 24576 MiB, 0 %
2026/09/05 10:20:09.151, NVIDIA GeForce RTX 3090, P2, 270.00 W, 212.89 W, 71, 5876 MiB, 24576 MiB, 19 %
2026/09/05 10:20:19.152, NVIDIA GeForce RTX 3090, P2, 270.00 W, 222.89 W, 73, 5876 MiB, 24576 MiB, 13 %
2026/09/05 10:20:29.153, NVIDIA GeForce RTX 3090, P2, 270.00 W, 230.20 W, 71, 5876 MiB, 24576 MiB, 30 %
2026/09/05 10:20:39.155, NVIDIA GeForce RTX 3090, P2, 270.00 W, 217.94 W, 73, 5876 MiB, 24576 MiB, 20 %
2026/09/05 10:20:49.157, NVIDIA GeForce RTX 3090, P2, 270.00 W, 220.61 W, 73, 5876 MiB, 24576 MiB, 46 %
2026/09/05 10:20:59.158, NVIDIA GeForce RTX 3090, P2, 270.00 W, 222.35 W, 71, 5876 MiB, 24576 MiB, 0 %
2026/09/05 10:21:09.160, NVIDIA GeForce RTX 3090, P2, 270.00 W, 234.52 W, 72, 5876 MiB, 24576 MiB, 30 %
2026/09/05 10:21:19.161, NVIDIA GeForce RTX 3090, P2, 270.00 W, 228.44 W, 72, 5876 MiB, 24576 MiB, 49 %
2026/09/05 10:21:29.163, NVIDIA GeForce RTX 3090, P2, 270.00 W, 212.87 W, 72, 5876 MiB, 24576 MiB, 8 %
2026/09/05 10:21:39.165, NVIDIA GeForce RTX 3090, P2, 270.00 W, 228.09 W, 74, 5876 MiB, 24576 MiB, 33 %
2026/09/05 10:21:49.166, NVIDIA GeForce RTX 3090, P2, 270.00 W, 237.40 W, 72, 5876 MiB, 24576 MiB, 33 %
2026/09/05 10:21:59.168, NVIDIA GeForce RTX 3090, P2, 270.00 W, 222.37 W, 73, 5876 MiB, 24576 MiB, 24 %
2026/09/05 10:22:09.169, NVIDIA GeForce RTX 3090, P2, 270.00 W, 213.12 W, 72, 5876 MiB, 24576 MiB, 28 %
2026/09/05 10:22:19.171, NVIDIA GeForce RTX 3090, P2, 270.00 W, 229.07 W, 72, 5876 MiB, 24576 MiB, 5 %
2026/09/05 10:22:29.172, NVIDIA GeForce RTX 3090, P2, 270.00 W, 234.56 W, 72, 5876 MiB, 24576 MiB, 18 %
2026/09/05 10:22:39.173, NVIDIA GeForce RTX 3090, P2, 270.00 W, 221.20 W, 73, 5876 MiB, 24576 MiB, 30 %
2026/09/05 10:22:49.174, NVIDIA GeForce RTX 3090, P2, 270.00 W, 224.37 W, 73, 5876 MiB, 24576 MiB, 37 %
2026/09/05 10:22:59.176, NVIDIA GeForce RTX 3090, P2, 270.00 W, 209.89 W, 71, 5876 MiB, 24576 MiB, 0 %
2026/09/05 10:23:09.177, NVIDIA GeForce RTX 3090, P2, 270.00 W, 231.59 W, 73, 5876 MiB, 24576 MiB, 49 %
2026/09/05 10:23:19.179, NVIDIA GeForce RTX 3090, P2, 270.00 W, 229.03 W, 72, 5876 MiB, 24576 MiB, 47 %
2026/09/05 10:23:29.180, NVIDIA GeForce RTX 3090, P2, 270.00 W, 223.01 W, 74, 5876 MiB, 24576 MiB, 47 %
2026/09/05 10:23:39.181, NVIDIA GeForce RTX 3090, P2, 270.00 W, 211.66 W, 71, 5876 MiB, 24576 MiB, 0 %
2026/09/05 10:23:49.183, NVIDIA GeForce RTX 3090, P2, 270.00 W, 232.27 W, 72, 5876 MiB, 24576 MiB, 28 %
2026/09/05 10:23:59.184, NVIDIA GeForce RTX 3090, P2, 270.00 W, 232.92 W, 71, 5876 MiB, 24576 MiB, 20 %
2026/09/05 10:24:09.185, NVIDIA GeForce RTX 3090, P2, 270.00 W, 219.35 W, 73, 5876 MiB, 24576 MiB, 30 %
2026/09/05 10:24:19.187, NVIDIA GeForce RTX 3090, P2, 270.00 W, 213.89 W, 71, 5876 MiB, 24576 MiB, 30 %
2026/09/05 10:24:29.188, NVIDIA GeForce RTX 3090, P2, 270.00 W, 226.74 W, 73, 5876 MiB, 24576 MiB, 18 %
2026/09/05 10:24:39.189, NVIDIA GeForce RTX 3090, P2, 270.00 W, 236.69 W, 72, 5876 MiB, 24576 MiB, 38 %
2026/09/05 10:24:49.191, NVIDIA GeForce RTX 3090, P2, 270.00 W, 227.65 W, 73, 5876 MiB, 24576 MiB, 47 %
2026/09/05 10:24:59.192, NVIDIA GeForce RTX 3090, P2, 270.00 W, 207.20 W, 74, 5876 MiB, 24576 MiB, 12 %
2026/09/05 10:25:09.193, NVIDIA GeForce RTX 3090, P2, 270.00 W, 217.63 W, 71, 5876 MiB, 24576 MiB, 0 %
2026/09/05 10:25:19.195, NVIDIA GeForce RTX 3090, P2, 270.00 W, 230.83 W, 72, 5876 MiB, 24576 MiB, 45 %
2026/09/05 10:25:29.196, NVIDIA GeForce RTX 3090, P2, 270.00 W, 227.26 W, 71, 5876 MiB, 24576 MiB, 39 %
2026/09/05 10:25:39.197, NVIDIA GeForce RTX 3090, P2, 270.00 W, 215.73 W, 71, 5876 MiB, 24576 MiB, 37 %
2026/09/05 10:25:49.198, NVIDIA GeForce RTX 3090, P2, 270.00 W, 222.18 W, 74, 5876 MiB, 24576 MiB, 47 %
2026/09/05 10:25:59.200, NVIDIA GeForce RTX 3090, P2, 270.00 W, 224.70 W, 72, 5876 MiB, 24576 MiB, 31 %
2026/09/05 10:26:09.201, NVIDIA GeForce RTX 3090, P2, 270.00 W, 208.21 W, 70, 5876 MiB, 24576 MiB, 49 %
2026/09/05 10:26:19.203, NVIDIA GeForce RTX 3090, P2, 270.00 W, 228.71 W, 74, 5876 MiB, 24576 MiB, 4 %
2026/09/05 10:26:29.204, NVIDIA GeForce RTX 3090, P2, 270.00 W, 227.52 W, 71, 5876 MiB, 24576 MiB, 20 %
2026/09/05 10:26:39.205, NVIDIA GeForce RTX 3090, P2, 270.00 W, 218.60 W, 73, 5876 MiB, 24576 MiB, 25 %
2026/09/05 10:26:49.206, NVIDIA GeForce RTX 3090, P2, 270.00 W, 221.38 W, 73, 5876 MiB, 24576 MiB, 30 %
2026/09/05 10:26:59.208, NVIDIA GeForce RTX 3090, P2, 270.00 W, 220.41 W, 71, 5876 MiB, 24576 MiB, 39 %
2026/09/05 10:27:09.209, NVIDIA GeForce RTX 3090, P2, 270.00 W, 232.86 W, 73, 5876 MiB, 24576 MiB, 49 %
2026/09/05 10:27:19.210, NVIDIA GeForce RTX 3090, P2, 270.00 W, 237.85 W, 72, 5876 MiB, 24576 MiB, 28 %
2026/09/05 10:27:29.211, NVIDIA GeForce RTX 3090, P2, 270.00 W, 220.45 W, 71, 5876 MiB, 24576 MiB, 50 %
2026/09/05 10:27:39.213, NVIDIA GeForce RTX 3090, P2, 270.00 W, 220.47 W, 73, 5876 MiB, 24576 MiB, 23 %
2026/09/05 10:27:49.214, NVIDIA GeForce RTX 3090, P2, 270.00 W, 219.90 W, 73, 5876 MiB, 24576 MiB, 4 %
2026/09/05 10:27:59.216, NVIDIA GeForce RTX 3090, P2, 270.00 W, 220.76 W, 72, 5876 MiB, 24576 MiB, 7 %
2026/09/05 10:28:09.217, NVIDIA GeForce RTX 3090, P2, 270.00 W, 233.74 W, 72, 5876 MiB, 24576 MiB, 30 %
2026/09/05 10:28:19.219, NVIDIA GeForce RTX 3090, P2, 270.00 W, 230.32 W, 73, 5876 MiB, 24576 MiB, 0 %
2026/09/05 10:28:29.220, NVIDIA GeForce RTX 3090, P2, 270.00 W, 223.99 W, 74, 5876 MiB, 24576 MiB, 0 %
2026/09/05 10:28:39.221, NVIDIA GeForce RTX 3090, P2, 270.00 W, 213.46 W, 72, 5876 MiB, 24576 MiB, 34 %
2026/09/05 10:28:49.223, NVIDIA GeForce RTX 3090, P2, 270.00 W, 222.33 W, 73, 5876 MiB, 24576 MiB, 16 %
2026/09/05 10:28:59.224, NVIDIA GeForce RTX 3090, P2, 270.00 W, 235.37 W, 72, 5876 MiB, 24576 MiB, 30 %
2026/09/05 10:29:09.225, NVIDIA GeForce RTX 3090, P2, 270.00 W, 219.45 W, 73, 5876 MiB, 24576 MiB, 0 %
2026/09/05 10:29:19.227, NVIDIA GeForce RTX 3090, P2, 270.00 W, 213.64 W, 71, 5876 MiB, 24576 MiB, 32 %
2026/09/05 10:29:29.228, NVIDIA GeForce RTX 3090, P2, 270.00 W, 215.26 W, 71, 5876 MiB, 24576 MiB, 0 %
2026/09/05 10:29:39.229, NVIDIA GeForce RTX 3090, P2, 270.00 W, 231.19 W, 73, 5876 MiB, 24576 MiB, 48 %
2026/09/05 10:29:49.230, NVIDIA GeForce RTX 3090, P2, 270.00 W, 236.78 W, 72, 5876 MiB, 24576 MiB, 35 %
2026/09/05 10:29:59.232, NVIDIA GeForce RTX 3090, P2, 270.00 W, 222.46 W, 73, 5876 MiB, 24576 MiB, 15 %
2026/09/05 10:30:09.233, NVIDIA GeForce RTX 3090, P2, 270.00 W, 203.96 W, 70, 5876 MiB, 24576 MiB, 46 %
2026/09/05 10:30:19.234, NVIDIA GeForce RTX 3090, P2, 270.00 W, 230.24 W, 73, 5876 MiB, 24576 MiB, 48 %
2026/09/05 10:30:29.235, NVIDIA GeForce RTX 3090, P2, 270.00 W, 236.68 W, 73, 5876 MiB, 24576 MiB, 48 %
2026/09/05 10:30:39.236, NVIDIA GeForce RTX 3090, P2, 270.00 W, 220.74 W, 73, 5876 MiB, 24576 MiB, 30 %
2026/09/05 10:30:49.238, NVIDIA GeForce RTX 3090, P2, 270.00 W, 216.31 W, 73, 5876 MiB, 24576 MiB, 6 %
2026/09/05 10:30:59.239, NVIDIA GeForce RTX 3090, P2, 270.00 W, 218.65 W, 71, 5876 MiB, 24576 MiB, 6 %
2026/09/05 10:31:09.240, NVIDIA GeForce RTX 3090, P2, 270.00 W, 232.37 W, 73, 5876 MiB, 24576 MiB, 48 %
2026/09/05 10:31:19.242, NVIDIA GeForce RTX 3090, P2, 270.00 W, 222.18 W, 72, 5876 MiB, 24576 MiB, 41 %
2026/09/05 10:31:29.243, NVIDIA GeForce RTX 3090, P2, 270.00 W, 214.87 W, 73, 5876 MiB, 24576 MiB, 0 %
2026/09/05 10:31:39.244, NVIDIA GeForce RTX 3090, P2, 270.00 W, 212.47 W, 71, 5876 MiB, 24576 MiB, 0 %
2026/09/05 10:31:49.246, NVIDIA GeForce RTX 3090, P2, 270.00 W, 226.22 W, 72, 5876 MiB, 24576 MiB, 15 %
2026/09/05 10:31:59.247, NVIDIA GeForce RTX 3090, P2, 270.00 W, 233.11 W, 72, 5876 MiB, 24576 MiB, 31 %
2026/09/05 10:32:09.248, NVIDIA GeForce RTX 3090, P2, 270.00 W, 239.12 W, 73, 5876 MiB, 24576 MiB, 48 %
2026/09/05 10:32:19.250, NVIDIA GeForce RTX 3090, P2, 270.00 W, 226.95 W, 74, 5876 MiB, 24576 MiB, 48 %
2026/09/05 10:32:29.251, NVIDIA GeForce RTX 3090, P2, 270.00 W, 216.50 W, 73, 5876 MiB, 24576 MiB, 33 %
2026/09/05 10:32:39.252, NVIDIA GeForce RTX 3090, P2, 270.00 W, 222.66 W, 72, 5876 MiB, 24576 MiB, 5 %
2026/09/05 10:32:49.254, NVIDIA GeForce RTX 3090, P2, 270.00 W, 231.43 W, 73, 5876 MiB, 24576 MiB, 24 %
2026/09/05 10:32:59.255, NVIDIA GeForce RTX 3090, P2, 270.00 W, 217.96 W, 74, 5876 MiB, 24576 MiB, 48 %
2026/09/05 10:33:09.256, NVIDIA GeForce RTX 3090, P2, 270.00 W, 212.40 W, 71, 5876 MiB, 24576 MiB, 0 %
2026/09/05 10:33:19.257, NVIDIA GeForce RTX 3090, P2, 270.00 W, 228.07 W, 72, 5876 MiB, 24576 MiB, 48 %
2026/09/05 10:33:29.259, NVIDIA GeForce RTX 3090, P2, 270.00 W, 226.58 W, 72, 5876 MiB, 24576 MiB, 50 %
2026/09/05 10:33:39.260, NVIDIA GeForce RTX 3090, P2, 270.00 W, 224.82 W, 73, 5876 MiB, 24576 MiB, 0 %
2026/09/05 10:33:49.261, NVIDIA GeForce RTX 3090, P2, 270.00 W, 217.23 W, 70, 5876 MiB, 24576 MiB, 48 %
2026/09/05 10:33:59.262, NVIDIA GeForce RTX 3090, P2, 270.00 W, 226.78 W, 73, 5876 MiB, 24576 MiB, 45 %
2026/09/05 10:34:09.263, NVIDIA GeForce RTX 3090, P2, 270.00 W, 228.15 W, 73, 5876 MiB, 24576 MiB, 48 %
2026/09/05 10:34:19.265, NVIDIA GeForce RTX 3090, P2, 270.00 W, 236.71 W, 72, 5876 MiB, 24576 MiB, 23 %
2026/09/05 10:34:29.266, NVIDIA GeForce RTX 3090, P2, 270.00 W, 218.48 W, 73, 5876 MiB, 24576 MiB, 11 %
2026/09/05 10:34:39.268, NVIDIA GeForce RTX 3090, P2, 270.00 W, 208.12 W, 71, 5876 MiB, 24576 MiB, 4 %
2026/09/05 10:34:49.269, NVIDIA GeForce RTX 3090, P2, 270.00 W, 222.84 W, 72, 5876 MiB, 24576 MiB, 8 %
2026/09/05 10:34:59.270, NVIDIA GeForce RTX 3090, P2, 270.00 W, 215.43 W, 71, 5876 MiB, 24576 MiB, 41 %
2026/09/05 10:35:09.272, NVIDIA GeForce RTX 3090, P2, 270.00 W, 230.58 W, 73, 5876 MiB, 24576 MiB, 47 %
2026/09/05 10:35:19.273, NVIDIA GeForce RTX 3090, P2, 270.00 W, 220.94 W, 73, 5876 MiB, 24576 MiB, 47 %
2026/09/05 10:35:29.275, NVIDIA GeForce RTX 3090, P2, 270.00 W, 209.00 W, 71, 5876 MiB, 24576 MiB, 15 %
2026/09/05 10:35:39.276, NVIDIA GeForce RTX 3090, P2, 270.00 W, 228.07 W, 72, 5876 MiB, 24576 MiB, 4 %
2026/09/05 10:35:49.278, NVIDIA GeForce RTX 3090, P2, 270.00 W, 236.65 W, 72, 5876 MiB, 24576 MiB, 23 %
2026/09/05 10:35:59.279, NVIDIA GeForce RTX 3090, P2, 270.00 W, 220.69 W, 73, 5876 MiB, 24576 MiB, 30 %
2026/09/05 10:36:09.281, NVIDIA GeForce RTX 3090, P2, 270.00 W, 221.59 W, 73, 5876 MiB, 24576 MiB, 42 %
2026/09/05 10:36:19.282, NVIDIA GeForce RTX 3090, P2, 270.00 W, 227.96 W, 72, 5876 MiB, 24576 MiB, 26 %
2026/09/05 10:36:29.283, NVIDIA GeForce RTX 3090, P2, 270.00 W, 231.55 W, 72, 5876 MiB, 24576 MiB, 36 %
2026/09/05 10:36:39.285, NVIDIA GeForce RTX 3090, P2, 270.00 W, 232.48 W, 73, 5876 MiB, 24576 MiB, 49 %
2026/09/05 10:36:49.286, NVIDIA GeForce RTX 3090, P2, 270.00 W, 222.51 W, 73, 5876 MiB, 24576 MiB, 30 %
2026/09/05 10:36:59.287, NVIDIA GeForce RTX 3090, P2, 270.00 W, 209.70 W, 71, 5876 MiB, 24576 MiB, 37 %
2026/09/05 10:37:09.289, NVIDIA GeForce RTX 3090, P2, 270.00 W, 224.41 W, 72, 5876 MiB, 24576 MiB, 30 %
2026/09/05 10:37:19.290, NVIDIA GeForce RTX 3090, P2, 270.00 W, 236.10 W, 72, 5876 MiB, 24576 MiB, 14 %
2026/09/05 10:37:29.291, NVIDIA GeForce RTX 3090, P2, 270.00 W, 216.97 W, 73, 5876 MiB, 24576 MiB, 47 %
2026/09/05 10:37:39.293, NVIDIA GeForce RTX 3090, P2, 270.00 W, 226.08 W, 73, 5876 MiB, 24576 MiB, 0 %
2026/09/05 10:37:49.295, NVIDIA GeForce RTX 3090, P2, 270.00 W, 217.08 W, 71, 5876 MiB, 24576 MiB, 40 %
2026/09/05 10:37:59.296, NVIDIA GeForce RTX 3090, P2, 270.00 W, 230.35 W, 73, 5876 MiB, 24576 MiB, 31 %
2026/09/05 10:38:09.297, NVIDIA GeForce RTX 3090, P2, 270.00 W, 236.19 W, 72, 5876 MiB, 24576 MiB, 4 %
2026/09/05 10:38:19.298, NVIDIA GeForce RTX 3090, P2, 270.00 W, 218.35 W, 73, 5876 MiB, 24576 MiB, 30 %
2026/09/05 10:38:29.300, NVIDIA GeForce RTX 3090, P2, 270.00 W, 214.49 W, 72, 5876 MiB, 24576 MiB, 19 %
2026/09/05 10:38:39.301, NVIDIA GeForce RTX 3090, P2, 270.00 W, 213.71 W, 71, 5876 MiB, 24576 MiB, 0 %
2026/09/05 10:38:49.303, NVIDIA GeForce RTX 3090, P2, 270.00 W, 220.41 W, 72, 5876 MiB, 24576 MiB, 48 %
2026/09/05 10:38:59.304, NVIDIA GeForce RTX 3090, P2, 270.00 W, 229.90 W, 72, 5876 MiB, 24576 MiB, 31 %
2026/09/05 10:39:09.305, NVIDIA GeForce RTX 3090, P2, 270.00 W, 230.56 W, 72, 5876 MiB, 24576 MiB, 49 %
2026/09/05 10:39:19.306, NVIDIA GeForce RTX 3090, P2, 270.00 W, 220.02 W, 74, 5876 MiB, 24576 MiB, 0 %
2026/09/05 10:39:29.307, NVIDIA GeForce RTX 3090, P2, 270.00 W, 213.00 W, 71, 5876 MiB, 24576 MiB, 48 %
2026/09/05 10:39:39.308, NVIDIA GeForce RTX 3090, P2, 270.00 W, 225.91 W, 72, 5876 MiB, 24576 MiB, 40 %
2026/09/05 10:39:49.310, NVIDIA GeForce RTX 3090, P2, 270.00 W, 226.16 W, 71, 5876 MiB, 24576 MiB, 30 %
2026/09/05 10:39:59.311, NVIDIA GeForce RTX 3090, P2, 270.00 W, 222.28 W, 73, 5876 MiB, 24576 MiB, 29 %
2026/09/05 10:40:09.312, NVIDIA GeForce RTX 3090, P2, 270.00 W, 220.89 W, 73, 5876 MiB, 24576 MiB, 0 %
2026/09/05 10:40:19.314, NVIDIA GeForce RTX 3090, P2, 270.00 W, 219.10 W, 71, 5876 MiB, 24576 MiB, 0 %
2026/09/05 10:40:29.315, NVIDIA GeForce RTX 3090, P2, 270.00 W, 227.12 W, 74, 5876 MiB, 24576 MiB, 47 %
2026/09/05 10:40:39.316, NVIDIA GeForce RTX 3090, P2, 270.00 W, 221.82 W, 71, 5876 MiB, 24576 MiB, 19 %
2026/09/05 10:40:49.318, NVIDIA GeForce RTX 3090, P2, 270.00 W, 219.90 W, 71, 5876 MiB, 24576 MiB, 45 %
2026/09/05 10:40:59.319, NVIDIA GeForce RTX 3090, P2, 270.00 W, 224.51 W, 73, 5876 MiB, 24576 MiB, 32 %
2026/09/05 10:41:09.320, NVIDIA GeForce RTX 3090, P2, 270.00 W, 224.61 W, 74, 5876 MiB, 24576 MiB, 47 %
2026/09/05 10:41:19.322, NVIDIA GeForce RTX 3090, P2, 270.00 W, 209.95 W, 71, 5876 MiB, 24576 MiB, 20 %
2026/09/05 10:41:29.323, NVIDIA GeForce RTX 3090, P2, 270.00 W, 218.88 W, 71, 5876 MiB, 24576 MiB, 44 %
2026/09/05 10:41:39.324, NVIDIA GeForce RTX 3090, P2, 270.00 W, 227.26 W, 72, 5876 MiB, 24576 MiB, 48 %
2026/09/05 10:41:49.325, NVIDIA GeForce RTX 3090, P2, 270.00 W, 238.51 W, 72, 5876 MiB, 24576 MiB, 44 %
2026/09/05 10:41:59.327, NVIDIA GeForce RTX 3090, P2, 270.00 W, 221.93 W, 73, 5876 MiB, 24576 MiB, 30 %
2026/09/05 10:42:09.328, NVIDIA GeForce RTX 3090, P2, 270.00 W, 220.20 W, 73, 5876 MiB, 24576 MiB, 37 %
2026/09/05 10:42:19.329, NVIDIA GeForce RTX 3090, P2, 270.00 W, 208.29 W, 70, 5876 MiB, 24576 MiB, 47 %
2026/09/05 10:42:29.330, NVIDIA GeForce RTX 3090, P2, 270.00 W, 237.26 W, 72, 5876 MiB, 24576 MiB, 47 %
2026/09/05 10:42:39.332, NVIDIA GeForce RTX 3090, P2, 270.00 W, 232.72 W, 72, 5876 MiB, 24576 MiB, 49 %
2026/09/05 10:42:49.333, NVIDIA GeForce RTX 3090, P2, 270.00 W, 217.76 W, 73, 5876 MiB, 24576 MiB, 42 %
2026/09/05 10:42:59.334, NVIDIA GeForce RTX 3090, P2, 270.00 W, 216.33 W, 71, 5876 MiB, 24576 MiB, 3 %
2026/09/05 10:43:09.335, NVIDIA GeForce RTX 3090, P2, 270.00 W, 223.69 W, 72, 5876 MiB, 24576 MiB, 30 %
2026/09/05 10:43:19.337, NVIDIA GeForce RTX 3090, P2, 270.00 W, 217.00 W, 72, 5876 MiB, 24576 MiB, 48 %
2026/09/05 10:43:29.337, NVIDIA GeForce RTX 3090, P2, 270.00 W, 234.52 W, 71, 5876 MiB, 24576 MiB, 22 %
2026/09/05 10:43:39.339, NVIDIA GeForce RTX 3090, P2, 270.00 W, 228.02 W, 73, 5876 MiB, 24576 MiB, 0 %
2026/09/05 10:43:49.340, NVIDIA GeForce RTX 3090, P2, 270.00 W, 227.80 W, 74, 5876 MiB, 24576 MiB, 0 %
2026/09/05 10:43:59.341, NVIDIA GeForce RTX 3090, P2, 270.00 W, 211.19 W, 70, 5876 MiB, 24576 MiB, 46 %
2026/09/05 10:44:09.343, NVIDIA GeForce RTX 3090, P2, 270.00 W, 228.83 W, 73, 5876 MiB, 24576 MiB, 42 %
2026/09/05 10:44:19.344, NVIDIA GeForce RTX 3090, P2, 270.00 W, 219.98 W, 71, 5876 MiB, 24576 MiB, 21 %
2026/09/05 10:44:29.345, NVIDIA GeForce RTX 3090, P2, 270.00 W, 228.57 W, 73, 5876 MiB, 24576 MiB, 49 %
2026/09/05 10:44:39.347, NVIDIA GeForce RTX 3090, P2, 270.00 W, 209.42 W, 73, 5876 MiB, 24576 MiB, 41 %
2026/09/05 10:44:49.348, NVIDIA GeForce RTX 3090, P2, 270.00 W, 220.43 W, 73, 5876 MiB, 24576 MiB, 0 %
2026/09/05 10:44:59.349, NVIDIA GeForce RTX 3090, P2, 270.00 W, 219.02 W, 71, 5876 MiB, 24576 MiB, 3 %
2026/09/05 10:45:09.351, NVIDIA GeForce RTX 3090, P2, 270.00 W, 224.03 W, 73, 5876 MiB, 24576 MiB, 39 %
2026/09/05 10:45:19.352, NVIDIA GeForce RTX 3090, P2, 270.00 W, 218.51 W, 71, 5876 MiB, 24576 MiB, 18 %
2026/09/05 10:45:29.353, NVIDIA GeForce RTX 3090, P2, 270.00 W, 225.00 W, 73, 5876 MiB, 24576 MiB, 37 %
2026/09/05 10:45:39.354, NVIDIA GeForce RTX 3090, P2, 270.00 W, 221.32 W, 72, 5876 MiB, 24576 MiB, 8 %
2026/09/05 10:45:49.356, NVIDIA GeForce RTX 3090, P2, 270.00 W, 224.23 W, 72, 5876 MiB, 24576 MiB, 37 %
2026/09/05 10:45:59.357, NVIDIA GeForce RTX 3090, P2, 270.00 W, 234.08 W, 72, 5876 MiB, 24576 MiB, 30 %
2026/09/05 10:46:09.358, NVIDIA GeForce RTX 3090, P2, 270.00 W, 221.01 W, 72, 5876 MiB, 24576 MiB, 33 %
2026/09/05 10:46:19.359, NVIDIA GeForce RTX 3090, P2, 270.00 W, 212.32 W, 73, 5876 MiB, 24576 MiB, 6 %
2026/09/05 10:46:29.360, NVIDIA GeForce RTX 3090, P2, 270.00 W, 221.70 W, 72, 5876 MiB, 24576 MiB, 30 %
2026/09/05 10:46:39.361, NVIDIA GeForce RTX 3090, P2, 270.00 W, 230.67 W, 72, 5876 MiB, 24576 MiB, 24 %
2026/09/05 10:46:49.363, NVIDIA GeForce RTX 3090, P2, 270.00 W, 235.97 W, 72, 5876 MiB, 24576 MiB, 40 %
2026/09/05 10:46:59.364, NVIDIA GeForce RTX 3090, P2, 270.00 W, 229.51 W, 72, 5876 MiB, 24576 MiB, 48 %
2026/09/05 10:47:09.365, NVIDIA GeForce RTX 3090, P2, 270.00 W, 222.09 W, 73, 5876 MiB, 24576 MiB, 47 %
2026/09/05 10:47:19.367, NVIDIA GeForce RTX 3090, P2, 270.00 W, 211.80 W, 71, 5876 MiB, 24576 MiB, 0 %
2026/09/05 10:47:29.368, NVIDIA GeForce RTX 3090, P2, 270.00 W, 232.33 W, 73, 5876 MiB, 24576 MiB, 47 %
2026/09/05 10:47:39.369, NVIDIA GeForce RTX 3090, P2, 270.00 W, 225.95 W, 71, 5876 MiB, 24576 MiB, 50 %
2026/09/05 10:47:49.370, NVIDIA GeForce RTX 3090, P2, 270.00 W, 222.13 W, 73, 5876 MiB, 24576 MiB, 36 %
2026/09/05 10:47:59.371, NVIDIA GeForce RTX 3090, P2, 270.00 W, 226.03 W, 73, 5876 MiB, 24576 MiB, 49 %
2026/09/05 10:48:09.373, NVIDIA GeForce RTX 3090, P2, 270.00 W, 219.74 W, 71, 5876 MiB, 24576 MiB, 0 %
2026/09/05 10:48:19.374, NVIDIA GeForce RTX 3090, P2, 270.00 W, 230.96 W, 72, 5876 MiB, 24576 MiB, 33 %
2026/09/05 10:48:29.375, NVIDIA GeForce RTX 3090, P2, 270.00 W, 236.48 W, 72, 5876 MiB, 24576 MiB, 43 %
2026/09/05 10:48:39.376, NVIDIA GeForce RTX 3090, P2, 270.00 W, 221.62 W, 74, 5876 MiB, 24576 MiB, 47 %
2026/09/05 10:48:49.377, NVIDIA GeForce RTX 3090, P2, 270.00 W, 214.58 W, 72, 5876 MiB, 24576 MiB, 19 %
2026/09/05 10:48:59.379, NVIDIA GeForce RTX 3090, P2, 270.00 W, 230.62 W, 73, 5876 MiB, 24576 MiB, 4 %
2026/09/05 10:49:09.380, NVIDIA GeForce RTX 3090, P2, 270.00 W, 232.87 W, 71, 5876 MiB, 24576 MiB, 8 %
2026/09/05 10:49:19.381, NVIDIA GeForce RTX 3090, P2, 270.00 W, 213.70 W, 70, 5876 MiB, 24576 MiB, 36 %
2026/09/05 10:49:29.383, NVIDIA GeForce RTX 3090, P2, 270.00 W, 225.78 W, 74, 5876 MiB, 24576 MiB, 47 %
2026/09/05 10:49:39.384, NVIDIA GeForce RTX 3090, P2, 270.00 W, 205.82 W, 70, 5876 MiB, 24576 MiB, 0 %
2026/09/05 10:49:49.385, NVIDIA GeForce RTX 3090, P2, 270.00 W, 223.50 W, 72, 5876 MiB, 24576 MiB, 48 %
2026/09/05 10:49:59.387, NVIDIA GeForce RTX 3090, P2, 270.00 W, 230.89 W, 73, 5876 MiB, 24576 MiB, 47 %
2026/09/05 10:50:09.388, NVIDIA GeForce RTX 3090, P2, 270.00 W, 217.15 W, 73, 5876 MiB, 24576 MiB, 44 %
2026/09/05 10:50:19.389, NVIDIA GeForce RTX 3090, P2, 270.00 W, 216.00 W, 71, 5876 MiB, 24576 MiB, 4 %
2026/09/05 10:50:29.390, NVIDIA GeForce RTX 3090, P2, 270.00 W, 234.82 W, 73, 5876 MiB, 24576 MiB, 48 %
2026/09/05 10:50:39.392, NVIDIA GeForce RTX 3090, P2, 270.00 W, 228.08 W, 71, 5876 MiB, 24576 MiB, 11 %
2026/09/05 10:50:49.393, NVIDIA GeForce RTX 3090, P2, 270.00 W, 218.84 W, 72, 5876 MiB, 24576 MiB, 28 %
2026/09/05 10:50:59.395, NVIDIA GeForce RTX 3090, P2, 270.00 W, 185.12 W, 69, 5876 MiB, 24576 MiB, 30 %
2026/09/05 10:51:09.396, NVIDIA GeForce RTX 3090, P2, 270.00 W, 175.33 W, 68, 5876 MiB, 24576 MiB, 2 %
2026/09/05 10:51:19.397, NVIDIA GeForce RTX 3090, P2, 270.00 W, 174.43 W, 68, 5876 MiB, 24576 MiB, 27 %
2026/09/05 10:51:29.398, NVIDIA GeForce RTX 3090, P2, 270.00 W, 171.36 W, 67, 5876 MiB, 24576 MiB, 23 %
2026/09/05 10:51:39.400, NVIDIA GeForce RTX 3090, P2, 270.00 W, 165.16 W, 67, 1768 MiB, 24576 MiB, 2 %
2026/09/05 10:51:49.401, NVIDIA GeForce RTX 3090, P2, 270.00 W, 179.31 W, 68, 2020 MiB, 24576 MiB, 24 %
2026/09/05 10:51:59.402, NVIDIA GeForce RTX 3090, P2, 270.00 W, 171.26 W, 68, 2020 MiB, 24576 MiB, 31 %
2026/09/05 10:52:09.403, NVIDIA GeForce RTX 3090, P2, 270.00 W, 172.16 W, 68, 2020 MiB, 24576 MiB, 9 %
2026/09/05 10:52:19.404, NVIDIA GeForce RTX 3090, P2, 270.00 W, 220.06 W, 71, 5502 MiB, 24576 MiB, 6 %
2026/09/05 10:52:29.405, NVIDIA GeForce RTX 3090, P2, 270.00 W, 230.85 W, 72, 5502 MiB, 24576 MiB, 19 %
2026/09/05 10:52:39.407, NVIDIA GeForce RTX 3090, P2, 270.00 W, 217.18 W, 71, 5502 MiB, 24576 MiB, 30 %
2026/09/05 10:52:49.409, NVIDIA GeForce RTX 3090, P2, 270.00 W, 203.76 W, 69, 5502 MiB, 24576 MiB, 5 %
2026/09/05 10:52:59.410, NVIDIA GeForce RTX 3090, P2, 270.00 W, 228.37 W, 71, 5502 MiB, 24576 MiB, 49 %
2026/09/05 10:53:09.411, NVIDIA GeForce RTX 3090, P2, 270.00 W, 221.26 W, 73, 5502 MiB, 24576 MiB, 47 %
2026/09/05 10:53:19.413, NVIDIA GeForce RTX 3090, P2, 270.00 W, 226.39 W, 73, 5502 MiB, 24576 MiB, 4 %
2026/09/05 10:53:29.414, NVIDIA GeForce RTX 3090, P2, 270.00 W, 219.48 W, 71, 5502 MiB, 24576 MiB, 42 %
2026/09/05 10:53:39.415, NVIDIA GeForce RTX 3090, P2, 270.00 W, 230.46 W, 71, 5502 MiB, 24576 MiB, 47 %
2026/09/05 10:53:49.416, NVIDIA GeForce RTX 3090, P2, 270.00 W, 226.62 W, 72, 5502 MiB, 24576 MiB, 49 %
2026/09/05 10:53:59.418, NVIDIA GeForce RTX 3090, P2, 270.00 W, 220.20 W, 73, 5502 MiB, 24576 MiB, 26 %
2026/09/05 10:54:09.419, NVIDIA GeForce RTX 3090, P2, 270.00 W, 208.99 W, 71, 5502 MiB, 24576 MiB, 39 %
2026/09/05 10:54:19.420, NVIDIA GeForce RTX 3090, P2, 270.00 W, 225.29 W, 72, 5502 MiB, 24576 MiB, 30 %
2026/09/05 10:54:29.421, NVIDIA GeForce RTX 3090, P2, 270.00 W, 235.69 W, 73, 5502 MiB, 24576 MiB, 46 %
2026/09/05 10:54:39.422, NVIDIA GeForce RTX 3090, P2, 270.00 W, 226.62 W, 73, 5502 MiB, 24576 MiB, 0 %
2026/09/05 10:54:49.424, NVIDIA GeForce RTX 3090, P2, 270.00 W, 227.43 W, 71, 5502 MiB, 24576 MiB, 5 %
2026/09/05 10:54:59.425, NVIDIA GeForce RTX 3090, P2, 270.00 W, 234.75 W, 72, 5502 MiB, 24576 MiB, 23 %
2026/09/05 10:55:09.426, NVIDIA GeForce RTX 3090, P2, 270.00 W, 221.86 W, 73, 5502 MiB, 24576 MiB, 32 %
2026/09/05 10:55:19.428, NVIDIA GeForce RTX 3090, P2, 270.00 W, 220.77 W, 72, 5502 MiB, 24576 MiB, 8 %
2026/09/05 10:55:29.429, NVIDIA GeForce RTX 3090, P2, 270.00 W, 224.35 W, 71, 5502 MiB, 24576 MiB, 17 %
2026/09/05 10:55:39.430, NVIDIA GeForce RTX 3090, P2, 270.00 W, 230.56 W, 71, 5502 MiB, 24576 MiB, 3 %
2026/09/05 10:55:49.431, NVIDIA GeForce RTX 3090, P2, 270.00 W, 223.36 W, 74, 5502 MiB, 24576 MiB, 0 %
2026/09/05 10:55:59.432, NVIDIA GeForce RTX 3090, P2, 270.00 W, 216.46 W, 70, 5502 MiB, 24576 MiB, 47 %
2026/09/05 10:56:09.434, NVIDIA GeForce RTX 3090, P2, 270.00 W, 223.81 W, 73, 5502 MiB, 24576 MiB, 50 %
2026/09/05 10:56:19.435, NVIDIA GeForce RTX 3090, P2, 270.00 W, 232.40 W, 72, 5502 MiB, 24576 MiB, 23 %
2026/09/05 10:56:29.436, NVIDIA GeForce RTX 3090, P2, 270.00 W, 217.85 W, 73, 5502 MiB, 24576 MiB, 24 %
2026/09/05 10:56:39.438, NVIDIA GeForce RTX 3090, P2, 270.00 W, 209.63 W, 71, 5502 MiB, 24576 MiB, 0 %
2026/09/05 10:56:49.439, NVIDIA GeForce RTX 3090, P2, 270.00 W, 236.50 W, 71, 5502 MiB, 24576 MiB, 36 %
2026/09/05 10:56:59.440, NVIDIA GeForce RTX 3090, P2, 270.00 W, 220.71 W, 73, 5502 MiB, 24576 MiB, 30 %
2026/09/05 10:57:09.441, NVIDIA GeForce RTX 3090, P2, 270.00 W, 218.08 W, 72, 5502 MiB, 24576 MiB, 43 %
2026/09/05 10:57:19.443, NVIDIA GeForce RTX 3090, P2, 270.00 W, 217.61 W, 71, 5502 MiB, 24576 MiB, 0 %
2026/09/05 10:57:29.444, NVIDIA GeForce RTX 3090, P2, 270.00 W, 226.48 W, 72, 5502 MiB, 24576 MiB, 26 %
2026/09/05 10:57:39.445, NVIDIA GeForce RTX 3090, P2, 270.00 W, 240.22 W, 72, 5502 MiB, 24576 MiB, 23 %
2026/09/05 10:57:49.446, NVIDIA GeForce RTX 3090, P2, 270.00 W, 217.69 W, 73, 5502 MiB, 24576 MiB, 30 %
2026/09/05 10:57:59.447, NVIDIA GeForce RTX 3090, P2, 270.00 W, 212.31 W, 73, 5502 MiB, 24576 MiB, 48 %
2026/09/05 10:58:09.448, NVIDIA GeForce RTX 3090, P2, 270.00 W, 229.21 W, 71, 5502 MiB, 24576 MiB, 42 %
2026/09/05 10:58:19.450, NVIDIA GeForce RTX 3090, P2, 270.00 W, 225.34 W, 72, 5502 MiB, 24576 MiB, 50 %
2026/09/05 10:58:29.451, NVIDIA GeForce RTX 3090, P2, 270.00 W, 232.55 W, 73, 5502 MiB, 24576 MiB, 47 %
2026/09/05 10:58:39.452, NVIDIA GeForce RTX 3090, P2, 270.00 W, 215.50 W, 73, 5502 MiB, 24576 MiB, 0 %
2026/09/05 10:58:49.453, NVIDIA GeForce RTX 3090, P2, 270.00 W, 201.51 W, 70, 5502 MiB, 24576 MiB, 0 %
2026/09/05 10:58:59.454, NVIDIA GeForce RTX 3090, P2, 270.00 W, 225.42 W, 73, 5502 MiB, 24576 MiB, 47 %
2026/09/05 10:59:09.456, NVIDIA GeForce RTX 3090, P2, 270.00 W, 230.79 W, 71, 5502 MiB, 24576 MiB, 22 %
2026/09/05 10:59:19.457, NVIDIA GeForce RTX 3090, P2, 270.00 W, 217.37 W, 73, 5502 MiB, 24576 MiB, 30 %
2026/09/05 10:59:29.458, NVIDIA GeForce RTX 3090, P2, 270.00 W, 214.07 W, 71, 5502 MiB, 24576 MiB, 0 %
2026/09/05 10:59:39.459, NVIDIA GeForce RTX 3090, P2, 270.00 W, 227.23 W, 72, 5502 MiB, 24576 MiB, 28 %
2026/09/05 10:59:49.461, NVIDIA GeForce RTX 3090, P2, 270.00 W, 232.47 W, 73, 5502 MiB, 24576 MiB, 46 %
2026/09/05 10:59:59.462, NVIDIA GeForce RTX 3090, P2, 270.00 W, 204.11 W, 70, 5502 MiB, 24576 MiB, 0 %
2026/09/05 11:00:09.463, NVIDIA GeForce RTX 3090, P2, 270.00 W, 219.01 W, 71, 5502 MiB, 24576 MiB, 2 %
2026/09/05 11:00:19.464, NVIDIA GeForce RTX 3090, P2, 270.00 W, 230.08 W, 73, 5502 MiB, 24576 MiB, 47 %
2026/09/05 11:00:29.466, NVIDIA GeForce RTX 3090, P2, 270.00 W, 230.24 W, 73, 5502 MiB, 24576 MiB, 43 %
2026/09/05 11:00:39.467, NVIDIA GeForce RTX 3090, P2, 270.00 W, 224.70 W, 72, 5502 MiB, 24576 MiB, 8 %
2026/09/05 11:00:49.468, NVIDIA GeForce RTX 3090, P2, 270.00 W, 214.64 W, 71, 5502 MiB, 24576 MiB, 0 %
2026/09/05 11:00:59.469, NVIDIA GeForce RTX 3090, P2, 270.00 W, 219.56 W, 73, 5502 MiB, 24576 MiB, 47 %
2026/09/05 11:01:09.470, NVIDIA GeForce RTX 3090, P2, 270.00 W, 235.79 W, 74, 5502 MiB, 24576 MiB, 20 %
2026/09/05 11:01:19.472, NVIDIA GeForce RTX 3090, P2, 270.00 W, 220.06 W, 73, 5502 MiB, 24576 MiB, 9 %
2026/09/05 11:01:29.473, NVIDIA GeForce RTX 3090, P2, 270.00 W, 207.84 W, 70, 5502 MiB, 24576 MiB, 11 %
2026/09/05 11:01:39.474, NVIDIA GeForce RTX 3090, P2, 270.00 W, 227.50 W, 72, 5502 MiB, 24576 MiB, 7 %
2026/09/05 11:01:49.476, NVIDIA GeForce RTX 3090, P2, 270.00 W, 237.95 W, 72, 5502 MiB, 24576 MiB, 24 %
2026/09/05 11:01:59.477, NVIDIA GeForce RTX 3090, P2, 270.00 W, 230.04 W, 74, 5502 MiB, 24576 MiB, 47 %
2026/09/05 11:02:09.478, NVIDIA GeForce RTX 3090, P2, 270.00 W, 212.39 W, 72, 5502 MiB, 24576 MiB, 24 %
2026/09/05 11:02:19.479, NVIDIA GeForce RTX 3090, P2, 270.00 W, 222.14 W, 72, 5502 MiB, 24576 MiB, 23 %
2026/09/05 11:02:29.481, NVIDIA GeForce RTX 3090, P2, 270.00 W, 236.10 W, 72, 5502 MiB, 24576 MiB, 30 %
2026/09/05 11:02:39.482, NVIDIA GeForce RTX 3090, P2, 270.00 W, 213.97 W, 71, 5502 MiB, 24576 MiB, 30 %
2026/09/05 11:02:49.483, NVIDIA GeForce RTX 3090, P2, 270.00 W, 210.84 W, 71, 5502 MiB, 24576 MiB, 26 %
2026/09/05 11:02:59.485, NVIDIA GeForce RTX 3090, P2, 270.00 W, 215.68 W, 71, 5502 MiB, 24576 MiB, 4 %
2026/09/05 11:03:09.486, NVIDIA GeForce RTX 3090, P2, 270.00 W, 223.44 W, 73, 5502 MiB, 24576 MiB, 51 %
2026/09/05 11:03:19.487, NVIDIA GeForce RTX 3090, P2, 270.00 W, 223.01 W, 73, 5502 MiB, 24576 MiB, 32 %
2026/09/05 11:03:29.488, NVIDIA GeForce RTX 3090, P2, 270.00 W, 217.46 W, 73, 5502 MiB, 24576 MiB, 0 %
2026/09/05 11:03:39.490, NVIDIA GeForce RTX 3090, P2, 270.00 W, 219.62 W, 71, 5502 MiB, 24576 MiB, 48 %
2026/09/05 11:03:49.491, NVIDIA GeForce RTX 3090, P2, 270.00 W, 225.42 W, 72, 5502 MiB, 24576 MiB, 30 %
2026/09/05 11:03:59.492, NVIDIA GeForce RTX 3090, P2, 270.00 W, 228.86 W, 73, 5502 MiB, 24576 MiB, 49 %
2026/09/05 11:04:09.493, NVIDIA GeForce RTX 3090, P2, 270.00 W, 225.92 W, 73, 5502 MiB, 24576 MiB, 0 %
2026/09/05 11:04:19.495, NVIDIA GeForce RTX 3090, P2, 270.00 W, 210.93 W, 71, 5502 MiB, 24576 MiB, 30 %
2026/09/05 11:04:29.496, NVIDIA GeForce RTX 3090, P2, 270.00 W, 223.95 W, 72, 5502 MiB, 24576 MiB, 45 %
2026/09/05 11:04:39.497, NVIDIA GeForce RTX 3090, P2, 270.00 W, 219.00 W, 71, 5502 MiB, 24576 MiB, 40 %
2026/09/05 11:04:49.498, NVIDIA GeForce RTX 3090, P2, 270.00 W, 220.29 W, 74, 5502 MiB, 24576 MiB, 46 %
2026/09/05 11:04:59.499, NVIDIA GeForce RTX 3090, P2, 270.00 W, 223.41 W, 71, 5502 MiB, 24576 MiB, 0 %
2026/09/05 11:05:09.501, NVIDIA GeForce RTX 3090, P2, 270.00 W, 219.43 W, 73, 5502 MiB, 24576 MiB, 52 %
2026/09/05 11:05:19.502, NVIDIA GeForce RTX 3090, P2, 270.00 W, 229.16 W, 73, 5502 MiB, 24576 MiB, 47 %
2026/09/05 11:05:29.504, NVIDIA GeForce RTX 3090, P2, 270.00 W, 221.78 W, 73, 5502 MiB, 24576 MiB, 39 %
2026/09/05 11:05:39.505, NVIDIA GeForce RTX 3090, P2, 270.00 W, 207.08 W, 70, 5502 MiB, 24576 MiB, 11 %
2026/09/05 11:05:49.506, NVIDIA GeForce RTX 3090, P2, 270.00 W, 230.32 W, 73, 5502 MiB, 24576 MiB, 18 %
2026/09/05 11:05:59.507, NVIDIA GeForce RTX 3090, P2, 270.00 W, 239.17 W, 73, 5502 MiB, 24576 MiB, 22 %
2026/09/05 11:06:09.509, NVIDIA GeForce RTX 3090, P2, 270.00 W, 223.37 W, 73, 5502 MiB, 24576 MiB, 44 %
2026/09/05 11:06:19.510, NVIDIA GeForce RTX 3090, P2, 270.00 W, 208.63 W, 70, 5502 MiB, 24576 MiB, 0 %
2026/09/05 11:06:29.511, NVIDIA GeForce RTX 3090, P2, 270.00 W, 222.13 W, 72, 5502 MiB, 24576 MiB, 52 %
2026/09/05 11:06:39.512, NVIDIA GeForce RTX 3090, P2, 270.00 W, 225.65 W, 71, 5502 MiB, 24576 MiB, 33 %
2026/09/05 11:06:49.514, NVIDIA GeForce RTX 3090, P2, 270.00 W, 224.40 W, 73, 5502 MiB, 24576 MiB, 18 %
2026/09/05 11:06:59.515, NVIDIA GeForce RTX 3090, P2, 270.00 W, 197.69 W, 70, 5502 MiB, 24576 MiB, 31 %
2026/09/05 11:07:09.516, NVIDIA GeForce RTX 3090, P2, 270.00 W, 229.38 W, 74, 5502 MiB, 24576 MiB, 46 %
2026/09/05 11:07:19.517, NVIDIA GeForce RTX 3090, P2, 270.00 W, 230.97 W, 73, 5502 MiB, 24576 MiB, 47 %
2026/09/05 11:07:29.518, NVIDIA GeForce RTX 3090, P2, 270.00 W, 209.73 W, 70, 5502 MiB, 24576 MiB, 31 %
2026/09/05 11:07:39.520, NVIDIA GeForce RTX 3090, P2, 270.00 W, 226.88 W, 72, 5502 MiB, 24576 MiB, 49 %
2026/09/05 11:07:49.521, NVIDIA GeForce RTX 3090, P2, 270.00 W, 222.12 W, 73, 5502 MiB, 24576 MiB, 30 %
2026/09/05 11:07:59.522, NVIDIA GeForce RTX 3090, P2, 270.00 W, 209.71 W, 71, 5502 MiB, 24576 MiB, 0 %
2026/09/05 11:08:09.523, NVIDIA GeForce RTX 3090, P2, 270.00 W, 228.15 W, 73, 5502 MiB, 24576 MiB, 47 %
2026/09/05 11:08:19.524, NVIDIA GeForce RTX 3090, P2, 270.00 W, 224.05 W, 73, 5502 MiB, 24576 MiB, 37 %
2026/09/05 11:08:29.526, NVIDIA GeForce RTX 3090, P2, 270.00 W, 220.32 W, 73, 5502 MiB, 24576 MiB, 0 %
2026/09/05 11:08:39.527, NVIDIA GeForce RTX 3090, P2, 270.00 W, 223.07 W, 72, 5502 MiB, 24576 MiB, 23 %
2026/09/05 11:08:49.528, NVIDIA GeForce RTX 3090, P2, 270.00 W, 231.86 W, 72, 5502 MiB, 24576 MiB, 13 %
2026/09/05 11:08:59.529, NVIDIA GeForce RTX 3090, P2, 270.00 W, 223.74 W, 73, 5502 MiB, 24576 MiB, 47 %
2026/09/05 11:09:09.531, NVIDIA GeForce RTX 3090, P2, 270.00 W, 207.67 W, 70, 5502 MiB, 24576 MiB, 48 %
2026/09/05 11:09:19.532, NVIDIA GeForce RTX 3090, P2, 270.00 W, 220.96 W, 74, 5502 MiB, 24576 MiB, 7 %
2026/09/05 11:09:29.533, NVIDIA GeForce RTX 3090, P2, 270.00 W, 236.18 W, 72, 5502 MiB, 24576 MiB, 29 %
2026/09/05 11:09:39.535, NVIDIA GeForce RTX 3090, P2, 270.00 W, 229.11 W, 73, 5502 MiB, 24576 MiB, 47 %
2026/09/05 11:09:49.536, NVIDIA GeForce RTX 3090, P2, 270.00 W, 214.52 W, 72, 5502 MiB, 24576 MiB, 30 %
2026/09/05 11:09:59.537, NVIDIA GeForce RTX 3090, P2, 270.00 W, 225.36 W, 73, 5502 MiB, 24576 MiB, 47 %
2026/09/05 11:10:09.538, NVIDIA GeForce RTX 3090, P2, 270.00 W, 223.10 W, 72, 5502 MiB, 24576 MiB, 35 %
2026/09/05 11:10:19.539, NVIDIA GeForce RTX 3090, P2, 270.00 W, 218.29 W, 71, 5502 MiB, 24576 MiB, 46 %
2026/09/05 11:10:29.540, NVIDIA GeForce RTX 3090, P2, 270.00 W, 231.00 W, 73, 5502 MiB, 24576 MiB, 47 %
2026/09/05 11:10:39.542, NVIDIA GeForce RTX 3090, P2, 270.00 W, 210.87 W, 71, 5502 MiB, 24576 MiB, 0 %
2026/09/05 11:10:49.543, NVIDIA GeForce RTX 3090, P2, 270.00 W, 226.75 W, 72, 5502 MiB, 24576 MiB, 48 %
2026/09/05 11:10:59.544, NVIDIA GeForce RTX 3090, P2, 270.00 W, 232.54 W, 72, 5502 MiB, 24576 MiB, 30 %
2026/09/05 11:11:09.545, NVIDIA GeForce RTX 3090, P2, 270.00 W, 235.01 W, 72, 5502 MiB, 24576 MiB, 48 %
2026/09/05 11:11:19.547, NVIDIA GeForce RTX 3090, P2, 270.00 W, 223.92 W, 73, 5502 MiB, 24576 MiB, 35 %
2026/09/05 11:11:29.548, NVIDIA GeForce RTX 3090, P2, 270.00 W, 224.37 W, 71, 5502 MiB, 24576 MiB, 0 %
2026/09/05 11:11:39.549, NVIDIA GeForce RTX 3090, P2, 270.00 W, 230.13 W, 73, 5502 MiB, 24576 MiB, 50 %
2026/09/05 11:11:49.551, NVIDIA GeForce RTX 3090, P2, 270.00 W, 235.57 W, 72, 5502 MiB, 24576 MiB, 29 %
2026/09/05 11:11:59.552, NVIDIA GeForce RTX 3090, P2, 270.00 W, 221.83 W, 73, 5502 MiB, 24576 MiB, 23 %
2026/09/05 11:12:09.554, NVIDIA GeForce RTX 3090, P2, 270.00 W, 209.45 W, 71, 5502 MiB, 24576 MiB, 12 %
2026/09/05 11:12:19.555, NVIDIA GeForce RTX 3090, P2, 270.00 W, 231.27 W, 72, 5502 MiB, 24576 MiB, 45 %
2026/09/05 11:12:29.556, NVIDIA GeForce RTX 3090, P2, 270.00 W, 227.71 W, 73, 5502 MiB, 24576 MiB, 47 %
2026/09/05 11:12:39.558, NVIDIA GeForce RTX 3090, P2, 270.00 W, 226.49 W, 74, 5502 MiB, 24576 MiB, 0 %
2026/09/05 11:12:49.559, NVIDIA GeForce RTX 3090, P2, 270.00 W, 213.60 W, 71, 5502 MiB, 24576 MiB, 0 %
2026/09/05 11:12:59.561, NVIDIA GeForce RTX 3090, P2, 270.00 W, 233.99 W, 73, 5502 MiB, 24576 MiB, 35 %
2026/09/05 11:13:09.562, NVIDIA GeForce RTX 3090, P2, 270.00 W, 221.11 W, 71, 5502 MiB, 24576 MiB, 47 %
2026/09/05 11:13:19.563, NVIDIA GeForce RTX 3090, P2, 270.00 W, 217.53 W, 71, 5502 MiB, 24576 MiB, 42 %
2026/09/05 11:13:29.565, NVIDIA GeForce RTX 3090, P2, 270.00 W, 206.54 W, 70, 5502 MiB, 24576 MiB, 26 %
2026/09/05 11:13:39.566, NVIDIA GeForce RTX 3090, P2, 270.00 W, 217.28 W, 71, 5502 MiB, 24576 MiB, 4 %
2026/09/05 11:13:49.567, NVIDIA GeForce RTX 3090, P2, 270.00 W, 232.88 W, 73, 5502 MiB, 24576 MiB, 48 %
2026/09/05 11:13:59.568, NVIDIA GeForce RTX 3090, P2, 270.00 W, 235.32 W, 73, 5502 MiB, 24576 MiB, 48 %
2026/09/05 11:14:09.570, NVIDIA GeForce RTX 3090, P2, 270.00 W, 221.72 W, 74, 5502 MiB, 24576 MiB, 33 %
2026/09/05 11:14:19.571, NVIDIA GeForce RTX 3090, P2, 270.00 W, 214.02 W, 72, 5502 MiB, 24576 MiB, 5 %
2026/09/05 11:14:29.572, NVIDIA GeForce RTX 3090, P2, 270.00 W, 214.68 W, 71, 5502 MiB, 24576 MiB, 51 %
2026/09/05 11:14:39.573, NVIDIA GeForce RTX 3090, P2, 270.00 W, 235.20 W, 72, 5502 MiB, 24576 MiB, 24 %
2026/09/05 11:14:49.575, NVIDIA GeForce RTX 3090, P2, 270.00 W, 217.01 W, 74, 5502 MiB, 24576 MiB, 18 %
2026/09/05 11:14:59.576, NVIDIA GeForce RTX 3090, P2, 270.00 W, 227.36 W, 72, 5502 MiB, 24576 MiB, 46 %
2026/09/05 11:15:09.577, NVIDIA GeForce RTX 3090, P2, 270.00 W, 226.90 W, 73, 5502 MiB, 24576 MiB, 48 %
2026/09/05 11:15:19.579, NVIDIA GeForce RTX 3090, P2, 270.00 W, 227.41 W, 72, 5502 MiB, 24576 MiB, 38 %
2026/09/05 11:15:29.580, NVIDIA GeForce RTX 3090, P2, 270.00 W, 232.56 W, 74, 5502 MiB, 24576 MiB, 46 %
2026/09/05 11:15:39.582, NVIDIA GeForce RTX 3090, P2, 270.00 W, 209.02 W, 71, 5502 MiB, 24576 MiB, 0 %
2026/09/05 11:15:49.583, NVIDIA GeForce RTX 3090, P2, 270.00 W, 234.52 W, 71, 5502 MiB, 24576 MiB, 41 %
2026/09/05 11:15:59.585, NVIDIA GeForce RTX 3090, P2, 270.00 W, 227.47 W, 73, 5502 MiB, 24576 MiB, 47 %
2026/09/05 11:16:09.587, NVIDIA GeForce RTX 3090, P2, 270.00 W, 219.74 W, 73, 5502 MiB, 24576 MiB, 32 %
2026/09/05 11:16:19.588, NVIDIA GeForce RTX 3090, P2, 270.00 W, 222.29 W, 72, 5502 MiB, 24576 MiB, 5 %
2026/09/05 11:16:29.589, NVIDIA GeForce RTX 3090, P2, 270.00 W, 235.07 W, 72, 5502 MiB, 24576 MiB, 30 %
2026/09/05 11:16:39.590, NVIDIA GeForce RTX 3090, P2, 270.00 W, 220.70 W, 71, 5502 MiB, 24576 MiB, 50 %
2026/09/05 11:16:49.591, NVIDIA GeForce RTX 3090, P2, 270.00 W, 221.18 W, 73, 5502 MiB, 24576 MiB, 47 %
2026/09/05 11:16:59.593, NVIDIA GeForce RTX 3090, P2, 270.00 W, 214.63 W, 71, 5502 MiB, 24576 MiB, 0 %
2026/09/05 11:17:09.594, NVIDIA GeForce RTX 3090, P2, 270.00 W, 233.09 W, 72, 5502 MiB, 24576 MiB, 45 %
2026/09/05 11:17:19.595, NVIDIA GeForce RTX 3090, P2, 270.00 W, 218.98 W, 72, 5502 MiB, 24576 MiB, 30 %
2026/09/05 11:17:29.597, NVIDIA GeForce RTX 3090, P2, 270.00 W, 209.88 W, 72, 5502 MiB, 24576 MiB, 28 %
2026/09/05 11:17:39.598, NVIDIA GeForce RTX 3090, P2, 270.00 W, 229.01 W, 72, 5502 MiB, 24576 MiB, 20 %
2026/09/05 11:17:49.600, NVIDIA GeForce RTX 3090, P2, 270.00 W, 229.35 W, 73, 5502 MiB, 24576 MiB, 45 %
2026/09/05 11:17:59.601, NVIDIA GeForce RTX 3090, P2, 270.00 W, 222.83 W, 74, 5502 MiB, 24576 MiB, 0 %
2026/09/05 11:18:09.603, NVIDIA GeForce RTX 3090, P2, 270.00 W, 223.77 W, 72, 5502 MiB, 24576 MiB, 29 %
2026/09/05 11:18:19.604, NVIDIA GeForce RTX 3090, P2, 270.00 W, 226.82 W, 73, 5502 MiB, 24576 MiB, 4 %
2026/09/05 11:18:29.605, NVIDIA GeForce RTX 3090, P2, 270.00 W, 235.60 W, 72, 5502 MiB, 24576 MiB, 40 %
2026/09/05 11:18:39.606, NVIDIA GeForce RTX 3090, P2, 270.00 W, 226.46 W, 73, 5502 MiB, 24576 MiB, 43 %
2026/09/05 11:18:49.608, NVIDIA GeForce RTX 3090, P2, 270.00 W, 214.07 W, 72, 5502 MiB, 24576 MiB, 6 %
2026/09/05 11:18:59.609, NVIDIA GeForce RTX 3090, P2, 270.00 W, 207.66 W, 70, 5502 MiB, 24576 MiB, 0 %
2026/09/05 11:19:09.610, NVIDIA GeForce RTX 3090, P2, 270.00 W, 223.82 W, 72, 5502 MiB, 24576 MiB, 5 %
2026/09/05 11:19:19.611, NVIDIA GeForce RTX 3090, P2, 270.00 W, 234.07 W, 71, 5502 MiB, 24576 MiB, 22 %
2026/09/05 11:19:29.613, NVIDIA GeForce RTX 3090, P2, 270.00 W, 219.67 W, 73, 5502 MiB, 24576 MiB, 30 %
2026/09/05 11:19:39.614, NVIDIA GeForce RTX 3090, P2, 270.00 W, 224.41 W, 73, 5502 MiB, 24576 MiB, 27 %
2026/09/05 11:19:49.615, NVIDIA GeForce RTX 3090, P2, 270.00 W, 219.52 W, 72, 5502 MiB, 24576 MiB, 6 %
2026/09/05 11:19:59.616, NVIDIA GeForce RTX 3090, P2, 270.00 W, 224.18 W, 72, 5502 MiB, 24576 MiB, 0 %
2026/09/05 11:20:09.618, NVIDIA GeForce RTX 3090, P2, 270.00 W, 232.62 W, 73, 5502 MiB, 24576 MiB, 47 %
2026/09/05 11:20:19.619, NVIDIA GeForce RTX 3090, P2, 270.00 W, 216.48 W, 71, 5502 MiB, 24576 MiB, 47 %
2026/09/05 11:20:29.620, NVIDIA GeForce RTX 3090, P2, 270.00 W, 220.84 W, 73, 5502 MiB, 24576 MiB, 0 %
2026/09/05 11:20:39.621, NVIDIA GeForce RTX 3090, P2, 270.00 W, 220.94 W, 71, 5502 MiB, 24576 MiB, 38 %
2026/09/05 11:20:49.623, NVIDIA GeForce RTX 3090, P2, 270.00 W, 236.00 W, 72, 5502 MiB, 24576 MiB, 35 %
2026/09/05 11:20:59.624, NVIDIA GeForce RTX 3090, P2, 270.00 W, 224.41 W, 73, 5502 MiB, 24576 MiB, 41 %
2026/09/05 11:21:09.625, NVIDIA GeForce RTX 3090, P2, 270.00 W, 224.93 W, 73, 6004 MiB, 24576 MiB, 0 %
2026/09/05 11:21:19.626, NVIDIA GeForce RTX 3090, P2, 270.00 W, 225.66 W, 71, 6004 MiB, 24576 MiB, 0 %
2026/09/05 11:21:29.628, NVIDIA GeForce RTX 3090, P2, 270.00 W, 226.84 W, 72, 6004 MiB, 24576 MiB, 43 %
2026/09/05 11:21:39.629, NVIDIA GeForce RTX 3090, P2, 270.00 W, 230.83 W, 73, 6004 MiB, 24576 MiB, 48 %
2026/09/05 11:21:49.630, NVIDIA GeForce RTX 3090, P2, 270.00 W, 220.34 W, 73, 6004 MiB, 24576 MiB, 47 %
2026/09/05 11:21:59.632, NVIDIA GeForce RTX 3090, P2, 270.00 W, 223.04 W, 72, 6004 MiB, 24576 MiB, 30 %
2026/09/05 11:22:09.633, NVIDIA GeForce RTX 3090, P2, 270.00 W, 221.45 W, 71, 6004 MiB, 24576 MiB, 38 %
2026/09/05 11:22:19.634, NVIDIA GeForce RTX 3090, P2, 270.00 W, 225.71 W, 72, 6004 MiB, 24576 MiB, 49 %
2026/09/05 11:22:29.636, NVIDIA GeForce RTX 3090, P2, 270.00 W, 220.07 W, 73, 6004 MiB, 24576 MiB, 46 %
2026/09/05 11:22:39.637, NVIDIA GeForce RTX 3090, P2, 270.00 W, 222.17 W, 71, 6004 MiB, 24576 MiB, 40 %
2026/09/05 11:22:49.638, NVIDIA GeForce RTX 3090, P2, 270.00 W, 227.47 W, 73, 6004 MiB, 24576 MiB, 40 %
2026/09/05 11:22:59.639, NVIDIA GeForce RTX 3090, P2, 270.00 W, 225.00 W, 72, 6004 MiB, 24576 MiB, 48 %
2026/09/05 11:23:09.641, NVIDIA GeForce RTX 3090, P2, 270.00 W, 226.32 W, 72, 6004 MiB, 24576 MiB, 47 %
2026/09/05 11:23:19.642, NVIDIA GeForce RTX 3090, P2, 270.00 W, 213.07 W, 72, 6004 MiB, 24576 MiB, 30 %
2026/09/05 11:23:29.643, NVIDIA GeForce RTX 3090, P2, 270.00 W, 224.95 W, 71, 6004 MiB, 24576 MiB, 5 %
2026/09/05 11:23:39.645, NVIDIA GeForce RTX 3090, P2, 270.00 W, 236.02 W, 72, 6004 MiB, 24576 MiB, 48 %
2026/09/05 11:23:49.646, NVIDIA GeForce RTX 3090, P2, 270.00 W, 223.12 W, 72, 6004 MiB, 24576 MiB, 27 %
2026/09/05 11:23:59.647, NVIDIA GeForce RTX 3090, P2, 270.00 W, 208.35 W, 70, 6004 MiB, 24576 MiB, 48 %
2026/09/05 11:24:09.649, NVIDIA GeForce RTX 3090, P2, 270.00 W, 231.58 W, 72, 6004 MiB, 24576 MiB, 48 %
2026/09/05 11:24:19.650, NVIDIA GeForce RTX 3090, P2, 270.00 W, 217.59 W, 71, 6004 MiB, 24576 MiB, 46 %
2026/09/05 11:24:29.651, NVIDIA GeForce RTX 3090, P2, 270.00 W, 227.50 W, 73, 6004 MiB, 24576 MiB, 0 %
2026/09/05 11:24:39.653, NVIDIA GeForce RTX 3090, P2, 270.00 W, 223.03 W, 71, 6004 MiB, 24576 MiB, 0 %
2026/09/05 11:24:49.654, NVIDIA GeForce RTX 3090, P2, 270.00 W, 224.06 W, 73, 6004 MiB, 24576 MiB, 47 %
2026/09/05 11:24:59.655, NVIDIA GeForce RTX 3090, P2, 270.00 W, 234.07 W, 72, 6004 MiB, 24576 MiB, 22 %
2026/09/05 11:25:09.657, NVIDIA GeForce RTX 3090, P2, 270.00 W, 225.77 W, 74, 6004 MiB, 24576 MiB, 2 %
2026/09/05 11:25:19.658, NVIDIA GeForce RTX 3090, P2, 270.00 W, 210.55 W, 70, 6004 MiB, 24576 MiB, 0 %
2026/09/05 11:25:29.659, NVIDIA GeForce RTX 3090, P2, 270.00 W, 220.26 W, 73, 6004 MiB, 24576 MiB, 46 %
2026/09/05 11:25:39.660, NVIDIA GeForce RTX 3090, P2, 270.00 W, 233.22 W, 72, 6004 MiB, 24576 MiB, 47 %
2026/09/05 11:25:49.661, NVIDIA GeForce RTX 3090, P2, 270.00 W, 219.39 W, 73, 6004 MiB, 24576 MiB, 0 %
2026/09/05 11:25:59.663, NVIDIA GeForce RTX 3090, P2, 270.00 W, 218.77 W, 73, 6004 MiB, 24576 MiB, 38 %
2026/09/05 11:26:09.664, NVIDIA GeForce RTX 3090, P2, 270.00 W, 227.19 W, 72, 6004 MiB, 24576 MiB, 5 %
2026/09/05 11:26:19.665, NVIDIA GeForce RTX 3090, P2, 270.00 W, 229.10 W, 72, 6004 MiB, 24576 MiB, 48 %
2026/09/05 11:26:29.667, NVIDIA GeForce RTX 3090, P2, 270.00 W, 222.72 W, 73, 6004 MiB, 24576 MiB, 43 %
2026/09/05 11:26:39.668, NVIDIA GeForce RTX 3090, P2, 270.00 W, 210.64 W, 72, 6004 MiB, 24576 MiB, 20 %
2026/09/05 11:26:49.669, NVIDIA GeForce RTX 3090, P2, 270.00 W, 225.99 W, 71, 6004 MiB, 24576 MiB, 4 %
2026/09/05 11:26:59.671, NVIDIA GeForce RTX 3090, P2, 270.00 W, 226.73 W, 71, 6004 MiB, 24576 MiB, 31 %
2026/09/05 11:27:09.672, NVIDIA GeForce RTX 3090, P2, 270.00 W, 229.75 W, 71, 6004 MiB, 24576 MiB, 38 %
2026/09/05 11:27:19.673, NVIDIA GeForce RTX 3090, P2, 270.00 W, 224.45 W, 72, 6004 MiB, 24576 MiB, 28 %
2026/09/05 11:27:29.674, NVIDIA GeForce RTX 3090, P2, 270.00 W, 213.57 W, 72, 6004 MiB, 24576 MiB, 30 %
2026/09/05 11:27:39.675, NVIDIA GeForce RTX 3090, P2, 270.00 W, 226.93 W, 73, 6004 MiB, 24576 MiB, 45 %
2026/09/05 11:27:49.676, NVIDIA GeForce RTX 3090, P2, 270.00 W, 230.70 W, 73, 6004 MiB, 24576 MiB, 31 %
2026/09/05 11:27:59.678, NVIDIA GeForce RTX 3090, P2, 270.00 W, 219.28 W, 73, 6004 MiB, 24576 MiB, 26 %
2026/09/05 11:28:09.679, NVIDIA GeForce RTX 3090, P2, 270.00 W, 218.61 W, 73, 6004 MiB, 24576 MiB, 47 %
2026/09/05 11:28:19.680, NVIDIA GeForce RTX 3090, P2, 270.00 W, 208.88 W, 70, 6004 MiB, 24576 MiB, 0 %
2026/09/05 11:28:29.681, NVIDIA GeForce RTX 3090, P2, 270.00 W, 235.82 W, 73, 6004 MiB, 24576 MiB, 28 %
2026/09/05 11:28:39.682, NVIDIA GeForce RTX 3090, P2, 270.00 W, 233.97 W, 72, 6004 MiB, 24576 MiB, 30 %
2026/09/05 11:28:49.684, NVIDIA GeForce RTX 3090, P2, 270.00 W, 232.80 W, 73, 6004 MiB, 24576 MiB, 42 %
2026/09/05 11:28:59.685, NVIDIA GeForce RTX 3090, P2, 270.00 W, 220.61 W, 74, 6004 MiB, 24576 MiB, 7 %
2026/09/05 11:29:09.687, NVIDIA GeForce RTX 3090, P2, 270.00 W, 217.06 W, 72, 6004 MiB, 24576 MiB, 3 %
2026/09/05 11:29:19.688, NVIDIA GeForce RTX 3090, P2, 270.00 W, 223.51 W, 71, 6004 MiB, 24576 MiB, 7 %
2026/09/05 11:29:29.689, NVIDIA GeForce RTX 3090, P2, 270.00 W, 222.37 W, 72, 6004 MiB, 24576 MiB, 48 %
2026/09/05 11:29:39.691, NVIDIA GeForce RTX 3090, P2, 270.00 W, 231.12 W, 73, 6004 MiB, 24576 MiB, 46 %
2026/09/05 11:29:49.692, NVIDIA GeForce RTX 3090, P2, 270.00 W, 212.28 W, 72, 6004 MiB, 24576 MiB, 0 %
2026/09/05 11:29:59.693, NVIDIA GeForce RTX 3090, P2, 270.00 W, 218.59 W, 71, 6004 MiB, 24576 MiB, 4 %
2026/09/05 11:30:09.694, NVIDIA GeForce RTX 3090, P2, 270.00 W, 223.24 W, 73, 6004 MiB, 24576 MiB, 50 %
2026/09/05 11:30:19.695, NVIDIA GeForce RTX 3090, P2, 270.00 W, 233.67 W, 73, 6004 MiB, 24576 MiB, 46 %
2026/09/05 11:30:29.697, NVIDIA GeForce RTX 3090, P2, 270.00 W, 219.22 W, 73, 6004 MiB, 24576 MiB, 30 %
2026/09/05 11:30:39.698, NVIDIA GeForce RTX 3090, P2, 270.00 W, 211.79 W, 71, 6004 MiB, 24576 MiB, 47 %
2026/09/05 11:30:49.699, NVIDIA GeForce RTX 3090, P2, 270.00 W, 231.57 W, 73, 6004 MiB, 24576 MiB, 47 %
2026/09/05 11:30:59.700, NVIDIA GeForce RTX 3090, P2, 270.00 W, 230.21 W, 72, 6004 MiB, 24576 MiB, 49 %
2026/09/05 11:31:09.702, NVIDIA GeForce RTX 3090, P2, 270.00 W, 223.20 W, 73, 6004 MiB, 24576 MiB, 46 %
2026/09/05 11:31:19.703, NVIDIA GeForce RTX 3090, P2, 270.00 W, 221.34 W, 72, 6004 MiB, 24576 MiB, 30 %
2026/09/05 11:31:29.704, NVIDIA GeForce RTX 3090, P2, 270.00 W, 233.56 W, 74, 6004 MiB, 24576 MiB, 21 %
2026/09/05 11:31:39.706, NVIDIA GeForce RTX 3090, P2, 270.00 W, 228.72 W, 74, 6004 MiB, 24576 MiB, 46 %
2026/09/05 11:31:49.707, NVIDIA GeForce RTX 3090, P2, 270.00 W, 212.84 W, 71, 6004 MiB, 24576 MiB, 0 %
2026/09/05 11:31:59.708, NVIDIA GeForce RTX 3090, P2, 270.00 W, 229.95 W, 73, 6004 MiB, 24576 MiB, 48 %
2026/09/05 11:32:09.709, NVIDIA GeForce RTX 3090, P2, 270.00 W, 221.94 W, 71, 6004 MiB, 24576 MiB, 39 %
2026/09/05 11:32:19.710, NVIDIA GeForce RTX 3090, P2, 270.00 W, 221.09 W, 73, 6004 MiB, 24576 MiB, 47 %
2026/09/05 11:32:29.712, NVIDIA GeForce RTX 3090, P2, 270.00 W, 222.54 W, 71, 6004 MiB, 24576 MiB, 5 %
2026/09/05 11:32:39.713, NVIDIA GeForce RTX 3090, P2, 270.00 W, 227.27 W, 73, 6004 MiB, 24576 MiB, 49 %
2026/09/05 11:32:49.714, NVIDIA GeForce RTX 3090, P2, 270.00 W, 218.88 W, 72, 6004 MiB, 24576 MiB, 15 %
2026/09/05 11:32:59.715, NVIDIA GeForce RTX 3090, P2, 270.00 W, 205.95 W, 71, 6004 MiB, 24576 MiB, 10 %
2026/09/05 11:33:09.717, NVIDIA GeForce RTX 3090, P2, 270.00 W, 229.44 W, 72, 6004 MiB, 24576 MiB, 5 %
2026/09/05 11:33:19.718, NVIDIA GeForce RTX 3090, P2, 270.00 W, 236.27 W, 72, 6004 MiB, 24576 MiB, 30 %
2026/09/05 11:33:29.719, NVIDIA GeForce RTX 3090, P2, 270.00 W, 227.44 W, 73, 6004 MiB, 24576 MiB, 40 %
2026/09/05 11:33:39.721, NVIDIA GeForce RTX 3090, P2, 270.00 W, 223.61 W, 72, 6004 MiB, 24576 MiB, 43 %
2026/09/05 11:33:49.722, NVIDIA GeForce RTX 3090, P2, 270.00 W, 221.46 W, 72, 6004 MiB, 24576 MiB, 11 %
2026/09/05 11:33:59.723, NVIDIA GeForce RTX 3090, P2, 270.00 W, 235.08 W, 72, 6004 MiB, 24576 MiB, 30 %
2026/09/05 11:34:09.725, NVIDIA GeForce RTX 3090, P2, 270.00 W, 222.65 W, 73, 6004 MiB, 24576 MiB, 34 %
2026/09/05 11:34:19.726, NVIDIA GeForce RTX 3090, P2, 270.00 W, 228.98 W, 73, 6004 MiB, 24576 MiB, 47 %
2026/09/05 11:34:29.727, NVIDIA GeForce RTX 3090, P2, 270.00 W, 208.54 W, 71, 6004 MiB, 24576 MiB, 0 %
2026/09/05 11:34:39.728, NVIDIA GeForce RTX 3090, P2, 270.00 W, 223.66 W, 72, 6004 MiB, 24576 MiB, 6 %
2026/09/05 11:34:49.729, NVIDIA GeForce RTX 3090, P2, 270.00 W, 235.27 W, 71, 6004 MiB, 24576 MiB, 30 %
2026/09/05 11:34:59.731, NVIDIA GeForce RTX 3090, P2, 270.00 W, 218.23 W, 72, 6004 MiB, 24576 MiB, 32 %
2026/09/05 11:35:09.732, NVIDIA GeForce RTX 3090, P2, 270.00 W, 214.79 W, 73, 6004 MiB, 24576 MiB, 40 %
2026/09/05 11:35:19.733, NVIDIA GeForce RTX 3090, P2, 270.00 W, 221.81 W, 71, 6004 MiB, 24576 MiB, 38 %
2026/09/05 11:35:29.734, NVIDIA GeForce RTX 3090, P2, 270.00 W, 226.16 W, 71, 6004 MiB, 24576 MiB, 32 %
2026/09/05 11:35:39.736, NVIDIA GeForce RTX 3090, P2, 270.00 W, 221.47 W, 73, 6004 MiB, 24576 MiB, 36 %
2026/09/05 11:35:49.737, NVIDIA GeForce RTX 3090, P2, 270.00 W, 219.74 W, 72, 6004 MiB, 24576 MiB, 5 %
2026/09/05 11:35:59.738, NVIDIA GeForce RTX 3090, P2, 270.00 W, 220.08 W, 71, 6004 MiB, 24576 MiB, 39 %
2026/09/05 11:36:09.739, NVIDIA GeForce RTX 3090, P2, 270.00 W, 225.82 W, 73, 6004 MiB, 24576 MiB, 50 %
2026/09/05 11:36:19.740, NVIDIA GeForce RTX 3090, P2, 270.00 W, 240.30 W, 73, 6004 MiB, 24576 MiB, 21 %
2026/09/05 11:36:29.742, NVIDIA GeForce RTX 3090, P2, 270.00 W, 219.20 W, 73, 6004 MiB, 24576 MiB, 0 %
2026/09/05 11:36:39.743, NVIDIA GeForce RTX 3090, P2, 270.00 W, 218.48 W, 73, 6004 MiB, 24576 MiB, 31 %
2026/09/05 11:36:49.744, NVIDIA GeForce RTX 3090, P2, 270.00 W, 222.73 W, 72, 6004 MiB, 24576 MiB, 0 %
2026/09/05 11:36:59.745, NVIDIA GeForce RTX 3090, P2, 270.00 W, 221.56 W, 72, 6004 MiB, 24576 MiB, 48 %
2026/09/05 11:37:09.746, NVIDIA GeForce RTX 3090, P2, 270.00 W, 225.32 W, 73, 6004 MiB, 24576 MiB, 38 %
2026/09/05 11:37:19.747, NVIDIA GeForce RTX 3090, P2, 270.00 W, 218.84 W, 72, 6004 MiB, 24576 MiB, 5 %
2026/09/05 11:37:29.749, NVIDIA GeForce RTX 3090, P2, 270.00 W, 221.46 W, 71, 6004 MiB, 24576 MiB, 30 %
2026/09/05 11:37:39.750, NVIDIA GeForce RTX 3090, P2, 270.00 W, 235.57 W, 73, 6004 MiB, 24576 MiB, 47 %
2026/09/05 11:37:49.752, NVIDIA GeForce RTX 3090, P2, 270.00 W, 213.88 W, 71, 6004 MiB, 24576 MiB, 28 %
2026/09/05 11:37:59.753, NVIDIA GeForce RTX 3090, P2, 270.00 W, 212.25 W, 71, 6004 MiB, 24576 MiB, 47 %
2026/09/05 11:38:09.755, NVIDIA GeForce RTX 3090, P2, 270.00 W, 216.21 W, 71, 6004 MiB, 24576 MiB, 31 %
2026/09/05 11:38:19.756, NVIDIA GeForce RTX 3090, P2, 270.00 W, 224.71 W, 71, 6004 MiB, 24576 MiB, 41 %
2026/09/05 11:38:29.757, NVIDIA GeForce RTX 3090, P2, 270.00 W, 220.00 W, 74, 6004 MiB, 24576 MiB, 25 %
2026/09/05 11:38:39.759, NVIDIA GeForce RTX 3090, P2, 270.00 W, 212.10 W, 71, 6004 MiB, 24576 MiB, 47 %
2026/09/05 11:38:49.760, NVIDIA GeForce RTX 3090, P2, 270.00 W, 226.51 W, 72, 6004 MiB, 24576 MiB, 49 %
2026/09/05 11:38:59.761, NVIDIA GeForce RTX 3090, P2, 270.00 W, 215.30 W, 72, 6004 MiB, 24576 MiB, 30 %
2026/09/05 11:39:09.762, NVIDIA GeForce RTX 3090, P2, 270.00 W, 207.49 W, 71, 6004 MiB, 24576 MiB, 4 %
2026/09/05 11:39:19.764, NVIDIA GeForce RTX 3090, P2, 270.00 W, 221.46 W, 72, 6004 MiB, 24576 MiB, 39 %
2026/09/05 11:39:29.765, NVIDIA GeForce RTX 3090, P2, 270.00 W, 224.23 W, 71, 6004 MiB, 24576 MiB, 4 %
2026/09/05 11:39:39.766, NVIDIA GeForce RTX 3090, P2, 270.00 W, 220.11 W, 73, 6004 MiB, 24576 MiB, 21 %
2026/09/05 11:39:49.767, NVIDIA GeForce RTX 3090, P2, 270.00 W, 210.97 W, 71, 6004 MiB, 24576 MiB, 12 %
2026/09/05 11:39:59.769, NVIDIA GeForce RTX 3090, P2, 270.00 W, 217.03 W, 71, 6004 MiB, 24576 MiB, 30 %
2026/09/05 11:40:09.770, NVIDIA GeForce RTX 3090, P2, 270.00 W, 224.45 W, 73, 6004 MiB, 24576 MiB, 49 %
2026/09/05 11:40:19.771, NVIDIA GeForce RTX 3090, P2, 270.00 W, 225.56 W, 72, 6004 MiB, 24576 MiB, 45 %
2026/09/05 11:40:29.773, NVIDIA GeForce RTX 3090, P2, 270.00 W, 221.37 W, 73, 6004 MiB, 24576 MiB, 26 %
2026/09/05 11:40:39.774, NVIDIA GeForce RTX 3090, P2, 270.00 W, 221.19 W, 72, 6004 MiB, 24576 MiB, 30 %
2026/09/05 11:40:49.775, NVIDIA GeForce RTX 3090, P2, 270.00 W, 225.73 W, 71, 6004 MiB, 24576 MiB, 6 %
2026/09/05 11:40:59.777, NVIDIA GeForce RTX 3090, P2, 270.00 W, 225.00 W, 72, 6004 MiB, 24576 MiB, 44 %
2026/09/05 11:41:09.778, NVIDIA GeForce RTX 3090, P2, 270.00 W, 222.53 W, 72, 6004 MiB, 24576 MiB, 26 %
2026/09/05 11:41:19.779, NVIDIA GeForce RTX 3090, P2, 270.00 W, 205.11 W, 71, 6004 MiB, 24576 MiB, 47 %
2026/09/05 11:41:29.781, NVIDIA GeForce RTX 3090, P2, 270.00 W, 230.41 W, 72, 6004 MiB, 24576 MiB, 24 %
2026/09/05 11:41:39.782, NVIDIA GeForce RTX 3090, P2, 270.00 W, 234.45 W, 73, 6004 MiB, 24576 MiB, 48 %
2026/09/05 11:41:49.783, NVIDIA GeForce RTX 3090, P2, 270.00 W, 223.10 W, 73, 6004 MiB, 24576 MiB, 36 %
2026/09/05 11:41:59.785, NVIDIA GeForce RTX 3090, P2, 270.00 W, 210.35 W, 72, 6004 MiB, 24576 MiB, 5 %
2026/09/05 11:42:09.786, NVIDIA GeForce RTX 3090, P2, 270.00 W, 216.72 W, 71, 6004 MiB, 24576 MiB, 33 %
2026/09/05 11:42:19.787, NVIDIA GeForce RTX 3090, P2, 270.00 W, 221.22 W, 74, 6004 MiB, 24576 MiB, 30 %
2026/09/05 11:42:29.789, NVIDIA GeForce RTX 3090, P2, 270.00 W, 226.88 W, 71, 6004 MiB, 24576 MiB, 21 %
2026/09/05 11:42:39.790, NVIDIA GeForce RTX 3090, P2, 270.00 W, 221.55 W, 73, 6004 MiB, 24576 MiB, 43 %
2026/09/05 11:42:49.792, NVIDIA GeForce RTX 3090, P2, 270.00 W, 215.24 W, 72, 6004 MiB, 24576 MiB, 30 %
2026/09/05 11:42:59.793, NVIDIA GeForce RTX 3090, P2, 270.00 W, 222.26 W, 72, 6004 MiB, 24576 MiB, 43 %
2026/09/05 11:43:09.794, NVIDIA GeForce RTX 3090, P2, 270.00 W, 234.46 W, 72, 6004 MiB, 24576 MiB, 42 %
2026/09/05 11:43:19.795, NVIDIA GeForce RTX 3090, P2, 270.00 W, 236.11 W, 72, 6004 MiB, 24576 MiB, 30 %
2026/09/05 11:43:29.797, NVIDIA GeForce RTX 3090, P2, 270.00 W, 230.52 W, 73, 6004 MiB, 24576 MiB, 47 %
2026/09/05 11:43:39.798, NVIDIA GeForce RTX 3090, P2, 270.00 W, 223.37 W, 73, 6004 MiB, 24576 MiB, 46 %
2026/09/05 11:43:49.799, NVIDIA GeForce RTX 3090, P2, 270.00 W, 211.60 W, 71, 6004 MiB, 24576 MiB, 0 %
2026/09/05 11:43:59.801, NVIDIA GeForce RTX 3090, P2, 270.00 W, 230.52 W, 72, 6004 MiB, 24576 MiB, 48 %
2026/09/05 11:44:09.802, NVIDIA GeForce RTX 3090, P2, 270.00 W, 234.25 W, 73, 6004 MiB, 24576 MiB, 46 %
2026/09/05 11:44:19.803, NVIDIA GeForce RTX 3090, P2, 270.00 W, 224.16 W, 73, 6004 MiB, 24576 MiB, 45 %
2026/09/05 11:44:29.805, NVIDIA GeForce RTX 3090, P2, 270.00 W, 224.68 W, 72, 6004 MiB, 24576 MiB, 5 %
2026/09/05 11:44:39.806, NVIDIA GeForce RTX 3090, P2, 270.00 W, 233.24 W, 72, 6004 MiB, 24576 MiB, 37 %
2026/09/05 11:44:49.807, NVIDIA GeForce RTX 3090, P2, 270.00 W, 222.90 W, 73, 6004 MiB, 24576 MiB, 36 %
2026/09/05 11:44:59.809, NVIDIA GeForce RTX 3090, P2, 270.00 W, 230.78 W, 73, 6004 MiB, 24576 MiB, 0 %
2026/09/05 11:45:09.810, NVIDIA GeForce RTX 3090, P2, 270.00 W, 215.48 W, 71, 6004 MiB, 24576 MiB, 47 %
2026/09/05 11:45:19.811, NVIDIA GeForce RTX 3090, P2, 270.00 W, 229.15 W, 73, 6004 MiB, 24576 MiB, 47 %
2026/09/05 11:45:29.813, NVIDIA GeForce RTX 3090, P2, 270.00 W, 229.20 W, 73, 6004 MiB, 24576 MiB, 49 %
2026/09/05 11:45:39.814, NVIDIA GeForce RTX 3090, P2, 270.00 W, 222.04 W, 73, 6004 MiB, 24576 MiB, 10 %
2026/09/05 11:45:49.815, NVIDIA GeForce RTX 3090, P2, 270.00 W, 203.44 W, 71, 6004 MiB, 24576 MiB, 48 %
2026/09/05 11:45:59.816, NVIDIA GeForce RTX 3090, P2, 270.00 W, 210.57 W, 71, 6004 MiB, 24576 MiB, 32 %
2026/09/05 11:46:09.818, NVIDIA GeForce RTX 3090, P2, 270.00 W, 223.07 W, 73, 6004 MiB, 24576 MiB, 30 %
2026/09/05 11:46:19.819, NVIDIA GeForce RTX 3090, P2, 270.00 W, 212.33 W, 72, 6004 MiB, 24576 MiB, 11 %
2026/09/05 11:46:29.820, NVIDIA GeForce RTX 3090, P2, 270.00 W, 226.85 W, 72, 6004 MiB, 24576 MiB, 29 %
2026/09/05 11:46:39.821, NVIDIA GeForce RTX 3090, P2, 270.00 W, 234.38 W, 72, 6004 MiB, 24576 MiB, 30 %
2026/09/05 11:46:49.823, NVIDIA GeForce RTX 3090, P2, 270.00 W, 231.42 W, 73, 6004 MiB, 24576 MiB, 46 %
2026/09/05 11:46:59.824, NVIDIA GeForce RTX 3090, P2, 270.00 W, 221.20 W, 74, 6004 MiB, 24576 MiB, 47 %
2026/09/05 11:47:09.826, NVIDIA GeForce RTX 3090, P2, 270.00 W, 219.70 W, 71, 6004 MiB, 24576 MiB, 0 %
2026/09/05 11:47:19.827, NVIDIA GeForce RTX 3090, P2, 270.00 W, 229.21 W, 72, 6004 MiB, 24576 MiB, 31 %
2026/09/05 11:47:29.829, NVIDIA GeForce RTX 3090, P2, 270.00 W, 233.32 W, 73, 6004 MiB, 24576 MiB, 48 %
2026/09/05 11:47:39.830, NVIDIA GeForce RTX 3090, P2, 270.00 W, 217.42 W, 72, 6004 MiB, 24576 MiB, 4 %
2026/09/05 11:47:49.831, NVIDIA GeForce RTX 3090, P2, 270.00 W, 213.61 W, 71, 6004 MiB, 24576 MiB, 47 %
2026/09/05 11:47:59.833, NVIDIA GeForce RTX 3090, P2, 270.00 W, 222.97 W, 72, 6004 MiB, 24576 MiB, 46 %
2026/09/05 11:48:09.834, NVIDIA GeForce RTX 3090, P2, 270.00 W, 230.82 W, 73, 6004 MiB, 24576 MiB, 47 %
2026/09/05 11:48:19.836, NVIDIA GeForce RTX 3090, P2, 270.00 W, 210.51 W, 73, 6004 MiB, 24576 MiB, 0 %
2026/09/05 11:48:29.837, NVIDIA GeForce RTX 3090, P2, 270.00 W, 220.94 W, 71, 6004 MiB, 24576 MiB, 4 %
2026/09/05 11:48:39.838, NVIDIA GeForce RTX 3090, P2, 270.00 W, 231.45 W, 73, 6004 MiB, 24576 MiB, 48 %
2026/09/05 11:48:49.840, NVIDIA GeForce RTX 3090, P2, 270.00 W, 233.74 W, 72, 6004 MiB, 24576 MiB, 48 %
2026/09/05 11:48:59.841, NVIDIA GeForce RTX 3090, P2, 270.00 W, 220.48 W, 73, 6004 MiB, 24576 MiB, 20 %
2026/09/05 11:49:09.842, NVIDIA GeForce RTX 3090, P2, 270.00 W, 211.89 W, 71, 6004 MiB, 24576 MiB, 0 %
2026/09/05 11:49:19.844, NVIDIA GeForce RTX 3090, P2, 270.00 W, 230.51 W, 73, 6004 MiB, 24576 MiB, 30 %
2026/09/05 11:49:29.845, NVIDIA GeForce RTX 3090, P2, 270.00 W, 231.19 W, 74, 6004 MiB, 24576 MiB, 47 %
2026/09/05 11:49:39.846, NVIDIA GeForce RTX 3090, P2, 270.00 W, 215.31 W, 73, 6004 MiB, 24576 MiB, 42 %
2026/09/05 11:49:49.847, NVIDIA GeForce RTX 3090, P2, 270.00 W, 228.12 W, 72, 6004 MiB, 24576 MiB, 34 %
2026/09/05 11:49:59.848, NVIDIA GeForce RTX 3090, P2, 270.00 W, 233.44 W, 72, 6004 MiB, 24576 MiB, 30 %
2026/09/05 11:50:09.849, NVIDIA GeForce RTX 3090, P2, 270.00 W, 229.66 W, 73, 6004 MiB, 24576 MiB, 46 %
2026/09/05 11:50:19.851, NVIDIA GeForce RTX 3090, P2, 270.00 W, 211.37 W, 71, 6004 MiB, 24576 MiB, 0 %
2026/09/05 11:50:29.852, NVIDIA GeForce RTX 3090, P2, 270.00 W, 229.28 W, 72, 6004 MiB, 24576 MiB, 48 %
2026/09/05 11:50:39.853, NVIDIA GeForce RTX 3090, P2, 270.00 W, 225.20 W, 72, 6004 MiB, 24576 MiB, 46 %
2026/09/05 11:50:49.854, NVIDIA GeForce RTX 3090, P2, 270.00 W, 220.04 W, 73, 6004 MiB, 24576 MiB, 46 %
2026/09/05 11:50:59.855, NVIDIA GeForce RTX 3090, P2, 270.00 W, 207.48 W, 70, 6004 MiB, 24576 MiB, 0 %
2026/09/05 11:51:09.857, NVIDIA GeForce RTX 3090, P2, 270.00 W, 230.68 W, 74, 6004 MiB, 24576 MiB, 35 %
2026/09/05 11:51:19.858, NVIDIA GeForce RTX 3090, P2, 270.00 W, 227.58 W, 72, 6004 MiB, 24576 MiB, 47 %
2026/09/05 11:51:29.859, NVIDIA GeForce RTX 3090, P2, 270.00 W, 211.62 W, 72, 6004 MiB, 24576 MiB, 30 %
2026/09/05 11:51:39.861, NVIDIA GeForce RTX 3090, P2, 270.00 W, 225.40 W, 73, 6004 MiB, 24576 MiB, 47 %
2026/09/05 11:51:49.862, NVIDIA GeForce RTX 3090, P2, 270.00 W, 233.13 W, 71, 6004 MiB, 24576 MiB, 4 %
2026/09/05 11:51:59.863, NVIDIA GeForce RTX 3090, P2, 270.00 W, 225.46 W, 73, 6004 MiB, 24576 MiB, 36 %
2026/09/05 11:52:09.864, NVIDIA GeForce RTX 3090, P2, 270.00 W, 211.89 W, 71, 6004 MiB, 24576 MiB, 47 %
2026/09/05 11:52:19.866, NVIDIA GeForce RTX 3090, P2, 270.00 W, 224.12 W, 73, 6004 MiB, 24576 MiB, 26 %
2026/09/05 11:52:29.867, NVIDIA GeForce RTX 3090, P2, 270.00 W, 229.55 W, 71, 6004 MiB, 24576 MiB, 30 %
2026/09/05 11:52:39.868, NVIDIA GeForce RTX 3090, P2, 270.00 W, 216.77 W, 73, 6004 MiB, 24576 MiB, 1 %
2026/09/05 11:52:49.869, NVIDIA GeForce RTX 3090, P2, 270.00 W, 209.24 W, 71, 6004 MiB, 24576 MiB, 0 %
2026/09/05 11:52:59.871, NVIDIA GeForce RTX 3090, P2, 270.00 W, 230.51 W, 72, 6004 MiB, 24576 MiB, 36 %
2026/09/05 11:53:09.872, NVIDIA GeForce RTX 3090, P2, 270.00 W, 230.04 W, 72, 6004 MiB, 24576 MiB, 46 %
2026/09/05 11:53:19.873, NVIDIA GeForce RTX 3090, P2, 270.00 W, 225.46 W, 73, 6004 MiB, 24576 MiB, 0 %
2026/09/05 11:53:29.874, NVIDIA GeForce RTX 3090, P2, 270.00 W, 219.49 W, 71, 6004 MiB, 24576 MiB, 6 %
2026/09/05 11:53:39.875, NVIDIA GeForce RTX 3090, P2, 270.00 W, 233.72 W, 72, 6004 MiB, 24576 MiB, 10 %
2026/09/05 11:53:49.877, NVIDIA GeForce RTX 3090, P2, 270.00 W, 211.95 W, 73, 6004 MiB, 24576 MiB, 31 %
2026/09/05 11:53:59.878, NVIDIA GeForce RTX 3090, P2, 270.00 W, 226.07 W, 73, 6004 MiB, 24576 MiB, 0 %
2026/09/05 11:54:09.879, NVIDIA GeForce RTX 3090, P2, 270.00 W, 208.51 W, 73, 6004 MiB, 24576 MiB, 4 %
2026/09/05 11:54:19.880, NVIDIA GeForce RTX 3090, P2, 270.00 W, 220.56 W, 71, 6004 MiB, 24576 MiB, 46 %
2026/09/05 11:54:29.881, NVIDIA GeForce RTX 3090, P2, 270.00 W, 230.85 W, 72, 6004 MiB, 24576 MiB, 41 %
2026/09/05 11:54:39.883, NVIDIA GeForce RTX 3090, P2, 270.00 W, 226.37 W, 71, 6004 MiB, 24576 MiB, 19 %
2026/09/05 11:54:49.884, NVIDIA GeForce RTX 3090, P2, 270.00 W, 224.51 W, 74, 6004 MiB, 24576 MiB, 0 %
2026/09/05 11:54:59.885, NVIDIA GeForce RTX 3090, P2, 270.00 W, 231.35 W, 72, 6004 MiB, 24576 MiB, 18 %
2026/09/05 11:55:09.887, NVIDIA GeForce RTX 3090, P2, 270.00 W, 234.12 W, 72, 6004 MiB, 24576 MiB, 49 %
2026/09/05 11:55:19.888, NVIDIA GeForce RTX 3090, P2, 270.00 W, 228.25 W, 73, 6004 MiB, 24576 MiB, 45 %
2026/09/05 11:55:29.889, NVIDIA GeForce RTX 3090, P2, 270.00 W, 218.11 W, 71, 6004 MiB, 24576 MiB, 47 %
2026/09/05 11:55:39.890, NVIDIA GeForce RTX 3090, P2, 270.00 W, 232.51 W, 74, 6004 MiB, 24576 MiB, 6 %
2026/09/05 11:55:49.892, NVIDIA GeForce RTX 3090, P2, 270.00 W, 229.80 W, 73, 6004 MiB, 24576 MiB, 47 %
2026/09/05 11:55:59.893, NVIDIA GeForce RTX 3090, P2, 270.00 W, 235.46 W, 72, 6004 MiB, 24576 MiB, 17 %
2026/09/05 11:56:09.894, NVIDIA GeForce RTX 3090, P2, 270.00 W, 221.04 W, 73, 6004 MiB, 24576 MiB, 24 %
2026/09/05 11:56:19.895, NVIDIA GeForce RTX 3090, P2, 270.00 W, 219.81 W, 71, 6004 MiB, 24576 MiB, 6 %
2026/09/05 11:56:29.896, NVIDIA GeForce RTX 3090, P2, 270.00 W, 227.26 W, 72, 6004 MiB, 24576 MiB, 43 %
2026/09/05 11:56:39.898, NVIDIA GeForce RTX 3090, P2, 270.00 W, 232.82 W, 72, 6004 MiB, 24576 MiB, 30 %
2026/09/05 11:56:49.899, NVIDIA GeForce RTX 3090, P2, 270.00 W, 221.27 W, 72, 6004 MiB, 24576 MiB, 47 %
2026/09/05 11:56:59.900, NVIDIA GeForce RTX 3090, P2, 270.00 W, 223.25 W, 73, 6004 MiB, 24576 MiB, 30 %
2026/09/05 11:57:09.901, NVIDIA GeForce RTX 3090, P2, 270.00 W, 213.04 W, 71, 6004 MiB, 24576 MiB, 30 %
2026/09/05 11:57:19.902, NVIDIA GeForce RTX 3090, P2, 270.00 W, 215.49 W, 72, 6004 MiB, 24576 MiB, 5 %
2026/09/05 11:57:29.903, NVIDIA GeForce RTX 3090, P2, 270.00 W, 230.81 W, 72, 6004 MiB, 24576 MiB, 4 %
2026/09/05 11:57:39.904, NVIDIA GeForce RTX 3090, P2, 270.00 W, 221.46 W, 74, 6004 MiB, 24576 MiB, 25 %
2026/09/05 11:57:49.906, NVIDIA GeForce RTX 3090, P2, 270.00 W, 220.57 W, 71, 6004 MiB, 24576 MiB, 47 %
2026/09/05 11:57:59.907, NVIDIA GeForce RTX 3090, P2, 270.00 W, 218.65 W, 72, 6004 MiB, 24576 MiB, 49 %
2026/09/05 11:58:09.908, NVIDIA GeForce RTX 3090, P2, 270.00 W, 220.00 W, 73, 6004 MiB, 24576 MiB, 25 %
2026/09/05 11:58:19.910, NVIDIA GeForce RTX 3090, P2, 270.00 W, 210.37 W, 72, 6004 MiB, 24576 MiB, 14 %
2026/09/05 11:58:29.911, NVIDIA GeForce RTX 3090, P2, 270.00 W, 221.69 W, 72, 6004 MiB, 24576 MiB, 7 %
2026/09/05 11:58:39.912, NVIDIA GeForce RTX 3090, P2, 270.00 W, 227.57 W, 72, 6004 MiB, 24576 MiB, 45 %
2026/09/05 11:58:49.914, NVIDIA GeForce RTX 3090, P2, 270.00 W, 222.40 W, 73, 6004 MiB, 24576 MiB, 30 %
2026/09/05 11:58:59.915, NVIDIA GeForce RTX 3090, P2, 270.00 W, 209.32 W, 72, 6004 MiB, 24576 MiB, 10 %
2026/09/05 11:59:09.916, NVIDIA GeForce RTX 3090, P2, 270.00 W, 216.92 W, 72, 6004 MiB, 24576 MiB, 48 %
2026/09/05 11:59:19.917, NVIDIA GeForce RTX 3090, P2, 270.00 W, 224.48 W, 72, 6004 MiB, 24576 MiB, 50 %
2026/09/05 11:59:29.918, NVIDIA GeForce RTX 3090, P2, 270.00 W, 219.59 W, 74, 6004 MiB, 24576 MiB, 46 %
2026/09/05 11:59:39.920, NVIDIA GeForce RTX 3090, P2, 270.00 W, 216.33 W, 71, 6004 MiB, 24576 MiB, 46 %
2026/09/05 11:59:49.921, NVIDIA GeForce RTX 3090, P2, 270.00 W, 227.21 W, 74, 6004 MiB, 24576 MiB, 39 %
2026/09/05 11:59:59.922, NVIDIA GeForce RTX 3090, P2, 270.00 W, 219.75 W, 71, 6004 MiB, 24576 MiB, 51 %
2026/09/05 12:00:09.924, NVIDIA GeForce RTX 3090, P2, 270.00 W, 205.03 W, 71, 6004 MiB, 24576 MiB, 30 %
2026/09/05 12:00:19.925, NVIDIA GeForce RTX 3090, P2, 270.00 W, 213.42 W, 72, 6004 MiB, 24576 MiB, 50 %
2026/09/05 12:00:29.926, NVIDIA GeForce RTX 3090, P2, 270.00 W, 229.15 W, 73, 6004 MiB, 24576 MiB, 46 %
2026/09/05 12:00:39.928, NVIDIA GeForce RTX 3090, P2, 270.00 W, 211.10 W, 73, 6004 MiB, 24576 MiB, 30 %
2026/09/05 12:00:49.929, NVIDIA GeForce RTX 3090, P2, 270.00 W, 224.32 W, 72, 6004 MiB, 24576 MiB, 20 %
2026/09/05 12:00:59.930, NVIDIA GeForce RTX 3090, P2, 270.00 W, 232.81 W, 72, 6004 MiB, 24576 MiB, 30 %
2026/09/05 12:01:09.931, NVIDIA GeForce RTX 3090, P2, 270.00 W, 216.68 W, 73, 6004 MiB, 24576 MiB, 7 %
2026/09/05 12:01:19.932, NVIDIA GeForce RTX 3090, P2, 270.00 W, 222.83 W, 72, 6004 MiB, 24576 MiB, 0 %
2026/09/05 12:01:29.933, NVIDIA GeForce RTX 3090, P2, 270.00 W, 219.09 W, 73, 6004 MiB, 24576 MiB, 42 %
2026/09/05 12:01:39.935, NVIDIA GeForce RTX 3090, P2, 270.00 W, 220.01 W, 72, 6004 MiB, 24576 MiB, 44 %
2026/09/05 12:01:49.936, NVIDIA GeForce RTX 3090, P2, 270.00 W, 214.20 W, 72, 6004 MiB, 24576 MiB, 37 %
2026/09/05 12:01:59.937, NVIDIA GeForce RTX 3090, P2, 270.00 W, 223.28 W, 73, 6004 MiB, 24576 MiB, 15 %
2026/09/05 12:02:09.938, NVIDIA GeForce RTX 3090, P2, 270.00 W, 232.66 W, 73, 6004 MiB, 24576 MiB, 23 %
2026/09/05 12:02:19.940, NVIDIA GeForce RTX 3090, P2, 270.00 W, 220.48 W, 73, 6004 MiB, 24576 MiB, 30 %
2026/09/05 12:02:29.941, NVIDIA GeForce RTX 3090, P2, 270.00 W, 206.86 W, 71, 6004 MiB, 24576 MiB, 11 %
2026/09/05 12:02:39.942, NVIDIA GeForce RTX 3090, P2, 270.00 W, 219.94 W, 72, 6004 MiB, 24576 MiB, 26 %
2026/09/05 12:02:49.943, NVIDIA GeForce RTX 3090, P2, 270.00 W, 238.07 W, 74, 6004 MiB, 24576 MiB, 48 %
2026/09/05 12:02:59.944, NVIDIA GeForce RTX 3090, P2, 270.00 W, 221.82 W, 74, 6004 MiB, 24576 MiB, 30 %
2026/09/05 12:03:09.945, NVIDIA GeForce RTX 3090, P2, 270.00 W, 210.12 W, 72, 6004 MiB, 24576 MiB, 21 %
2026/09/05 12:03:19.947, NVIDIA GeForce RTX 3090, P2, 270.00 W, 222.57 W, 73, 6004 MiB, 24576 MiB, 32 %
2026/09/05 12:03:29.948, NVIDIA GeForce RTX 3090, P2, 270.00 W, 230.83 W, 73, 6004 MiB, 24576 MiB, 48 %
2026/09/05 12:03:39.949, NVIDIA GeForce RTX 3090, P2, 270.00 W, 218.81 W, 72, 6004 MiB, 24576 MiB, 30 %
2026/09/05 12:03:49.950, NVIDIA GeForce RTX 3090, P2, 270.00 W, 209.36 W, 72, 6004 MiB, 24576 MiB, 44 %
2026/09/05 12:03:59.952, NVIDIA GeForce RTX 3090, P2, 270.00 W, 217.60 W, 72, 6004 MiB, 24576 MiB, 7 %
2026/09/05 12:04:09.953, NVIDIA GeForce RTX 3090, P2, 270.00 W, 217.09 W, 72, 6004 MiB, 24576 MiB, 32 %
2026/09/05 12:04:19.954, NVIDIA GeForce RTX 3090, P2, 270.00 W, 223.75 W, 73, 6004 MiB, 24576 MiB, 39 %
2026/09/05 12:04:29.956, NVIDIA GeForce RTX 3090, P2, 270.00 W, 221.03 W, 72, 6004 MiB, 24576 MiB, 5 %
2026/09/05 12:04:39.957, NVIDIA GeForce RTX 3090, P2, 270.00 W, 224.44 W, 72, 6004 MiB, 24576 MiB, 28 %
2026/09/05 12:04:49.958, NVIDIA GeForce RTX 3090, P2, 270.00 W, 225.16 W, 72, 6004 MiB, 24576 MiB, 40 %
2026/09/05 12:04:59.959, NVIDIA GeForce RTX 3090, P2, 270.00 W, 233.55 W, 72, 6004 MiB, 24576 MiB, 21 %
2026/09/05 12:05:09.960, NVIDIA GeForce RTX 3090, P2, 270.00 W, 216.51 W, 73, 6004 MiB, 24576 MiB, 0 %
2026/09/05 12:05:19.962, NVIDIA GeForce RTX 3090, P2, 270.00 W, 209.45 W, 71, 6004 MiB, 24576 MiB, 0 %
2026/09/05 12:05:29.963, NVIDIA GeForce RTX 3090, P2, 270.00 W, 220.38 W, 73, 6004 MiB, 24576 MiB, 47 %
2026/09/05 12:05:39.964, NVIDIA GeForce RTX 3090, P2, 270.00 W, 236.36 W, 72, 6004 MiB, 24576 MiB, 32 %
2026/09/05 12:05:49.965, NVIDIA GeForce RTX 3090, P2, 270.00 W, 220.00 W, 74, 6004 MiB, 24576 MiB, 0 %
2026/09/05 12:05:59.967, NVIDIA GeForce RTX 3090, P2, 270.00 W, 225.91 W, 72, 6004 MiB, 24576 MiB, 5 %
2026/09/05 12:06:09.968, NVIDIA GeForce RTX 3090, P2, 270.00 W, 232.74 W, 72, 6004 MiB, 24576 MiB, 23 %
2026/09/05 12:06:19.969, NVIDIA GeForce RTX 3090, P2, 270.00 W, 217.07 W, 73, 6004 MiB, 24576 MiB, 28 %
2026/09/05 12:06:29.970, NVIDIA GeForce RTX 3090, P2, 270.00 W, 216.12 W, 73, 6004 MiB, 24576 MiB, 0 %
2026/09/05 12:06:39.971, NVIDIA GeForce RTX 3090, P2, 270.00 W, 211.29 W, 71, 6004 MiB, 24576 MiB, 0 %
2026/09/05 12:06:49.972, NVIDIA GeForce RTX 3090, P2, 270.00 W, 232.44 W, 72, 6004 MiB, 24576 MiB, 5 %
2026/09/05 12:06:59.974, NVIDIA GeForce RTX 3090, P2, 270.00 W, 220.95 W, 73, 6004 MiB, 24576 MiB, 30 %
2026/09/05 12:07:09.975, NVIDIA GeForce RTX 3090, P2, 270.00 W, 206.38 W, 71, 6004 MiB, 24576 MiB, 48 %
2026/09/05 12:07:19.976, NVIDIA GeForce RTX 3090, P2, 270.00 W, 219.72 W, 72, 6004 MiB, 24576 MiB, 48 %
2026/09/05 12:07:29.977, NVIDIA GeForce RTX 3090, P2, 270.00 W, 219.21 W, 72, 6004 MiB, 24576 MiB, 48 %
2026/09/05 12:07:39.978, NVIDIA GeForce RTX 3090, P2, 270.00 W, 212.22 W, 73, 6004 MiB, 24576 MiB, 30 %
2026/09/05 12:07:49.980, NVIDIA GeForce RTX 3090, P2, 270.00 W, 219.46 W, 71, 6004 MiB, 24576 MiB, 38 %
2026/09/05 12:07:59.981, NVIDIA GeForce RTX 3090, P2, 270.00 W, 237.72 W, 73, 6004 MiB, 24576 MiB, 5 %
2026/09/05 12:08:09.982, NVIDIA GeForce RTX 3090, P2, 270.00 W, 220.20 W, 73, 6004 MiB, 24576 MiB, 30 %
2026/09/05 12:08:19.983, NVIDIA GeForce RTX 3090, P2, 270.00 W, 210.20 W, 71, 6004 MiB, 24576 MiB, 0 %
2026/09/05 12:08:29.984, NVIDIA GeForce RTX 3090, P2, 270.00 W, 227.87 W, 72, 6004 MiB, 24576 MiB, 8 %
2026/09/05 12:08:39.985, NVIDIA GeForce RTX 3090, P2, 270.00 W, 220.25 W, 72, 6004 MiB, 24576 MiB, 7 %
2026/09/05 12:08:49.986, NVIDIA GeForce RTX 3090, P2, 270.00 W, 221.38 W, 73, 6004 MiB, 24576 MiB, 30 %
2026/09/05 12:08:59.988, NVIDIA GeForce RTX 3090, P2, 270.00 W, 223.76 W, 73, 6004 MiB, 24576 MiB, 28 %
2026/09/05 12:09:09.989, NVIDIA GeForce RTX 3090, P2, 270.00 W, 219.27 W, 71, 6004 MiB, 24576 MiB, 30 %
2026/09/05 12:09:19.990, NVIDIA GeForce RTX 3090, P2, 270.00 W, 220.54 W, 72, 6004 MiB, 24576 MiB, 30 %
2026/09/05 12:09:29.991, NVIDIA GeForce RTX 3090, P2, 270.00 W, 225.38 W, 73, 6004 MiB, 24576 MiB, 23 %
2026/09/05 12:09:39.992, NVIDIA GeForce RTX 3090, P2, 270.00 W, 222.19 W, 73, 6004 MiB, 24576 MiB, 29 %
2026/09/05 12:09:49.993, NVIDIA GeForce RTX 3090, P2, 270.00 W, 224.85 W, 72, 6004 MiB, 24576 MiB, 15 %
2026/09/05 12:09:59.995, NVIDIA GeForce RTX 3090, P2, 270.00 W, 234.05 W, 72, 6004 MiB, 24576 MiB, 32 %
2026/09/05 12:10:09.996, NVIDIA GeForce RTX 3090, P2, 270.00 W, 228.42 W, 72, 6004 MiB, 24576 MiB, 48 %
2026/09/05 12:10:19.997, NVIDIA GeForce RTX 3090, P2, 270.00 W, 220.08 W, 74, 6004 MiB, 24576 MiB, 47 %
2026/09/05 12:10:29.998, NVIDIA GeForce RTX 3090, P2, 270.00 W, 212.37 W, 71, 6004 MiB, 24576 MiB, 0 %
2026/09/05 12:10:39.999, NVIDIA GeForce RTX 3090, P2, 270.00 W, 236.46 W, 72, 6004 MiB, 24576 MiB, 6 %
2026/09/05 12:10:50.000, NVIDIA GeForce RTX 3090, P2, 270.00 W, 216.65 W, 71, 6004 MiB, 24576 MiB, 30 %
2026/09/05 12:11:00.001, NVIDIA GeForce RTX 3090, P2, 270.00 W, 220.96 W, 73, 6004 MiB, 24576 MiB, 0 %
2026/09/05 12:11:10.003, NVIDIA GeForce RTX 3090, P2, 270.00 W, 220.75 W, 72, 6004 MiB, 24576 MiB, 41 %
2026/09/05 12:11:20.004, NVIDIA GeForce RTX 3090, P2, 270.00 W, 231.63 W, 72, 6004 MiB, 24576 MiB, 38 %
2026/09/05 12:11:30.005, NVIDIA GeForce RTX 3090, P2, 270.00 W, 217.37 W, 73, 6004 MiB, 24576 MiB, 0 %
2026/09/05 12:11:40.006, NVIDIA GeForce RTX 3090, P2, 270.00 W, 230.52 W, 72, 6004 MiB, 24576 MiB, 38 %
2026/09/05 12:11:50.008, NVIDIA GeForce RTX 3090, P2, 270.00 W, 227.07 W, 71, 6004 MiB, 24576 MiB, 15 %
2026/09/05 12:12:00.009, NVIDIA GeForce RTX 3090, P2, 270.00 W, 224.45 W, 73, 6004 MiB, 24576 MiB, 47 %
2026/09/05 12:12:10.010, NVIDIA GeForce RTX 3090, P2, 270.00 W, 218.62 W, 73, 6004 MiB, 24576 MiB, 8 %
2026/09/05 12:12:20.011, NVIDIA GeForce RTX 3090, P2, 270.00 W, 225.39 W, 72, 6004 MiB, 24576 MiB, 5 %
2026/09/05 12:12:30.013, NVIDIA GeForce RTX 3090, P2, 270.00 W, 231.73 W, 73, 6004 MiB, 24576 MiB, 48 %
2026/09/05 12:12:40.014, NVIDIA GeForce RTX 3090, P2, 270.00 W, 222.99 W, 73, 6004 MiB, 24576 MiB, 29 %
2026/09/05 12:12:50.015, NVIDIA GeForce RTX 3090, P2, 270.00 W, 214.94 W, 71, 6004 MiB, 24576 MiB, 0 %
2026/09/05 12:13:00.016, NVIDIA GeForce RTX 3090, P2, 270.00 W, 233.72 W, 73, 6004 MiB, 24576 MiB, 34 %
2026/09/05 12:13:10.017, NVIDIA GeForce RTX 3090, P2, 270.00 W, 219.33 W, 72, 6004 MiB, 24576 MiB, 30 %
2026/09/05 12:13:20.018, NVIDIA GeForce RTX 3090, P2, 270.00 W, 209.11 W, 71, 6004 MiB, 24576 MiB, 21 %
2026/09/05 12:13:30.020, NVIDIA GeForce RTX 3090, P2, 270.00 W, 222.35 W, 72, 6004 MiB, 24576 MiB, 7 %
2026/09/05 12:13:40.021, NVIDIA GeForce RTX 3090, P2, 270.00 W, 229.62 W, 72, 6004 MiB, 24576 MiB, 49 %
2026/09/05 12:13:50.022, NVIDIA GeForce RTX 3090, P2, 270.00 W, 220.78 W, 73, 6004 MiB, 24576 MiB, 22 %
2026/09/05 12:14:00.024, NVIDIA GeForce RTX 3090, P2, 270.00 W, 218.35 W, 73, 6004 MiB, 24576 MiB, 40 %
2026/09/05 12:14:10.025, NVIDIA GeForce RTX 3090, P2, 270.00 W, 227.64 W, 71, 6004 MiB, 24576 MiB, 24 %
2026/09/05 12:14:20.026, NVIDIA GeForce RTX 3090, P2, 270.00 W, 226.07 W, 72, 6004 MiB, 24576 MiB, 32 %
2026/09/05 12:14:30.027, NVIDIA GeForce RTX 3090, P2, 270.00 W, 221.18 W, 73, 6004 MiB, 24576 MiB, 25 %
2026/09/05 12:14:40.028, NVIDIA GeForce RTX 3090, P2, 270.00 W, 214.15 W, 72, 6004 MiB, 24576 MiB, 30 %
2026/09/05 12:14:50.029, NVIDIA GeForce RTX 3090, P2, 270.00 W, 227.72 W, 72, 6004 MiB, 24576 MiB, 33 %
2026/09/05 12:15:00.030, NVIDIA GeForce RTX 3090, P2, 270.00 W, 235.78 W, 73, 6004 MiB, 24576 MiB, 30 %
2026/09/05 12:15:10.032, NVIDIA GeForce RTX 3090, P2, 270.00 W, 226.65 W, 73, 6004 MiB, 24576 MiB, 46 %
2026/09/05 12:15:20.033, NVIDIA GeForce RTX 3090, P2, 270.00 W, 228.85 W, 73, 6004 MiB, 24576 MiB, 0 %
2026/09/05 12:15:30.034, NVIDIA GeForce RTX 3090, P2, 270.00 W, 218.72 W, 71, 6004 MiB, 24576 MiB, 0 %
2026/09/05 12:15:40.035, NVIDIA GeForce RTX 3090, P2, 270.00 W, 225.61 W, 72, 6004 MiB, 24576 MiB, 48 %
2026/09/05 12:15:50.036, NVIDIA GeForce RTX 3090, P2, 270.00 W, 237.21 W, 73, 6004 MiB, 24576 MiB, 32 %
2026/09/05 12:16:00.038, NVIDIA GeForce RTX 3090, P2, 270.00 W, 216.88 W, 73, 6004 MiB, 24576 MiB, 0 %
2026/09/05 12:16:10.039, NVIDIA GeForce RTX 3090, P2, 270.00 W, 219.95 W, 71, 6004 MiB, 24576 MiB, 34 %
2026/09/05 12:16:20.040, NVIDIA GeForce RTX 3090, P2, 270.00 W, 238.07 W, 72, 6004 MiB, 24576 MiB, 30 %
2026/09/05 12:16:30.041, NVIDIA GeForce RTX 3090, P2, 270.00 W, 220.99 W, 73, 6004 MiB, 24576 MiB, 30 %
2026/09/05 12:16:40.042, NVIDIA GeForce RTX 3090, P2, 270.00 W, 216.70 W, 72, 6004 MiB, 24576 MiB, 5 %
2026/09/05 12:16:50.043, NVIDIA GeForce RTX 3090, P2, 270.00 W, 225.55 W, 72, 6004 MiB, 24576 MiB, 19 %
2026/09/05 12:17:00.045, NVIDIA GeForce RTX 3090, P2, 270.00 W, 232.99 W, 72, 6004 MiB, 24576 MiB, 30 %
2026/09/05 12:17:10.046, NVIDIA GeForce RTX 3090, P2, 270.00 W, 221.47 W, 73, 6004 MiB, 24576 MiB, 21 %
2026/09/05 12:17:20.047, NVIDIA GeForce RTX 3090, P2, 270.00 W, 208.36 W, 71, 6004 MiB, 24576 MiB, 0 %
2026/09/05 12:17:30.048, NVIDIA GeForce RTX 3090, P2, 270.00 W, 221.20 W, 72, 6004 MiB, 24576 MiB, 15 %
2026/09/05 12:17:40.049, NVIDIA GeForce RTX 3090, P2, 270.00 W, 227.88 W, 70, 6004 MiB, 24576 MiB, 40 %
2026/09/05 12:17:50.051, NVIDIA GeForce RTX 3090, P2, 270.00 W, 224.15 W, 74, 6004 MiB, 24576 MiB, 46 %
2026/09/05 12:18:00.052, NVIDIA GeForce RTX 3090, P2, 270.00 W, 215.56 W, 73, 6004 MiB, 24576 MiB, 34 %
2026/09/05 12:18:10.053, NVIDIA GeForce RTX 3090, P2, 270.00 W, 228.27 W, 72, 6004 MiB, 24576 MiB, 8 %
2026/09/05 12:18:20.054, NVIDIA GeForce RTX 3090, P2, 270.00 W, 223.33 W, 71, 6004 MiB, 24576 MiB, 32 %
2026/09/05 12:18:30.056, NVIDIA GeForce RTX 3090, P2, 270.00 W, 220.62 W, 73, 6004 MiB, 24576 MiB, 31 %
2026/09/05 12:18:40.057, NVIDIA GeForce RTX 3090, P2, 270.00 W, 207.70 W, 71, 6004 MiB, 24576 MiB, 0 %
2026/09/05 12:18:50.058, NVIDIA GeForce RTX 3090, P2, 270.00 W, 232.41 W, 73, 6004 MiB, 24576 MiB, 47 %
2026/09/05 12:19:00.059, NVIDIA GeForce RTX 3090, P2, 270.00 W, 235.93 W, 73, 6004 MiB, 24576 MiB, 18 %
2026/09/05 12:19:10.060, NVIDIA GeForce RTX 3090, P2, 270.00 W, 223.51 W, 73, 6004 MiB, 24576 MiB, 0 %
2026/09/05 12:19:20.062, NVIDIA GeForce RTX 3090, P2, 270.00 W, 210.77 W, 70, 6004 MiB, 24576 MiB, 48 %
2026/09/05 12:19:30.063, NVIDIA GeForce RTX 3090, P2, 270.00 W, 228.11 W, 72, 6004 MiB, 24576 MiB, 30 %
2026/09/05 12:19:40.064, NVIDIA GeForce RTX 3090, P2, 270.00 W, 227.24 W, 73, 6004 MiB, 24576 MiB, 47 %
2026/09/05 12:19:50.065, NVIDIA GeForce RTX 3090, P2, 270.00 W, 224.46 W, 74, 6004 MiB, 24576 MiB, 0 %
2026/09/05 12:20:00.067, NVIDIA GeForce RTX 3090, P2, 270.00 W, 230.20 W, 71, 6004 MiB, 24576 MiB, 30 %
2026/09/05 12:20:10.068, NVIDIA GeForce RTX 3090, P2, 270.00 W, 232.26 W, 72, 6004 MiB, 24576 MiB, 13 %
2026/09/05 12:20:20.069, NVIDIA GeForce RTX 3090, P2, 270.00 W, 225.01 W, 73, 6004 MiB, 24576 MiB, 34 %
2026/09/05 12:20:30.070, NVIDIA GeForce RTX 3090, P2, 270.00 W, 209.63 W, 71, 6004 MiB, 24576 MiB, 44 %
2026/09/05 12:20:40.071, NVIDIA GeForce RTX 3090, P2, 270.00 W, 222.24 W, 73, 6004 MiB, 24576 MiB, 8 %
2026/09/05 12:20:50.073, NVIDIA GeForce RTX 3090, P2, 270.00 W, 225.55 W, 72, 6004 MiB, 24576 MiB, 47 %
2026/09/05 12:21:00.074, NVIDIA GeForce RTX 3090, P2, 270.00 W, 227.23 W, 74, 6004 MiB, 24576 MiB, 0 %
2026/09/05 12:21:10.075, NVIDIA GeForce RTX 3090, P2, 270.00 W, 219.00 W, 71, 6004 MiB, 24576 MiB, 0 %
2026/09/05 12:21:20.076, NVIDIA GeForce RTX 3090, P2, 270.00 W, 226.81 W, 72, 6004 MiB, 24576 MiB, 47 %
2026/09/05 12:21:30.077, NVIDIA GeForce RTX 3090, P2, 270.00 W, 223.53 W, 73, 6004 MiB, 24576 MiB, 38 %
2026/09/05 12:21:40.079, NVIDIA GeForce RTX 3090, P2, 270.00 W, 217.91 W, 72, 6004 MiB, 24576 MiB, 8 %
2026/09/05 12:21:50.080, NVIDIA GeForce RTX 3090, P2, 270.00 W, 224.52 W, 72, 6004 MiB, 24576 MiB, 18 %
2026/09/05 12:22:00.081, NVIDIA GeForce RTX 3090, P2, 270.00 W, 237.81 W, 71, 6004 MiB, 24576 MiB, 5 %
2026/09/05 12:22:10.082, NVIDIA GeForce RTX 3090, P2, 270.00 W, 224.34 W, 73, 6004 MiB, 24576 MiB, 40 %
2026/09/05 12:22:20.083, NVIDIA GeForce RTX 3090, P2, 270.00 W, 217.63 W, 73, 6004 MiB, 24576 MiB, 0 %
2026/09/05 12:22:30.085, NVIDIA GeForce RTX 3090, P2, 270.00 W, 226.17 W, 71, 6004 MiB, 24576 MiB, 47 %
2026/09/05 12:22:40.086, NVIDIA GeForce RTX 3090, P2, 270.00 W, 228.69 W, 72, 6004 MiB, 24576 MiB, 48 %
2026/09/05 12:22:50.087, NVIDIA GeForce RTX 3090, P2, 270.00 W, 225.95 W, 72, 6004 MiB, 24576 MiB, 49 %
2026/09/05 12:23:00.088, NVIDIA GeForce RTX 3090, P2, 270.00 W, 211.11 W, 73, 6004 MiB, 24576 MiB, 32 %
2026/09/05 12:23:10.089, NVIDIA GeForce RTX 3090, P2, 270.00 W, 217.21 W, 71, 6004 MiB, 24576 MiB, 42 %
2026/09/05 12:23:20.091, NVIDIA GeForce RTX 3090, P2, 270.00 W, 234.06 W, 73, 6004 MiB, 24576 MiB, 47 %
2026/09/05 12:23:30.092, NVIDIA GeForce RTX 3090, P2, 270.00 W, 220.10 W, 73, 6004 MiB, 24576 MiB, 29 %
2026/09/05 12:23:40.093, NVIDIA GeForce RTX 3090, P2, 270.00 W, 225.96 W, 72, 6004 MiB, 24576 MiB, 34 %
2026/09/05 12:23:50.094, NVIDIA GeForce RTX 3090, P2, 270.00 W, 221.43 W, 71, 6004 MiB, 24576 MiB, 30 %
2026/09/05 12:24:00.095, NVIDIA GeForce RTX 3090, P2, 270.00 W, 227.56 W, 72, 6004 MiB, 24576 MiB, 48 %
2026/09/05 12:24:10.096, NVIDIA GeForce RTX 3090, P2, 270.00 W, 235.63 W, 71, 6004 MiB, 24576 MiB, 10 %
2026/09/05 12:24:20.098, NVIDIA GeForce RTX 3090, P2, 270.00 W, 210.59 W, 74, 6004 MiB, 24576 MiB, 48 %
2026/09/05 12:24:30.099, NVIDIA GeForce RTX 3090, P2, 270.00 W, 204.75 W, 70, 6004 MiB, 24576 MiB, 48 %
2026/09/05 12:24:40.100, NVIDIA GeForce RTX 3090, P2, 270.00 W, 230.11 W, 74, 6004 MiB, 24576 MiB, 45 %
2026/09/05 12:24:50.101, NVIDIA GeForce RTX 3090, P2, 270.00 W, 236.53 W, 72, 6004 MiB, 24576 MiB, 44 %
2026/09/05 12:25:00.103, NVIDIA GeForce RTX 3090, P2, 270.00 W, 226.48 W, 74, 6004 MiB, 24576 MiB, 47 %
2026/09/05 12:25:10.104, NVIDIA GeForce RTX 3090, P2, 270.00 W, 218.34 W, 71, 6004 MiB, 24576 MiB, 0 %
2026/09/05 12:25:20.105, NVIDIA GeForce RTX 3090, P2, 270.00 W, 230.56 W, 73, 6004 MiB, 24576 MiB, 36 %
2026/09/05 12:25:30.107, NVIDIA GeForce RTX 3090, P2, 270.00 W, 229.49 W, 72, 6004 MiB, 24576 MiB, 27 %
2026/09/05 12:25:40.108, NVIDIA GeForce RTX 3090, P2, 270.00 W, 221.57 W, 72, 6004 MiB, 24576 MiB, 33 %
2026/09/05 12:25:50.109, NVIDIA GeForce RTX 3090, P2, 270.00 W, 220.80 W, 72, 6004 MiB, 24576 MiB, 38 %
2026/09/05 12:26:00.110, NVIDIA GeForce RTX 3090, P2, 270.00 W, 212.71 W, 71, 6004 MiB, 24576 MiB, 48 %
2026/09/05 12:26:10.111, NVIDIA GeForce RTX 3090, P2, 270.00 W, 227.03 W, 73, 6004 MiB, 24576 MiB, 27 %
2026/09/05 12:26:20.113, NVIDIA GeForce RTX 3090, P2, 270.00 W, 235.34 W, 71, 6004 MiB, 24576 MiB, 10 %
2026/09/05 12:26:30.114, NVIDIA GeForce RTX 3090, P2, 270.00 W, 218.85 W, 74, 6004 MiB, 24576 MiB, 47 %
2026/09/05 12:26:40.115, NVIDIA GeForce RTX 3090, P2, 270.00 W, 220.19 W, 71, 6004 MiB, 24576 MiB, 39 %
2026/09/05 12:26:50.117, NVIDIA GeForce RTX 3090, P2, 270.00 W, 232.39 W, 72, 6004 MiB, 24576 MiB, 39 %
2026/09/05 12:27:00.118, NVIDIA GeForce RTX 3090, P2, 270.00 W, 223.23 W, 73, 6004 MiB, 24576 MiB, 36 %
2026/09/05 12:27:10.119, NVIDIA GeForce RTX 3090, P2, 270.00 W, 217.32 W, 73, 6004 MiB, 24576 MiB, 16 %
2026/09/05 12:27:20.120, NVIDIA GeForce RTX 3090, P2, 270.00 W, 215.06 W, 73, 6004 MiB, 24576 MiB, 47 %
2026/09/05 12:27:30.121, NVIDIA GeForce RTX 3090, P2, 270.00 W, 212.60 W, 71, 6004 MiB, 24576 MiB, 0 %
2026/09/05 12:27:40.123, NVIDIA GeForce RTX 3090, P2, 270.00 W, 232.87 W, 73, 6004 MiB, 24576 MiB, 47 %
2026/09/05 12:27:50.124, NVIDIA GeForce RTX 3090, P2, 270.00 W, 230.44 W, 72, 6004 MiB, 24576 MiB, 47 %
2026/09/05 12:28:00.125, NVIDIA GeForce RTX 3090, P2, 270.00 W, 216.90 W, 73, 6004 MiB, 24576 MiB, 48 %
2026/09/05 12:28:10.126, NVIDIA GeForce RTX 3090, P2, 270.00 W, 211.85 W, 71, 6004 MiB, 24576 MiB, 6 %
2026/09/05 12:28:20.127, NVIDIA GeForce RTX 3090, P2, 270.00 W, 240.74 W, 74, 6004 MiB, 24576 MiB, 18 %
2026/09/05 12:28:30.128, NVIDIA GeForce RTX 3090, P2, 270.00 W, 232.64 W, 72, 6004 MiB, 24576 MiB, 46 %
2026/09/05 12:28:40.130, NVIDIA GeForce RTX 3090, P2, 270.00 W, 214.14 W, 73, 6004 MiB, 24576 MiB, 37 %
2026/09/05 12:28:50.131, NVIDIA GeForce RTX 3090, P2, 270.00 W, 224.35 W, 72, 6004 MiB, 24576 MiB, 29 %
2026/09/05 12:29:00.132, NVIDIA GeForce RTX 3090, P2, 270.00 W, 230.34 W, 71, 6004 MiB, 24576 MiB, 37 %
2026/09/05 12:29:10.133, NVIDIA GeForce RTX 3090, P2, 270.00 W, 220.07 W, 73, 6004 MiB, 24576 MiB, 4 %
2026/09/05 12:29:20.134, NVIDIA GeForce RTX 3090, P2, 270.00 W, 207.51 W, 71, 6004 MiB, 24576 MiB, 2 %
2026/09/05 12:29:30.136, NVIDIA GeForce RTX 3090, P2, 270.00 W, 230.77 W, 73, 6004 MiB, 24576 MiB, 48 %
2026/09/05 12:29:40.137, NVIDIA GeForce RTX 3090, P2, 270.00 W, 234.05 W, 72, 6004 MiB, 24576 MiB, 48 %
2026/09/05 12:29:50.139, NVIDIA GeForce RTX 3090, P2, 270.00 W, 220.42 W, 72, 6004 MiB, 24576 MiB, 37 %
2026/09/05 12:30:00.140, NVIDIA GeForce RTX 3090, P2, 270.00 W, 205.84 W, 70, 6004 MiB, 24576 MiB, 2 %
2026/09/05 12:30:10.141, NVIDIA GeForce RTX 3090, P2, 270.00 W, 226.13 W, 72, 6004 MiB, 24576 MiB, 48 %
2026/09/05 12:30:20.143, NVIDIA GeForce RTX 3090, P2, 270.00 W, 234.64 W, 73, 6004 MiB, 24576 MiB, 47 %
2026/09/05 12:30:30.144, NVIDIA GeForce RTX 3090, P2, 270.00 W, 222.32 W, 73, 6004 MiB, 24576 MiB, 0 %
2026/09/05 12:30:40.145, NVIDIA GeForce RTX 3090, P2, 270.00 W, 213.60 W, 70, 6004 MiB, 24576 MiB, 9 %
2026/09/05 12:30:50.146, NVIDIA GeForce RTX 3090, P2, 270.00 W, 228.21 W, 72, 6004 MiB, 24576 MiB, 11 %
2026/09/05 12:31:00.147, NVIDIA GeForce RTX 3090, P2, 270.00 W, 226.29 W, 72, 6004 MiB, 24576 MiB, 30 %
2026/09/05 12:31:10.148, NVIDIA GeForce RTX 3090, P2, 270.00 W, 223.00 W, 73, 6004 MiB, 24576 MiB, 0 %
2026/09/05 12:31:20.149, NVIDIA GeForce RTX 3090, P2, 270.00 W, 211.56 W, 70, 6004 MiB, 24576 MiB, 0 %
2026/09/05 12:31:30.151, NVIDIA GeForce RTX 3090, P2, 270.00 W, 225.94 W, 71, 6004 MiB, 24576 MiB, 50 %
2026/09/05 12:31:40.152, NVIDIA GeForce RTX 3090, P2, 270.00 W, 219.63 W, 71, 6004 MiB, 24576 MiB, 47 %
2026/09/05 12:31:50.153, NVIDIA GeForce RTX 3090, P2, 270.00 W, 209.39 W, 71, 6004 MiB, 24576 MiB, 4 %
2026/09/05 12:32:00.155, NVIDIA GeForce RTX 3090, P2, 270.00 W, 229.03 W, 73, 6004 MiB, 24576 MiB, 47 %
2026/09/05 12:32:10.156, NVIDIA GeForce RTX 3090, P2, 270.00 W, 238.39 W, 71, 6004 MiB, 24576 MiB, 10 %
2026/09/05 12:32:20.157, NVIDIA GeForce RTX 3090, P2, 270.00 W, 221.86 W, 73, 6004 MiB, 24576 MiB, 0 %
2026/09/05 12:32:30.158, NVIDIA GeForce RTX 3090, P2, 270.00 W, 211.12 W, 70, 6004 MiB, 24576 MiB, 47 %
2026/09/05 12:32:40.160, NVIDIA GeForce RTX 3090, P2, 270.00 W, 225.68 W, 73, 6004 MiB, 24576 MiB, 47 %
2026/09/05 12:32:50.161, NVIDIA GeForce RTX 3090, P2, 270.00 W, 238.37 W, 71, 6004 MiB, 24576 MiB, 5 %
2026/09/05 12:33:00.162, NVIDIA GeForce RTX 3090, P2, 270.00 W, 218.00 W, 72, 6004 MiB, 24576 MiB, 22 %
2026/09/05 12:33:10.163, NVIDIA GeForce RTX 3090, P2, 270.00 W, 216.74 W, 71, 6004 MiB, 24576 MiB, 47 %
2026/09/05 12:33:20.165, NVIDIA GeForce RTX 3090, P2, 270.00 W, 229.63 W, 72, 6004 MiB, 24576 MiB, 40 %
2026/09/05 12:33:30.166, NVIDIA GeForce RTX 3090, P2, 270.00 W, 234.79 W, 72, 6004 MiB, 24576 MiB, 48 %
2026/09/05 12:33:40.167, NVIDIA GeForce RTX 3090, P2, 270.00 W, 223.25 W, 72, 6004 MiB, 24576 MiB, 43 %
2026/09/05 12:33:50.169, NVIDIA GeForce RTX 3090, P2, 270.00 W, 222.62 W, 73, 6004 MiB, 24576 MiB, 0 %
2026/09/05 12:34:00.170, NVIDIA GeForce RTX 3090, P2, 270.00 W, 217.71 W, 71, 6004 MiB, 24576 MiB, 0 %
2026/09/05 12:34:10.171, NVIDIA GeForce RTX 3090, P2, 270.00 W, 236.43 W, 72, 6004 MiB, 24576 MiB, 30 %
2026/09/05 12:34:20.172, NVIDIA GeForce RTX 3090, P2, 270.00 W, 224.88 W, 73, 6004 MiB, 24576 MiB, 30 %
2026/09/05 12:34:30.174, NVIDIA GeForce RTX 3090, P2, 270.00 W, 220.79 W, 71, 6004 MiB, 24576 MiB, 24 %
2026/09/05 12:34:40.175, NVIDIA GeForce RTX 3090, P2, 270.00 W, 210.06 W, 71, 6004 MiB, 24576 MiB, 0 %
2026/09/05 12:34:50.176, NVIDIA GeForce RTX 3090, P2, 270.00 W, 231.92 W, 73, 6004 MiB, 24576 MiB, 45 %
2026/09/05 12:35:00.177, NVIDIA GeForce RTX 3090, P2, 270.00 W, 226.73 W, 73, 6004 MiB, 24576 MiB, 46 %
2026/09/05 12:35:10.178, NVIDIA GeForce RTX 3090, P2, 270.00 W, 214.46 W, 71, 6004 MiB, 24576 MiB, 38 %
2026/09/05 12:35:20.180, NVIDIA GeForce RTX 3090, P2, 270.00 W, 226.72 W, 72, 6004 MiB, 24576 MiB, 47 %
2026/09/05 12:35:30.181, NVIDIA GeForce RTX 3090, P2, 270.00 W, 234.55 W, 74, 6004 MiB, 24576 MiB, 47 %
2026/09/05 12:35:40.182, NVIDIA GeForce RTX 3090, P2, 270.00 W, 226.70 W, 74, 6004 MiB, 24576 MiB, 0 %
2026/09/05 12:35:50.184, NVIDIA GeForce RTX 3090, P2, 270.00 W, 208.97 W, 70, 6004 MiB, 24576 MiB, 48 %
2026/09/05 12:36:00.185, NVIDIA GeForce RTX 3090, P2, 270.00 W, 228.85 W, 72, 6004 MiB, 24576 MiB, 49 %
2026/09/05 12:36:10.186, NVIDIA GeForce RTX 3090, P2, 270.00 W, 235.14 W, 71, 6004 MiB, 24576 MiB, 4 %
2026/09/05 12:36:20.187, NVIDIA GeForce RTX 3090, P2, 270.00 W, 227.66 W, 73, 6004 MiB, 24576 MiB, 0 %
2026/09/05 12:36:30.189, NVIDIA GeForce RTX 3090, P2, 270.00 W, 212.61 W, 71, 6004 MiB, 24576 MiB, 47 %
2026/09/05 12:36:40.190, NVIDIA GeForce RTX 3090, P2, 270.00 W, 223.59 W, 72, 6004 MiB, 24576 MiB, 36 %
2026/09/05 12:36:50.191, NVIDIA GeForce RTX 3090, P2, 270.00 W, 239.34 W, 72, 6004 MiB, 24576 MiB, 7 %
2026/09/05 12:37:00.193, NVIDIA GeForce RTX 3090, P2, 270.00 W, 225.48 W, 72, 6004 MiB, 24576 MiB, 11 %
2026/09/05 12:37:10.194, NVIDIA GeForce RTX 3090, P2, 270.00 W, 208.74 W, 71, 6004 MiB, 24576 MiB, 49 %
2026/09/05 12:37:20.195, NVIDIA GeForce RTX 3090, P2, 270.00 W, 216.62 W, 71, 6004 MiB, 24576 MiB, 48 %
2026/09/05 12:37:30.196, NVIDIA GeForce RTX 3090, P2, 270.00 W, 222.20 W, 71, 6004 MiB, 24576 MiB, 47 %
2026/09/05 12:37:40.198, NVIDIA GeForce RTX 3090, P2, 270.00 W, 216.26 W, 73, 6004 MiB, 24576 MiB, 47 %
2026/09/05 12:37:50.199, NVIDIA GeForce RTX 3090, P2, 270.00 W, 218.68 W, 71, 6004 MiB, 24576 MiB, 0 %
2026/09/05 12:38:00.200, NVIDIA GeForce RTX 3090, P2, 270.00 W, 219.27 W, 71, 6004 MiB, 24576 MiB, 35 %
2026/09/05 12:38:10.201, NVIDIA GeForce RTX 3090, P2, 270.00 W, 221.82 W, 73, 6004 MiB, 24576 MiB, 30 %
2026/09/05 12:38:20.202, NVIDIA GeForce RTX 3090, P2, 270.00 W, 212.80 W, 72, 6004 MiB, 24576 MiB, 38 %
2026/09/05 12:38:30.204, NVIDIA GeForce RTX 3090, P2, 270.00 W, 224.77 W, 72, 6004 MiB, 24576 MiB, 48 %
2026/09/05 12:38:40.205, NVIDIA GeForce RTX 3090, P2, 270.00 W, 225.09 W, 73, 6004 MiB, 24576 MiB, 35 %
2026/09/05 12:38:50.206, NVIDIA GeForce RTX 3090, P2, 270.00 W, 212.86 W, 72, 6004 MiB, 24576 MiB, 30 %
2026/09/05 12:39:00.207, NVIDIA GeForce RTX 3090, P2, 270.00 W, 229.53 W, 73, 6004 MiB, 24576 MiB, 5 %
2026/09/05 12:39:10.209, NVIDIA GeForce RTX 3090, P2, 270.00 W, 216.53 W, 71, 6004 MiB, 24576 MiB, 50 %
2026/09/05 12:39:20.210, NVIDIA GeForce RTX 3090, P2, 270.00 W, 220.36 W, 71, 6004 MiB, 24576 MiB, 18 %
2026/09/05 12:39:30.211, NVIDIA GeForce RTX 3090, P2, 270.00 W, 227.65 W, 74, 6004 MiB, 24576 MiB, 53 %
2026/09/05 12:39:40.212, NVIDIA GeForce RTX 3090, P2, 270.00 W, 216.30 W, 71, 6004 MiB, 24576 MiB, 0 %
2026/09/05 12:39:50.214, NVIDIA GeForce RTX 3090, P2, 270.00 W, 236.53 W, 72, 6004 MiB, 24576 MiB, 30 %
2026/09/05 12:40:00.215, NVIDIA GeForce RTX 3090, P2, 270.00 W, 221.24 W, 73, 6004 MiB, 24576 MiB, 28 %
2026/09/05 12:40:10.216, NVIDIA GeForce RTX 3090, P2, 270.00 W, 217.14 W, 71, 6004 MiB, 24576 MiB, 19 %
2026/09/05 12:40:20.217, NVIDIA GeForce RTX 3090, P2, 270.00 W, 220.83 W, 71, 6004 MiB, 24576 MiB, 5 %
2026/09/05 12:40:30.219, NVIDIA GeForce RTX 3090, P2, 270.00 W, 229.11 W, 71, 6004 MiB, 24576 MiB, 6 %
2026/09/05 12:40:40.220, NVIDIA GeForce RTX 3090, P2, 270.00 W, 219.38 W, 73, 6004 MiB, 24576 MiB, 15 %
2026/09/05 12:40:50.221, NVIDIA GeForce RTX 3090, P2, 270.00 W, 224.17 W, 72, 6004 MiB, 24576 MiB, 7 %
2026/09/05 12:41:00.222, NVIDIA GeForce RTX 3090, P2, 270.00 W, 222.58 W, 71, 6004 MiB, 24576 MiB, 0 %
2026/09/05 12:41:10.223, NVIDIA GeForce RTX 3090, P2, 270.00 W, 237.30 W, 73, 6004 MiB, 24576 MiB, 41 %
2026/09/05 12:41:20.225, NVIDIA GeForce RTX 3090, P2, 270.00 W, 232.22 W, 72, 6004 MiB, 24576 MiB, 46 %
2026/09/05 12:41:30.226, NVIDIA GeForce RTX 3090, P2, 270.00 W, 226.12 W, 73, 6004 MiB, 24576 MiB, 0 %
2026/09/05 12:41:40.227, NVIDIA GeForce RTX 3090, P2, 270.00 W, 218.18 W, 71, 6004 MiB, 24576 MiB, 0 %
2026/09/05 12:41:50.228, NVIDIA GeForce RTX 3090, P2, 270.00 W, 228.34 W, 72, 6004 MiB, 24576 MiB, 48 %
2026/09/05 12:42:00.229, NVIDIA GeForce RTX 3090, P2, 270.00 W, 227.00 W, 71, 6004 MiB, 24576 MiB, 51 %
2026/09/05 12:42:10.231, NVIDIA GeForce RTX 3090, P2, 270.00 W, 213.35 W, 73, 6004 MiB, 24576 MiB, 0 %
2026/09/05 12:42:20.232, NVIDIA GeForce RTX 3090, P2, 270.00 W, 208.24 W, 70, 6004 MiB, 24576 MiB, 0 %
2026/09/05 12:42:30.234, NVIDIA GeForce RTX 3090, P2, 270.00 W, 230.01 W, 72, 6004 MiB, 24576 MiB, 7 %
2026/09/05 12:42:40.235, NVIDIA GeForce RTX 3090, P2, 270.00 W, 232.23 W, 72, 6004 MiB, 24576 MiB, 31 %
2026/09/05 12:42:50.236, NVIDIA GeForce RTX 3090, P2, 270.00 W, 228.76 W, 72, 6004 MiB, 24576 MiB, 49 %
2026/09/05 12:43:00.237, NVIDIA GeForce RTX 3090, P2, 270.00 W, 221.09 W, 73, 6004 MiB, 24576 MiB, 0 %
2026/09/05 12:43:10.238, NVIDIA GeForce RTX 3090, P2, 270.00 W, 217.61 W, 71, 6004 MiB, 24576 MiB, 36 %
2026/09/05 12:43:20.240, NVIDIA GeForce RTX 3090, P2, 270.00 W, 223.21 W, 72, 6004 MiB, 24576 MiB, 29 %
2026/09/05 12:43:30.241, NVIDIA GeForce RTX 3090, P2, 270.00 W, 218.38 W, 73, 6004 MiB, 24576 MiB, 18 %
2026/09/05 12:43:40.242, NVIDIA GeForce RTX 3090, P2, 270.00 W, 206.29 W, 70, 6004 MiB, 24576 MiB, 48 %
2026/09/05 12:43:50.243, NVIDIA GeForce RTX 3090, P2, 270.00 W, 223.38 W, 71, 6004 MiB, 24576 MiB, 48 %
2026/09/05 12:44:00.244, NVIDIA GeForce RTX 3090, P2, 270.00 W, 234.86 W, 73, 6004 MiB, 24576 MiB, 48 %
2026/09/05 12:44:10.246, NVIDIA GeForce RTX 3090, P2, 270.00 W, 223.74 W, 72, 6004 MiB, 24576 MiB, 38 %
2026/09/05 12:44:20.247, NVIDIA GeForce RTX 3090, P2, 270.00 W, 225.01 W, 73, 6004 MiB, 24576 MiB, 0 %
2026/09/05 12:44:30.248, NVIDIA GeForce RTX 3090, P2, 270.00 W, 215.09 W, 71, 6004 MiB, 24576 MiB, 47 %
2026/09/05 12:44:40.249, NVIDIA GeForce RTX 3090, P2, 270.00 W, 220.14 W, 72, 6004 MiB, 24576 MiB, 48 %
2026/09/05 12:44:50.250, NVIDIA GeForce RTX 3090, P2, 270.00 W, 221.06 W, 71, 6004 MiB, 24576 MiB, 34 %
2026/09/05 12:45:00.252, NVIDIA GeForce RTX 3090, P2, 270.00 W, 236.86 W, 72, 6004 MiB, 24576 MiB, 48 %
2026/09/05 12:45:10.253, NVIDIA GeForce RTX 3090, P2, 270.00 W, 219.72 W, 73, 6004 MiB, 24576 MiB, 21 %
2026/09/05 12:45:20.254, NVIDIA GeForce RTX 3090, P2, 270.00 W, 213.69 W, 71, 6004 MiB, 24576 MiB, 36 %
2026/09/05 12:45:30.256, NVIDIA GeForce RTX 3090, P2, 270.00 W, 223.18 W, 74, 6004 MiB, 24576 MiB, 46 %
2026/09/05 12:45:40.257, NVIDIA GeForce RTX 3090, P2, 270.00 W, 233.77 W, 71, 6004 MiB, 24576 MiB, 36 %
2026/09/05 12:45:50.258, NVIDIA GeForce RTX 3090, P2, 270.00 W, 215.12 W, 72, 6004 MiB, 24576 MiB, 6 %
2026/09/05 12:46:00.260, NVIDIA GeForce RTX 3090, P2, 270.00 W, 215.01 W, 71, 6004 MiB, 24576 MiB, 42 %
2026/09/05 12:46:10.261, NVIDIA GeForce RTX 3090, P2, 270.00 W, 234.84 W, 73, 6004 MiB, 24576 MiB, 6 %
2026/09/05 12:46:20.262, NVIDIA GeForce RTX 3090, P2, 270.00 W, 235.34 W, 71, 6004 MiB, 24576 MiB, 20 %
2026/09/05 12:46:30.263, NVIDIA GeForce RTX 3090, P2, 270.00 W, 220.32 W, 72, 6004 MiB, 24576 MiB, 30 %
2026/09/05 12:46:40.265, NVIDIA GeForce RTX 3090, P2, 270.00 W, 212.50 W, 72, 6004 MiB, 24576 MiB, 11 %
2026/09/05 12:46:50.266, NVIDIA GeForce RTX 3090, P2, 270.00 W, 223.79 W, 72, 6004 MiB, 24576 MiB, 10 %
2026/09/05 12:47:00.267, NVIDIA GeForce RTX 3090, P2, 270.00 W, 233.83 W, 71, 6004 MiB, 24576 MiB, 26 %
2026/09/05 12:47:10.269, NVIDIA GeForce RTX 3090, P2, 270.00 W, 230.97 W, 73, 6004 MiB, 24576 MiB, 38 %
2026/09/05 12:47:20.270, NVIDIA GeForce RTX 3090, P2, 270.00 W, 220.43 W, 73, 6004 MiB, 24576 MiB, 47 %
2026/09/05 12:47:30.271, NVIDIA GeForce RTX 3090, P2, 270.00 W, 218.29 W, 71, 6004 MiB, 24576 MiB, 0 %
2026/09/05 12:47:40.272, NVIDIA GeForce RTX 3090, P2, 270.00 W, 220.61 W, 71, 6004 MiB, 24576 MiB, 50 %
2026/09/05 12:47:50.273, NVIDIA GeForce RTX 3090, P2, 270.00 W, 221.04 W, 73, 6004 MiB, 24576 MiB, 0 %
2026/09/05 12:48:00.275, NVIDIA GeForce RTX 3090, P2, 270.00 W, 213.44 W, 70, 6004 MiB, 24576 MiB, 0 %
2026/09/05 12:48:10.276, NVIDIA GeForce RTX 3090, P2, 270.00 W, 219.69 W, 73, 6004 MiB, 24576 MiB, 47 %
2026/09/05 12:48:20.277, NVIDIA GeForce RTX 3090, P2, 270.00 W, 233.31 W, 73, 6004 MiB, 24576 MiB, 42 %
2026/09/05 12:48:30.279, NVIDIA GeForce RTX 3090, P2, 270.00 W, 226.32 W, 72, 6004 MiB, 24576 MiB, 46 %
2026/09/05 12:48:40.280, NVIDIA GeForce RTX 3090, P2, 270.00 W, 224.42 W, 73, 6004 MiB, 24576 MiB, 48 %
2026/09/05 12:48:50.281, NVIDIA GeForce RTX 3090, P2, 270.00 W, 227.30 W, 71, 6004 MiB, 24576 MiB, 0 %
2026/09/05 12:49:00.282, NVIDIA GeForce RTX 3090, P2, 270.00 W, 232.10 W, 72, 6004 MiB, 24576 MiB, 48 %
2026/09/05 12:49:10.283, NVIDIA GeForce RTX 3090, P2, 270.00 W, 189.97 W, 70, 6004 MiB, 24576 MiB, 34 %
2026/09/05 12:49:20.285, NVIDIA GeForce RTX 3090, P2, 270.00 W, 184.12 W, 69, 6004 MiB, 24576 MiB, 23 %
2026/09/05 12:49:30.286, NVIDIA GeForce RTX 3090, P2, 270.00 W, 176.95 W, 68, 6004 MiB, 24576 MiB, 28 %
2026/09/05 12:49:40.287, NVIDIA GeForce RTX 3090, P2, 270.00 W, 172.37 W, 67, 6004 MiB, 24576 MiB, 27 %
2026/09/05 12:49:50.288, NVIDIA GeForce RTX 3090, P2, 270.00 W, 167.87 W, 67, 6004 MiB, 24576 MiB, 27 %
2026/09/05 12:50:00.289, NVIDIA GeForce RTX 3090, P2, 270.00 W, 182.91 W, 68, 2020 MiB, 24576 MiB, 29 %
2026/09/05 12:50:10.291, NVIDIA GeForce RTX 3090, P2, 270.00 W, 180.41 W, 68, 2020 MiB, 24576 MiB, 28 %
2026/09/05 12:50:20.292, NVIDIA GeForce RTX 3090, P2, 270.00 W, 173.41 W, 68, 2020 MiB, 24576 MiB, 12 %
2026/09/05 12:50:30.293, NVIDIA GeForce RTX 3090, P2, 270.00 W, 199.09 W, 71, 4492 MiB, 24576 MiB, 31 %
2026/09/05 12:50:40.294, NVIDIA GeForce RTX 3090, P2, 270.00 W, 214.34 W, 72, 5000 MiB, 24576 MiB, 7 %
2026/09/05 12:50:50.296, NVIDIA GeForce RTX 3090, P2, 270.00 W, 230.03 W, 71, 5502 MiB, 24576 MiB, 48 %
2026/09/05 12:51:00.297, NVIDIA GeForce RTX 3090, P2, 270.00 W, 224.53 W, 72, 5502 MiB, 24576 MiB, 47 %
2026/09/05 12:51:10.298, NVIDIA GeForce RTX 3090, P2, 270.00 W, 236.71 W, 71, 5502 MiB, 24576 MiB, 5 %
2026/09/05 12:51:20.299, NVIDIA GeForce RTX 3090, P2, 270.00 W, 241.00 W, 72, 5502 MiB, 24576 MiB, 47 %
2026/09/05 12:51:30.301, NVIDIA GeForce RTX 3090, P2, 270.00 W, 221.17 W, 72, 5502 MiB, 24576 MiB, 19 %
2026/09/05 12:51:40.302, NVIDIA GeForce RTX 3090, P2, 270.00 W, 207.58 W, 70, 5502 MiB, 24576 MiB, 44 %
2026/09/05 12:51:50.303, NVIDIA GeForce RTX 3090, P2, 270.00 W, 231.33 W, 72, 5502 MiB, 24576 MiB, 5 %
2026/09/05 12:52:00.304, NVIDIA GeForce RTX 3090, P2, 270.00 W, 240.93 W, 72, 5502 MiB, 24576 MiB, 25 %
2026/09/05 12:52:10.306, NVIDIA GeForce RTX 3090, P2, 270.00 W, 223.08 W, 73, 5502 MiB, 24576 MiB, 30 %
2026/09/05 12:52:20.307, NVIDIA GeForce RTX 3090, P2, 270.00 W, 214.51 W, 71, 5502 MiB, 24576 MiB, 5 %
2026/09/05 12:52:30.308, NVIDIA GeForce RTX 3090, P2, 270.00 W, 222.07 W, 73, 5502 MiB, 24576 MiB, 26 %
2026/09/05 12:52:40.309, NVIDIA GeForce RTX 3090, P2, 270.00 W, 239.69 W, 72, 5502 MiB, 24576 MiB, 11 %
2026/09/05 12:52:50.310, NVIDIA GeForce RTX 3090, P2, 270.00 W, 217.37 W, 71, 5502 MiB, 24576 MiB, 30 %
2026/09/05 12:53:00.311, NVIDIA GeForce RTX 3090, P2, 270.00 W, 223.97 W, 73, 5502 MiB, 24576 MiB, 47 %
2026/09/05 12:53:10.313, NVIDIA GeForce RTX 3090, P2, 270.00 W, 217.04 W, 70, 5502 MiB, 24576 MiB, 0 %
2026/09/05 12:53:20.314, NVIDIA GeForce RTX 3090, P2, 270.00 W, 232.71 W, 72, 5502 MiB, 24576 MiB, 38 %
2026/09/05 12:53:30.315, NVIDIA GeForce RTX 3090, P2, 270.00 W, 231.53 W, 72, 5502 MiB, 24576 MiB, 48 %
2026/09/05 12:53:40.316, NVIDIA GeForce RTX 3090, P2, 270.00 W, 220.45 W, 72, 5502 MiB, 24576 MiB, 30 %
2026/09/05 12:53:50.319, NVIDIA GeForce RTX 3090, P2, 270.00 W, 212.38 W, 70, 5502 MiB, 24576 MiB, 48 %
2026/09/05 12:54:00.320, NVIDIA GeForce RTX 3090, P2, 270.00 W, 230.66 W, 73, 5502 MiB, 24576 MiB, 19 %
2026/09/05 12:54:10.321, NVIDIA GeForce RTX 3090, P2, 270.00 W, 227.99 W, 71, 5502 MiB, 24576 MiB, 43 %
2026/09/05 12:54:20.322, NVIDIA GeForce RTX 3090, P2, 270.00 W, 229.53 W, 73, 5502 MiB, 24576 MiB, 47 %
2026/09/05 12:54:30.323, NVIDIA GeForce RTX 3090, P2, 270.00 W, 211.63 W, 71, 5502 MiB, 24576 MiB, 10 %
2026/09/05 12:54:40.324, NVIDIA GeForce RTX 3090, P2, 270.00 W, 223.45 W, 71, 5502 MiB, 24576 MiB, 8 %
2026/09/05 12:54:50.326, NVIDIA GeForce RTX 3090, P2, 270.00 W, 222.61 W, 71, 5502 MiB, 24576 MiB, 30 %
2026/09/05 12:55:00.327, NVIDIA GeForce RTX 3090, P2, 270.00 W, 228.75 W, 73, 5502 MiB, 24576 MiB, 47 %
2026/09/05 12:55:10.328, NVIDIA GeForce RTX 3090, P2, 270.00 W, 220.85 W, 73, 5502 MiB, 24576 MiB, 0 %
2026/09/05 12:55:20.329, NVIDIA GeForce RTX 3090, P2, 270.00 W, 210.68 W, 70, 5502 MiB, 24576 MiB, 0 %
2026/09/05 12:55:30.330, NVIDIA GeForce RTX 3090, P2, 270.00 W, 226.56 W, 74, 5502 MiB, 24576 MiB, 29 %
2026/09/05 12:55:40.332, NVIDIA GeForce RTX 3090, P2, 270.00 W, 238.29 W, 72, 5502 MiB, 24576 MiB, 23 %
2026/09/05 12:55:50.333, NVIDIA GeForce RTX 3090, P2, 270.00 W, 221.26 W, 72, 5502 MiB, 24576 MiB, 17 %
2026/09/05 12:56:00.334, NVIDIA GeForce RTX 3090, P2, 270.00 W, 217.22 W, 72, 5502 MiB, 24576 MiB, 5 %
2026/09/05 12:56:10.335, NVIDIA GeForce RTX 3090, P2, 270.00 W, 214.33 W, 70, 5502 MiB, 24576 MiB, 0 %
2026/09/05 12:56:20.337, NVIDIA GeForce RTX 3090, P2, 270.00 W, 234.90 W, 73, 5502 MiB, 24576 MiB, 46 %
2026/09/05 12:56:30.338, NVIDIA GeForce RTX 3090, P2, 270.00 W, 233.52 W, 72, 5502 MiB, 24576 MiB, 47 %
2026/09/05 12:56:40.339, NVIDIA GeForce RTX 3090, P2, 270.00 W, 223.28 W, 74, 5502 MiB, 24576 MiB, 0 %
2026/09/05 12:56:50.340, NVIDIA GeForce RTX 3090, P2, 270.00 W, 209.02 W, 70, 5502 MiB, 24576 MiB, 18 %
2026/09/05 12:57:00.341, NVIDIA GeForce RTX 3090, P2, 270.00 W, 223.84 W, 71, 5502 MiB, 24576 MiB, 3 %
2026/09/05 12:57:10.343, NVIDIA GeForce RTX 3090, P2, 270.00 W, 218.43 W, 72, 5502 MiB, 24576 MiB, 44 %
2026/09/05 12:57:20.344, NVIDIA GeForce RTX 3090, P2, 270.00 W, 236.74 W, 72, 5502 MiB, 24576 MiB, 46 %
2026/09/05 12:57:30.345, NVIDIA GeForce RTX 3090, P2, 270.00 W, 218.73 W, 72, 5502 MiB, 24576 MiB, 29 %
2026/09/05 12:57:40.346, NVIDIA GeForce RTX 3090, P2, 270.00 W, 226.11 W, 73, 5502 MiB, 24576 MiB, 47 %
2026/09/05 12:57:50.347, NVIDIA GeForce RTX 3090, P2, 270.00 W, 210.94 W, 70, 5502 MiB, 24576 MiB, 5 %
2026/09/05 12:58:00.349, NVIDIA GeForce RTX 3090, P2, 270.00 W, 212.25 W, 70, 5502 MiB, 24576 MiB, 48 %
2026/09/05 12:58:10.350, NVIDIA GeForce RTX 3090, P2, 270.00 W, 228.67 W, 73, 5502 MiB, 24576 MiB, 47 %
2026/09/05 12:58:20.351, NVIDIA GeForce RTX 3090, P2, 270.00 W, 238.75 W, 73, 5502 MiB, 24576 MiB, 46 %
2026/09/05 12:58:30.352, NVIDIA GeForce RTX 3090, P2, 270.00 W, 219.84 W, 72, 5502 MiB, 24576 MiB, 11 %
2026/09/05 12:58:40.353, NVIDIA GeForce RTX 3090, P2, 270.00 W, 214.46 W, 71, 5502 MiB, 24576 MiB, 30 %
2026/09/05 12:58:50.355, NVIDIA GeForce RTX 3090, P2, 270.00 W, 222.07 W, 71, 5502 MiB, 24576 MiB, 30 %
2026/09/05 12:59:00.356, NVIDIA GeForce RTX 3090, P2, 270.00 W, 236.76 W, 71, 5502 MiB, 24576 MiB, 26 %
2026/09/05 12:59:10.357, NVIDIA GeForce RTX 3090, P2, 270.00 W, 223.70 W, 73, 5502 MiB, 24576 MiB, 38 %
2026/09/05 12:59:20.359, NVIDIA GeForce RTX 3090, P2, 270.00 W, 211.57 W, 71, 5502 MiB, 24576 MiB, 10 %
2026/09/05 12:59:30.360, NVIDIA GeForce RTX 3090, P2, 270.00 W, 222.79 W, 71, 5502 MiB, 24576 MiB, 15 %
2026/09/05 12:59:40.361, NVIDIA GeForce RTX 3090, P2, 270.00 W, 232.76 W, 73, 5502 MiB, 24576 MiB, 47 %
2026/09/05 12:59:50.363, NVIDIA GeForce RTX 3090, P2, 270.00 W, 219.83 W, 73, 5502 MiB, 24576 MiB, 46 %
2026/09/05 13:00:00.364, NVIDIA GeForce RTX 3090, P2, 270.00 W, 213.07 W, 70, 5502 MiB, 24576 MiB, 0 %
2026/09/05 13:00:10.365, NVIDIA GeForce RTX 3090, P2, 270.00 W, 229.84 W, 72, 5502 MiB, 24576 MiB, 21 %
2026/09/05 13:00:20.367, NVIDIA GeForce RTX 3090, P2, 270.00 W, 233.40 W, 72, 5502 MiB, 24576 MiB, 36 %
2026/09/05 13:00:30.368, NVIDIA GeForce RTX 3090, P2, 270.00 W, 222.08 W, 73, 5502 MiB, 24576 MiB, 30 %
2026/09/05 13:00:40.370, NVIDIA GeForce RTX 3090, P2, 270.00 W, 220.98 W, 73, 5502 MiB, 24576 MiB, 47 %
2026/09/05 13:00:50.371, NVIDIA GeForce RTX 3090, P2, 270.00 W, 211.34 W, 71, 5502 MiB, 24576 MiB, 47 %
2026/09/05 13:01:00.373, NVIDIA GeForce RTX 3090, P2, 270.00 W, 225.16 W, 71, 5502 MiB, 24576 MiB, 5 %
2026/09/05 13:01:10.374, NVIDIA GeForce RTX 3090, P2, 270.00 W, 232.69 W, 72, 5502 MiB, 24576 MiB, 48 %
2026/09/05 13:01:20.376, NVIDIA GeForce RTX 3090, P2, 270.00 W, 237.52 W, 73, 5502 MiB, 24576 MiB, 48 %
2026/09/05 13:01:30.377, NVIDIA GeForce RTX 3090, P2, 270.00 W, 223.87 W, 73, 5502 MiB, 24576 MiB, 22 %
2026/09/05 13:01:40.378, NVIDIA GeForce RTX 3090, P2, 270.00 W, 222.06 W, 72, 5502 MiB, 24576 MiB, 30 %
2026/09/05 13:01:50.380, NVIDIA GeForce RTX 3090, P2, 270.00 W, 228.96 W, 71, 5502 MiB, 24576 MiB, 30 %
2026/09/05 13:02:00.381, NVIDIA GeForce RTX 3090, P2, 270.00 W, 219.16 W, 71, 5502 MiB, 24576 MiB, 16 %
2026/09/05 13:02:10.383, NVIDIA GeForce RTX 3090, P2, 270.00 W, 230.70 W, 71, 5502 MiB, 24576 MiB, 24 %
2026/09/05 13:02:20.384, NVIDIA GeForce RTX 3090, P2, 270.00 W, 232.48 W, 72, 5502 MiB, 24576 MiB, 49 %
2026/09/05 13:02:30.385, NVIDIA GeForce RTX 3090, P2, 270.00 W, 222.11 W, 73, 5502 MiB, 24576 MiB, 1 %
2026/09/05 13:02:40.387, NVIDIA GeForce RTX 3090, P2, 270.00 W, 212.97 W, 70, 5502 MiB, 24576 MiB, 48 %
2026/09/05 13:02:50.388, NVIDIA GeForce RTX 3090, P2, 270.00 W, 231.47 W, 72, 5502 MiB, 24576 MiB, 0 %
2026/09/05 13:03:00.389, NVIDIA GeForce RTX 3090, P2, 270.00 W, 231.32 W, 72, 5502 MiB, 24576 MiB, 40 %
2026/09/05 13:03:10.391, NVIDIA GeForce RTX 3090, P2, 270.00 W, 238.53 W, 72, 5502 MiB, 24576 MiB, 26 %
2026/09/05 13:03:20.392, NVIDIA GeForce RTX 3090, P2, 270.00 W, 222.31 W, 73, 5502 MiB, 24576 MiB, 6 %
2026/09/05 13:03:30.393, NVIDIA GeForce RTX 3090, P2, 270.00 W, 213.42 W, 70, 5502 MiB, 24576 MiB, 0 %
2026/09/05 13:03:40.394, NVIDIA GeForce RTX 3090, P2, 270.00 W, 231.19 W, 72, 5502 MiB, 24576 MiB, 34 %
2026/09/05 13:03:50.396, NVIDIA GeForce RTX 3090, P2, 270.00 W, 231.57 W, 73, 5502 MiB, 24576 MiB, 24 %
2026/09/05 13:04:00.397, NVIDIA GeForce RTX 3090, P2, 270.00 W, 216.65 W, 73, 5502 MiB, 24576 MiB, 0 %
2026/09/05 13:04:10.398, NVIDIA GeForce RTX 3090, P2, 270.00 W, 219.91 W, 70, 5502 MiB, 24576 MiB, 0 %
2026/09/05 13:04:20.399, NVIDIA GeForce RTX 3090, P2, 270.00 W, 225.08 W, 72, 5502 MiB, 24576 MiB, 8 %
2026/09/05 13:04:30.400, NVIDIA GeForce RTX 3090, P2, 270.00 W, 233.78 W, 72, 5502 MiB, 24576 MiB, 47 %
2026/09/05 13:04:40.401, NVIDIA GeForce RTX 3090, P2, 270.00 W, 234.35 W, 72, 5502 MiB, 24576 MiB, 48 %
2026/09/05 13:04:50.403, NVIDIA GeForce RTX 3090, P2, 270.00 W, 222.05 W, 73, 5502 MiB, 24576 MiB, 41 %
2026/09/05 13:05:00.404, NVIDIA GeForce RTX 3090, P2, 270.00 W, 205.66 W, 71, 5502 MiB, 24576 MiB, 12 %
2026/09/05 13:05:10.405, NVIDIA GeForce RTX 3090, P2, 270.00 W, 225.80 W, 72, 5502 MiB, 24576 MiB, 41 %
2026/09/05 13:05:20.406, NVIDIA GeForce RTX 3090, P2, 270.00 W, 238.01 W, 73, 5502 MiB, 24576 MiB, 42 %
2026/09/05 13:05:30.407, NVIDIA GeForce RTX 3090, P2, 270.00 W, 225.26 W, 72, 5502 MiB, 24576 MiB, 49 %
2026/09/05 13:05:40.408, NVIDIA GeForce RTX 3090, P2, 270.00 W, 217.24 W, 73, 5502 MiB, 24576 MiB, 48 %
2026/09/05 13:05:50.410, NVIDIA GeForce RTX 3090, P2, 270.00 W, 204.79 W, 71, 5502 MiB, 24576 MiB, 46 %
2026/09/05 13:06:00.411, NVIDIA GeForce RTX 3090, P2, 270.00 W, 221.05 W, 73, 5502 MiB, 24576 MiB, 35 %
2026/09/05 13:06:10.412, NVIDIA GeForce RTX 3090, P2, 270.00 W, 236.35 W, 71, 5502 MiB, 24576 MiB, 32 %
2026/09/05 13:06:20.414, NVIDIA GeForce RTX 3090, P2, 270.00 W, 220.51 W, 72, 5502 MiB, 24576 MiB, 21 %
2026/09/05 13:06:30.415, NVIDIA GeForce RTX 3090, P2, 270.00 W, 212.88 W, 70, 5502 MiB, 24576 MiB, 47 %
2026/09/05 13:06:40.416, NVIDIA GeForce RTX 3090, P2, 270.00 W, 225.18 W, 72, 5502 MiB, 24576 MiB, 23 %
2026/09/05 13:06:50.417, NVIDIA GeForce RTX 3090, P2, 270.00 W, 239.84 W, 72, 5502 MiB, 24576 MiB, 16 %
2026/09/05 13:07:00.418, NVIDIA GeForce RTX 3090, P2, 270.00 W, 221.98 W, 72, 5502 MiB, 24576 MiB, 33 %
2026/09/05 13:07:10.420, NVIDIA GeForce RTX 3090, P2, 270.00 W, 220.78 W, 72, 5502 MiB, 24576 MiB, 7 %
2026/09/05 13:07:20.421, NVIDIA GeForce RTX 3090, P2, 270.00 W, 210.60 W, 70, 5502 MiB, 24576 MiB, 48 %
2026/09/05 13:07:30.422, NVIDIA GeForce RTX 3090, P2, 270.00 W, 231.92 W, 72, 5502 MiB, 24576 MiB, 47 %
2026/09/05 13:07:40.423, NVIDIA GeForce RTX 3090, P2, 270.00 W, 232.85 W, 73, 5502 MiB, 24576 MiB, 47 %
2026/09/05 13:07:50.425, NVIDIA GeForce RTX 3090, P2, 270.00 W, 228.67 W, 73, 5502 MiB, 24576 MiB, 46 %
2026/09/05 13:08:00.426, NVIDIA GeForce RTX 3090, P2, 270.00 W, 223.78 W, 72, 5502 MiB, 24576 MiB, 2 %
2026/09/05 13:08:10.427, NVIDIA GeForce RTX 3090, P2, 270.00 W, 236.14 W, 71, 5502 MiB, 24576 MiB, 41 %
2026/09/05 13:08:20.428, NVIDIA GeForce RTX 3090, P2, 270.00 W, 215.68 W, 70, 5502 MiB, 24576 MiB, 35 %
2026/09/05 13:08:30.430, NVIDIA GeForce RTX 3090, P2, 270.00 W, 220.73 W, 73, 5502 MiB, 24576 MiB, 47 %
2026/09/05 13:08:40.431, NVIDIA GeForce RTX 3090, P2, 270.00 W, 223.07 W, 71, 5502 MiB, 24576 MiB, 0 %
2026/09/05 13:08:50.432, NVIDIA GeForce RTX 3090, P2, 270.00 W, 229.33 W, 71, 5502 MiB, 24576 MiB, 31 %
2026/09/05 13:09:00.433, NVIDIA GeForce RTX 3090, P2, 270.00 W, 220.56 W, 73, 5502 MiB, 24576 MiB, 9 %
2026/09/05 13:09:10.434, NVIDIA GeForce RTX 3090, P2, 270.00 W, 217.53 W, 72, 5502 MiB, 24576 MiB, 30 %
2026/09/05 13:09:20.436, NVIDIA GeForce RTX 3090, P2, 270.00 W, 220.15 W, 71, 5502 MiB, 24576 MiB, 0 %
2026/09/05 13:09:30.437, NVIDIA GeForce RTX 3090, P2, 270.00 W, 230.88 W, 71, 5502 MiB, 24576 MiB, 32 %
2026/09/05 13:09:40.438, NVIDIA GeForce RTX 3090, P2, 270.00 W, 235.18 W, 72, 5502 MiB, 24576 MiB, 48 %
2026/09/05 13:09:50.439, NVIDIA GeForce RTX 3090, P2, 270.00 W, 217.62 W, 72, 5502 MiB, 24576 MiB, 7 %
2026/09/05 13:10:00.440, NVIDIA GeForce RTX 3090, P2, 270.00 W, 214.21 W, 72, 5502 MiB, 24576 MiB, 28 %
2026/09/05 13:10:10.442, NVIDIA GeForce RTX 3090, P2, 270.00 W, 223.38 W, 72, 5502 MiB, 24576 MiB, 6 %
2026/09/05 13:10:20.443, NVIDIA GeForce RTX 3090, P2, 270.00 W, 231.46 W, 72, 5502 MiB, 24576 MiB, 33 %
2026/09/05 13:10:30.444, NVIDIA GeForce RTX 3090, P2, 270.00 W, 227.43 W, 72, 5502 MiB, 24576 MiB, 47 %
2026/09/05 13:10:40.445, NVIDIA GeForce RTX 3090, P2, 270.00 W, 219.12 W, 73, 5502 MiB, 24576 MiB, 0 %
2026/09/05 13:10:50.447, NVIDIA GeForce RTX 3090, P2, 270.00 W, 208.38 W, 71, 5502 MiB, 24576 MiB, 9 %
2026/09/05 13:11:00.448, NVIDIA GeForce RTX 3090, P2, 270.00 W, 221.88 W, 71, 5502 MiB, 24576 MiB, 45 %
2026/09/05 13:11:10.449, NVIDIA GeForce RTX 3090, P2, 270.00 W, 238.16 W, 71, 5502 MiB, 24576 MiB, 30 %
2026/09/05 13:11:20.450, NVIDIA GeForce RTX 3090, P2, 270.00 W, 226.43 W, 72, 5502 MiB, 24576 MiB, 40 %
2026/09/05 13:11:30.451, NVIDIA GeForce RTX 3090, P2, 270.00 W, 224.08 W, 73, 5502 MiB, 24576 MiB, 47 %
2026/09/05 13:11:40.452, NVIDIA GeForce RTX 3090, P2, 270.00 W, 215.11 W, 70, 5502 MiB, 24576 MiB, 0 %
2026/09/05 13:11:50.453, NVIDIA GeForce RTX 3090, P2, 270.00 W, 226.29 W, 72, 5502 MiB, 24576 MiB, 7 %
2026/09/05 13:12:00.454, NVIDIA GeForce RTX 3090, P2, 270.00 W, 229.49 W, 72, 5502 MiB, 24576 MiB, 48 %
2026/09/05 13:12:10.456, NVIDIA GeForce RTX 3090, P2, 270.00 W, 229.40 W, 72, 5502 MiB, 24576 MiB, 49 %
2026/09/05 13:12:20.457, NVIDIA GeForce RTX 3090, P2, 270.00 W, 224.96 W, 73, 5502 MiB, 24576 MiB, 48 %
2026/09/05 13:12:30.458, NVIDIA GeForce RTX 3090, P2, 270.00 W, 218.05 W, 72, 5502 MiB, 24576 MiB, 0 %
2026/09/05 13:12:40.459, NVIDIA GeForce RTX 3090, P2, 270.00 W, 220.92 W, 71, 5502 MiB, 24576 MiB, 47 %
2026/09/05 13:12:50.460, NVIDIA GeForce RTX 3090, P2, 270.00 W, 231.65 W, 72, 5502 MiB, 24576 MiB, 48 %
2026/09/05 13:13:00.462, NVIDIA GeForce RTX 3090, P2, 270.00 W, 233.09 W, 71, 5502 MiB, 24576 MiB, 7 %
2026/09/05 13:13:10.463, NVIDIA GeForce RTX 3090, P2, 270.00 W, 221.54 W, 73, 5502 MiB, 24576 MiB, 30 %
2026/09/05 13:13:20.464, NVIDIA GeForce RTX 3090, P2, 270.00 W, 219.48 W, 71, 5502 MiB, 24576 MiB, 21 %
2026/09/05 13:13:30.465, NVIDIA GeForce RTX 3090, P2, 270.00 W, 222.84 W, 71, 5502 MiB, 24576 MiB, 31 %
2026/09/05 13:13:40.466, NVIDIA GeForce RTX 3090, P2, 270.00 W, 229.47 W, 73, 5502 MiB, 24576 MiB, 47 %
2026/09/05 13:13:50.468, NVIDIA GeForce RTX 3090, P2, 270.00 W, 236.77 W, 73, 5502 MiB, 24576 MiB, 46 %
2026/09/05 13:14:00.469, NVIDIA GeForce RTX 3090, P2, 270.00 W, 208.75 W, 72, 5502 MiB, 24576 MiB, 29 %
2026/09/05 13:14:10.470, NVIDIA GeForce RTX 3090, P2, 270.00 W, 222.26 W, 72, 5502 MiB, 24576 MiB, 2 %
2026/09/05 13:14:20.471, NVIDIA GeForce RTX 3090, P2, 270.00 W, 214.30 W, 72, 5502 MiB, 24576 MiB, 4 %
2026/09/05 13:14:30.472, NVIDIA GeForce RTX 3090, P2, 270.00 W, 221.63 W, 71, 5502 MiB, 24576 MiB, 4 %
2026/09/05 13:14:40.474, NVIDIA GeForce RTX 3090, P2, 270.00 W, 226.38 W, 71, 5502 MiB, 24576 MiB, 9 %
2026/09/05 13:14:50.475, NVIDIA GeForce RTX 3090, P2, 270.00 W, 218.81 W, 70, 5502 MiB, 24576 MiB, 44 %
2026/09/05 13:15:00.476, NVIDIA GeForce RTX 3090, P2, 270.00 W, 221.44 W, 73, 5502 MiB, 24576 MiB, 0 %
2026/09/05 13:15:10.477, NVIDIA GeForce RTX 3090, P2, 270.00 W, 214.53 W, 72, 5502 MiB, 24576 MiB, 30 %
2026/09/05 13:15:20.479, NVIDIA GeForce RTX 3090, P2, 270.00 W, 224.25 W, 71, 5502 MiB, 24576 MiB, 7 %
2026/09/05 13:15:30.480, NVIDIA GeForce RTX 3090, P2, 270.00 W, 224.89 W, 73, 5502 MiB, 24576 MiB, 46 %
2026/09/05 13:15:40.481, NVIDIA GeForce RTX 3090, P2, 270.00 W, 232.79 W, 72, 5502 MiB, 24576 MiB, 47 %
2026/09/05 13:15:50.482, NVIDIA GeForce RTX 3090, P2, 270.00 W, 225.28 W, 74, 5502 MiB, 24576 MiB, 46 %
2026/09/05 13:16:00.483, NVIDIA GeForce RTX 3090, P2, 270.00 W, 206.03 W, 70, 5502 MiB, 24576 MiB, 0 %
2026/09/05 13:16:10.485, NVIDIA GeForce RTX 3090, P2, 270.00 W, 237.38 W, 73, 5502 MiB, 24576 MiB, 48 %
2026/09/05 13:16:20.486, NVIDIA GeForce RTX 3090, P2, 270.00 W, 237.30 W, 73, 5502 MiB, 24576 MiB, 47 %
2026/09/05 13:16:30.487, NVIDIA GeForce RTX 3090, P2, 270.00 W, 222.45 W, 72, 5502 MiB, 24576 MiB, 23 %
2026/09/05 13:16:40.488, NVIDIA GeForce RTX 3090, P2, 270.00 W, 207.08 W, 70, 5502 MiB, 24576 MiB, 12 %
2026/09/05 13:16:50.489, NVIDIA GeForce RTX 3090, P2, 270.00 W, 227.25 W, 72, 5502 MiB, 24576 MiB, 22 %
2026/09/05 13:17:00.491, NVIDIA GeForce RTX 3090, P2, 270.00 W, 230.49 W, 70, 5502 MiB, 24576 MiB, 43 %
2026/09/05 13:17:10.492, NVIDIA GeForce RTX 3090, P2, 270.00 W, 236.30 W, 71, 5502 MiB, 24576 MiB, 31 %
2026/09/05 13:17:20.493, NVIDIA GeForce RTX 3090, P2, 270.00 W, 219.98 W, 73, 5502 MiB, 24576 MiB, 25 %
2026/09/05 13:17:30.494, NVIDIA GeForce RTX 3090, P2, 270.00 W, 209.92 W, 70, 5502 MiB, 24576 MiB, 4 %
2026/09/05 13:17:40.496, NVIDIA GeForce RTX 3090, P2, 270.00 W, 222.08 W, 71, 5502 MiB, 24576 MiB, 8 %
2026/09/05 13:17:50.497, NVIDIA GeForce RTX 3090, P2, 270.00 W, 230.82 W, 72, 5502 MiB, 24576 MiB, 48 %
2026/09/05 13:18:00.498, NVIDIA GeForce RTX 3090, P2, 270.00 W, 233.55 W, 73, 5502 MiB, 24576 MiB, 28 %
2026/09/05 13:18:10.499, NVIDIA GeForce RTX 3090, P2, 270.00 W, 223.64 W, 73, 5502 MiB, 24576 MiB, 47 %
2026/09/05 13:18:20.500, NVIDIA GeForce RTX 3090, P2, 270.00 W, 226.28 W, 70, 5502 MiB, 24576 MiB, 48 %
2026/09/05 13:18:30.502, NVIDIA GeForce RTX 3090, P2, 270.00 W, 232.87 W, 72, 5502 MiB, 24576 MiB, 48 %
2026/09/05 13:18:40.503, NVIDIA GeForce RTX 3090, P2, 270.00 W, 227.07 W, 73, 5502 MiB, 24576 MiB, 41 %
2026/09/05 13:18:50.504, NVIDIA GeForce RTX 3090, P2, 270.00 W, 221.05 W, 73, 5502 MiB, 24576 MiB, 3 %
2026/09/05 13:19:00.505, NVIDIA GeForce RTX 3090, P2, 270.00 W, 233.47 W, 72, 5502 MiB, 24576 MiB, 4 %
2026/09/05 13:19:10.506, NVIDIA GeForce RTX 3090, P2, 270.00 W, 234.18 W, 71, 5502 MiB, 24576 MiB, 9 %
2026/09/05 13:19:20.508, NVIDIA GeForce RTX 3090, P2, 270.00 W, 220.59 W, 73, 5502 MiB, 24576 MiB, 20 %
2026/09/05 13:19:30.509, NVIDIA GeForce RTX 3090, P2, 270.00 W, 207.81 W, 71, 5502 MiB, 24576 MiB, 47 %
2026/09/05 13:19:40.511, NVIDIA GeForce RTX 3090, P2, 270.00 W, 220.59 W, 71, 5502 MiB, 24576 MiB, 5 %
2026/09/05 13:19:50.512, NVIDIA GeForce RTX 3090, P2, 270.00 W, 233.93 W, 72, 5502 MiB, 24576 MiB, 28 %
2026/09/05 13:20:00.513, NVIDIA GeForce RTX 3090, P2, 270.00 W, 233.53 W, 73, 5502 MiB, 24576 MiB, 47 %
2026/09/05 13:20:10.514, NVIDIA GeForce RTX 3090, P2, 270.00 W, 227.56 W, 74, 5502 MiB, 24576 MiB, 0 %
2026/09/05 13:20:20.515, NVIDIA GeForce RTX 3090, P2, 270.00 W, 202.95 W, 70, 5502 MiB, 24576 MiB, 49 %
2026/09/05 13:20:30.517, NVIDIA GeForce RTX 3090, P2, 270.00 W, 228.97 W, 72, 5502 MiB, 24576 MiB, 7 %
2026/09/05 13:20:40.518, NVIDIA GeForce RTX 3090, P2, 270.00 W, 234.74 W, 71, 5502 MiB, 24576 MiB, 2 %
2026/09/05 13:20:50.519, NVIDIA GeForce RTX 3090, P2, 270.00 W, 222.31 W, 73, 5502 MiB, 24576 MiB, 30 %
2026/09/05 13:21:00.520, NVIDIA GeForce RTX 3090, P2, 270.00 W, 221.84 W, 73, 5502 MiB, 24576 MiB, 0 %
2026/09/05 13:21:10.521, NVIDIA GeForce RTX 3090, P2, 270.00 W, 219.15 W, 71, 5502 MiB, 24576 MiB, 4 %
2026/09/05 13:21:20.523, NVIDIA GeForce RTX 3090, P2, 270.00 W, 228.74 W, 72, 5502 MiB, 24576 MiB, 48 %
2026/09/05 13:21:30.524, NVIDIA GeForce RTX 3090, P2, 270.00 W, 224.29 W, 71, 5502 MiB, 24576 MiB, 25 %
2026/09/05 13:21:40.525, NVIDIA GeForce RTX 3090, P2, 270.00 W, 217.38 W, 73, 5502 MiB, 24576 MiB, 0 %
2026/09/05 13:21:50.526, NVIDIA GeForce RTX 3090, P2, 270.00 W, 215.17 W, 71, 5502 MiB, 24576 MiB, 0 %
2026/09/05 13:22:00.527, NVIDIA GeForce RTX 3090, P2, 270.00 W, 220.36 W, 71, 5502 MiB, 24576 MiB, 4 %
2026/09/05 13:22:10.528, NVIDIA GeForce RTX 3090, P2, 270.00 W, 219.54 W, 70, 5502 MiB, 24576 MiB, 49 %
2026/09/05 13:22:20.530, NVIDIA GeForce RTX 3090, P2, 270.00 W, 228.06 W, 72, 5502 MiB, 24576 MiB, 47 %
2026/09/05 13:22:30.531, NVIDIA GeForce RTX 3090, P2, 270.00 W, 221.12 W, 72, 5502 MiB, 24576 MiB, 0 %
2026/09/05 13:22:40.532, NVIDIA GeForce RTX 3090, P2, 270.00 W, 228.38 W, 71, 5502 MiB, 24576 MiB, 30 %
2026/09/05 13:22:50.533, NVIDIA GeForce RTX 3090, P2, 270.00 W, 228.03 W, 72, 5502 MiB, 24576 MiB, 49 %
2026/09/05 13:23:00.535, NVIDIA GeForce RTX 3090, P2, 270.00 W, 235.60 W, 72, 5502 MiB, 24576 MiB, 40 %
2026/09/05 13:23:10.536, NVIDIA GeForce RTX 3090, P2, 270.00 W, 220.49 W, 73, 5502 MiB, 24576 MiB, 47 %
2026/09/05 13:23:20.537, NVIDIA GeForce RTX 3090, P2, 270.00 W, 222.98 W, 71, 5502 MiB, 24576 MiB, 30 %
2026/09/05 13:23:30.538, NVIDIA GeForce RTX 3090, P2, 270.00 W, 223.30 W, 71, 5502 MiB, 24576 MiB, 27 %
2026/09/05 13:23:40.540, NVIDIA GeForce RTX 3090, P2, 270.00 W, 240.82 W, 71, 5502 MiB, 24576 MiB, 19 %
2026/09/05 13:23:50.541, NVIDIA GeForce RTX 3090, P2, 270.00 W, 226.45 W, 73, 5502 MiB, 24576 MiB, 39 %
2026/09/05 13:24:00.542, NVIDIA GeForce RTX 3090, P2, 270.00 W, 215.16 W, 72, 5502 MiB, 24576 MiB, 30 %
2026/09/05 13:24:10.543, NVIDIA GeForce RTX 3090, P2, 270.00 W, 224.22 W, 72, 5502 MiB, 24576 MiB, 18 %
2026/09/05 13:24:20.544, NVIDIA GeForce RTX 3090, P2, 270.00 W, 231.04 W, 72, 5502 MiB, 24576 MiB, 41 %
2026/09/05 13:24:30.546, NVIDIA GeForce RTX 3090, P2, 270.00 W, 219.45 W, 71, 5502 MiB, 24576 MiB, 38 %
2026/09/05 13:24:40.547, NVIDIA GeForce RTX 3090, P2, 270.00 W, 222.87 W, 73, 5502 MiB, 24576 MiB, 46 %
2026/09/05 13:24:50.548, NVIDIA GeForce RTX 3090, P2, 270.00 W, 211.65 W, 71, 5502 MiB, 24576 MiB, 45 %
2026/09/05 13:25:00.549, NVIDIA GeForce RTX 3090, P2, 270.00 W, 225.54 W, 72, 5502 MiB, 24576 MiB, 8 %
2026/09/05 13:25:10.551, NVIDIA GeForce RTX 3090, P2, 270.00 W, 236.93 W, 72, 5502 MiB, 24576 MiB, 15 %
2026/09/05 13:25:20.552, NVIDIA GeForce RTX 3090, P2, 270.00 W, 219.75 W, 72, 5502 MiB, 24576 MiB, 22 %
2026/09/05 13:25:30.553, NVIDIA GeForce RTX 3090, P2, 270.00 W, 211.14 W, 71, 5502 MiB, 24576 MiB, 3 %
2026/09/05 13:25:40.554, NVIDIA GeForce RTX 3090, P2, 270.00 W, 228.73 W, 72, 5502 MiB, 24576 MiB, 3 %
2026/09/05 13:25:50.556, NVIDIA GeForce RTX 3090, P2, 270.00 W, 225.74 W, 71, 5502 MiB, 24576 MiB, 3 %
2026/09/05 13:26:00.557, NVIDIA GeForce RTX 3090, P2, 270.00 W, 216.75 W, 71, 5502 MiB, 24576 MiB, 21 %
2026/09/05 13:26:10.558, NVIDIA GeForce RTX 3090, P2, 270.00 W, 229.90 W, 72, 5502 MiB, 24576 MiB, 4 %
2026/09/05 13:26:20.559, NVIDIA GeForce RTX 3090, P2, 270.00 W, 216.02 W, 71, 5502 MiB, 24576 MiB, 48 %
2026/09/05 13:26:30.560, NVIDIA GeForce RTX 3090, P2, 270.00 W, 226.74 W, 72, 5502 MiB, 24576 MiB, 35 %
2026/09/05 13:26:40.562, NVIDIA GeForce RTX 3090, P2, 270.00 W, 227.49 W, 71, 5502 MiB, 24576 MiB, 10 %
2026/09/05 13:26:50.563, NVIDIA GeForce RTX 3090, P2, 270.00 W, 223.84 W, 73, 5502 MiB, 24576 MiB, 36 %
2026/09/05 13:27:00.564, NVIDIA GeForce RTX 3090, P2, 270.00 W, 218.43 W, 73, 5502 MiB, 24576 MiB, 3 %
2026/09/05 13:27:10.565, NVIDIA GeForce RTX 3090, P2, 270.00 W, 208.53 W, 70, 5502 MiB, 24576 MiB, 0 %
2026/09/05 13:27:20.567, NVIDIA GeForce RTX 3090, P2, 270.00 W, 228.87 W, 73, 5502 MiB, 24576 MiB, 49 %
2026/09/05 13:27:30.568, NVIDIA GeForce RTX 3090, P2, 270.00 W, 226.85 W, 71, 5502 MiB, 24576 MiB, 32 %
2026/09/05 13:27:40.570, NVIDIA GeForce RTX 3090, P2, 270.00 W, 228.39 W, 73, 5502 MiB, 24576 MiB, 46 %
2026/09/05 13:27:50.571, NVIDIA GeForce RTX 3090, P2, 270.00 W, 227.56 W, 74, 5502 MiB, 24576 MiB, 47 %
2026/09/05 13:28:00.573, NVIDIA GeForce RTX 3090, P2, 270.00 W, 226.00 W, 70, 5502 MiB, 24576 MiB, 4 %
2026/09/05 13:28:10.574, NVIDIA GeForce RTX 3090, P2, 270.00 W, 233.83 W, 72, 5502 MiB, 24576 MiB, 47 %
2026/09/05 13:28:20.575, NVIDIA GeForce RTX 3090, P2, 270.00 W, 212.33 W, 72, 5502 MiB, 24576 MiB, 33 %
2026/09/05 13:28:30.576, NVIDIA GeForce RTX 3090, P2, 270.00 W, 218.45 W, 73, 5502 MiB, 24576 MiB, 48 %
2026/09/05 13:28:40.578, NVIDIA GeForce RTX 3090, P2, 270.00 W, 215.02 W, 70, 5502 MiB, 24576 MiB, 1 %
2026/09/05 13:28:50.579, NVIDIA GeForce RTX 3090, P2, 270.00 W, 223.30 W, 71, 5502 MiB, 24576 MiB, 31 %
2026/09/05 13:29:00.580, NVIDIA GeForce RTX 3090, P2, 270.00 W, 237.94 W, 72, 5502 MiB, 24576 MiB, 18 %
2026/09/05 13:29:10.582, NVIDIA GeForce RTX 3090, P2, 270.00 W, 225.72 W, 73, 5502 MiB, 24576 MiB, 38 %
2026/09/05 13:29:20.583, NVIDIA GeForce RTX 3090, P2, 270.00 W, 217.69 W, 72, 5502 MiB, 24576 MiB, 40 %
2026/09/05 13:29:30.584, NVIDIA GeForce RTX 3090, P2, 270.00 W, 212.17 W, 70, 5502 MiB, 24576 MiB, 46 %
2026/09/05 13:29:40.586, NVIDIA GeForce RTX 3090, P2, 270.00 W, 226.01 W, 72, 5502 MiB, 24576 MiB, 16 %
2026/09/05 13:29:50.587, NVIDIA GeForce RTX 3090, P2, 270.00 W, 237.46 W, 72, 5502 MiB, 24576 MiB, 24 %
2026/09/05 13:30:00.588, NVIDIA GeForce RTX 3090, P2, 270.00 W, 224.32 W, 71, 5502 MiB, 24576 MiB, 49 %
2026/09/05 13:30:10.589, NVIDIA GeForce RTX 3090, P2, 270.00 W, 221.12 W, 73, 5502 MiB, 24576 MiB, 0 %
2026/09/05 13:30:20.590, NVIDIA GeForce RTX 3090, P2, 270.00 W, 204.51 W, 71, 5502 MiB, 24576 MiB, 25 %
2026/09/05 13:30:30.592, NVIDIA GeForce RTX 3090, P2, 270.00 W, 214.87 W, 71, 5502 MiB, 24576 MiB, 0 %
2026/09/05 13:30:40.593, NVIDIA GeForce RTX 3090, P2, 270.00 W, 227.26 W, 72, 5502 MiB, 24576 MiB, 30 %
2026/09/05 13:30:50.594, NVIDIA GeForce RTX 3090, P2, 270.00 W, 240.48 W, 73, 5502 MiB, 24576 MiB, 33 %
2026/09/05 13:31:00.595, NVIDIA GeForce RTX 3090, P2, 270.00 W, 228.73 W, 73, 5502 MiB, 24576 MiB, 47 %
2026/09/05 13:31:10.596, NVIDIA GeForce RTX 3090, P2, 270.00 W, 219.22 W, 72, 5502 MiB, 24576 MiB, 47 %
2026/09/05 13:31:20.598, NVIDIA GeForce RTX 3090, P2, 270.00 W, 215.54 W, 71, 5502 MiB, 24576 MiB, 0 %
2026/09/05 13:31:30.599, NVIDIA GeForce RTX 3090, P2, 270.00 W, 223.35 W, 71, 5502 MiB, 24576 MiB, 48 %
2026/09/05 13:31:40.600, NVIDIA GeForce RTX 3090, P2, 270.00 W, 235.43 W, 71, 5502 MiB, 24576 MiB, 29 %
2026/09/05 13:31:50.601, NVIDIA GeForce RTX 3090, P2, 270.00 W, 232.53 W, 72, 5502 MiB, 24576 MiB, 47 %
2026/09/05 13:32:00.603, NVIDIA GeForce RTX 3090, P2, 270.00 W, 221.01 W, 73, 5502 MiB, 24576 MiB, 47 %
2026/09/05 13:32:10.604, NVIDIA GeForce RTX 3090, P2, 270.00 W, 213.19 W, 71, 5502 MiB, 24576 MiB, 29 %
2026/09/05 13:32:20.605, NVIDIA GeForce RTX 3090, P2, 270.00 W, 210.18 W, 70, 5502 MiB, 24576 MiB, 0 %
2026/09/05 13:32:30.606, NVIDIA GeForce RTX 3090, P2, 270.00 W, 231.77 W, 72, 5502 MiB, 24576 MiB, 48 %
2026/09/05 13:32:40.608, NVIDIA GeForce RTX 3090, P2, 270.00 W, 224.08 W, 71, 5502 MiB, 24576 MiB, 34 %
2026/09/05 13:32:50.609, NVIDIA GeForce RTX 3090, P2, 270.00 W, 237.56 W, 73, 5502 MiB, 24576 MiB, 47 %
2026/09/05 13:33:00.610, NVIDIA GeForce RTX 3090, P2, 270.00 W, 223.34 W, 73, 5502 MiB, 24576 MiB, 12 %
2026/09/05 13:33:10.611, NVIDIA GeForce RTX 3090, P2, 270.00 W, 219.58 W, 73, 5502 MiB, 24576 MiB, 0 %
2026/09/05 13:33:20.613, NVIDIA GeForce RTX 3090, P2, 270.00 W, 213.50 W, 70, 5502 MiB, 24576 MiB, 0 %
2026/09/05 13:33:30.614, NVIDIA GeForce RTX 3090, P2, 270.00 W, 231.95 W, 72, 5502 MiB, 24576 MiB, 47 %
2026/09/05 13:33:40.615, NVIDIA GeForce RTX 3090, P2, 270.00 W, 217.79 W, 73, 5502 MiB, 24576 MiB, 46 %
2026/09/05 13:33:50.617, NVIDIA GeForce RTX 3090, P2, 270.00 W, 214.15 W, 73, 5502 MiB, 24576 MiB, 43 %
2026/09/05 13:34:00.618, NVIDIA GeForce RTX 3090, P2, 270.00 W, 218.37 W, 70, 5502 MiB, 24576 MiB, 0 %
2026/09/05 13:34:10.620, NVIDIA GeForce RTX 3090, P2, 270.00 W, 221.66 W, 72, 5502 MiB, 24576 MiB, 48 %
2026/09/05 13:34:20.621, NVIDIA GeForce RTX 3090, P2, 270.00 W, 223.35 W, 72, 5502 MiB, 24576 MiB, 42 %
2026/09/05 13:34:30.622, NVIDIA GeForce RTX 3090, P2, 270.00 W, 217.12 W, 71, 5502 MiB, 24576 MiB, 39 %
2026/09/05 13:34:40.624, NVIDIA GeForce RTX 3090, P2, 270.00 W, 220.25 W, 73, 5502 MiB, 24576 MiB, 0 %
2026/09/05 13:34:50.625, NVIDIA GeForce RTX 3090, P2, 270.00 W, 216.58 W, 70, 5502 MiB, 24576 MiB, 0 %
2026/09/05 13:35:00.626, NVIDIA GeForce RTX 3090, P2, 270.00 W, 237.11 W, 73, 5502 MiB, 24576 MiB, 13 %
2026/09/05 13:35:10.627, NVIDIA GeForce RTX 3090, P2, 270.00 W, 227.57 W, 71, 5502 MiB, 24576 MiB, 39 %
2026/09/05 13:35:20.629, NVIDIA GeForce RTX 3090, P2, 270.00 W, 228.26 W, 72, 5502 MiB, 24576 MiB, 44 %
2026/09/05 13:35:30.630, NVIDIA GeForce RTX 3090, P2, 270.00 W, 219.23 W, 72, 5502 MiB, 24576 MiB, 24 %
2026/09/05 13:35:40.631, NVIDIA GeForce RTX 3090, P2, 270.00 W, 220.19 W, 71, 5502 MiB, 24576 MiB, 10 %
2026/09/05 13:35:50.633, NVIDIA GeForce RTX 3090, P2, 270.00 W, 211.73 W, 70, 5502 MiB, 24576 MiB, 48 %
2026/09/05 13:36:00.634, NVIDIA GeForce RTX 3090, P2, 270.00 W, 234.97 W, 72, 5502 MiB, 24576 MiB, 48 %
2026/09/05 13:36:10.635, NVIDIA GeForce RTX 3090, P2, 270.00 W, 233.41 W, 72, 5502 MiB, 24576 MiB, 48 %
2026/09/05 13:36:20.636, NVIDIA GeForce RTX 3090, P2, 270.00 W, 230.41 W, 73, 5502 MiB, 24576 MiB, 19 %
2026/09/05 13:36:30.638, NVIDIA GeForce RTX 3090, P2, 270.00 W, 216.00 W, 71, 5502 MiB, 24576 MiB, 0 %
2026/09/05 13:36:40.639, NVIDIA GeForce RTX 3090, P2, 270.00 W, 221.55 W, 72, 5502 MiB, 24576 MiB, 8 %
2026/09/05 13:36:50.640, NVIDIA GeForce RTX 3090, P2, 270.00 W, 231.50 W, 72, 5502 MiB, 24576 MiB, 48 %
2026/09/05 13:37:00.642, NVIDIA GeForce RTX 3090, P2, 270.00 W, 236.78 W, 72, 5502 MiB, 24576 MiB, 44 %
2026/09/05 13:37:10.643, NVIDIA GeForce RTX 3090, P2, 270.00 W, 227.50 W, 71, 5502 MiB, 24576 MiB, 35 %
2026/09/05 13:37:20.644, NVIDIA GeForce RTX 3090, P2, 270.00 W, 232.07 W, 72, 5502 MiB, 24576 MiB, 46 %
2026/09/05 13:37:30.646, NVIDIA GeForce RTX 3090, P2, 270.00 W, 224.49 W, 72, 5502 MiB, 24576 MiB, 33 %
2026/09/05 13:37:40.647, NVIDIA GeForce RTX 3090, P2, 270.00 W, 224.99 W, 72, 5502 MiB, 24576 MiB, 35 %
2026/09/05 13:37:50.648, NVIDIA GeForce RTX 3090, P2, 270.00 W, 208.46 W, 70, 5502 MiB, 24576 MiB, 47 %
2026/09/05 13:38:00.650, NVIDIA GeForce RTX 3090, P2, 270.00 W, 228.47 W, 71, 5502 MiB, 24576 MiB, 18 %
2026/09/05 13:38:10.651, NVIDIA GeForce RTX 3090, P2, 270.00 W, 234.68 W, 72, 5502 MiB, 24576 MiB, 34 %
2026/09/05 13:38:20.653, NVIDIA GeForce RTX 3090, P2, 270.00 W, 218.30 W, 71, 5502 MiB, 24576 MiB, 0 %
2026/09/05 13:38:30.654, NVIDIA GeForce RTX 3090, P2, 270.00 W, 219.36 W, 72, 5502 MiB, 24576 MiB, 27 %
2026/09/05 13:38:40.655, NVIDIA GeForce RTX 3090, P2, 270.00 W, 216.77 W, 71, 5502 MiB, 24576 MiB, 46 %
2026/09/05 13:38:50.656, NVIDIA GeForce RTX 3090, P2, 270.00 W, 228.57 W, 71, 5502 MiB, 24576 MiB, 16 %
2026/09/05 13:39:00.658, NVIDIA GeForce RTX 3090, P2, 270.00 W, 236.01 W, 72, 5502 MiB, 24576 MiB, 41 %
2026/09/05 13:39:10.659, NVIDIA GeForce RTX 3090, P2, 270.00 W, 234.89 W, 71, 5502 MiB, 24576 MiB, 10 %
2026/09/05 13:39:20.660, NVIDIA GeForce RTX 3090, P2, 270.00 W, 223.21 W, 73, 5502 MiB, 24576 MiB, 32 %
2026/09/05 13:39:30.662, NVIDIA GeForce RTX 3090, P2, 270.00 W, 224.65 W, 72, 5502 MiB, 24576 MiB, 30 %
2026/09/05 13:39:40.663, NVIDIA GeForce RTX 3090, P2, 270.00 W, 206.51 W, 71, 5502 MiB, 24576 MiB, 37 %
2026/09/05 13:39:50.664, NVIDIA GeForce RTX 3090, P2, 270.00 W, 224.39 W, 71, 5502 MiB, 24576 MiB, 21 %
2026/09/05 13:40:00.666, NVIDIA GeForce RTX 3090, P2, 270.00 W, 232.47 W, 72, 5502 MiB, 24576 MiB, 39 %
2026/09/05 13:40:10.667, NVIDIA GeForce RTX 3090, P2, 270.00 W, 233.49 W, 73, 5502 MiB, 24576 MiB, 44 %
2026/09/05 13:40:20.668, NVIDIA GeForce RTX 3090, P2, 270.00 W, 220.87 W, 72, 5502 MiB, 24576 MiB, 32 %
2026/09/05 13:40:30.669, NVIDIA GeForce RTX 3090, P2, 270.00 W, 208.51 W, 71, 5502 MiB, 24576 MiB, 39 %
2026/09/05 13:40:40.670, NVIDIA GeForce RTX 3090, P2, 270.00 W, 217.61 W, 71, 5502 MiB, 24576 MiB, 0 %
2026/09/05 13:40:50.672, NVIDIA GeForce RTX 3090, P2, 270.00 W, 228.16 W, 73, 5502 MiB, 24576 MiB, 10 %
2026/09/05 13:41:00.673, NVIDIA GeForce RTX 3090, P2, 270.00 W, 232.84 W, 73, 5502 MiB, 24576 MiB, 47 %
2026/09/05 13:41:10.674, NVIDIA GeForce RTX 3090, P2, 270.00 W, 229.48 W, 72, 5502 MiB, 24576 MiB, 49 %
2026/09/05 13:41:20.676, NVIDIA GeForce RTX 3090, P2, 270.00 W, 223.34 W, 73, 5502 MiB, 24576 MiB, 24 %
2026/09/05 13:41:30.677, NVIDIA GeForce RTX 3090, P2, 270.00 W, 218.63 W, 72, 5502 MiB, 24576 MiB, 6 %
2026/09/05 13:41:40.678, NVIDIA GeForce RTX 3090, P2, 270.00 W, 217.59 W, 70, 5502 MiB, 24576 MiB, 47 %
2026/09/05 13:41:50.680, NVIDIA GeForce RTX 3090, P2, 270.00 W, 232.92 W, 73, 5502 MiB, 24576 MiB, 47 %
2026/09/05 13:42:00.681, NVIDIA GeForce RTX 3090, P2, 270.00 W, 231.73 W, 72, 5502 MiB, 24576 MiB, 20 %
2026/09/05 13:42:10.682, NVIDIA GeForce RTX 3090, P2, 270.00 W, 220.15 W, 72, 5502 MiB, 24576 MiB, 21 %
2026/09/05 13:42:20.683, NVIDIA GeForce RTX 3090, P2, 270.00 W, 216.69 W, 70, 5502 MiB, 24576 MiB, 0 %
2026/09/05 13:42:30.685, NVIDIA GeForce RTX 3090, P2, 270.00 W, 224.49 W, 72, 5502 MiB, 24576 MiB, 6 %
2026/09/05 13:42:40.686, NVIDIA GeForce RTX 3090, P2, 270.00 W, 225.83 W, 72, 5502 MiB, 24576 MiB, 30 %
2026/09/05 13:42:50.688, NVIDIA GeForce RTX 3090, P2, 270.00 W, 223.48 W, 73, 5502 MiB, 24576 MiB, 32 %
2026/09/05 13:43:00.689, NVIDIA GeForce RTX 3090, P2, 270.00 W, 213.01 W, 72, 5502 MiB, 24576 MiB, 37 %
2026/09/05 13:43:10.690, NVIDIA GeForce RTX 3090, P2, 270.00 W, 225.46 W, 71, 5502 MiB, 24576 MiB, 36 %
2026/09/05 13:43:20.691, NVIDIA GeForce RTX 3090, P2, 270.00 W, 220.11 W, 71, 5502 MiB, 24576 MiB, 52 %
2026/09/05 13:43:30.693, NVIDIA GeForce RTX 3090, P2, 270.00 W, 219.33 W, 70, 5502 MiB, 24576 MiB, 51 %
2026/09/05 13:43:40.695, NVIDIA GeForce RTX 3090, P2, 270.00 W, 222.47 W, 74, 5502 MiB, 24576 MiB, 47 %
2026/09/05 13:43:50.696, NVIDIA GeForce RTX 3090, P2, 270.00 W, 219.01 W, 70, 5502 MiB, 24576 MiB, 47 %
2026/09/05 13:44:00.698, NVIDIA GeForce RTX 3090, P2, 270.00 W, 211.52 W, 70, 5502 MiB, 24576 MiB, 48 %
2026/09/05 13:44:10.699, NVIDIA GeForce RTX 3090, P2, 270.00 W, 225.81 W, 71, 5502 MiB, 24576 MiB, 7 %
2026/09/05 13:44:20.700, NVIDIA GeForce RTX 3090, P2, 270.00 W, 224.71 W, 72, 5502 MiB, 24576 MiB, 50 %
2026/09/05 13:44:30.702, NVIDIA GeForce RTX 3090, P2, 270.00 W, 234.54 W, 72, 5502 MiB, 24576 MiB, 47 %
2026/09/05 13:44:40.703, NVIDIA GeForce RTX 3090, P2, 270.00 W, 228.93 W, 73, 5502 MiB, 24576 MiB, 47 %
2026/09/05 13:44:50.704, NVIDIA GeForce RTX 3090, P2, 270.00 W, 212.07 W, 70, 5502 MiB, 24576 MiB, 0 %
2026/09/05 13:45:00.706, NVIDIA GeForce RTX 3090, P2, 270.00 W, 225.43 W, 72, 5502 MiB, 24576 MiB, 41 %
2026/09/05 13:45:10.707, NVIDIA GeForce RTX 3090, P2, 270.00 W, 236.60 W, 73, 5502 MiB, 24576 MiB, 47 %
2026/09/05 13:45:20.708, NVIDIA GeForce RTX 3090, P2, 270.00 W, 219.56 W, 72, 5502 MiB, 24576 MiB, 30 %
2026/09/05 13:45:30.710, NVIDIA GeForce RTX 3090, P2, 270.00 W, 213.29 W, 70, 5502 MiB, 24576 MiB, 22 %
2026/09/05 13:45:40.711, NVIDIA GeForce RTX 3090, P2, 270.00 W, 211.62 W, 70, 5502 MiB, 24576 MiB, 3 %
2026/09/05 13:45:50.713, NVIDIA GeForce RTX 3090, P2, 270.00 W, 233.15 W, 73, 5502 MiB, 24576 MiB, 47 %
2026/09/05 13:46:00.714, NVIDIA GeForce RTX 3090, P2, 270.00 W, 220.80 W, 72, 5502 MiB, 24576 MiB, 30 %
2026/09/05 13:46:10.715, NVIDIA GeForce RTX 3090, P2, 270.00 W, 230.20 W, 73, 6004 MiB, 24576 MiB, 0 %
2026/09/05 13:46:20.717, NVIDIA GeForce RTX 3090, P2, 270.00 W, 213.56 W, 70, 6004 MiB, 24576 MiB, 48 %
2026/09/05 13:46:30.718, NVIDIA GeForce RTX 3090, P2, 270.00 W, 222.04 W, 72, 6004 MiB, 24576 MiB, 47 %
2026/09/05 13:46:40.719, NVIDIA GeForce RTX 3090, P2, 270.00 W, 233.10 W, 72, 6004 MiB, 24576 MiB, 48 %
2026/09/05 13:46:50.720, NVIDIA GeForce RTX 3090, P2, 270.00 W, 216.81 W, 73, 6004 MiB, 24576 MiB, 15 %
2026/09/05 13:47:00.722, NVIDIA GeForce RTX 3090, P2, 270.00 W, 222.07 W, 72, 6004 MiB, 24576 MiB, 6 %
2026/09/05 13:47:10.723, NVIDIA GeForce RTX 3090, P2, 270.00 W, 214.25 W, 71, 6004 MiB, 24576 MiB, 47 %
2026/09/05 13:47:20.724, NVIDIA GeForce RTX 3090, P2, 270.00 W, 232.11 W, 71, 6004 MiB, 24576 MiB, 21 %
2026/09/05 13:47:30.725, NVIDIA GeForce RTX 3090, P2, 270.00 W, 232.66 W, 72, 6004 MiB, 24576 MiB, 30 %
2026/09/05 13:47:40.726, NVIDIA GeForce RTX 3090, P2, 270.00 W, 224.83 W, 72, 6004 MiB, 24576 MiB, 11 %
2026/09/05 13:47:50.727, NVIDIA GeForce RTX 3090, P2, 270.00 W, 212.37 W, 72, 6004 MiB, 24576 MiB, 3 %
2026/09/05 13:48:00.729, NVIDIA GeForce RTX 3090, P2, 270.00 W, 215.97 W, 70, 6004 MiB, 24576 MiB, 48 %
2026/09/05 13:48:10.730, NVIDIA GeForce RTX 3090, P2, 270.00 W, 226.38 W, 72, 6004 MiB, 24576 MiB, 48 %
2026/09/05 13:48:20.731, NVIDIA GeForce RTX 3090, P2, 270.00 W, 222.71 W, 71, 6004 MiB, 24576 MiB, 0 %
2026/09/05 13:48:30.732, NVIDIA GeForce RTX 3090, P2, 270.00 W, 223.23 W, 73, 6004 MiB, 24576 MiB, 0 %
2026/09/05 13:48:40.733, NVIDIA GeForce RTX 3090, P2, 270.00 W, 221.17 W, 72, 6004 MiB, 24576 MiB, 5 %
2026/09/05 13:48:50.734, NVIDIA GeForce RTX 3090, P2, 270.00 W, 218.05 W, 70, 6004 MiB, 24576 MiB, 48 %
2026/09/05 13:49:00.736, NVIDIA GeForce RTX 3090, P2, 270.00 W, 233.18 W, 73, 6004 MiB, 24576 MiB, 48 %
2026/09/05 13:49:10.737, NVIDIA GeForce RTX 3090, P2, 270.00 W, 234.93 W, 71, 6004 MiB, 24576 MiB, 27 %
2026/09/05 13:49:20.738, NVIDIA GeForce RTX 3090, P2, 270.00 W, 229.55 W, 73, 6004 MiB, 24576 MiB, 47 %
2026/09/05 13:49:30.739, NVIDIA GeForce RTX 3090, P2, 270.00 W, 220.92 W, 71, 6004 MiB, 24576 MiB, 3 %
2026/09/05 13:49:40.741, NVIDIA GeForce RTX 3090, P2, 270.00 W, 220.24 W, 71, 6004 MiB, 24576 MiB, 48 %
2026/09/05 13:49:50.742, NVIDIA GeForce RTX 3090, P2, 270.00 W, 227.87 W, 72, 6004 MiB, 24576 MiB, 47 %
2026/09/05 13:50:00.743, NVIDIA GeForce RTX 3090, P2, 270.00 W, 234.12 W, 72, 6004 MiB, 24576 MiB, 48 %
2026/09/05 13:50:10.744, NVIDIA GeForce RTX 3090, P2, 270.00 W, 220.27 W, 72, 6004 MiB, 24576 MiB, 0 %
2026/09/05 13:50:20.745, NVIDIA GeForce RTX 3090, P2, 270.00 W, 211.98 W, 72, 6004 MiB, 24576 MiB, 31 %
2026/09/05 13:50:30.746, NVIDIA GeForce RTX 3090, P2, 270.00 W, 215.07 W, 70, 6004 MiB, 24576 MiB, 3 %
2026/09/05 13:50:40.748, NVIDIA GeForce RTX 3090, P2, 270.00 W, 227.53 W, 71, 6004 MiB, 24576 MiB, 9 %
2026/09/05 13:50:50.749, NVIDIA GeForce RTX 3090, P2, 270.00 W, 222.19 W, 72, 6004 MiB, 24576 MiB, 35 %
2026/09/05 13:51:00.750, NVIDIA GeForce RTX 3090, P2, 270.00 W, 222.38 W, 72, 6004 MiB, 24576 MiB, 12 %
2026/09/05 13:51:10.751, NVIDIA GeForce RTX 3090, P2, 270.00 W, 228.06 W, 71, 6004 MiB, 24576 MiB, 5 %
2026/09/05 13:51:20.752, NVIDIA GeForce RTX 3090, P2, 270.00 W, 233.51 W, 72, 6004 MiB, 24576 MiB, 47 %
2026/09/05 13:51:30.754, NVIDIA GeForce RTX 3090, P2, 270.00 W, 237.37 W, 71, 6004 MiB, 24576 MiB, 27 %
2026/09/05 13:51:40.755, NVIDIA GeForce RTX 3090, P2, 270.00 W, 221.56 W, 72, 6004 MiB, 24576 MiB, 34 %
2026/09/05 13:51:50.756, NVIDIA GeForce RTX 3090, P2, 270.00 W, 213.22 W, 72, 6004 MiB, 24576 MiB, 21 %
2026/09/05 13:52:00.758, NVIDIA GeForce RTX 3090, P2, 270.00 W, 213.56 W, 72, 6004 MiB, 24576 MiB, 29 %
2026/09/05 13:52:10.760, NVIDIA GeForce RTX 3090, P2, 270.00 W, 220.05 W, 71, 6004 MiB, 24576 MiB, 31 %
2026/09/05 13:52:20.761, NVIDIA GeForce RTX 3090, P2, 270.00 W, 230.16 W, 72, 6004 MiB, 24576 MiB, 48 %
2026/09/05 13:52:30.762, NVIDIA GeForce RTX 3090, P2, 270.00 W, 236.44 W, 73, 6004 MiB, 24576 MiB, 47 %
2026/09/05 13:52:40.763, NVIDIA GeForce RTX 3090, P2, 270.00 W, 224.14 W, 72, 6004 MiB, 24576 MiB, 31 %
2026/09/05 13:52:50.764, NVIDIA GeForce RTX 3090, P2, 270.00 W, 218.79 W, 72, 6004 MiB, 24576 MiB, 19 %
2026/09/05 13:53:00.766, NVIDIA GeForce RTX 3090, P2, 270.00 W, 213.68 W, 71, 6004 MiB, 24576 MiB, 48 %
2026/09/05 13:53:10.767, NVIDIA GeForce RTX 3090, P2, 270.00 W, 221.79 W, 71, 6004 MiB, 24576 MiB, 30 %
2026/09/05 13:53:20.768, NVIDIA GeForce RTX 3090, P2, 270.00 W, 216.89 W, 73, 6004 MiB, 24576 MiB, 0 %
2026/09/05 13:53:30.769, NVIDIA GeForce RTX 3090, P2, 270.00 W, 220.40 W, 73, 6004 MiB, 24576 MiB, 0 %
2026/09/05 13:53:40.771, NVIDIA GeForce RTX 3090, P2, 270.00 W, 213.49 W, 72, 6004 MiB, 24576 MiB, 5 %
2026/09/05 13:53:50.772, NVIDIA GeForce RTX 3090, P2, 270.00 W, 217.38 W, 71, 6004 MiB, 24576 MiB, 0 %
2026/09/05 13:54:00.773, NVIDIA GeForce RTX 3090, P2, 270.00 W, 232.90 W, 72, 6004 MiB, 24576 MiB, 37 %
2026/09/05 13:54:10.774, NVIDIA GeForce RTX 3090, P2, 270.00 W, 237.89 W, 73, 6004 MiB, 24576 MiB, 24 %
2026/09/05 13:54:20.775, NVIDIA GeForce RTX 3090, P2, 270.00 W, 218.16 W, 73, 6004 MiB, 24576 MiB, 27 %
2026/09/05 13:54:30.776, NVIDIA GeForce RTX 3090, P2, 270.00 W, 221.76 W, 72, 6004 MiB, 24576 MiB, 47 %
2026/09/05 13:54:40.778, NVIDIA GeForce RTX 3090, P2, 270.00 W, 214.95 W, 71, 6004 MiB, 24576 MiB, 0 %
2026/09/05 13:54:50.779, NVIDIA GeForce RTX 3090, P2, 270.00 W, 224.73 W, 72, 6004 MiB, 24576 MiB, 48 %
2026/09/05 13:55:00.780, NVIDIA GeForce RTX 3090, P2, 270.00 W, 231.27 W, 72, 6004 MiB, 24576 MiB, 47 %
2026/09/05 13:55:10.782, NVIDIA GeForce RTX 3090, P2, 270.00 W, 219.95 W, 73, 6004 MiB, 24576 MiB, 26 %
2026/09/05 13:55:20.783, NVIDIA GeForce RTX 3090, P2, 270.00 W, 215.12 W, 72, 6004 MiB, 24576 MiB, 29 %
2026/09/05 13:55:30.784, NVIDIA GeForce RTX 3090, P2, 270.00 W, 226.29 W, 71, 6004 MiB, 24576 MiB, 31 %
2026/09/05 13:55:40.785, NVIDIA GeForce RTX 3090, P2, 270.00 W, 228.88 W, 72, 6004 MiB, 24576 MiB, 48 %
2026/09/05 13:55:50.786, NVIDIA GeForce RTX 3090, P2, 270.00 W, 227.70 W, 71, 6004 MiB, 24576 MiB, 49 %
2026/09/05 13:56:00.787, NVIDIA GeForce RTX 3090, P2, 270.00 W, 224.40 W, 72, 6004 MiB, 24576 MiB, 17 %
2026/09/05 13:56:10.788, NVIDIA GeForce RTX 3090, P2, 270.00 W, 213.02 W, 70, 6004 MiB, 24576 MiB, 46 %
2026/09/05 13:56:20.790, NVIDIA GeForce RTX 3090, P2, 270.00 W, 236.46 W, 73, 6004 MiB, 24576 MiB, 42 %
2026/09/05 13:56:30.791, NVIDIA GeForce RTX 3090, P2, 270.00 W, 242.22 W, 72, 6004 MiB, 24576 MiB, 22 %
2026/09/05 13:56:40.792, NVIDIA GeForce RTX 3090, P2, 270.00 W, 220.79 W, 73, 6004 MiB, 24576 MiB, 46 %
2026/09/05 13:56:50.793, NVIDIA GeForce RTX 3090, P2, 270.00 W, 215.52 W, 70, 6004 MiB, 24576 MiB, 48 %
2026/09/05 13:57:00.794, NVIDIA GeForce RTX 3090, P2, 270.00 W, 235.34 W, 72, 6004 MiB, 24576 MiB, 5 %
2026/09/05 13:57:10.796, NVIDIA GeForce RTX 3090, P2, 270.00 W, 231.46 W, 72, 6004 MiB, 24576 MiB, 48 %
2026/09/05 13:57:20.797, NVIDIA GeForce RTX 3090, P2, 270.00 W, 216.60 W, 73, 6004 MiB, 24576 MiB, 46 %
2026/09/05 13:57:30.798, NVIDIA GeForce RTX 3090, P2, 270.00 W, 218.62 W, 70, 6004 MiB, 24576 MiB, 0 %
2026/09/05 13:57:40.799, NVIDIA GeForce RTX 3090, P2, 270.00 W, 225.53 W, 71, 6004 MiB, 24576 MiB, 6 %
2026/09/05 13:57:50.800, NVIDIA GeForce RTX 3090, P2, 270.00 W, 230.47 W, 72, 6004 MiB, 24576 MiB, 44 %
2026/09/05 13:58:00.802, NVIDIA GeForce RTX 3090, P2, 270.00 W, 236.37 W, 72, 6004 MiB, 24576 MiB, 33 %
2026/09/05 13:58:10.803, NVIDIA GeForce RTX 3090, P2, 270.00 W, 223.64 W, 72, 6004 MiB, 24576 MiB, 34 %
2026/09/05 13:58:20.804, NVIDIA GeForce RTX 3090, P2, 270.00 W, 220.17 W, 73, 6004 MiB, 24576 MiB, 0 %
2026/09/05 13:58:30.805, NVIDIA GeForce RTX 3090, P2, 270.00 W, 219.48 W, 71, 6004 MiB, 24576 MiB, 4 %
2026/09/05 13:58:40.806, NVIDIA GeForce RTX 3090, P2, 270.00 W, 222.53 W, 72, 6004 MiB, 24576 MiB, 7 %
2026/09/05 13:58:50.808, NVIDIA GeForce RTX 3090, P2, 270.00 W, 229.85 W, 72, 6004 MiB, 24576 MiB, 49 %
2026/09/05 13:59:00.809, NVIDIA GeForce RTX 3090, P2, 270.00 W, 222.87 W, 71, 6004 MiB, 24576 MiB, 47 %
2026/09/05 13:59:10.810, NVIDIA GeForce RTX 3090, P2, 270.00 W, 220.47 W, 73, 6004 MiB, 24576 MiB, 46 %
2026/09/05 13:59:20.811, NVIDIA GeForce RTX 3090, P2, 270.00 W, 215.56 W, 71, 6004 MiB, 24576 MiB, 0 %
2026/09/05 13:59:30.812, NVIDIA GeForce RTX 3090, P2, 270.00 W, 230.29 W, 72, 6004 MiB, 24576 MiB, 6 %
2026/09/05 13:59:40.814, NVIDIA GeForce RTX 3090, P2, 270.00 W, 239.21 W, 71, 6004 MiB, 24576 MiB, 24 %
2026/09/05 13:59:50.815, NVIDIA GeForce RTX 3090, P2, 270.00 W, 220.05 W, 72, 6004 MiB, 24576 MiB, 30 %
2026/09/05 14:00:00.816, NVIDIA GeForce RTX 3090, P2, 270.00 W, 217.26 W, 72, 6004 MiB, 24576 MiB, 34 %
2026/09/05 14:00:10.818, NVIDIA GeForce RTX 3090, P2, 270.00 W, 221.86 W, 71, 6004 MiB, 24576 MiB, 11 %
2026/09/05 14:00:20.819, NVIDIA GeForce RTX 3090, P2, 270.00 W, 221.06 W, 72, 6004 MiB, 24576 MiB, 35 %
2026/09/05 14:00:30.820, NVIDIA GeForce RTX 3090, P2, 270.00 W, 233.46 W, 72, 6004 MiB, 24576 MiB, 48 %
2026/09/05 14:00:40.821, NVIDIA GeForce RTX 3090, P2, 270.00 W, 232.14 W, 71, 6004 MiB, 24576 MiB, 26 %
2026/09/05 14:00:50.822, NVIDIA GeForce RTX 3090, P2, 270.00 W, 223.38 W, 73, 6004 MiB, 24576 MiB, 30 %
2026/09/05 14:01:00.824, NVIDIA GeForce RTX 3090, P2, 270.00 W, 210.76 W, 73, 6004 MiB, 24576 MiB, 3 %
2026/09/05 14:01:10.825, NVIDIA GeForce RTX 3090, P2, 270.00 W, 218.15 W, 70, 6004 MiB, 24576 MiB, 0 %
2026/09/05 14:01:20.826, NVIDIA GeForce RTX 3090, P2, 270.00 W, 235.31 W, 72, 6004 MiB, 24576 MiB, 34 %
2026/09/05 14:01:30.827, NVIDIA GeForce RTX 3090, P2, 270.00 W, 239.09 W, 72, 6004 MiB, 24576 MiB, 30 %
2026/09/05 14:01:40.828, NVIDIA GeForce RTX 3090, P2, 270.00 W, 223.52 W, 71, 6004 MiB, 24576 MiB, 46 %
2026/09/05 14:01:50.830, NVIDIA GeForce RTX 3090, P2, 270.00 W, 225.28 W, 73, 6004 MiB, 24576 MiB, 47 %
2026/09/05 14:02:00.831, NVIDIA GeForce RTX 3090, P2, 270.00 W, 218.96 W, 73, 6004 MiB, 24576 MiB, 41 %
2026/09/05 14:02:10.832, NVIDIA GeForce RTX 3090, P2, 270.00 W, 223.18 W, 71, 6004 MiB, 24576 MiB, 30 %
2026/09/05 14:02:20.833, NVIDIA GeForce RTX 3090, P2, 270.00 W, 233.81 W, 71, 6004 MiB, 24576 MiB, 31 %
2026/09/05 14:02:30.835, NVIDIA GeForce RTX 3090, P2, 270.00 W, 224.77 W, 72, 6004 MiB, 24576 MiB, 47 %
2026/09/05 14:02:40.836, NVIDIA GeForce RTX 3090, P2, 270.00 W, 222.82 W, 73, 6004 MiB, 24576 MiB, 45 %
2026/09/05 14:02:50.837, NVIDIA GeForce RTX 3090, P2, 270.00 W, 207.71 W, 71, 6004 MiB, 24576 MiB, 46 %
2026/09/05 14:03:00.838, NVIDIA GeForce RTX 3090, P2, 270.00 W, 228.24 W, 71, 6004 MiB, 24576 MiB, 30 %
2026/09/05 14:03:10.839, NVIDIA GeForce RTX 3090, P2, 270.00 W, 225.18 W, 72, 6004 MiB, 24576 MiB, 49 %
2026/09/05 14:03:20.841, NVIDIA GeForce RTX 3090, P2, 270.00 W, 236.97 W, 72, 6004 MiB, 24576 MiB, 6 %
2026/09/05 14:03:30.842, NVIDIA GeForce RTX 3090, P2, 270.00 W, 221.84 W, 73, 6004 MiB, 24576 MiB, 30 %
2026/09/05 14:03:40.843, NVIDIA GeForce RTX 3090, P2, 270.00 W, 216.76 W, 70, 6004 MiB, 24576 MiB, 28 %
2026/09/05 14:03:50.844, NVIDIA GeForce RTX 3090, P2, 270.00 W, 224.46 W, 73, 6004 MiB, 24576 MiB, 45 %
2026/09/05 14:04:00.845, NVIDIA GeForce RTX 3090, P2, 270.00 W, 235.11 W, 71, 6004 MiB, 24576 MiB, 33 %
2026/09/05 14:04:10.846, NVIDIA GeForce RTX 3090, P2, 270.00 W, 221.46 W, 72, 6004 MiB, 24576 MiB, 30 %
2026/09/05 14:04:20.848, NVIDIA GeForce RTX 3090, P2, 270.00 W, 217.85 W, 73, 6004 MiB, 24576 MiB, 40 %
2026/09/05 14:04:30.849, NVIDIA GeForce RTX 3090, P2, 270.00 W, 220.32 W, 71, 6004 MiB, 24576 MiB, 39 %
2026/09/05 14:04:40.850, NVIDIA GeForce RTX 3090, P2, 270.00 W, 233.93 W, 72, 6004 MiB, 24576 MiB, 47 %
2026/09/05 14:04:50.851, NVIDIA GeForce RTX 3090, P2, 270.00 W, 238.35 W, 71, 6004 MiB, 24576 MiB, 3 %
2026/09/05 14:05:00.852, NVIDIA GeForce RTX 3090, P2, 270.00 W, 223.12 W, 73, 6004 MiB, 24576 MiB, 31 %
2026/09/05 14:05:10.853, NVIDIA GeForce RTX 3090, P2, 270.00 W, 217.74 W, 72, 6004 MiB, 24576 MiB, 0 %
2026/09/05 14:05:20.854, NVIDIA GeForce RTX 3090, P2, 270.00 W, 214.53 W, 71, 6004 MiB, 24576 MiB, 8 %
2026/09/05 14:05:30.856, NVIDIA GeForce RTX 3090, P2, 270.00 W, 222.27 W, 72, 6004 MiB, 24576 MiB, 47 %
2026/09/05 14:05:40.857, NVIDIA GeForce RTX 3090, P2, 270.00 W, 236.96 W, 72, 6004 MiB, 24576 MiB, 45 %
2026/09/05 14:05:50.858, NVIDIA GeForce RTX 3090, P2, 270.00 W, 217.65 W, 71, 6004 MiB, 24576 MiB, 30 %
2026/09/05 14:06:00.859, NVIDIA GeForce RTX 3090, P2, 270.00 W, 223.92 W, 73, 6004 MiB, 24576 MiB, 0 %
2026/09/05 14:06:10.860, NVIDIA GeForce RTX 3090, P2, 270.00 W, 216.22 W, 70, 6004 MiB, 24576 MiB, 46 %
2026/09/05 14:06:20.861, NVIDIA GeForce RTX 3090, P2, 270.00 W, 217.29 W, 73, 6004 MiB, 24576 MiB, 25 %
2026/09/05 14:06:30.863, NVIDIA GeForce RTX 3090, P2, 270.00 W, 232.63 W, 71, 6004 MiB, 24576 MiB, 3 %
2026/09/05 14:06:40.864, NVIDIA GeForce RTX 3090, P2, 270.00 W, 228.81 W, 72, 6004 MiB, 24576 MiB, 0 %
2026/09/05 14:06:50.865, NVIDIA GeForce RTX 3090, P2, 270.00 W, 226.58 W, 72, 6004 MiB, 24576 MiB, 8 %
2026/09/05 14:07:00.866, NVIDIA GeForce RTX 3090, P2, 270.00 W, 212.11 W, 72, 6004 MiB, 24576 MiB, 28 %
2026/09/05 14:07:10.867, NVIDIA GeForce RTX 3090, P2, 270.00 W, 221.91 W, 71, 6004 MiB, 24576 MiB, 7 %
2026/09/05 14:07:20.869, NVIDIA GeForce RTX 3090, P2, 270.00 W, 229.77 W, 72, 6004 MiB, 24576 MiB, 48 %
2026/09/05 14:07:30.870, NVIDIA GeForce RTX 3090, P2, 270.00 W, 237.33 W, 73, 6004 MiB, 24576 MiB, 47 %
2026/09/05 14:07:40.871, NVIDIA GeForce RTX 3090, P2, 270.00 W, 224.64 W, 73, 6004 MiB, 24576 MiB, 47 %
2026/09/05 14:07:50.872, NVIDIA GeForce RTX 3090, P2, 270.00 W, 213.09 W, 70, 6004 MiB, 24576 MiB, 47 %
2026/09/05 14:08:00.874, NVIDIA GeForce RTX 3090, P2, 270.00 W, 223.45 W, 72, 6004 MiB, 24576 MiB, 10 %
2026/09/05 14:08:10.875, NVIDIA GeForce RTX 3090, P2, 270.00 W, 229.13 W, 72, 6004 MiB, 24576 MiB, 40 %
2026/09/05 14:08:20.876, NVIDIA GeForce RTX 3090, P2, 270.00 W, 232.63 W, 73, 6004 MiB, 24576 MiB, 0 %
2026/09/05 14:08:30.877, NVIDIA GeForce RTX 3090, P2, 270.00 W, 224.11 W, 73, 6004 MiB, 24576 MiB, 0 %
2026/09/05 14:08:40.878, NVIDIA GeForce RTX 3090, P2, 270.00 W, 212.46 W, 70, 6004 MiB, 24576 MiB, 32 %
2026/09/05 14:08:50.880, NVIDIA GeForce RTX 3090, P2, 270.00 W, 232.43 W, 72, 6004 MiB, 24576 MiB, 8 %
2026/09/05 14:09:00.881, NVIDIA GeForce RTX 3090, P2, 270.00 W, 238.95 W, 72, 6004 MiB, 24576 MiB, 30 %
2026/09/05 14:09:10.882, NVIDIA GeForce RTX 3090, P2, 270.00 W, 217.14 W, 72, 6004 MiB, 24576 MiB, 20 %
2026/09/05 14:09:20.883, NVIDIA GeForce RTX 3090, P2, 270.00 W, 213.95 W, 71, 6004 MiB, 24576 MiB, 30 %
2026/09/05 14:09:30.884, NVIDIA GeForce RTX 3090, P2, 270.00 W, 224.07 W, 71, 6004 MiB, 24576 MiB, 6 %
2026/09/05 14:09:40.885, NVIDIA GeForce RTX 3090, P2, 270.00 W, 230.67 W, 72, 6004 MiB, 24576 MiB, 48 %
2026/09/05 14:09:50.887, NVIDIA GeForce RTX 3090, P2, 270.00 W, 227.92 W, 73, 6004 MiB, 24576 MiB, 48 %
2026/09/05 14:10:00.888, NVIDIA GeForce RTX 3090, P2, 270.00 W, 224.14 W, 73, 6004 MiB, 24576 MiB, 30 %
2026/09/05 14:10:10.889, NVIDIA GeForce RTX 3090, P2, 270.00 W, 223.52 W, 73, 6004 MiB, 24576 MiB, 0 %
2026/09/05 14:10:20.890, NVIDIA GeForce RTX 3090, P2, 270.00 W, 212.46 W, 71, 6004 MiB, 24576 MiB, 49 %
2026/09/05 14:10:30.891, NVIDIA GeForce RTX 3090, P2, 270.00 W, 232.05 W, 73, 6004 MiB, 24576 MiB, 48 %
2026/09/05 14:10:40.893, NVIDIA GeForce RTX 3090, P2, 270.00 W, 237.40 W, 71, 6004 MiB, 24576 MiB, 4 %
2026/09/05 14:10:50.894, NVIDIA GeForce RTX 3090, P2, 270.00 W, 218.18 W, 73, 6004 MiB, 24576 MiB, 47 %
2026/09/05 14:11:00.895, NVIDIA GeForce RTX 3090, P2, 270.00 W, 216.22 W, 70, 6004 MiB, 24576 MiB, 0 %
2026/09/05 14:11:10.896, NVIDIA GeForce RTX 3090, P2, 270.00 W, 229.08 W, 73, 6004 MiB, 24576 MiB, 49 %
2026/09/05 14:11:20.897, NVIDIA GeForce RTX 3090, P2, 270.00 W, 233.99 W, 72, 6004 MiB, 24576 MiB, 47 %
2026/09/05 14:11:30.898, NVIDIA GeForce RTX 3090, P2, 270.00 W, 227.75 W, 73, 6004 MiB, 24576 MiB, 44 %
2026/09/05 14:11:40.900, NVIDIA GeForce RTX 3090, P2, 270.00 W, 208.51 W, 70, 6004 MiB, 24576 MiB, 6 %
2026/09/05 14:11:50.901, NVIDIA GeForce RTX 3090, P2, 270.00 W, 220.23 W, 71, 6004 MiB, 24576 MiB, 4 %
2026/09/05 14:12:00.902, NVIDIA GeForce RTX 3090, P2, 270.00 W, 229.70 W, 72, 6004 MiB, 24576 MiB, 36 %
2026/09/05 14:12:10.903, NVIDIA GeForce RTX 3090, P2, 270.00 W, 236.74 W, 71, 6004 MiB, 24576 MiB, 19 %
2026/09/05 14:12:20.904, NVIDIA GeForce RTX 3090, P2, 270.00 W, 219.62 W, 72, 6004 MiB, 24576 MiB, 30 %
2026/09/05 14:12:30.905, NVIDIA GeForce RTX 3090, P2, 270.00 W, 228.52 W, 72, 6004 MiB, 24576 MiB, 35 %
2026/09/05 14:12:40.907, NVIDIA GeForce RTX 3090, P2, 270.00 W, 214.73 W, 70, 6004 MiB, 24576 MiB, 0 %
2026/09/05 14:12:50.908, NVIDIA GeForce RTX 3090, P2, 270.00 W, 228.98 W, 73, 6004 MiB, 24576 MiB, 41 %
2026/09/05 14:13:00.909, NVIDIA GeForce RTX 3090, P2, 270.00 W, 228.63 W, 71, 6004 MiB, 24576 MiB, 21 %
2026/09/05 14:13:10.910, NVIDIA GeForce RTX 3090, P2, 270.00 W, 220.56 W, 73, 6004 MiB, 24576 MiB, 0 %
2026/09/05 14:13:20.912, NVIDIA GeForce RTX 3090, P2, 270.00 W, 211.68 W, 70, 6004 MiB, 24576 MiB, 43 %
2026/09/05 14:13:30.913, NVIDIA GeForce RTX 3090, P2, 270.00 W, 232.17 W, 72, 6004 MiB, 24576 MiB, 28 %
2026/09/05 14:13:40.914, NVIDIA GeForce RTX 3090, P2, 270.00 W, 234.24 W, 72, 6004 MiB, 24576 MiB, 30 %
2026/09/05 14:13:50.915, NVIDIA GeForce RTX 3090, P2, 270.00 W, 227.85 W, 72, 6004 MiB, 24576 MiB, 47 %
2026/09/05 14:14:00.917, NVIDIA GeForce RTX 3090, P2, 270.00 W, 215.68 W, 72, 6004 MiB, 24576 MiB, 6 %
2026/09/05 14:14:10.918, NVIDIA GeForce RTX 3090, P2, 270.00 W, 217.29 W, 70, 6004 MiB, 24576 MiB, 0 %
2026/09/05 14:14:20.919, NVIDIA GeForce RTX 3090, P2, 270.00 W, 221.26 W, 71, 6004 MiB, 24576 MiB, 48 %
2026/09/05 14:14:30.920, NVIDIA GeForce RTX 3090, P2, 270.00 W, 233.13 W, 73, 6004 MiB, 24576 MiB, 46 %
2026/09/05 14:14:40.921, NVIDIA GeForce RTX 3090, P2, 270.00 W, 222.23 W, 72, 6004 MiB, 24576 MiB, 0 %
2026/09/05 14:14:50.922, NVIDIA GeForce RTX 3090, P2, 270.00 W, 210.00 W, 70, 6004 MiB, 24576 MiB, 0 %
2026/09/05 14:15:00.924, NVIDIA GeForce RTX 3090, P2, 270.00 W, 227.99 W, 72, 6004 MiB, 24576 MiB, 47 %
2026/09/05 14:15:10.925, NVIDIA GeForce RTX 3090, P2, 270.00 W, 235.68 W, 71, 6004 MiB, 24576 MiB, 21 %
2026/09/05 14:15:20.926, NVIDIA GeForce RTX 3090, P2, 270.00 W, 218.64 W, 71, 6004 MiB, 24576 MiB, 36 %
2026/09/05 14:15:30.927, NVIDIA GeForce RTX 3090, P2, 270.00 W, 222.91 W, 73, 6004 MiB, 24576 MiB, 49 %
2026/09/05 14:15:40.928, NVIDIA GeForce RTX 3090, P2, 270.00 W, 219.74 W, 72, 6004 MiB, 24576 MiB, 34 %
2026/09/05 14:15:50.930, NVIDIA GeForce RTX 3090, P2, 270.00 W, 226.61 W, 71, 6004 MiB, 24576 MiB, 10 %
2026/09/05 14:16:00.931, NVIDIA GeForce RTX 3090, P2, 270.00 W, 230.30 W, 72, 6004 MiB, 24576 MiB, 47 %
2026/09/05 14:16:10.932, NVIDIA GeForce RTX 3090, P2, 270.00 W, 235.70 W, 72, 6004 MiB, 24576 MiB, 32 %
2026/09/05 14:16:20.933, NVIDIA GeForce RTX 3090, P2, 270.00 W, 220.88 W, 73, 6004 MiB, 24576 MiB, 30 %
2026/09/05 14:16:30.934, NVIDIA GeForce RTX 3090, P2, 270.00 W, 208.53 W, 70, 6004 MiB, 24576 MiB, 0 %
2026/09/05 14:16:40.936, NVIDIA GeForce RTX 3090, P2, 270.00 W, 232.34 W, 72, 6004 MiB, 24576 MiB, 36 %
2026/09/05 14:16:50.937, NVIDIA GeForce RTX 3090, P2, 270.00 W, 236.13 W, 72, 6004 MiB, 24576 MiB, 30 %
2026/09/05 14:17:00.938, NVIDIA GeForce RTX 3090, P2, 270.00 W, 240.11 W, 73, 6004 MiB, 24576 MiB, 46 %
2026/09/05 14:17:10.939, NVIDIA GeForce RTX 3090, P2, 270.00 W, 220.86 W, 74, 6004 MiB, 24576 MiB, 0 %
2026/09/05 14:17:20.940, NVIDIA GeForce RTX 3090, P2, 270.00 W, 222.12 W, 73, 6004 MiB, 24576 MiB, 0 %
2026/09/05 14:17:30.941, NVIDIA GeForce RTX 3090, P2, 270.00 W, 212.67 W, 71, 6004 MiB, 24576 MiB, 0 %
2026/09/05 14:17:40.943, NVIDIA GeForce RTX 3090, P2, 270.00 W, 222.52 W, 71, 6004 MiB, 24576 MiB, 47 %
2026/09/05 14:17:50.944, NVIDIA GeForce RTX 3090, P2, 270.00 W, 222.83 W, 71, 6004 MiB, 24576 MiB, 50 %
2026/09/05 14:18:00.945, NVIDIA GeForce RTX 3090, P2, 270.00 W, 224.73 W, 73, 6004 MiB, 24576 MiB, 20 %
2026/09/05 14:18:10.947, NVIDIA GeForce RTX 3090, P2, 270.00 W, 218.77 W, 71, 6004 MiB, 24576 MiB, 8 %
2026/09/05 14:18:20.948, NVIDIA GeForce RTX 3090, P2, 270.00 W, 215.10 W, 71, 6004 MiB, 24576 MiB, 41 %
2026/09/05 14:18:30.949, NVIDIA GeForce RTX 3090, P2, 270.00 W, 228.40 W, 72, 6004 MiB, 24576 MiB, 47 %
2026/09/05 14:18:40.951, NVIDIA GeForce RTX 3090, P2, 270.00 W, 223.76 W, 71, 6004 MiB, 24576 MiB, 25 %
2026/09/05 14:18:50.952, NVIDIA GeForce RTX 3090, P2, 270.00 W, 224.43 W, 73, 6004 MiB, 24576 MiB, 32 %
2026/09/05 14:19:00.953, NVIDIA GeForce RTX 3090, P2, 270.00 W, 215.44 W, 73, 6004 MiB, 24576 MiB, 46 %
2026/09/05 14:19:10.954, NVIDIA GeForce RTX 3090, P2, 270.00 W, 222.25 W, 71, 6004 MiB, 24576 MiB, 43 %
2026/09/05 14:19:20.955, NVIDIA GeForce RTX 3090, P2, 270.00 W, 229.70 W, 71, 6004 MiB, 24576 MiB, 30 %
2026/09/05 14:19:30.957, NVIDIA GeForce RTX 3090, P2, 270.00 W, 237.10 W, 72, 6004 MiB, 24576 MiB, 30 %
2026/09/05 14:19:40.958, NVIDIA GeForce RTX 3090, P2, 270.00 W, 222.64 W, 71, 6004 MiB, 24576 MiB, 49 %
2026/09/05 14:19:50.959, NVIDIA GeForce RTX 3090, P2, 270.00 W, 224.10 W, 72, 6004 MiB, 24576 MiB, 22 %
2026/09/05 14:20:00.961, NVIDIA GeForce RTX 3090, P2, 270.00 W, 224.63 W, 73, 6004 MiB, 24576 MiB, 38 %
2026/09/05 14:20:10.962, NVIDIA GeForce RTX 3090, P2, 270.00 W, 219.87 W, 71, 6004 MiB, 24576 MiB, 45 %
2026/09/05 14:20:20.963, NVIDIA GeForce RTX 3090, P2, 270.00 W, 230.71 W, 72, 6004 MiB, 24576 MiB, 47 %
2026/09/05 14:20:30.965, NVIDIA GeForce RTX 3090, P2, 270.00 W, 228.90 W, 72, 6004 MiB, 24576 MiB, 49 %
2026/09/05 14:20:40.966, NVIDIA GeForce RTX 3090, P2, 270.00 W, 222.37 W, 73, 6004 MiB, 24576 MiB, 47 %
2026/09/05 14:20:50.967, NVIDIA GeForce RTX 3090, P2, 270.00 W, 219.45 W, 71, 6004 MiB, 24576 MiB, 47 %
2026/09/05 14:21:00.968, NVIDIA GeForce RTX 3090, P2, 270.00 W, 233.10 W, 72, 6004 MiB, 24576 MiB, 17 %
2026/09/05 14:21:10.969, NVIDIA GeForce RTX 3090, P2, 270.00 W, 229.22 W, 72, 6004 MiB, 24576 MiB, 30 %
2026/09/05 14:21:20.971, NVIDIA GeForce RTX 3090, P2, 270.00 W, 222.82 W, 73, 6004 MiB, 24576 MiB, 31 %
2026/09/05 14:21:30.972, NVIDIA GeForce RTX 3090, P2, 270.00 W, 213.42 W, 72, 6004 MiB, 24576 MiB, 31 %
2026/09/05 14:21:40.973, NVIDIA GeForce RTX 3090, P2, 270.00 W, 229.68 W, 74, 6004 MiB, 24576 MiB, 6 %
2026/09/05 14:21:50.974, NVIDIA GeForce RTX 3090, P2, 270.00 W, 231.01 W, 72, 6004 MiB, 24576 MiB, 48 %
2026/09/05 14:22:00.975, NVIDIA GeForce RTX 3090, P2, 270.00 W, 224.10 W, 73, 6004 MiB, 24576 MiB, 32 %
2026/09/05 14:22:10.977, NVIDIA GeForce RTX 3090, P2, 270.00 W, 219.45 W, 71, 6004 MiB, 24576 MiB, 32 %
2026/09/05 14:22:20.978, NVIDIA GeForce RTX 3090, P2, 270.00 W, 216.48 W, 72, 6004 MiB, 24576 MiB, 31 %
2026/09/05 14:22:30.979, NVIDIA GeForce RTX 3090, P2, 270.00 W, 224.50 W, 72, 6004 MiB, 24576 MiB, 8 %
2026/09/05 14:22:40.980, NVIDIA GeForce RTX 3090, P2, 270.00 W, 231.72 W, 72, 6004 MiB, 24576 MiB, 48 %
2026/09/05 14:22:50.982, NVIDIA GeForce RTX 3090, P2, 270.00 W, 236.93 W, 72, 6004 MiB, 24576 MiB, 24 %
2026/09/05 14:23:00.983, NVIDIA GeForce RTX 3090, P2, 270.00 W, 219.52 W, 71, 6004 MiB, 24576 MiB, 50 %
2026/09/05 14:23:10.984, NVIDIA GeForce RTX 3090, P2, 270.00 W, 213.19 W, 73, 6004 MiB, 24576 MiB, 46 %
2026/09/05 14:23:20.985, NVIDIA GeForce RTX 3090, P2, 270.00 W, 220.55 W, 71, 6004 MiB, 24576 MiB, 0 %
2026/09/05 14:23:30.986, NVIDIA GeForce RTX 3090, P2, 270.00 W, 230.47 W, 71, 6004 MiB, 24576 MiB, 5 %
2026/09/05 14:23:40.988, NVIDIA GeForce RTX 3090, P2, 270.00 W, 237.93 W, 72, 6004 MiB, 24576 MiB, 16 %
2026/09/05 14:23:50.989, NVIDIA GeForce RTX 3090, P2, 270.00 W, 220.24 W, 73, 6004 MiB, 24576 MiB, 43 %
2026/09/05 14:24:00.990, NVIDIA GeForce RTX 3090, P2, 270.00 W, 211.61 W, 71, 6004 MiB, 24576 MiB, 21 %
2026/09/05 14:24:10.991, NVIDIA GeForce RTX 3090, P2, 270.00 W, 221.70 W, 72, 6004 MiB, 24576 MiB, 5 %
2026/09/05 14:24:20.993, NVIDIA GeForce RTX 3090, P2, 270.00 W, 231.56 W, 71, 6004 MiB, 24576 MiB, 11 %
2026/09/05 14:24:30.994, NVIDIA GeForce RTX 3090, P2, 270.00 W, 232.21 W, 72, 6004 MiB, 24576 MiB, 46 %
2026/09/05 14:24:40.995, NVIDIA GeForce RTX 3090, P2, 270.00 W, 223.85 W, 73, 6004 MiB, 24576 MiB, 0 %
2026/09/05 14:24:50.996, NVIDIA GeForce RTX 3090, P2, 270.00 W, 218.82 W, 71, 6004 MiB, 24576 MiB, 0 %
2026/09/05 14:25:00.997, NVIDIA GeForce RTX 3090, P2, 270.00 W, 225.34 W, 73, 6004 MiB, 24576 MiB, 47 %
2026/09/05 14:25:10.998, NVIDIA GeForce RTX 3090, P2, 270.00 W, 236.24 W, 72, 6004 MiB, 24576 MiB, 40 %
2026/09/05 14:25:21.000, NVIDIA GeForce RTX 3090, P2, 270.00 W, 219.23 W, 71, 6004 MiB, 24576 MiB, 30 %
2026/09/05 14:25:31.001, NVIDIA GeForce RTX 3090, P2, 270.00 W, 213.15 W, 72, 6004 MiB, 24576 MiB, 30 %
2026/09/05 14:25:41.002, NVIDIA GeForce RTX 3090, P2, 270.00 W, 211.01 W, 70, 6004 MiB, 24576 MiB, 0 %
2026/09/05 14:25:51.003, NVIDIA GeForce RTX 3090, P2, 270.00 W, 227.66 W, 71, 6004 MiB, 24576 MiB, 47 %
2026/09/05 14:26:01.005, NVIDIA GeForce RTX 3090, P2, 270.00 W, 230.04 W, 73, 6004 MiB, 24576 MiB, 47 %
2026/09/05 14:26:11.006, NVIDIA GeForce RTX 3090, P2, 270.00 W, 223.93 W, 74, 6004 MiB, 24576 MiB, 47 %
2026/09/05 14:26:21.007, NVIDIA GeForce RTX 3090, P2, 270.00 W, 216.57 W, 70, 6004 MiB, 24576 MiB, 0 %
2026/09/05 14:26:31.009, NVIDIA GeForce RTX 3090, P2, 270.00 W, 224.63 W, 73, 6004 MiB, 24576 MiB, 49 %
2026/09/05 14:26:41.010, NVIDIA GeForce RTX 3090, P2, 270.00 W, 230.88 W, 72, 6004 MiB, 24576 MiB, 22 %
2026/09/05 14:26:51.011, NVIDIA GeForce RTX 3090, P2, 270.00 W, 221.76 W, 73, 6004 MiB, 24576 MiB, 28 %
2026/09/05 14:27:01.012, NVIDIA GeForce RTX 3090, P2, 270.00 W, 209.18 W, 70, 6004 MiB, 24576 MiB, 6 %
2026/09/05 14:27:11.013, NVIDIA GeForce RTX 3090, P2, 270.00 W, 228.88 W, 72, 6004 MiB, 24576 MiB, 48 %
2026/09/05 14:27:21.015, NVIDIA GeForce RTX 3090, P2, 270.00 W, 222.44 W, 73, 6004 MiB, 24576 MiB, 32 %
2026/09/05 14:27:31.016, NVIDIA GeForce RTX 3090, P2, 270.00 W, 224.70 W, 72, 6004 MiB, 24576 MiB, 41 %
2026/09/05 14:27:41.017, NVIDIA GeForce RTX 3090, P2, 270.00 W, 210.14 W, 70, 6004 MiB, 24576 MiB, 19 %
2026/09/05 14:27:51.018, NVIDIA GeForce RTX 3090, P2, 270.00 W, 227.93 W, 72, 6004 MiB, 24576 MiB, 48 %
2026/09/05 14:28:01.019, NVIDIA GeForce RTX 3090, P2, 270.00 W, 223.33 W, 73, 6004 MiB, 24576 MiB, 32 %
2026/09/05 14:28:11.021, NVIDIA GeForce RTX 3090, P2, 270.00 W, 214.95 W, 73, 6004 MiB, 24576 MiB, 44 %
2026/09/05 14:28:21.022, NVIDIA GeForce RTX 3090, P2, 270.00 W, 217.40 W, 71, 6004 MiB, 24576 MiB, 0 %
2026/09/05 14:28:31.023, NVIDIA GeForce RTX 3090, P2, 270.00 W, 215.28 W, 72, 6004 MiB, 24576 MiB, 52 %
2026/09/05 14:28:41.024, NVIDIA GeForce RTX 3090, P2, 270.00 W, 234.25 W, 71, 6004 MiB, 24576 MiB, 21 %
2026/09/05 14:28:51.026, NVIDIA GeForce RTX 3090, P2, 270.00 W, 225.23 W, 73, 6004 MiB, 24576 MiB, 36 %
2026/09/05 14:29:01.027, NVIDIA GeForce RTX 3090, P2, 270.00 W, 222.28 W, 73, 6004 MiB, 24576 MiB, 40 %
2026/09/05 14:29:11.029, NVIDIA GeForce RTX 3090, P2, 270.00 W, 215.34 W, 71, 6004 MiB, 24576 MiB, 49 %
2026/09/05 14:29:21.030, NVIDIA GeForce RTX 3090, P2, 270.00 W, 232.49 W, 71, 6004 MiB, 24576 MiB, 47 %
2026/09/05 14:29:31.032, NVIDIA GeForce RTX 3090, P2, 270.00 W, 234.00 W, 73, 6004 MiB, 24576 MiB, 48 %
2026/09/05 14:29:41.033, NVIDIA GeForce RTX 3090, P2, 270.00 W, 218.67 W, 71, 6004 MiB, 24576 MiB, 45 %
2026/09/05 14:29:51.035, NVIDIA GeForce RTX 3090, P2, 270.00 W, 217.75 W, 73, 6004 MiB, 24576 MiB, 0 %
2026/09/05 14:30:01.036, NVIDIA GeForce RTX 3090, P2, 270.00 W, 206.14 W, 70, 6004 MiB, 24576 MiB, 48 %
2026/09/05 14:30:11.037, NVIDIA GeForce RTX 3090, P2, 270.00 W, 222.63 W, 71, 6004 MiB, 24576 MiB, 30 %
2026/09/05 14:30:21.039, NVIDIA GeForce RTX 3090, P2, 270.00 W, 233.95 W, 73, 6004 MiB, 24576 MiB, 47 %
2026/09/05 14:30:31.040, NVIDIA GeForce RTX 3090, P2, 270.00 W, 224.38 W, 71, 6004 MiB, 24576 MiB, 47 %
2026/09/05 14:30:41.041, NVIDIA GeForce RTX 3090, P2, 270.00 W, 223.07 W, 73, 6004 MiB, 24576 MiB, 30 %
2026/09/05 14:30:51.043, NVIDIA GeForce RTX 3090, P2, 270.00 W, 208.06 W, 71, 6004 MiB, 24576 MiB, 30 %
2026/09/05 14:31:01.044, NVIDIA GeForce RTX 3090, P2, 270.00 W, 220.20 W, 71, 6004 MiB, 24576 MiB, 41 %
2026/09/05 14:31:11.045, NVIDIA GeForce RTX 3090, P2, 270.00 W, 226.56 W, 72, 6004 MiB, 24576 MiB, 48 %
2026/09/05 14:31:21.046, NVIDIA GeForce RTX 3090, P2, 270.00 W, 222.37 W, 70, 6004 MiB, 24576 MiB, 4 %
2026/09/05 14:31:31.048, NVIDIA GeForce RTX 3090, P2, 270.00 W, 220.12 W, 74, 6004 MiB, 24576 MiB, 10 %
2026/09/05 14:31:41.049, NVIDIA GeForce RTX 3090, P2, 270.00 W, 215.76 W, 71, 6004 MiB, 24576 MiB, 0 %
2026/09/05 14:31:51.050, NVIDIA GeForce RTX 3090, P2, 270.00 W, 227.52 W, 72, 6004 MiB, 24576 MiB, 29 %
2026/09/05 14:32:01.051, NVIDIA GeForce RTX 3090, P2, 270.00 W, 238.32 W, 72, 6004 MiB, 24576 MiB, 2 %
2026/09/05 14:32:11.052, NVIDIA GeForce RTX 3090, P2, 270.00 W, 221.88 W, 73, 6004 MiB, 24576 MiB, 0 %
2026/09/05 14:32:21.054, NVIDIA GeForce RTX 3090, P2, 270.00 W, 204.31 W, 71, 6004 MiB, 24576 MiB, 3 %
2026/09/05 14:32:31.055, NVIDIA GeForce RTX 3090, P2, 270.00 W, 236.29 W, 72, 6004 MiB, 24576 MiB, 6 %
2026/09/05 14:32:41.056, NVIDIA GeForce RTX 3090, P2, 270.00 W, 225.51 W, 73, 6004 MiB, 24576 MiB, 47 %
2026/09/05 14:32:51.057, NVIDIA GeForce RTX 3090, P2, 270.00 W, 231.48 W, 73, 6004 MiB, 24576 MiB, 46 %
2026/09/05 14:33:01.058, NVIDIA GeForce RTX 3090, P2, 270.00 W, 203.65 W, 72, 6004 MiB, 24576 MiB, 0 %
2026/09/05 14:33:11.060, NVIDIA GeForce RTX 3090, P2, 270.00 W, 216.85 W, 71, 6004 MiB, 24576 MiB, 31 %
2026/09/05 14:33:21.061, NVIDIA GeForce RTX 3090, P2, 270.00 W, 234.04 W, 73, 6004 MiB, 24576 MiB, 48 %
2026/09/05 14:33:31.062, NVIDIA GeForce RTX 3090, P2, 270.00 W, 233.47 W, 72, 6004 MiB, 24576 MiB, 12 %
2026/09/05 14:33:41.063, NVIDIA GeForce RTX 3090, P2, 270.00 W, 227.56 W, 72, 6004 MiB, 24576 MiB, 48 %
2026/09/05 14:33:51.064, NVIDIA GeForce RTX 3090, P2, 270.00 W, 221.82 W, 73, 6004 MiB, 24576 MiB, 30 %
2026/09/05 14:34:01.066, NVIDIA GeForce RTX 3090, P2, 270.00 W, 210.46 W, 72, 6004 MiB, 24576 MiB, 30 %
2026/09/05 14:34:11.067, NVIDIA GeForce RTX 3090, P2, 270.00 W, 223.71 W, 71, 6004 MiB, 24576 MiB, 7 %
2026/09/05 14:34:21.068, NVIDIA GeForce RTX 3090, P2, 270.00 W, 227.90 W, 72, 6004 MiB, 24576 MiB, 42 %
2026/09/05 14:34:31.070, NVIDIA GeForce RTX 3090, P2, 270.00 W, 230.04 W, 73, 6004 MiB, 24576 MiB, 47 %
2026/09/05 14:34:41.071, NVIDIA GeForce RTX 3090, P2, 270.00 W, 227.27 W, 74, 6004 MiB, 24576 MiB, 46 %
2026/09/05 14:34:51.072, NVIDIA GeForce RTX 3090, P2, 270.00 W, 210.22 W, 71, 6004 MiB, 24576 MiB, 48 %
2026/09/05 14:35:01.074, NVIDIA GeForce RTX 3090, P2, 270.00 W, 229.61 W, 73, 6004 MiB, 24576 MiB, 7 %
2026/09/05 14:35:11.075, NVIDIA GeForce RTX 3090, P2, 270.00 W, 230.57 W, 72, 6004 MiB, 24576 MiB, 35 %
2026/09/05 14:35:21.076, NVIDIA GeForce RTX 3090, P2, 270.00 W, 221.29 W, 73, 6004 MiB, 24576 MiB, 30 %
2026/09/05 14:35:31.077, NVIDIA GeForce RTX 3090, P2, 270.00 W, 226.26 W, 73, 6004 MiB, 24576 MiB, 47 %
2026/09/05 14:35:41.079, NVIDIA GeForce RTX 3090, P2, 270.00 W, 219.89 W, 71, 6004 MiB, 24576 MiB, 46 %
2026/09/05 14:35:51.080, NVIDIA GeForce RTX 3090, P2, 270.00 W, 217.61 W, 73, 6004 MiB, 24576 MiB, 48 %
2026/09/05 14:36:01.081, NVIDIA GeForce RTX 3090, P2, 270.00 W, 231.06 W, 72, 6004 MiB, 24576 MiB, 14 %
2026/09/05 14:36:11.083, NVIDIA GeForce RTX 3090, P2, 270.00 W, 223.95 W, 73, 6004 MiB, 24576 MiB, 35 %
2026/09/05 14:36:21.084, NVIDIA GeForce RTX 3090, P2, 270.00 W, 218.36 W, 73, 6004 MiB, 24576 MiB, 0 %
2026/09/05 14:36:31.085, NVIDIA GeForce RTX 3090, P2, 270.00 W, 213.05 W, 71, 6004 MiB, 24576 MiB, 48 %
2026/09/05 14:36:41.086, NVIDIA GeForce RTX 3090, P2, 270.00 W, 223.49 W, 72, 6004 MiB, 24576 MiB, 48 %
2026/09/05 14:36:51.087, NVIDIA GeForce RTX 3090, P2, 270.00 W, 236.55 W, 72, 6004 MiB, 24576 MiB, 9 %
2026/09/05 14:37:01.089, NVIDIA GeForce RTX 3090, P2, 270.00 W, 225.67 W, 73, 6004 MiB, 24576 MiB, 4 %
2026/09/05 14:37:11.090, NVIDIA GeForce RTX 3090, P2, 270.00 W, 213.51 W, 72, 6004 MiB, 24576 MiB, 30 %
2026/09/05 14:37:21.091, NVIDIA GeForce RTX 3090, P2, 270.00 W, 216.10 W, 71, 6004 MiB, 24576 MiB, 5 %
2026/09/05 14:37:31.093, NVIDIA GeForce RTX 3090, P2, 270.00 W, 231.99 W, 73, 6004 MiB, 24576 MiB, 48 %
2026/09/05 14:37:41.094, NVIDIA GeForce RTX 3090, P2, 270.00 W, 229.23 W, 73, 6004 MiB, 24576 MiB, 47 %
2026/09/05 14:37:51.095, NVIDIA GeForce RTX 3090, P2, 270.00 W, 221.44 W, 74, 6004 MiB, 24576 MiB, 46 %
2026/09/05 14:38:01.096, NVIDIA GeForce RTX 3090, P2, 270.00 W, 211.25 W, 72, 6004 MiB, 24576 MiB, 30 %
2026/09/05 14:38:11.098, NVIDIA GeForce RTX 3090, P2, 270.00 W, 216.49 W, 71, 6004 MiB, 24576 MiB, 5 %
2026/09/05 14:38:21.099, NVIDIA GeForce RTX 3090, P2, 270.00 W, 222.23 W, 72, 6004 MiB, 24576 MiB, 48 %
2026/09/05 14:38:31.100, NVIDIA GeForce RTX 3090, P2, 270.00 W, 217.41 W, 71, 6004 MiB, 24576 MiB, 46 %
2026/09/05 14:38:41.101, NVIDIA GeForce RTX 3090, P2, 270.00 W, 224.96 W, 74, 6004 MiB, 24576 MiB, 0 %
2026/09/05 14:38:51.103, NVIDIA GeForce RTX 3090, P2, 270.00 W, 213.85 W, 71, 6004 MiB, 24576 MiB, 48 %
2026/09/05 14:39:01.104, NVIDIA GeForce RTX 3090, P2, 270.00 W, 226.08 W, 73, 6004 MiB, 24576 MiB, 47 %
2026/09/05 14:39:11.105, NVIDIA GeForce RTX 3090, P2, 270.00 W, 234.21 W, 71, 6004 MiB, 24576 MiB, 5 %
2026/09/05 14:39:21.107, NVIDIA GeForce RTX 3090, P2, 270.00 W, 216.33 W, 72, 6004 MiB, 24576 MiB, 10 %
2026/09/05 14:39:31.108, NVIDIA GeForce RTX 3090, P2, 270.00 W, 209.90 W, 71, 6004 MiB, 24576 MiB, 42 %
2026/09/05 14:39:41.109, NVIDIA GeForce RTX 3090, P2, 270.00 W, 222.78 W, 73, 6004 MiB, 24576 MiB, 14 %
2026/09/05 14:39:51.110, NVIDIA GeForce RTX 3090, P2, 270.00 W, 236.66 W, 71, 6004 MiB, 24576 MiB, 30 %
2026/09/05 14:40:01.112, NVIDIA GeForce RTX 3090, P2, 270.00 W, 216.01 W, 72, 6004 MiB, 24576 MiB, 32 %
2026/09/05 14:40:11.113, NVIDIA GeForce RTX 3090, P2, 270.00 W, 208.17 W, 71, 6004 MiB, 24576 MiB, 26 %
2026/09/05 14:40:21.114, NVIDIA GeForce RTX 3090, P2, 270.00 W, 228.35 W, 72, 6004 MiB, 24576 MiB, 42 %
2026/09/05 14:40:31.116, NVIDIA GeForce RTX 3090, P2, 270.00 W, 221.83 W, 72, 6004 MiB, 24576 MiB, 48 %
2026/09/05 14:40:41.117, NVIDIA GeForce RTX 3090, P2, 270.00 W, 234.37 W, 72, 6004 MiB, 24576 MiB, 22 %
2026/09/05 14:40:51.118, NVIDIA GeForce RTX 3090, P2, 270.00 W, 216.93 W, 71, 6004 MiB, 24576 MiB, 47 %
2026/09/05 14:41:01.119, NVIDIA GeForce RTX 3090, P2, 270.00 W, 219.22 W, 72, 6004 MiB, 24576 MiB, 36 %
2026/09/05 14:41:11.121, NVIDIA GeForce RTX 3090, P2, 270.00 W, 229.42 W, 73, 6004 MiB, 24576 MiB, 42 %
2026/09/05 14:41:21.122, NVIDIA GeForce RTX 3090, P2, 270.00 W, 220.18 W, 70, 6004 MiB, 24576 MiB, 26 %
2026/09/05 14:41:31.123, NVIDIA GeForce RTX 3090, P2, 270.00 W, 231.81 W, 72, 6004 MiB, 24576 MiB, 47 %
2026/09/05 14:41:41.124, NVIDIA GeForce RTX 3090, P2, 270.00 W, 222.29 W, 73, 6004 MiB, 24576 MiB, 30 %
2026/09/05 14:41:51.126, NVIDIA GeForce RTX 3090, P2, 270.00 W, 218.09 W, 73, 6004 MiB, 24576 MiB, 46 %
2026/09/05 14:42:01.127, NVIDIA GeForce RTX 3090, P2, 270.00 W, 228.33 W, 71, 6004 MiB, 24576 MiB, 47 %
2026/09/05 14:42:11.128, NVIDIA GeForce RTX 3090, P2, 270.00 W, 229.65 W, 72, 6004 MiB, 24576 MiB, 48 %
2026/09/05 14:42:21.130, NVIDIA GeForce RTX 3090, P2, 270.00 W, 215.74 W, 73, 6004 MiB, 24576 MiB, 30 %
2026/09/05 14:42:31.131, NVIDIA GeForce RTX 3090, P2, 270.00 W, 217.14 W, 73, 6004 MiB, 24576 MiB, 43 %
2026/09/05 14:42:41.132, NVIDIA GeForce RTX 3090, P2, 270.00 W, 219.83 W, 71, 6004 MiB, 24576 MiB, 47 %
2026/09/05 14:42:51.133, NVIDIA GeForce RTX 3090, P2, 270.00 W, 229.60 W, 72, 6004 MiB, 24576 MiB, 48 %
2026/09/05 14:43:01.135, NVIDIA GeForce RTX 3090, P2, 270.00 W, 231.33 W, 72, 6004 MiB, 24576 MiB, 23 %
2026/09/05 14:43:11.136, NVIDIA GeForce RTX 3090, P2, 270.00 W, 218.59 W, 71, 6004 MiB, 24576 MiB, 47 %
2026/09/05 14:43:21.137, NVIDIA GeForce RTX 3090, P2, 270.00 W, 223.88 W, 73, 6004 MiB, 24576 MiB, 0 %
2026/09/05 14:43:31.138, NVIDIA GeForce RTX 3090, P2, 270.00 W, 215.21 W, 70, 6004 MiB, 24576 MiB, 48 %
2026/09/05 14:43:41.140, NVIDIA GeForce RTX 3090, P2, 270.00 W, 231.01 W, 72, 6004 MiB, 24576 MiB, 8 %
2026/09/05 14:43:51.141, NVIDIA GeForce RTX 3090, P2, 270.00 W, 231.92 W, 72, 6004 MiB, 24576 MiB, 42 %
2026/09/05 14:44:01.142, NVIDIA GeForce RTX 3090, P2, 270.00 W, 228.26 W, 72, 6004 MiB, 24576 MiB, 35 %
2026/09/05 14:44:11.144, NVIDIA GeForce RTX 3090, P2, 270.00 W, 217.55 W, 73, 6004 MiB, 24576 MiB, 3 %
2026/09/05 14:44:21.145, NVIDIA GeForce RTX 3090, P2, 270.00 W, 215.63 W, 73, 6004 MiB, 24576 MiB, 37 %
2026/09/05 14:44:31.146, NVIDIA GeForce RTX 3090, P2, 270.00 W, 219.66 W, 71, 6004 MiB, 24576 MiB, 0 %
2026/09/05 14:44:41.148, NVIDIA GeForce RTX 3090, P2, 270.00 W, 227.38 W, 72, 6004 MiB, 24576 MiB, 30 %
2026/09/05 14:44:51.149, NVIDIA GeForce RTX 3090, P2, 270.00 W, 235.70 W, 73, 6004 MiB, 24576 MiB, 48 %
2026/09/05 14:45:01.150, NVIDIA GeForce RTX 3090, P2, 270.00 W, 220.41 W, 73, 6004 MiB, 24576 MiB, 0 %
2026/09/05 14:45:11.152, NVIDIA GeForce RTX 3090, P2, 270.00 W, 218.92 W, 72, 6004 MiB, 24576 MiB, 6 %
2026/09/05 14:45:21.153, NVIDIA GeForce RTX 3090, P2, 270.00 W, 210.32 W, 71, 6004 MiB, 24576 MiB, 15 %
2026/09/05 14:45:31.154, NVIDIA GeForce RTX 3090, P2, 270.00 W, 224.32 W, 72, 6004 MiB, 24576 MiB, 6 %
2026/09/05 14:45:41.155, NVIDIA GeForce RTX 3090, P2, 270.00 W, 223.52 W, 72, 6004 MiB, 24576 MiB, 37 %
2026/09/05 14:45:51.156, NVIDIA GeForce RTX 3090, P2, 270.00 W, 228.06 W, 73, 6004 MiB, 24576 MiB, 48 %
2026/09/05 14:46:01.157, NVIDIA GeForce RTX 3090, P2, 270.00 W, 222.01 W, 73, 6004 MiB, 24576 MiB, 0 %
2026/09/05 14:46:11.158, NVIDIA GeForce RTX 3090, P2, 270.00 W, 218.37 W, 71, 6004 MiB, 24576 MiB, 30 %
2026/09/05 14:46:21.160, NVIDIA GeForce RTX 3090, P2, 270.00 W, 229.20 W, 73, 6004 MiB, 24576 MiB, 47 %
2026/09/05 14:46:31.161, NVIDIA GeForce RTX 3090, P2, 270.00 W, 188.14 W, 69, 6004 MiB, 24576 MiB, 29 %
2026/09/05 14:46:41.162, NVIDIA GeForce RTX 3090, P2, 270.00 W, 184.57 W, 69, 6004 MiB, 24576 MiB, 33 %
2026/09/05 14:46:51.164, NVIDIA GeForce RTX 3090, P2, 270.00 W, 174.30 W, 67, 6004 MiB, 24576 MiB, 25 %
2026/09/05 14:47:01.165, NVIDIA GeForce RTX 3090, P2, 270.00 W, 171.87 W, 67, 6004 MiB, 24576 MiB, 25 %
2026/09/05 14:47:11.167, NVIDIA GeForce RTX 3090, P2, 270.00 W, 195.58 W, 71, 2432 MiB, 24576 MiB, 31 %
2026/09/05 14:47:21.168, NVIDIA GeForce RTX 3090, P2, 270.00 W, 181.90 W, 68, 2020 MiB, 24576 MiB, 32 %
2026/09/05 14:47:31.169, NVIDIA GeForce RTX 3090, P2, 270.00 W, 179.13 W, 68, 2020 MiB, 24576 MiB, 27 %
2026/09/05 14:47:41.170, NVIDIA GeForce RTX 3090, P2, 270.00 W, 172.54 W, 68, 2020 MiB, 24576 MiB, 23 %
2026/09/05 14:47:51.171, NVIDIA GeForce RTX 3090, P2, 270.00 W, 235.17 W, 73, 4370 MiB, 24576 MiB, 47 %
2026/09/05 14:48:01.172, NVIDIA GeForce RTX 3090, P2, 270.00 W, 233.38 W, 72, 4872 MiB, 24576 MiB, 30 %
2026/09/05 14:48:11.174, NVIDIA GeForce RTX 3090, P2, 270.00 W, 218.04 W, 73, 4872 MiB, 24576 MiB, 0 %
2026/09/05 14:48:21.175, NVIDIA GeForce RTX 3090, P2, 270.00 W, 210.86 W, 71, 4872 MiB, 24576 MiB, 8 %
2026/09/05 14:48:31.176, NVIDIA GeForce RTX 3090, P2, 270.00 W, 231.29 W, 72, 4872 MiB, 24576 MiB, 48 %
2026/09/05 14:48:41.177, NVIDIA GeForce RTX 3090, P2, 270.00 W, 236.63 W, 73, 4872 MiB, 24576 MiB, 47 %
2026/09/05 14:48:51.179, NVIDIA GeForce RTX 3090, P2, 270.00 W, 222.70 W, 73, 4872 MiB, 24576 MiB, 30 %
2026/09/05 14:49:01.180, NVIDIA GeForce RTX 3090, P2, 270.00 W, 223.55 W, 73, 4872 MiB, 24576 MiB, 0 %
2026/09/05 14:49:11.181, NVIDIA GeForce RTX 3090, P2, 270.00 W, 208.61 W, 71, 5374 MiB, 24576 MiB, 44 %
2026/09/05 14:49:21.182, NVIDIA GeForce RTX 3090, P2, 270.00 W, 228.36 W, 72, 5374 MiB, 24576 MiB, 47 %
2026/09/05 14:49:31.184, NVIDIA GeForce RTX 3090, P2, 270.00 W, 232.62 W, 73, 5374 MiB, 24576 MiB, 47 %
2026/09/05 14:49:41.185, NVIDIA GeForce RTX 3090, P2, 270.00 W, 222.25 W, 72, 5374 MiB, 24576 MiB, 46 %
2026/09/05 14:49:51.186, NVIDIA GeForce RTX 3090, P2, 270.00 W, 224.43 W, 71, 5374 MiB, 24576 MiB, 7 %
2026/09/05 14:50:01.188, NVIDIA GeForce RTX 3090, P2, 270.00 W, 234.92 W, 71, 5374 MiB, 24576 MiB, 35 %
2026/09/05 14:50:11.189, NVIDIA GeForce RTX 3090, P2, 270.00 W, 226.10 W, 73, 5374 MiB, 24576 MiB, 45 %
2026/09/05 14:50:21.190, NVIDIA GeForce RTX 3090, P2, 270.00 W, 218.01 W, 72, 5374 MiB, 24576 MiB, 4 %
2026/09/05 14:50:31.191, NVIDIA GeForce RTX 3090, P2, 270.00 W, 216.51 W, 71, 5374 MiB, 24576 MiB, 48 %
2026/09/05 14:50:41.192, NVIDIA GeForce RTX 3090, P2, 270.00 W, 226.25 W, 72, 5374 MiB, 24576 MiB, 47 %
2026/09/05 14:50:51.194, NVIDIA GeForce RTX 3090, P2, 270.00 W, 227.00 W, 72, 5374 MiB, 24576 MiB, 0 %
2026/09/05 14:51:01.195, NVIDIA GeForce RTX 3090, P2, 270.00 W, 222.12 W, 73, 5374 MiB, 24576 MiB, 35 %
2026/09/05 14:51:11.196, NVIDIA GeForce RTX 3090, P2, 270.00 W, 218.71 W, 72, 5374 MiB, 24576 MiB, 17 %
2026/09/05 14:51:21.198, NVIDIA GeForce RTX 3090, P2, 270.00 W, 228.03 W, 71, 5374 MiB, 24576 MiB, 17 %
2026/09/05 14:51:31.199, NVIDIA GeForce RTX 3090, P2, 270.00 W, 223.26 W, 70, 5374 MiB, 24576 MiB, 9 %
2026/09/05 14:51:41.200, NVIDIA GeForce RTX 3090, P2, 270.00 W, 228.17 W, 72, 5374 MiB, 24576 MiB, 46 %
2026/09/05 14:51:51.201, NVIDIA GeForce RTX 3090, P2, 270.00 W, 220.01 W, 73, 5374 MiB, 24576 MiB, 0 %
2026/09/05 14:52:01.202, NVIDIA GeForce RTX 3090, P2, 270.00 W, 227.13 W, 71, 5374 MiB, 24576 MiB, 3 %
2026/09/05 14:52:11.204, NVIDIA GeForce RTX 3090, P2, 270.00 W, 232.40 W, 71, 5374 MiB, 24576 MiB, 11 %
2026/09/05 14:52:21.205, NVIDIA GeForce RTX 3090, P2, 270.00 W, 229.08 W, 72, 5374 MiB, 24576 MiB, 48 %
2026/09/05 14:52:31.206, NVIDIA GeForce RTX 3090, P2, 270.00 W, 210.18 W, 72, 5374 MiB, 24576 MiB, 15 %
2026/09/05 14:52:41.207, NVIDIA GeForce RTX 3090, P2, 270.00 W, 222.48 W, 72, 5374 MiB, 24576 MiB, 6 %
2026/09/05 14:52:51.209, NVIDIA GeForce RTX 3090, P2, 270.00 W, 231.19 W, 72, 5374 MiB, 24576 MiB, 48 %
2026/09/05 14:53:01.210, NVIDIA GeForce RTX 3090, P2, 270.00 W, 223.66 W, 73, 5374 MiB, 24576 MiB, 35 %
2026/09/05 14:53:11.211, NVIDIA GeForce RTX 3090, P2, 270.00 W, 204.92 W, 71, 5374 MiB, 24576 MiB, 47 %
2026/09/05 14:53:21.212, NVIDIA GeForce RTX 3090, P2, 270.00 W, 233.30 W, 73, 5374 MiB, 24576 MiB, 47 %
2026/09/05 14:53:31.214, NVIDIA GeForce RTX 3090, P2, 270.00 W, 234.30 W, 71, 5374 MiB, 24576 MiB, 6 %
2026/09/05 14:53:41.215, NVIDIA GeForce RTX 3090, P2, 270.00 W, 225.74 W, 73, 5374 MiB, 24576 MiB, 43 %
2026/09/05 14:53:51.216, NVIDIA GeForce RTX 3090, P2, 270.00 W, 218.65 W, 72, 5374 MiB, 24576 MiB, 7 %
2026/09/05 14:54:01.217, NVIDIA GeForce RTX 3090, P2, 270.00 W, 210.61 W, 71, 5374 MiB, 24576 MiB, 0 %
2026/09/05 14:54:11.219, NVIDIA GeForce RTX 3090, P2, 270.00 W, 223.64 W, 72, 5374 MiB, 24576 MiB, 47 %
2026/09/05 14:54:21.220, NVIDIA GeForce RTX 3090, P2, 270.00 W, 228.72 W, 72, 5374 MiB, 24576 MiB, 46 %
2026/09/05 14:54:31.221, NVIDIA GeForce RTX 3090, P2, 270.00 W, 222.14 W, 73, 5374 MiB, 24576 MiB, 22 %
2026/09/05 14:54:41.222, NVIDIA GeForce RTX 3090, P2, 270.00 W, 209.62 W, 71, 5374 MiB, 24576 MiB, 30 %
2026/09/05 14:54:51.223, NVIDIA GeForce RTX 3090, P2, 270.00 W, 224.67 W, 72, 5374 MiB, 24576 MiB, 5 %
2026/09/05 14:55:01.225, NVIDIA GeForce RTX 3090, P2, 270.00 W, 235.42 W, 72, 5374 MiB, 24576 MiB, 49 %
2026/09/05 14:55:11.226, NVIDIA GeForce RTX 3090, P2, 270.00 W, 229.28 W, 72, 5374 MiB, 24576 MiB, 46 %
2026/09/05 14:55:21.227, NVIDIA GeForce RTX 3090, P2, 270.00 W, 220.09 W, 73, 5374 MiB, 24576 MiB, 46 %
2026/09/05 14:55:31.228, NVIDIA GeForce RTX 3090, P2, 270.00 W, 211.71 W, 70, 5374 MiB, 24576 MiB, 0 %
2026/09/05 14:55:41.230, NVIDIA GeForce RTX 3090, P2, 270.00 W, 229.67 W, 73, 5374 MiB, 24576 MiB, 47 %
2026/09/05 14:55:51.231, NVIDIA GeForce RTX 3090, P2, 270.00 W, 229.22 W, 72, 5374 MiB, 24576 MiB, 48 %
2026/09/05 14:56:01.232, NVIDIA GeForce RTX 3090, P2, 270.00 W, 226.41 W, 73, 5374 MiB, 24576 MiB, 0 %
2026/09/05 14:56:11.233, NVIDIA GeForce RTX 3090, P2, 270.00 W, 217.03 W, 72, 5374 MiB, 24576 MiB, 17 %
2026/09/05 14:56:21.235, NVIDIA GeForce RTX 3090, P2, 270.00 W, 225.79 W, 71, 5374 MiB, 24576 MiB, 5 %
2026/09/05 14:56:31.236, NVIDIA GeForce RTX 3090, P2, 270.00 W, 221.03 W, 71, 5374 MiB, 24576 MiB, 25 %
2026/09/05 14:56:41.237, NVIDIA GeForce RTX 3090, P2, 270.00 W, 227.78 W, 73, 5374 MiB, 24576 MiB, 43 %
2026/09/05 14:56:51.239, NVIDIA GeForce RTX 3090, P2, 270.00 W, 223.88 W, 74, 5374 MiB, 24576 MiB, 0 %
2026/09/05 14:57:01.240, NVIDIA GeForce RTX 3090, P2, 270.00 W, 211.60 W, 70, 5374 MiB, 24576 MiB, 0 %
2026/09/05 14:57:11.241, NVIDIA GeForce RTX 3090, P2, 270.00 W, 226.13 W, 72, 5374 MiB, 24576 MiB, 47 %
2026/09/05 14:57:21.242, NVIDIA GeForce RTX 3090, P2, 270.00 W, 236.14 W, 72, 5374 MiB, 24576 MiB, 30 %
2026/09/05 14:57:31.244, NVIDIA GeForce RTX 3090, P2, 270.00 W, 219.30 W, 73, 5374 MiB, 24576 MiB, 27 %
2026/09/05 14:57:41.245, NVIDIA GeForce RTX 3090, P2, 270.00 W, 228.29 W, 73, 5374 MiB, 24576 MiB, 46 %
2026/09/05 14:57:51.246, NVIDIA GeForce RTX 3090, P2, 270.00 W, 209.05 W, 71, 5374 MiB, 24576 MiB, 0 %
2026/09/05 14:58:01.247, NVIDIA GeForce RTX 3090, P2, 270.00 W, 225.54 W, 72, 5374 MiB, 24576 MiB, 47 %
2026/09/05 14:58:11.248, NVIDIA GeForce RTX 3090, P2, 270.00 W, 234.43 W, 73, 5374 MiB, 24576 MiB, 47 %
2026/09/05 14:58:21.250, NVIDIA GeForce RTX 3090, P2, 270.00 W, 225.53 W, 71, 5374 MiB, 24576 MiB, 23 %
2026/09/05 14:58:31.251, NVIDIA GeForce RTX 3090, P2, 270.00 W, 225.20 W, 72, 5374 MiB, 24576 MiB, 42 %
2026/09/05 14:58:41.252, NVIDIA GeForce RTX 3090, P2, 270.00 W, 218.17 W, 72, 5374 MiB, 24576 MiB, 34 %
2026/09/05 14:58:51.253, NVIDIA GeForce RTX 3090, P2, 270.00 W, 220.57 W, 72, 5374 MiB, 24576 MiB, 0 %
2026/09/05 14:59:01.254, NVIDIA GeForce RTX 3090, P2, 270.00 W, 220.91 W, 73, 5374 MiB, 24576 MiB, 51 %
2026/09/05 14:59:11.256, NVIDIA GeForce RTX 3090, P2, 270.00 W, 239.21 W, 73, 5374 MiB, 24576 MiB, 20 %
2026/09/05 14:59:21.257, NVIDIA GeForce RTX 3090, P2, 270.00 W, 231.04 W, 73, 5374 MiB, 24576 MiB, 48 %
2026/09/05 14:59:31.258, NVIDIA GeForce RTX 3090, P2, 270.00 W, 220.73 W, 73, 5374 MiB, 24576 MiB, 47 %
2026/09/05 14:59:41.259, NVIDIA GeForce RTX 3090, P2, 270.00 W, 210.73 W, 72, 5374 MiB, 24576 MiB, 28 %
2026/09/05 14:59:51.260, NVIDIA GeForce RTX 3090, P2, 270.00 W, 230.44 W, 73, 5374 MiB, 24576 MiB, 8 %
2026/09/05 15:00:01.261, NVIDIA GeForce RTX 3090, P2, 270.00 W, 231.14 W, 72, 5374 MiB, 24576 MiB, 19 %
2026/09/05 15:00:11.262, NVIDIA GeForce RTX 3090, P2, 270.00 W, 230.52 W, 72, 5374 MiB, 24576 MiB, 48 %
2026/09/05 15:00:21.264, NVIDIA GeForce RTX 3090, P2, 270.00 W, 225.40 W, 73, 5374 MiB, 24576 MiB, 47 %
2026/09/05 15:00:31.265, NVIDIA GeForce RTX 3090, P2, 270.00 W, 215.98 W, 71, 5374 MiB, 24576 MiB, 0 %
2026/09/05 15:00:41.266, NVIDIA GeForce RTX 3090, P2, 270.00 W, 223.12 W, 71, 5374 MiB, 24576 MiB, 9 %
2026/09/05 15:00:51.267, NVIDIA GeForce RTX 3090, P2, 270.00 W, 234.36 W, 72, 5374 MiB, 24576 MiB, 30 %
2026/09/05 15:01:01.268, NVIDIA GeForce RTX 3090, P2, 270.00 W, 218.48 W, 71, 5374 MiB, 24576 MiB, 41 %
2026/09/05 15:01:11.270, NVIDIA GeForce RTX 3090, P2, 270.00 W, 227.64 W, 73, 5374 MiB, 24576 MiB, 46 %
2026/09/05 15:01:21.271, NVIDIA GeForce RTX 3090, P2, 270.00 W, 222.57 W, 71, 5374 MiB, 24576 MiB, 47 %
2026/09/05 15:01:31.272, NVIDIA GeForce RTX 3090, P2, 270.00 W, 222.30 W, 72, 5374 MiB, 24576 MiB, 48 %
2026/09/05 15:01:41.273, NVIDIA GeForce RTX 3090, P2, 270.00 W, 232.23 W, 71, 5374 MiB, 24576 MiB, 8 %
2026/09/05 15:01:51.275, NVIDIA GeForce RTX 3090, P2, 270.00 W, 222.87 W, 71, 5374 MiB, 24576 MiB, 43 %
2026/09/05 15:02:01.276, NVIDIA GeForce RTX 3090, P2, 270.00 W, 223.02 W, 74, 5374 MiB, 24576 MiB, 0 %
2026/09/05 15:02:11.277, NVIDIA GeForce RTX 3090, P2, 270.00 W, 217.57 W, 71, 5374 MiB, 24576 MiB, 47 %
2026/09/05 15:02:21.278, NVIDIA GeForce RTX 3090, P2, 270.00 W, 225.49 W, 72, 5374 MiB, 24576 MiB, 48 %
2026/09/05 15:02:31.280, NVIDIA GeForce RTX 3090, P2, 270.00 W, 224.83 W, 71, 5374 MiB, 24576 MiB, 29 %
2026/09/05 15:02:41.281, NVIDIA GeForce RTX 3090, P2, 270.00 W, 217.81 W, 73, 5374 MiB, 24576 MiB, 31 %
2026/09/05 15:02:51.282, NVIDIA GeForce RTX 3090, P2, 270.00 W, 220.45 W, 73, 5374 MiB, 24576 MiB, 12 %
2026/09/05 15:03:01.283, NVIDIA GeForce RTX 3090, P2, 270.00 W, 222.28 W, 71, 5374 MiB, 24576 MiB, 30 %
2026/09/05 15:03:11.284, NVIDIA GeForce RTX 3090, P2, 270.00 W, 227.26 W, 71, 5374 MiB, 24576 MiB, 47 %
2026/09/05 15:03:21.286, NVIDIA GeForce RTX 3090, P2, 270.00 W, 235.74 W, 72, 5374 MiB, 24576 MiB, 14 %
2026/09/05 15:03:31.287, NVIDIA GeForce RTX 3090, P2, 270.00 W, 212.93 W, 72, 5374 MiB, 24576 MiB, 30 %
2026/09/05 15:03:41.288, NVIDIA GeForce RTX 3090, P2, 270.00 W, 219.14 W, 72, 5374 MiB, 24576 MiB, 6 %
2026/09/05 15:03:51.290, NVIDIA GeForce RTX 3090, P2, 270.00 W, 214.36 W, 71, 5374 MiB, 24576 MiB, 26 %
2026/09/05 15:04:01.291, NVIDIA GeForce RTX 3090, P2, 270.00 W, 225.14 W, 72, 5374 MiB, 24576 MiB, 27 %
2026/09/05 15:04:11.292, NVIDIA GeForce RTX 3090, P2, 270.00 W, 229.27 W, 72, 5374 MiB, 24576 MiB, 47 %
2026/09/05 15:04:21.293, NVIDIA GeForce RTX 3090, P2, 270.00 W, 230.53 W, 72, 5374 MiB, 24576 MiB, 48 %
2026/09/05 15:04:31.294, NVIDIA GeForce RTX 3090, P2, 270.00 W, 222.71 W, 73, 5374 MiB, 24576 MiB, 27 %
2026/09/05 15:04:41.296, NVIDIA GeForce RTX 3090, P2, 270.00 W, 207.54 W, 71, 5374 MiB, 24576 MiB, 6 %
2026/09/05 15:04:51.297, NVIDIA GeForce RTX 3090, P2, 270.00 W, 229.18 W, 73, 5374 MiB, 24576 MiB, 47 %
2026/09/05 15:05:01.298, NVIDIA GeForce RTX 3090, P2, 270.00 W, 232.20 W, 71, 5374 MiB, 24576 MiB, 12 %
2026/09/05 15:05:11.299, NVIDIA GeForce RTX 3090, P2, 270.00 W, 227.40 W, 73, 5374 MiB, 24576 MiB, 24 %
2026/09/05 15:05:21.300, NVIDIA GeForce RTX 3090, P2, 270.00 W, 215.43 W, 72, 5374 MiB, 24576 MiB, 32 %
2026/09/05 15:05:31.302, NVIDIA GeForce RTX 3090, P2, 270.00 W, 225.99 W, 71, 5374 MiB, 24576 MiB, 6 %
2026/09/05 15:05:41.303, NVIDIA GeForce RTX 3090, P2, 270.00 W, 227.49 W, 72, 5374 MiB, 24576 MiB, 47 %
2026/09/05 15:05:51.304, NVIDIA GeForce RTX 3090, P2, 270.00 W, 232.46 W, 72, 5374 MiB, 24576 MiB, 46 %
2026/09/05 15:06:01.305, NVIDIA GeForce RTX 3090, P2, 270.00 W, 211.25 W, 73, 5374 MiB, 24576 MiB, 18 %
2026/09/05 15:06:11.306, NVIDIA GeForce RTX 3090, P2, 270.00 W, 211.95 W, 71, 5374 MiB, 24576 MiB, 0 %
2026/09/05 15:06:21.308, NVIDIA GeForce RTX 3090, P2, 270.00 W, 229.87 W, 72, 5374 MiB, 24576 MiB, 30 %
2026/09/05 15:06:31.309, NVIDIA GeForce RTX 3090, P2, 270.00 W, 234.21 W, 72, 5374 MiB, 24576 MiB, 29 %
2026/09/05 15:06:41.310, NVIDIA GeForce RTX 3090, P2, 270.00 W, 216.35 W, 73, 5374 MiB, 24576 MiB, 46 %
2026/09/05 15:06:51.311, NVIDIA GeForce RTX 3090, P2, 270.00 W, 209.95 W, 71, 5374 MiB, 24576 MiB, 47 %
2026/09/05 15:07:01.313, NVIDIA GeForce RTX 3090, P2, 270.00 W, 224.61 W, 74, 5374 MiB, 24576 MiB, 27 %
2026/09/05 15:07:11.314, NVIDIA GeForce RTX 3090, P2, 270.00 W, 224.66 W, 71, 5374 MiB, 24576 MiB, 46 %
2026/09/05 15:07:21.315, NVIDIA GeForce RTX 3090, P2, 270.00 W, 217.53 W, 71, 5374 MiB, 24576 MiB, 33 %
2026/09/05 15:07:31.316, NVIDIA GeForce RTX 3090, P2, 270.00 W, 224.68 W, 73, 5374 MiB, 24576 MiB, 43 %
2026/09/05 15:07:41.317, NVIDIA GeForce RTX 3090, P2, 270.00 W, 206.82 W, 70, 5374 MiB, 24576 MiB, 0 %
2026/09/05 15:07:51.319, NVIDIA GeForce RTX 3090, P2, 270.00 W, 219.62 W, 72, 5374 MiB, 24576 MiB, 40 %
2026/09/05 15:08:01.320, NVIDIA GeForce RTX 3090, P2, 270.00 W, 232.09 W, 72, 5374 MiB, 24576 MiB, 43 %
2026/09/05 15:08:11.321, NVIDIA GeForce RTX 3090, P2, 270.00 W, 229.44 W, 72, 5374 MiB, 24576 MiB, 42 %
2026/09/05 15:08:21.322, NVIDIA GeForce RTX 3090, P2, 270.00 W, 223.76 W, 73, 5374 MiB, 24576 MiB, 27 %
2026/09/05 15:08:31.323, NVIDIA GeForce RTX 3090, P2, 270.00 W, 228.98 W, 73, 5374 MiB, 24576 MiB, 46 %
2026/09/05 15:08:41.325, NVIDIA GeForce RTX 3090, P2, 270.00 W, 213.85 W, 71, 5374 MiB, 24576 MiB, 0 %
2026/09/05 15:08:51.327, NVIDIA GeForce RTX 3090, P2, 270.00 W, 225.26 W, 73, 5374 MiB, 24576 MiB, 18 %
2026/09/05 15:09:01.328, NVIDIA GeForce RTX 3090, P2, 270.00 W, 233.62 W, 71, 5374 MiB, 24576 MiB, 4 %
2026/09/05 15:09:11.329, NVIDIA GeForce RTX 3090, P2, 270.00 W, 223.05 W, 73, 5374 MiB, 24576 MiB, 47 %
2026/09/05 15:09:21.330, NVIDIA GeForce RTX 3090, P2, 270.00 W, 207.80 W, 71, 5374 MiB, 24576 MiB, 11 %
2026/09/05 15:09:31.332, NVIDIA GeForce RTX 3090, P2, 270.00 W, 220.80 W, 72, 5374 MiB, 24576 MiB, 33 %
2026/09/05 15:09:41.333, NVIDIA GeForce RTX 3090, P2, 270.00 W, 233.65 W, 71, 5374 MiB, 24576 MiB, 20 %
2026/09/05 15:09:51.334, NVIDIA GeForce RTX 3090, P2, 270.00 W, 216.10 W, 72, 5374 MiB, 24576 MiB, 20 %
2026/09/05 15:10:01.335, NVIDIA GeForce RTX 3090, P2, 270.00 W, 209.97 W, 70, 5374 MiB, 24576 MiB, 43 %
2026/09/05 15:10:11.337, NVIDIA GeForce RTX 3090, P2, 270.00 W, 222.11 W, 72, 5374 MiB, 24576 MiB, 48 %
2026/09/05 15:10:21.338, NVIDIA GeForce RTX 3090, P2, 270.00 W, 239.14 W, 72, 5374 MiB, 24576 MiB, 33 %
2026/09/05 15:10:31.339, NVIDIA GeForce RTX 3090, P2, 270.00 W, 220.63 W, 74, 5374 MiB, 24576 MiB, 46 %
2026/09/05 15:10:41.340, NVIDIA GeForce RTX 3090, P2, 270.00 W, 221.41 W, 72, 5374 MiB, 24576 MiB, 29 %
2026/09/05 15:10:51.341, NVIDIA GeForce RTX 3090, P2, 270.00 W, 227.35 W, 72, 5374 MiB, 24576 MiB, 4 %
2026/09/05 15:11:01.343, NVIDIA GeForce RTX 3090, P2, 270.00 W, 230.55 W, 72, 5374 MiB, 24576 MiB, 51 %
2026/09/05 15:11:11.344, NVIDIA GeForce RTX 3090, P2, 270.00 W, 227.62 W, 73, 5374 MiB, 24576 MiB, 39 %
2026/09/05 15:11:21.345, NVIDIA GeForce RTX 3090, P2, 270.00 W, 229.38 W, 74, 5374 MiB, 24576 MiB, 46 %
2026/09/05 15:11:31.346, NVIDIA GeForce RTX 3090, P2, 270.00 W, 215.78 W, 71, 5374 MiB, 24576 MiB, 47 %
2026/09/05 15:11:41.347, NVIDIA GeForce RTX 3090, P2, 270.00 W, 229.71 W, 72, 5374 MiB, 24576 MiB, 47 %
2026/09/05 15:11:51.349, NVIDIA GeForce RTX 3090, P2, 270.00 W, 234.98 W, 72, 5374 MiB, 24576 MiB, 34 %
2026/09/05 15:12:01.350, NVIDIA GeForce RTX 3090, P2, 270.00 W, 222.86 W, 73, 5374 MiB, 24576 MiB, 25 %
2026/09/05 15:12:11.351, NVIDIA GeForce RTX 3090, P2, 270.00 W, 207.99 W, 70, 5374 MiB, 24576 MiB, 0 %
2026/09/05 15:12:21.352, NVIDIA GeForce RTX 3090, P2, 270.00 W, 229.47 W, 72, 5374 MiB, 24576 MiB, 49 %
2026/09/05 15:12:31.353, NVIDIA GeForce RTX 3090, P2, 270.00 W, 236.68 W, 73, 5374 MiB, 24576 MiB, 28 %
2026/09/05 15:12:41.355, NVIDIA GeForce RTX 3090, P2, 270.00 W, 221.41 W, 73, 5374 MiB, 24576 MiB, 30 %
2026/09/05 15:12:51.356, NVIDIA GeForce RTX 3090, P2, 270.00 W, 219.65 W, 71, 5374 MiB, 24576 MiB, 46 %
2026/09/05 15:13:01.357, NVIDIA GeForce RTX 3090, P2, 270.00 W, 222.46 W, 72, 5374 MiB, 24576 MiB, 29 %
2026/09/05 15:13:11.359, NVIDIA GeForce RTX 3090, P2, 270.00 W, 225.78 W, 72, 5374 MiB, 24576 MiB, 49 %
2026/09/05 15:13:21.360, NVIDIA GeForce RTX 3090, P2, 270.00 W, 228.36 W, 73, 5374 MiB, 24576 MiB, 0 %
2026/09/05 15:13:31.362, NVIDIA GeForce RTX 3090, P2, 270.00 W, 218.15 W, 73, 5374 MiB, 24576 MiB, 0 %
2026/09/05 15:13:41.363, NVIDIA GeForce RTX 3090, P2, 270.00 W, 227.66 W, 71, 5374 MiB, 24576 MiB, 47 %
2026/09/05 15:13:51.364, NVIDIA GeForce RTX 3090, P2, 270.00 W, 226.66 W, 73, 5374 MiB, 24576 MiB, 47 %
2026/09/05 15:14:01.366, NVIDIA GeForce RTX 3090, P2, 270.00 W, 222.63 W, 72, 5374 MiB, 24576 MiB, 0 %
2026/09/05 15:14:11.367, NVIDIA GeForce RTX 3090, P2, 270.00 W, 224.35 W, 73, 5374 MiB, 24576 MiB, 0 %
2026/09/05 15:14:21.369, NVIDIA GeForce RTX 3090, P2, 270.00 W, 216.25 W, 73, 5374 MiB, 24576 MiB, 30 %
2026/09/05 15:14:31.370, NVIDIA GeForce RTX 3090, P2, 270.00 W, 221.79 W, 71, 5374 MiB, 24576 MiB, 6 %
2026/09/05 15:14:41.371, NVIDIA GeForce RTX 3090, P2, 270.00 W, 238.13 W, 72, 5374 MiB, 24576 MiB, 42 %
2026/09/05 15:14:51.373, NVIDIA GeForce RTX 3090, P2, 270.00 W, 233.46 W, 73, 5374 MiB, 24576 MiB, 46 %
2026/09/05 15:15:01.374, NVIDIA GeForce RTX 3090, P2, 270.00 W, 217.56 W, 73, 5374 MiB, 24576 MiB, 32 %
2026/09/05 15:15:11.376, NVIDIA GeForce RTX 3090, P2, 270.00 W, 219.82 W, 71, 5374 MiB, 24576 MiB, 0 %
2026/09/05 15:15:21.377, NVIDIA GeForce RTX 3090, P2, 270.00 W, 229.73 W, 72, 5374 MiB, 24576 MiB, 47 %
2026/09/05 15:15:31.378, NVIDIA GeForce RTX 3090, P2, 270.00 W, 235.17 W, 72, 5374 MiB, 24576 MiB, 20 %
2026/09/05 15:15:41.379, NVIDIA GeForce RTX 3090, P2, 270.00 W, 226.06 W, 73, 5374 MiB, 24576 MiB, 40 %
2026/09/05 15:15:51.381, NVIDIA GeForce RTX 3090, P2, 270.00 W, 214.27 W, 70, 5374 MiB, 24576 MiB, 0 %
2026/09/05 15:16:01.382, NVIDIA GeForce RTX 3090, P2, 270.00 W, 227.95 W, 72, 5374 MiB, 24576 MiB, 48 %
2026/09/05 15:16:11.383, NVIDIA GeForce RTX 3090, P2, 270.00 W, 236.47 W, 73, 5374 MiB, 24576 MiB, 48 %
2026/09/05 15:16:21.384, NVIDIA GeForce RTX 3090, P2, 270.00 W, 228.29 W, 73, 5374 MiB, 24576 MiB, 45 %
2026/09/05 15:16:31.386, NVIDIA GeForce RTX 3090, P2, 270.00 W, 218.63 W, 71, 5374 MiB, 24576 MiB, 4 %
2026/09/05 15:16:41.387, NVIDIA GeForce RTX 3090, P2, 270.00 W, 222.06 W, 72, 5374 MiB, 24576 MiB, 30 %
2026/09/05 15:16:51.388, NVIDIA GeForce RTX 3090, P2, 270.00 W, 235.14 W, 73, 5374 MiB, 24576 MiB, 44 %
2026/09/05 15:17:01.390, NVIDIA GeForce RTX 3090, P2, 270.00 W, 220.98 W, 73, 5374 MiB, 24576 MiB, 47 %
2026/09/05 15:17:11.391, NVIDIA GeForce RTX 3090, P2, 270.00 W, 218.82 W, 73, 5374 MiB, 24576 MiB, 47 %
2026/09/05 15:17:21.393, NVIDIA GeForce RTX 3090, P2, 270.00 W, 213.77 W, 71, 5374 MiB, 24576 MiB, 47 %
2026/09/05 15:17:31.394, NVIDIA GeForce RTX 3090, P2, 270.00 W, 226.77 W, 72, 5374 MiB, 24576 MiB, 43 %
2026/09/05 15:17:41.395, NVIDIA GeForce RTX 3090, P2, 270.00 W, 233.15 W, 73, 5374 MiB, 24576 MiB, 47 %
2026/09/05 15:17:51.397, NVIDIA GeForce RTX 3090, P2, 270.00 W, 227.47 W, 73, 5374 MiB, 24576 MiB, 47 %
2026/09/05 15:18:01.398, NVIDIA GeForce RTX 3090, P2, 270.00 W, 216.13 W, 71, 5374 MiB, 24576 MiB, 47 %
2026/09/05 15:18:11.399, NVIDIA GeForce RTX 3090, P2, 270.00 W, 230.13 W, 73, 5374 MiB, 24576 MiB, 47 %
2026/09/05 15:18:21.401, NVIDIA GeForce RTX 3090, P2, 270.00 W, 235.09 W, 72, 5374 MiB, 24576 MiB, 14 %
2026/09/05 15:18:31.402, NVIDIA GeForce RTX 3090, P2, 270.00 W, 223.57 W, 73, 5374 MiB, 24576 MiB, 27 %
2026/09/05 15:18:41.403, NVIDIA GeForce RTX 3090, P2, 270.00 W, 216.14 W, 72, 5374 MiB, 24576 MiB, 5 %
2026/09/05 15:18:51.405, NVIDIA GeForce RTX 3090, P2, 270.00 W, 221.75 W, 74, 5374 MiB, 24576 MiB, 20 %
2026/09/05 15:19:01.406, NVIDIA GeForce RTX 3090, P2, 270.00 W, 232.45 W, 71, 5374 MiB, 24576 MiB, 31 %
2026/09/05 15:19:11.407, NVIDIA GeForce RTX 3090, P2, 270.00 W, 222.87 W, 73, 5374 MiB, 24576 MiB, 36 %
2026/09/05 15:19:21.409, NVIDIA GeForce RTX 3090, P2, 270.00 W, 222.49 W, 73, 5374 MiB, 24576 MiB, 39 %
2026/09/05 15:19:31.410, NVIDIA GeForce RTX 3090, P2, 270.00 W, 220.45 W, 71, 5374 MiB, 24576 MiB, 0 %
2026/09/05 15:19:41.411, NVIDIA GeForce RTX 3090, P2, 270.00 W, 229.79 W, 74, 5374 MiB, 24576 MiB, 44 %
2026/09/05 15:19:51.412, NVIDIA GeForce RTX 3090, P2, 270.00 W, 224.32 W, 71, 5374 MiB, 24576 MiB, 49 %
2026/09/05 15:20:01.413, NVIDIA GeForce RTX 3090, P2, 270.00 W, 221.13 W, 73, 5374 MiB, 24576 MiB, 46 %
2026/09/05 15:20:11.415, NVIDIA GeForce RTX 3090, P2, 270.00 W, 217.10 W, 71, 5374 MiB, 24576 MiB, 0 %
2026/09/05 15:20:21.416, NVIDIA GeForce RTX 3090, P2, 270.00 W, 224.72 W, 72, 5374 MiB, 24576 MiB, 5 %
2026/09/05 15:20:31.417, NVIDIA GeForce RTX 3090, P2, 270.00 W, 229.52 W, 72, 5374 MiB, 24576 MiB, 41 %
2026/09/05 15:20:41.419, NVIDIA GeForce RTX 3090, P2, 270.00 W, 237.53 W, 72, 5374 MiB, 24576 MiB, 30 %
2026/09/05 15:20:51.420, NVIDIA GeForce RTX 3090, P2, 270.00 W, 227.01 W, 73, 5374 MiB, 24576 MiB, 43 %
2026/09/05 15:21:01.421, NVIDIA GeForce RTX 3090, P2, 270.00 W, 214.07 W, 73, 5374 MiB, 24576 MiB, 30 %
2026/09/05 15:21:11.423, NVIDIA GeForce RTX 3090, P2, 270.00 W, 224.22 W, 74, 5374 MiB, 24576 MiB, 46 %
2026/09/05 15:21:21.424, NVIDIA GeForce RTX 3090, P2, 270.00 W, 235.20 W, 72, 5374 MiB, 24576 MiB, 43 %
2026/09/05 15:21:31.425, NVIDIA GeForce RTX 3090, P2, 270.00 W, 221.76 W, 73, 5374 MiB, 24576 MiB, 30 %
2026/09/05 15:21:41.427, NVIDIA GeForce RTX 3090, P2, 270.00 W, 213.31 W, 72, 5374 MiB, 24576 MiB, 30 %
2026/09/05 15:21:51.428, NVIDIA GeForce RTX 3090, P2, 270.00 W, 220.37 W, 72, 5374 MiB, 24576 MiB, 2 %
2026/09/05 15:22:01.429, NVIDIA GeForce RTX 3090, P2, 270.00 W, 229.61 W, 71, 5374 MiB, 24576 MiB, 45 %
2026/09/05 15:22:11.431, NVIDIA GeForce RTX 3090, P2, 270.00 W, 225.38 W, 73, 5374 MiB, 24576 MiB, 45 %
2026/09/05 15:22:21.432, NVIDIA GeForce RTX 3090, P2, 270.00 W, 224.69 W, 73, 5374 MiB, 24576 MiB, 0 %
2026/09/05 15:22:31.434, NVIDIA GeForce RTX 3090, P2, 270.00 W, 213.15 W, 72, 5374 MiB, 24576 MiB, 7 %
2026/09/05 15:22:41.435, NVIDIA GeForce RTX 3090, P2, 270.00 W, 219.01 W, 71, 5374 MiB, 24576 MiB, 0 %
2026/09/05 15:22:51.437, NVIDIA GeForce RTX 3090, P2, 270.00 W, 229.19 W, 73, 5374 MiB, 24576 MiB, 47 %
2026/09/05 15:23:01.438, NVIDIA GeForce RTX 3090, P2, 270.00 W, 229.81 W, 72, 5374 MiB, 24576 MiB, 48 %
2026/09/05 15:23:11.439, NVIDIA GeForce RTX 3090, P2, 270.00 W, 228.66 W, 73, 5374 MiB, 24576 MiB, 46 %
2026/09/05 15:23:21.441, NVIDIA GeForce RTX 3090, P2, 270.00 W, 221.06 W, 73, 5374 MiB, 24576 MiB, 46 %
2026/09/05 15:23:31.442, NVIDIA GeForce RTX 3090, P2, 270.00 W, 207.82 W, 70, 5374 MiB, 24576 MiB, 0 %
2026/09/05 15:23:41.443, NVIDIA GeForce RTX 3090, P2, 270.00 W, 222.75 W, 72, 5374 MiB, 24576 MiB, 6 %
2026/09/05 15:23:51.444, NVIDIA GeForce RTX 3090, P2, 270.00 W, 232.41 W, 72, 5374 MiB, 24576 MiB, 37 %
2026/09/05 15:24:01.446, NVIDIA GeForce RTX 3090, P2, 270.00 W, 221.39 W, 72, 5374 MiB, 24576 MiB, 10 %
2026/09/05 15:24:11.447, NVIDIA GeForce RTX 3090, P2, 270.00 W, 214.85 W, 73, 5374 MiB, 24576 MiB, 48 %
2026/09/05 15:24:21.448, NVIDIA GeForce RTX 3090, P2, 270.00 W, 218.39 W, 71, 5374 MiB, 24576 MiB, 0 %
2026/09/05 15:24:31.449, NVIDIA GeForce RTX 3090, P2, 270.00 W, 218.32 W, 74, 5374 MiB, 24576 MiB, 47 %
2026/09/05 15:24:41.451, NVIDIA GeForce RTX 3090, P2, 270.00 W, 239.90 W, 73, 5374 MiB, 24576 MiB, 39 %
2026/09/05 15:24:51.452, NVIDIA GeForce RTX 3090, P2, 270.00 W, 229.13 W, 72, 5374 MiB, 24576 MiB, 46 %
2026/09/05 15:25:01.453, NVIDIA GeForce RTX 3090, P2, 270.00 W, 223.52 W, 73, 5374 MiB, 24576 MiB, 32 %
2026/09/05 15:25:11.455, NVIDIA GeForce RTX 3090, P2, 270.00 W, 221.22 W, 72, 5374 MiB, 24576 MiB, 30 %
2026/09/05 15:25:21.456, NVIDIA GeForce RTX 3090, P2, 270.00 W, 217.40 W, 70, 5374 MiB, 24576 MiB, 25 %
2026/09/05 15:25:31.458, NVIDIA GeForce RTX 3090, P2, 270.00 W, 230.57 W, 73, 5374 MiB, 24576 MiB, 41 %
2026/09/05 15:25:41.459, NVIDIA GeForce RTX 3090, P2, 270.00 W, 230.55 W, 72, 5374 MiB, 24576 MiB, 46 %
2026/09/05 15:25:51.460, NVIDIA GeForce RTX 3090, P2, 270.00 W, 223.29 W, 72, 5374 MiB, 24576 MiB, 3 %
2026/09/05 15:26:01.461, NVIDIA GeForce RTX 3090, P2, 270.00 W, 218.57 W, 73, 5374 MiB, 24576 MiB, 40 %
2026/09/05 15:26:11.462, NVIDIA GeForce RTX 3090, P2, 270.00 W, 219.92 W, 71, 5374 MiB, 24576 MiB, 0 %
2026/09/05 15:26:21.464, NVIDIA GeForce RTX 3090, P2, 270.00 W, 224.96 W, 73, 5374 MiB, 24576 MiB, 5 %
2026/09/05 15:26:31.465, NVIDIA GeForce RTX 3090, P2, 270.00 W, 234.84 W, 73, 5374 MiB, 24576 MiB, 54 %
2026/09/05 15:26:41.466, NVIDIA GeForce RTX 3090, P2, 270.00 W, 226.09 W, 74, 5374 MiB, 24576 MiB, 47 %
2026/09/05 15:26:51.467, NVIDIA GeForce RTX 3090, P2, 270.00 W, 217.83 W, 71, 5374 MiB, 24576 MiB, 0 %
2026/09/05 15:27:01.469, NVIDIA GeForce RTX 3090, P2, 270.00 W, 209.09 W, 71, 5374 MiB, 24576 MiB, 49 %
2026/09/05 15:27:11.470, NVIDIA GeForce RTX 3090, P2, 270.00 W, 213.79 W, 70, 5374 MiB, 24576 MiB, 61 %
2026/09/05 15:27:21.471, NVIDIA GeForce RTX 3090, P2, 270.00 W, 205.96 W, 71, 5374 MiB, 24576 MiB, 5 %
2026/09/05 15:27:31.472, NVIDIA GeForce RTX 3090, P2, 270.00 W, 225.93 W, 72, 5374 MiB, 24576 MiB, 21 %
2026/09/05 15:27:41.474, NVIDIA GeForce RTX 3090, P2, 270.00 W, 228.34 W, 72, 5374 MiB, 24576 MiB, 38 %
2026/09/05 15:27:51.475, NVIDIA GeForce RTX 3090, P2, 270.00 W, 225.57 W, 74, 5374 MiB, 24576 MiB, 46 %
2026/09/05 15:28:01.476, NVIDIA GeForce RTX 3090, P2, 270.00 W, 229.91 W, 74, 5374 MiB, 24576 MiB, 47 %
2026/09/05 15:28:11.477, NVIDIA GeForce RTX 3090, P2, 270.00 W, 216.28 W, 73, 5374 MiB, 24576 MiB, 41 %
2026/09/05 15:28:21.478, NVIDIA GeForce RTX 3090, P2, 270.00 W, 204.57 W, 70, 5374 MiB, 24576 MiB, 47 %
2026/09/05 15:28:31.480, NVIDIA GeForce RTX 3090, P2, 270.00 W, 228.21 W, 73, 5374 MiB, 24576 MiB, 47 %
2026/09/05 15:28:41.481, NVIDIA GeForce RTX 3090, P2, 270.00 W, 229.39 W, 73, 5374 MiB, 24576 MiB, 45 %
2026/09/05 15:28:51.482, NVIDIA GeForce RTX 3090, P2, 270.00 W, 214.32 W, 72, 5374 MiB, 24576 MiB, 15 %
2026/09/05 15:29:01.484, NVIDIA GeForce RTX 3090, P2, 270.00 W, 225.10 W, 72, 5374 MiB, 24576 MiB, 29 %
2026/09/05 15:29:11.485, NVIDIA GeForce RTX 3090, P2, 270.00 W, 236.91 W, 72, 5374 MiB, 24576 MiB, 10 %
2026/09/05 15:29:21.486, NVIDIA GeForce RTX 3090, P2, 270.00 W, 223.72 W, 73, 5374 MiB, 24576 MiB, 9 %
2026/09/05 15:29:31.488, NVIDIA GeForce RTX 3090, P2, 270.00 W, 211.55 W, 71, 5374 MiB, 24576 MiB, 7 %
2026/09/05 15:29:41.489, NVIDIA GeForce RTX 3090, P2, 270.00 W, 218.08 W, 71, 5374 MiB, 24576 MiB, 30 %
2026/09/05 15:29:51.490, NVIDIA GeForce RTX 3090, P2, 270.00 W, 221.51 W, 71, 5374 MiB, 24576 MiB, 35 %
2026/09/05 15:30:01.491, NVIDIA GeForce RTX 3090, P2, 270.00 W, 232.10 W, 73, 5374 MiB, 24576 MiB, 46 %
2026/09/05 15:30:11.493, NVIDIA GeForce RTX 3090, P2, 270.00 W, 215.98 W, 72, 5374 MiB, 24576 MiB, 30 %
2026/09/05 15:30:21.494, NVIDIA GeForce RTX 3090, P2, 270.00 W, 219.97 W, 72, 5374 MiB, 24576 MiB, 4 %
2026/09/05 15:30:31.495, NVIDIA GeForce RTX 3090, P2, 270.00 W, 239.67 W, 72, 5374 MiB, 24576 MiB, 26 %
2026/09/05 15:30:41.496, NVIDIA GeForce RTX 3090, P2, 270.00 W, 223.60 W, 74, 5374 MiB, 24576 MiB, 46 %
2026/09/05 15:30:51.497, NVIDIA GeForce RTX 3090, P2, 270.00 W, 220.26 W, 71, 5374 MiB, 24576 MiB, 7 %
2026/09/05 15:31:01.499, NVIDIA GeForce RTX 3090, P2, 270.00 W, 211.92 W, 71, 5374 MiB, 24576 MiB, 0 %
2026/09/05 15:31:11.500, NVIDIA GeForce RTX 3090, P2, 270.00 W, 221.34 W, 72, 5374 MiB, 24576 MiB, 47 %
2026/09/05 15:31:21.502, NVIDIA GeForce RTX 3090, P2, 270.00 W, 236.65 W, 73, 5374 MiB, 24576 MiB, 25 %
2026/09/05 15:31:31.503, NVIDIA GeForce RTX 3090, P2, 270.00 W, 222.77 W, 73, 5374 MiB, 24576 MiB, 27 %
2026/09/05 15:31:41.504, NVIDIA GeForce RTX 3090, P2, 270.00 W, 218.54 W, 71, 5374 MiB, 24576 MiB, 11 %
2026/09/05 15:31:51.505, NVIDIA GeForce RTX 3090, P2, 270.00 W, 213.31 W, 71, 5374 MiB, 24576 MiB, 0 %
2026/09/05 15:32:01.506, NVIDIA GeForce RTX 3090, P2, 270.00 W, 222.90 W, 72, 5374 MiB, 24576 MiB, 5 %
2026/09/05 15:32:11.507, NVIDIA GeForce RTX 3090, P2, 270.00 W, 229.80 W, 70, 5374 MiB, 24576 MiB, 43 %
2026/09/05 15:32:21.508, NVIDIA GeForce RTX 3090, P2, 270.00 W, 218.57 W, 71, 5374 MiB, 24576 MiB, 39 %
2026/09/05 15:32:31.510, NVIDIA GeForce RTX 3090, P2, 270.00 W, 216.86 W, 71, 5374 MiB, 24576 MiB, 0 %
2026/09/05 15:32:41.511, NVIDIA GeForce RTX 3090, P2, 270.00 W, 231.73 W, 72, 5374 MiB, 24576 MiB, 46 %
2026/09/05 15:32:51.512, NVIDIA GeForce RTX 3090, P2, 270.00 W, 222.94 W, 72, 5374 MiB, 24576 MiB, 37 %
2026/09/05 15:33:01.513, NVIDIA GeForce RTX 3090, P2, 270.00 W, 230.09 W, 73, 5374 MiB, 24576 MiB, 0 %
2026/09/05 15:33:11.514, NVIDIA GeForce RTX 3090, P2, 270.00 W, 212.04 W, 70, 5374 MiB, 24576 MiB, 0 %
2026/09/05 15:33:21.516, NVIDIA GeForce RTX 3090, P2, 270.00 W, 228.60 W, 72, 5374 MiB, 24576 MiB, 44 %
2026/09/05 15:33:31.517, NVIDIA GeForce RTX 3090, P2, 270.00 W, 230.85 W, 73, 5374 MiB, 24576 MiB, 46 %
2026/09/05 15:33:41.518, NVIDIA GeForce RTX 3090, P2, 270.00 W, 221.00 W, 72, 5374 MiB, 24576 MiB, 30 %
2026/09/05 15:33:51.519, NVIDIA GeForce RTX 3090, P2, 270.00 W, 219.33 W, 72, 5374 MiB, 24576 MiB, 30 %
2026/09/05 15:34:01.520, NVIDIA GeForce RTX 3090, P2, 270.00 W, 220.41 W, 71, 5374 MiB, 24576 MiB, 6 %
2026/09/05 15:34:11.521, NVIDIA GeForce RTX 3090, P2, 270.00 W, 228.76 W, 71, 5374 MiB, 24576 MiB, 26 %
2026/09/05 15:34:21.523, NVIDIA GeForce RTX 3090, P2, 270.00 W, 210.00 W, 72, 5374 MiB, 24576 MiB, 26 %
2026/09/05 15:34:31.524, NVIDIA GeForce RTX 3090, P2, 270.00 W, 217.36 W, 73, 5374 MiB, 24576 MiB, 40 %
2026/09/05 15:34:41.525, NVIDIA GeForce RTX 3090, P2, 270.00 W, 227.10 W, 70, 5374 MiB, 24576 MiB, 45 %
2026/09/05 15:34:51.526, NVIDIA GeForce RTX 3090, P2, 270.00 W, 224.42 W, 73, 5374 MiB, 24576 MiB, 49 %
2026/09/05 15:35:01.528, NVIDIA GeForce RTX 3090, P2, 270.00 W, 234.99 W, 72, 5374 MiB, 24576 MiB, 13 %
2026/09/05 15:35:11.529, NVIDIA GeForce RTX 3090, P2, 270.00 W, 228.55 W, 73, 5374 MiB, 24576 MiB, 24 %
2026/09/05 15:35:21.530, NVIDIA GeForce RTX 3090, P2, 270.00 W, 212.54 W, 71, 5374 MiB, 24576 MiB, 8 %
2026/09/05 15:35:31.532, NVIDIA GeForce RTX 3090, P2, 270.00 W, 220.83 W, 74, 5374 MiB, 24576 MiB, 9 %
2026/09/05 15:35:41.533, NVIDIA GeForce RTX 3090, P2, 270.00 W, 237.72 W, 72, 5374 MiB, 24576 MiB, 34 %
2026/09/05 15:35:51.534, NVIDIA GeForce RTX 3090, P2, 270.00 W, 231.78 W, 73, 5374 MiB, 24576 MiB, 48 %
2026/09/05 15:36:01.535, NVIDIA GeForce RTX 3090, P2, 270.00 W, 225.34 W, 74, 5374 MiB, 24576 MiB, 2 %
2026/09/05 15:36:11.536, NVIDIA GeForce RTX 3090, P2, 270.00 W, 218.19 W, 71, 5374 MiB, 24576 MiB, 46 %
2026/09/05 15:36:21.538, NVIDIA GeForce RTX 3090, P2, 270.00 W, 228.28 W, 73, 5374 MiB, 24576 MiB, 37 %
2026/09/05 15:36:31.539, NVIDIA GeForce RTX 3090, P2, 270.00 W, 231.37 W, 72, 5374 MiB, 24576 MiB, 45 %
2026/09/05 15:36:41.540, NVIDIA GeForce RTX 3090, P2, 270.00 W, 228.04 W, 73, 5374 MiB, 24576 MiB, 47 %
2026/09/05 15:36:51.541, NVIDIA GeForce RTX 3090, P2, 270.00 W, 218.93 W, 73, 5374 MiB, 24576 MiB, 0 %
2026/09/05 15:37:01.543, NVIDIA GeForce RTX 3090, P2, 270.00 W, 208.09 W, 71, 5374 MiB, 24576 MiB, 29 %
2026/09/05 15:37:11.544, NVIDIA GeForce RTX 3090, P2, 270.00 W, 230.15 W, 71, 5374 MiB, 24576 MiB, 37 %
2026/09/05 15:37:21.545, NVIDIA GeForce RTX 3090, P2, 270.00 W, 208.90 W, 73, 5374 MiB, 24576 MiB, 42 %
2026/09/05 15:37:31.547, NVIDIA GeForce RTX 3090, P2, 270.00 W, 220.41 W, 72, 5374 MiB, 24576 MiB, 28 %
2026/09/05 15:37:41.548, NVIDIA GeForce RTX 3090, P2, 270.00 W, 215.73 W, 72, 5374 MiB, 24576 MiB, 22 %
2026/09/05 15:37:51.549, NVIDIA GeForce RTX 3090, P2, 270.00 W, 220.93 W, 71, 5376 MiB, 24576 MiB, 35 %
2026/09/05 15:38:01.550, NVIDIA GeForce RTX 3090, P2, 270.00 W, 226.55 W, 71, 5376 MiB, 24576 MiB, 49 %
2026/09/05 15:38:11.551, NVIDIA GeForce RTX 3090, P2, 270.00 W, 236.73 W, 72, 5376 MiB, 24576 MiB, 36 %
2026/09/05 15:38:21.552, NVIDIA GeForce RTX 3090, P2, 270.00 W, 223.95 W, 73, 5376 MiB, 24576 MiB, 0 %
2026/09/05 15:38:31.554, NVIDIA GeForce RTX 3090, P2, 270.00 W, 220.30 W, 71, 5376 MiB, 24576 MiB, 46 %
2026/09/05 15:38:41.555, NVIDIA GeForce RTX 3090, P2, 270.00 W, 219.19 W, 73, 5376 MiB, 24576 MiB, 47 %
2026/09/05 15:38:51.556, NVIDIA GeForce RTX 3090, P2, 270.00 W, 236.18 W, 72, 5376 MiB, 24576 MiB, 28 %
2026/09/05 15:39:01.557, NVIDIA GeForce RTX 3090, P2, 270.00 W, 223.86 W, 71, 5376 MiB, 24576 MiB, 46 %
2026/09/05 15:39:11.558, NVIDIA GeForce RTX 3090, P2, 270.00 W, 226.78 W, 74, 5376 MiB, 24576 MiB, 0 %
2026/09/05 15:39:21.560, NVIDIA GeForce RTX 3090, P2, 270.00 W, 213.19 W, 71, 5376 MiB, 24576 MiB, 0 %
2026/09/05 15:39:31.561, NVIDIA GeForce RTX 3090, P2, 270.00 W, 224.83 W, 72, 5376 MiB, 24576 MiB, 47 %
2026/09/05 15:39:41.562, NVIDIA GeForce RTX 3090, P2, 270.00 W, 228.41 W, 72, 5376 MiB, 24576 MiB, 46 %
2026/09/05 15:39:51.563, NVIDIA GeForce RTX 3090, P2, 270.00 W, 224.90 W, 74, 5376 MiB, 24576 MiB, 0 %
2026/09/05 15:40:01.564, NVIDIA GeForce RTX 3090, P2, 270.00 W, 206.30 W, 70, 5376 MiB, 24576 MiB, 1 %
2026/09/05 15:40:11.566, NVIDIA GeForce RTX 3090, P2, 270.00 W, 230.35 W, 73, 5376 MiB, 24576 MiB, 48 %
2026/09/05 15:40:21.567, NVIDIA GeForce RTX 3090, P2, 270.00 W, 237.55 W, 73, 5376 MiB, 24576 MiB, 37 %
2026/09/05 15:40:31.568, NVIDIA GeForce RTX 3090, P2, 270.00 W, 224.94 W, 73, 5376 MiB, 24576 MiB, 43 %
2026/09/05 15:40:41.569, NVIDIA GeForce RTX 3090, P2, 270.00 W, 211.82 W, 71, 5376 MiB, 24576 MiB, 29 %
2026/09/05 15:40:51.570, NVIDIA GeForce RTX 3090, P2, 270.00 W, 220.73 W, 72, 5376 MiB, 24576 MiB, 48 %
2026/09/05 15:41:01.572, NVIDIA GeForce RTX 3090, P2, 270.00 W, 226.36 W, 73, 5376 MiB, 24576 MiB, 47 %
2026/09/05 15:41:11.573, NVIDIA GeForce RTX 3090, P2, 270.00 W, 237.60 W, 73, 5376 MiB, 24576 MiB, 48 %
2026/09/05 15:41:21.574, NVIDIA GeForce RTX 3090, P2, 270.00 W, 222.80 W, 74, 5376 MiB, 24576 MiB, 46 %
2026/09/05 15:41:31.575, NVIDIA GeForce RTX 3090, P2, 270.00 W, 210.00 W, 71, 5376 MiB, 24576 MiB, 11 %
2026/09/05 15:41:41.577, NVIDIA GeForce RTX 3090, P2, 270.00 W, 221.66 W, 72, 5376 MiB, 24576 MiB, 49 %
2026/09/05 15:41:51.578, NVIDIA GeForce RTX 3090, P2, 270.00 W, 234.39 W, 73, 5376 MiB, 24576 MiB, 46 %
2026/09/05 15:42:01.579, NVIDIA GeForce RTX 3090, P2, 270.00 W, 217.99 W, 73, 5376 MiB, 24576 MiB, 22 %
2026/09/05 15:42:11.580, NVIDIA GeForce RTX 3090, P2, 270.00 W, 213.80 W, 71, 5376 MiB, 24576 MiB, 0 %
2026/09/05 15:42:21.582, NVIDIA GeForce RTX 3090, P2, 270.00 W, 231.08 W, 73, 5376 MiB, 24576 MiB, 31 %
2026/09/05 15:42:31.583, NVIDIA GeForce RTX 3090, P2, 270.00 W, 234.55 W, 72, 5376 MiB, 24576 MiB, 46 %
2026/09/05 15:42:41.584, NVIDIA GeForce RTX 3090, P2, 270.00 W, 221.07 W, 72, 5376 MiB, 24576 MiB, 28 %
2026/09/05 15:42:51.585, NVIDIA GeForce RTX 3090, P2, 270.00 W, 210.09 W, 71, 5376 MiB, 24576 MiB, 0 %
2026/09/05 15:43:01.587, NVIDIA GeForce RTX 3090, P2, 270.00 W, 222.66 W, 72, 5376 MiB, 24576 MiB, 7 %
2026/09/05 15:43:11.588, NVIDIA GeForce RTX 3090, P2, 270.00 W, 233.13 W, 72, 5376 MiB, 24576 MiB, 44 %
2026/09/05 15:43:21.589, NVIDIA GeForce RTX 3090, P2, 270.00 W, 225.86 W, 73, 5376 MiB, 24576 MiB, 37 %
2026/09/05 15:43:31.591, NVIDIA GeForce RTX 3090, P2, 270.00 W, 212.10 W, 73, 5376 MiB, 24576 MiB, 41 %
2026/09/05 15:43:41.592, NVIDIA GeForce RTX 3090, P2, 270.00 W, 220.24 W, 71, 5376 MiB, 24576 MiB, 25 %
2026/09/05 15:43:51.593, NVIDIA GeForce RTX 3090, P2, 270.00 W, 224.73 W, 72, 5376 MiB, 24576 MiB, 48 %
2026/09/05 15:44:01.595, NVIDIA GeForce RTX 3090, P2, 270.00 W, 219.22 W, 71, 5376 MiB, 24576 MiB, 35 %
2026/09/05 15:44:11.596, NVIDIA GeForce RTX 3090, P2, 270.00 W, 212.98 W, 72, 5376 MiB, 24576 MiB, 30 %
2026/09/05 15:44:21.597, NVIDIA GeForce RTX 3090, P2, 270.00 W, 225.23 W, 71, 5376 MiB, 24576 MiB, 23 %
2026/09/05 15:44:31.598, NVIDIA GeForce RTX 3090, P2, 270.00 W, 233.06 W, 71, 5376 MiB, 24576 MiB, 30 %
2026/09/05 15:44:41.600, NVIDIA GeForce RTX 3090, P2, 270.00 W, 219.78 W, 73, 5376 MiB, 24576 MiB, 0 %
2026/09/05 15:44:51.601, NVIDIA GeForce RTX 3090, P2, 270.00 W, 211.57 W, 71, 5376 MiB, 24576 MiB, 45 %
2026/09/05 15:45:01.602, NVIDIA GeForce RTX 3090, P2, 270.00 W, 215.00 W, 71, 5376 MiB, 24576 MiB, 4 %
2026/09/05 15:45:11.603, NVIDIA GeForce RTX 3090, P2, 270.00 W, 231.68 W, 71, 5376 MiB, 24576 MiB, 33 %
2026/09/05 15:45:21.605, NVIDIA GeForce RTX 3090, P2, 270.00 W, 226.31 W, 71, 5376 MiB, 24576 MiB, 25 %
2026/09/05 15:45:31.606, NVIDIA GeForce RTX 3090, P2, 270.00 W, 221.91 W, 73, 5376 MiB, 24576 MiB, 40 %
2026/09/05 15:45:41.608, NVIDIA GeForce RTX 3090, P2, 270.00 W, 223.95 W, 72, 5376 MiB, 24576 MiB, 39 %
2026/09/05 15:45:51.609, NVIDIA GeForce RTX 3090, P2, 270.00 W, 226.41 W, 72, 5376 MiB, 24576 MiB, 30 %
2026/09/05 15:46:01.610, NVIDIA GeForce RTX 3090, P2, 270.00 W, 229.48 W, 72, 5376 MiB, 24576 MiB, 48 %
2026/09/05 15:46:11.612, NVIDIA GeForce RTX 3090, P2, 270.00 W, 227.39 W, 72, 5376 MiB, 24576 MiB, 44 %
2026/09/05 15:46:21.613, NVIDIA GeForce RTX 3090, P2, 270.00 W, 224.44 W, 73, 5376 MiB, 24576 MiB, 46 %
2026/09/05 15:46:31.615, NVIDIA GeForce RTX 3090, P2, 270.00 W, 219.91 W, 73, 5376 MiB, 24576 MiB, 47 %
2026/09/05 15:46:41.616, NVIDIA GeForce RTX 3090, P2, 270.00 W, 221.49 W, 72, 5376 MiB, 24576 MiB, 3 %
2026/09/05 15:46:51.617, NVIDIA GeForce RTX 3090, P2, 270.00 W, 232.93 W, 72, 5376 MiB, 24576 MiB, 44 %
2026/09/05 15:47:01.618, NVIDIA GeForce RTX 3090, P2, 270.00 W, 229.45 W, 73, 5376 MiB, 24576 MiB, 48 %
2026/09/05 15:47:11.619, NVIDIA GeForce RTX 3090, P2, 270.00 W, 220.30 W, 73, 5376 MiB, 24576 MiB, 28 %
2026/09/05 15:47:21.621, NVIDIA GeForce RTX 3090, P2, 270.00 W, 209.04 W, 72, 5376 MiB, 24576 MiB, 47 %
2026/09/05 15:47:31.622, NVIDIA GeForce RTX 3090, P2, 270.00 W, 228.70 W, 72, 5376 MiB, 24576 MiB, 3 %
2026/09/05 15:47:41.623, NVIDIA GeForce RTX 3090, P2, 270.00 W, 231.16 W, 72, 5376 MiB, 24576 MiB, 30 %
2026/09/05 15:47:51.624, NVIDIA GeForce RTX 3090, P2, 270.00 W, 220.32 W, 71, 5376 MiB, 24576 MiB, 50 %
2026/09/05 15:48:01.626, NVIDIA GeForce RTX 3090, P2, 270.00 W, 215.44 W, 73, 5376 MiB, 24576 MiB, 0 %
2026/09/05 15:48:11.627, NVIDIA GeForce RTX 3090, P2, 270.00 W, 222.73 W, 71, 5376 MiB, 24576 MiB, 30 %
2026/09/05 15:48:21.628, NVIDIA GeForce RTX 3090, P2, 270.00 W, 229.15 W, 72, 5376 MiB, 24576 MiB, 39 %
2026/09/05 15:48:31.629, NVIDIA GeForce RTX 3090, P2, 270.00 W, 225.42 W, 71, 5376 MiB, 24576 MiB, 5 %
2026/09/05 15:48:41.631, NVIDIA GeForce RTX 3090, P2, 270.00 W, 233.87 W, 72, 5376 MiB, 24576 MiB, 45 %
2026/09/05 15:48:51.632, NVIDIA GeForce RTX 3090, P2, 270.00 W, 213.41 W, 73, 5376 MiB, 24576 MiB, 0 %
2026/09/05 15:49:01.633, NVIDIA GeForce RTX 3090, P2, 270.00 W, 206.61 W, 71, 5376 MiB, 24576 MiB, 38 %
2026/09/05 15:49:11.634, NVIDIA GeForce RTX 3090, P2, 270.00 W, 224.53 W, 72, 5376 MiB, 24576 MiB, 48 %
2026/09/05 15:49:21.636, NVIDIA GeForce RTX 3090, P2, 270.00 W, 236.09 W, 73, 5376 MiB, 24576 MiB, 47 %
2026/09/05 15:49:31.637, NVIDIA GeForce RTX 3090, P2, 270.00 W, 221.35 W, 73, 5376 MiB, 24576 MiB, 38 %
2026/09/05 15:49:41.638, NVIDIA GeForce RTX 3090, P2, 270.00 W, 215.59 W, 71, 5376 MiB, 24576 MiB, 47 %
2026/09/05 15:49:51.639, NVIDIA GeForce RTX 3090, P2, 270.00 W, 218.22 W, 71, 5376 MiB, 24576 MiB, 42 %
2026/09/05 15:50:01.640, NVIDIA GeForce RTX 3090, P2, 270.00 W, 227.15 W, 73, 5376 MiB, 24576 MiB, 27 %
2026/09/05 15:50:11.642, NVIDIA GeForce RTX 3090, P2, 270.00 W, 223.82 W, 71, 5376 MiB, 24576 MiB, 30 %
2026/09/05 15:50:21.643, NVIDIA GeForce RTX 3090, P2, 270.00 W, 219.80 W, 73, 5376 MiB, 24576 MiB, 30 %
2026/09/05 15:50:31.644, NVIDIA GeForce RTX 3090, P2, 270.00 W, 215.20 W, 72, 5376 MiB, 24576 MiB, 6 %
2026/09/05 15:50:41.645, NVIDIA GeForce RTX 3090, P2, 270.00 W, 218.20 W, 71, 5376 MiB, 24576 MiB, 41 %
2026/09/05 15:50:51.647, NVIDIA GeForce RTX 3090, P2, 270.00 W, 231.04 W, 72, 5376 MiB, 24576 MiB, 42 %
2026/09/05 15:51:01.648, NVIDIA GeForce RTX 3090, P2, 270.00 W, 222.77 W, 71, 5376 MiB, 24576 MiB, 50 %
2026/09/05 15:51:11.649, NVIDIA GeForce RTX 3090, P2, 270.00 W, 227.43 W, 74, 5376 MiB, 24576 MiB, 46 %
2026/09/05 15:51:21.650, NVIDIA GeForce RTX 3090, P2, 270.00 W, 216.03 W, 70, 5376 MiB, 24576 MiB, 46 %
2026/09/05 15:51:31.652, NVIDIA GeForce RTX 3090, P2, 270.00 W, 234.30 W, 73, 5376 MiB, 24576 MiB, 25 %
2026/09/05 15:51:41.653, NVIDIA GeForce RTX 3090, P2, 270.00 W, 238.00 W, 72, 5376 MiB, 24576 MiB, 10 %
2026/09/05 15:51:51.654, NVIDIA GeForce RTX 3090, P2, 270.00 W, 223.64 W, 73, 5376 MiB, 24576 MiB, 31 %
2026/09/05 15:52:01.655, NVIDIA GeForce RTX 3090, P2, 270.00 W, 213.55 W, 73, 5376 MiB, 24576 MiB, 0 %
2026/09/05 15:52:11.656, NVIDIA GeForce RTX 3090, P2, 270.00 W, 225.99 W, 72, 5376 MiB, 24576 MiB, 26 %
2026/09/05 15:52:21.657, NVIDIA GeForce RTX 3090, P2, 270.00 W, 226.40 W, 72, 5376 MiB, 24576 MiB, 48 %
2026/09/05 15:52:31.659, NVIDIA GeForce RTX 3090, P2, 270.00 W, 220.35 W, 73, 5376 MiB, 24576 MiB, 30 %
2026/09/05 15:52:41.660, NVIDIA GeForce RTX 3090, P2, 270.00 W, 210.34 W, 72, 5376 MiB, 24576 MiB, 44 %
2026/09/05 15:52:51.661, NVIDIA GeForce RTX 3090, P2, 270.00 W, 224.59 W, 72, 5376 MiB, 24576 MiB, 17 %
2026/09/05 15:53:01.662, NVIDIA GeForce RTX 3090, P2, 270.00 W, 232.99 W, 73, 5376 MiB, 24576 MiB, 47 %
2026/09/05 15:53:11.663, NVIDIA GeForce RTX 3090, P2, 270.00 W, 227.34 W, 72, 5376 MiB, 24576 MiB, 22 %
2026/09/05 15:53:21.664, NVIDIA GeForce RTX 3090, P2, 270.00 W, 217.97 W, 73, 5376 MiB, 24576 MiB, 27 %
2026/09/05 15:53:31.666, NVIDIA GeForce RTX 3090, P2, 270.00 W, 213.39 W, 73, 5376 MiB, 24576 MiB, 30 %
2026/09/05 15:53:41.667, NVIDIA GeForce RTX 3090, P2, 270.00 W, 215.73 W, 71, 5376 MiB, 24576 MiB, 5 %
2026/09/05 15:53:51.668, NVIDIA GeForce RTX 3090, P2, 270.00 W, 218.92 W, 73, 5376 MiB, 24576 MiB, 46 %
2026/09/05 15:54:01.669, NVIDIA GeForce RTX 3090, P2, 270.00 W, 225.00 W, 71, 5376 MiB, 24576 MiB, 28 %
2026/09/05 15:54:11.670, NVIDIA GeForce RTX 3090, P2, 270.00 W, 217.12 W, 73, 5376 MiB, 24576 MiB, 27 %
2026/09/05 15:54:21.671, NVIDIA GeForce RTX 3090, P2, 270.00 W, 218.35 W, 71, 5376 MiB, 24576 MiB, 3 %
2026/09/05 15:54:31.673, NVIDIA GeForce RTX 3090, P2, 270.00 W, 220.05 W, 74, 5376 MiB, 24576 MiB, 12 %
2026/09/05 15:54:41.674, NVIDIA GeForce RTX 3090, P2, 270.00 W, 223.82 W, 71, 5376 MiB, 24576 MiB, 32 %
2026/09/05 15:54:51.675, NVIDIA GeForce RTX 3090, P2, 270.00 W, 221.77 W, 73, 5376 MiB, 24576 MiB, 30 %
2026/09/05 15:55:01.677, NVIDIA GeForce RTX 3090, P2, 270.00 W, 214.60 W, 71, 5376 MiB, 24576 MiB, 0 %
2026/09/05 15:55:11.678, NVIDIA GeForce RTX 3090, P2, 270.00 W, 225.27 W, 71, 5376 MiB, 24576 MiB, 6 %
2026/09/05 15:55:21.679, NVIDIA GeForce RTX 3090, P2, 270.00 W, 230.08 W, 73, 5376 MiB, 24576 MiB, 48 %
2026/09/05 15:55:31.680, NVIDIA GeForce RTX 3090, P2, 270.00 W, 226.27 W, 71, 5376 MiB, 24576 MiB, 47 %
2026/09/05 15:55:41.682, NVIDIA GeForce RTX 3090, P2, 270.00 W, 227.22 W, 73, 5376 MiB, 24576 MiB, 47 %
2026/09/05 15:55:51.683, NVIDIA GeForce RTX 3090, P2, 270.00 W, 211.06 W, 72, 5376 MiB, 24576 MiB, 5 %
2026/09/05 15:56:01.684, NVIDIA GeForce RTX 3090, P2, 270.00 W, 224.35 W, 71, 5376 MiB, 24576 MiB, 24 %
2026/09/05 15:56:11.686, NVIDIA GeForce RTX 3090, P2, 270.00 W, 229.80 W, 72, 5376 MiB, 24576 MiB, 26 %
2026/09/05 15:56:21.687, NVIDIA GeForce RTX 3090, P2, 270.00 W, 226.64 W, 72, 5376 MiB, 24576 MiB, 48 %
2026/09/05 15:56:31.688, NVIDIA GeForce RTX 3090, P2, 270.00 W, 226.29 W, 73, 5376 MiB, 24576 MiB, 47 %
2026/09/05 15:56:41.689, NVIDIA GeForce RTX 3090, P2, 270.00 W, 218.93 W, 72, 5376 MiB, 24576 MiB, 21 %
2026/09/05 15:56:51.691, NVIDIA GeForce RTX 3090, P2, 270.00 W, 221.68 W, 72, 5376 MiB, 24576 MiB, 4 %
2026/09/05 15:57:01.692, NVIDIA GeForce RTX 3090, P2, 270.00 W, 226.51 W, 73, 5376 MiB, 24576 MiB, 35 %
2026/09/05 15:57:11.693, NVIDIA GeForce RTX 3090, P2, 270.00 W, 226.43 W, 72, 5376 MiB, 24576 MiB, 48 %
2026/09/05 15:57:21.694, NVIDIA GeForce RTX 3090, P2, 270.00 W, 223.26 W, 72, 5376 MiB, 24576 MiB, 18 %
2026/09/05 15:57:31.696, NVIDIA GeForce RTX 3090, P2, 270.00 W, 214.23 W, 72, 5376 MiB, 24576 MiB, 8 %
2026/09/05 15:57:41.697, NVIDIA GeForce RTX 3090, P2, 270.00 W, 219.59 W, 71, 5376 MiB, 24576 MiB, 0 %
2026/09/05 15:57:51.698, NVIDIA GeForce RTX 3090, P2, 270.00 W, 230.30 W, 73, 5376 MiB, 24576 MiB, 48 %
2026/09/05 15:58:01.699, NVIDIA GeForce RTX 3090, P2, 270.00 W, 217.75 W, 72, 5376 MiB, 24576 MiB, 46 %
2026/09/05 15:58:11.701, NVIDIA GeForce RTX 3090, P2, 270.00 W, 222.70 W, 73, 5376 MiB, 24576 MiB, 0 %
2026/09/05 15:58:21.702, NVIDIA GeForce RTX 3090, P2, 270.00 W, 216.71 W, 72, 5376 MiB, 24576 MiB, 19 %
2026/09/05 15:58:31.703, NVIDIA GeForce RTX 3090, P2, 270.00 W, 231.31 W, 74, 5376 MiB, 24576 MiB, 47 %
2026/09/05 15:58:41.704, NVIDIA GeForce RTX 3090, P2, 270.00 W, 230.84 W, 72, 5376 MiB, 24576 MiB, 19 %
2026/09/05 15:58:51.706, NVIDIA GeForce RTX 3090, P2, 270.00 W, 218.35 W, 73, 5376 MiB, 24576 MiB, 19 %
2026/09/05 15:59:01.707, NVIDIA GeForce RTX 3090, P2, 270.00 W, 212.10 W, 71, 5376 MiB, 24576 MiB, 26 %
2026/09/05 15:59:11.708, NVIDIA GeForce RTX 3090, P2, 270.00 W, 230.10 W, 73, 5376 MiB, 24576 MiB, 46 %
2026/09/05 15:59:21.710, NVIDIA GeForce RTX 3090, P2, 270.00 W, 229.36 W, 72, 5376 MiB, 24576 MiB, 48 %
2026/09/05 15:59:31.711, NVIDIA GeForce RTX 3090, P2, 270.00 W, 221.84 W, 70, 5376 MiB, 24576 MiB, 38 %
2026/09/05 15:59:41.712, NVIDIA GeForce RTX 3090, P2, 270.00 W, 208.12 W, 72, 5376 MiB, 24576 MiB, 30 %
2026/09/05 15:59:51.714, NVIDIA GeForce RTX 3090, P2, 270.00 W, 221.56 W, 73, 5376 MiB, 24576 MiB, 21 %
2026/09/05 16:00:01.715, NVIDIA GeForce RTX 3090, P2, 270.00 W, 207.19 W, 72, 5376 MiB, 24576 MiB, 22 %
2026/09/05 16:00:11.716, NVIDIA GeForce RTX 3090, P2, 270.00 W, 238.48 W, 72, 5376 MiB, 24576 MiB, 34 %
2026/09/05 16:00:21.717, NVIDIA GeForce RTX 3090, P2, 270.00 W, 236.15 W, 73, 5376 MiB, 24576 MiB, 10 %
2026/09/05 16:00:31.719, NVIDIA GeForce RTX 3090, P2, 270.00 W, 237.11 W, 72, 5376 MiB, 24576 MiB, 19 %
2026/09/05 16:00:41.720, NVIDIA GeForce RTX 3090, P2, 270.00 W, 218.30 W, 71, 5376 MiB, 24576 MiB, 44 %
2026/09/05 16:00:51.721, NVIDIA GeForce RTX 3090, P2, 270.00 W, 213.37 W, 72, 5376 MiB, 24576 MiB, 30 %
2026/09/05 16:01:01.722, NVIDIA GeForce RTX 3090, P2, 270.00 W, 225.99 W, 72, 5376 MiB, 24576 MiB, 47 %
2026/09/05 16:01:11.724, NVIDIA GeForce RTX 3090, P2, 270.00 W, 235.20 W, 71, 5376 MiB, 24576 MiB, 17 %
2026/09/05 16:01:21.725, NVIDIA GeForce RTX 3090, P2, 270.00 W, 202.96 W, 73, 5376 MiB, 24576 MiB, 0 %
2026/09/05 16:01:31.726, NVIDIA GeForce RTX 3090, P2, 270.00 W, 211.82 W, 72, 5376 MiB, 24576 MiB, 12 %
2026/09/05 16:01:41.728, NVIDIA GeForce RTX 3090, P2, 270.00 W, 229.87 W, 72, 5376 MiB, 24576 MiB, 37 %
2026/09/05 16:01:51.729, NVIDIA GeForce RTX 3090, P2, 270.00 W, 228.09 W, 71, 5376 MiB, 24576 MiB, 3 %
2026/09/05 16:02:01.730, NVIDIA GeForce RTX 3090, P2, 270.00 W, 225.51 W, 73, 5376 MiB, 24576 MiB, 41 %
2026/09/05 16:02:11.731, NVIDIA GeForce RTX 3090, P2, 270.00 W, 220.85 W, 74, 5376 MiB, 24576 MiB, 0 %
2026/09/05 16:02:21.732, NVIDIA GeForce RTX 3090, P2, 270.00 W, 209.04 W, 71, 5376 MiB, 24576 MiB, 0 %
2026/09/05 16:02:31.734, NVIDIA GeForce RTX 3090, P2, 270.00 W, 223.01 W, 72, 5376 MiB, 24576 MiB, 8 %
2026/09/05 16:02:41.735, NVIDIA GeForce RTX 3090, P2, 270.00 W, 221.43 W, 72, 5376 MiB, 24576 MiB, 49 %
2026/09/05 16:02:51.736, NVIDIA GeForce RTX 3090, P2, 270.00 W, 233.27 W, 73, 5376 MiB, 24576 MiB, 46 %
2026/09/05 16:03:01.737, NVIDIA GeForce RTX 3090, P2, 270.00 W, 223.80 W, 73, 5376 MiB, 24576 MiB, 30 %
2026/09/05 16:03:11.738, NVIDIA GeForce RTX 3090, P2, 270.00 W, 223.21 W, 74, 5376 MiB, 24576 MiB, 46 %
2026/09/05 16:03:21.740, NVIDIA GeForce RTX 3090, P2, 270.00 W, 201.87 W, 70, 5376 MiB, 24576 MiB, 47 %
2026/09/05 16:03:31.741, NVIDIA GeForce RTX 3090, P2, 270.00 W, 223.74 W, 73, 5376 MiB, 24576 MiB, 6 %
2026/09/05 16:03:41.742, NVIDIA GeForce RTX 3090, P2, 270.00 W, 230.64 W, 71, 5376 MiB, 24576 MiB, 19 %
2026/09/05 16:03:51.744, NVIDIA GeForce RTX 3090, P2, 270.00 W, 222.65 W, 74, 5376 MiB, 24576 MiB, 24 %
2026/09/05 16:04:01.745, NVIDIA GeForce RTX 3090, P2, 270.00 W, 216.15 W, 72, 5376 MiB, 24576 MiB, 6 %
2026/09/05 16:04:11.746, NVIDIA GeForce RTX 3090, P2, 270.00 W, 221.56 W, 72, 5376 MiB, 24576 MiB, 13 %
2026/09/05 16:04:21.747, NVIDIA GeForce RTX 3090, P2, 270.00 W, 235.39 W, 72, 5376 MiB, 24576 MiB, 7 %
2026/09/05 16:04:31.748, NVIDIA GeForce RTX 3090, P2, 270.00 W, 221.09 W, 72, 5376 MiB, 24576 MiB, 27 %
2026/09/05 16:04:41.750, NVIDIA GeForce RTX 3090, P2, 270.00 W, 214.41 W, 73, 5376 MiB, 24576 MiB, 8 %
2026/09/05 16:04:51.751, NVIDIA GeForce RTX 3090, P2, 270.00 W, 229.95 W, 71, 5376 MiB, 24576 MiB, 41 %
2026/09/05 16:05:01.752, NVIDIA GeForce RTX 3090, P2, 270.00 W, 230.94 W, 73, 5376 MiB, 24576 MiB, 47 %
2026/09/05 16:05:11.753, NVIDIA GeForce RTX 3090, P2, 270.00 W, 219.30 W, 72, 5376 MiB, 24576 MiB, 0 %
2026/09/05 16:05:21.755, NVIDIA GeForce RTX 3090, P2, 270.00 W, 227.91 W, 73, 5376 MiB, 24576 MiB, 46 %
2026/09/05 16:05:31.756, NVIDIA GeForce RTX 3090, P2, 270.00 W, 194.30 W, 71, 5376 MiB, 24576 MiB, 0 %
2026/09/05 16:05:41.757, NVIDIA GeForce RTX 3090, P2, 270.00 W, 220.00 W, 71, 5376 MiB, 24576 MiB, 32 %
2026/09/05 16:05:51.758, NVIDIA GeForce RTX 3090, P2, 270.00 W, 233.23 W, 73, 5376 MiB, 24576 MiB, 39 %
2026/09/05 16:06:01.759, NVIDIA GeForce RTX 3090, P2, 270.00 W, 236.82 W, 73, 5376 MiB, 24576 MiB, 48 %
2026/09/05 16:06:11.761, NVIDIA GeForce RTX 3090, P2, 270.00 W, 220.24 W, 73, 5376 MiB, 24576 MiB, 44 %
2026/09/05 16:06:21.762, NVIDIA GeForce RTX 3090, P2, 270.00 W, 216.12 W, 72, 5376 MiB, 24576 MiB, 27 %
2026/09/05 16:06:31.763, NVIDIA GeForce RTX 3090, P2, 270.00 W, 216.59 W, 71, 5376 MiB, 24576 MiB, 0 %
2026/09/05 16:06:41.764, NVIDIA GeForce RTX 3090, P2, 270.00 W, 231.01 W, 73, 5376 MiB, 24576 MiB, 44 %
2026/09/05 16:06:51.765, NVIDIA GeForce RTX 3090, P2, 270.00 W, 227.89 W, 72, 5376 MiB, 24576 MiB, 46 %
2026/09/05 16:07:01.767, NVIDIA GeForce RTX 3090, P2, 270.00 W, 227.07 W, 73, 5376 MiB, 24576 MiB, 0 %
2026/09/05 16:07:11.768, NVIDIA GeForce RTX 3090, P2, 270.00 W, 215.23 W, 73, 5376 MiB, 24576 MiB, 32 %
2026/09/05 16:07:21.769, NVIDIA GeForce RTX 3090, P2, 270.00 W, 226.18 W, 72, 5376 MiB, 24576 MiB, 17 %
2026/09/05 16:07:31.770, NVIDIA GeForce RTX 3090, P2, 270.00 W, 229.39 W, 73, 5376 MiB, 24576 MiB, 51 %
2026/09/05 16:07:41.772, NVIDIA GeForce RTX 3090, P2, 270.00 W, 218.27 W, 71, 5376 MiB, 24576 MiB, 47 %
2026/09/05 16:07:51.774, NVIDIA GeForce RTX 3090, P2, 270.00 W, 223.90 W, 74, 5376 MiB, 24576 MiB, 46 %
2026/09/05 16:08:01.775, NVIDIA GeForce RTX 3090, P2, 270.00 W, 216.49 W, 71, 5376 MiB, 24576 MiB, 21 %
2026/09/05 16:08:11.776, NVIDIA GeForce RTX 3090, P2, 270.00 W, 225.15 W, 73, 5376 MiB, 24576 MiB, 21 %
2026/09/05 16:08:21.777, NVIDIA GeForce RTX 3090, P2, 270.00 W, 239.26 W, 72, 5376 MiB, 24576 MiB, 43 %
2026/09/05 16:08:31.778, NVIDIA GeForce RTX 3090, P2, 270.00 W, 230.02 W, 73, 5376 MiB, 24576 MiB, 47 %
2026/09/05 16:08:41.780, NVIDIA GeForce RTX 3090, P2, 270.00 W, 219.83 W, 73, 5376 MiB, 24576 MiB, 46 %
2026/09/05 16:08:51.781, NVIDIA GeForce RTX 3090, P2, 270.00 W, 210.38 W, 71, 5376 MiB, 24576 MiB, 0 %
2026/09/05 16:09:01.782, NVIDIA GeForce RTX 3090, P2, 270.00 W, 222.60 W, 72, 5376 MiB, 24576 MiB, 48 %
2026/09/05 16:09:11.783, NVIDIA GeForce RTX 3090, P2, 270.00 W, 235.99 W, 72, 5376 MiB, 24576 MiB, 23 %
2026/09/05 16:09:21.784, NVIDIA GeForce RTX 3090, P2, 270.00 W, 218.21 W, 73, 5376 MiB, 24576 MiB, 15 %
2026/09/05 16:09:31.786, NVIDIA GeForce RTX 3090, P2, 270.00 W, 224.57 W, 74, 5376 MiB, 24576 MiB, 47 %
2026/09/05 16:09:41.787, NVIDIA GeForce RTX 3090, P2, 270.00 W, 208.18 W, 71, 5376 MiB, 24576 MiB, 0 %
2026/09/05 16:09:51.788, NVIDIA GeForce RTX 3090, P2, 270.00 W, 221.04 W, 72, 5376 MiB, 24576 MiB, 42 %
2026/09/05 16:10:01.789, NVIDIA GeForce RTX 3090, P2, 270.00 W, 229.82 W, 72, 5376 MiB, 24576 MiB, 47 %
2026/09/05 16:10:11.790, NVIDIA GeForce RTX 3090, P2, 270.00 W, 218.58 W, 72, 5376 MiB, 24576 MiB, 21 %
2026/09/05 16:10:21.791, NVIDIA GeForce RTX 3090, P2, 270.00 W, 228.20 W, 73, 5376 MiB, 24576 MiB, 4 %
2026/09/05 16:10:31.793, NVIDIA GeForce RTX 3090, P2, 270.00 W, 212.12 W, 70, 5376 MiB, 24576 MiB, 0 %
2026/09/05 16:10:41.794, NVIDIA GeForce RTX 3090, P2, 270.00 W, 224.90 W, 72, 5376 MiB, 24576 MiB, 47 %
2026/09/05 16:10:51.795, NVIDIA GeForce RTX 3090, P2, 270.00 W, 222.08 W, 71, 5376 MiB, 24576 MiB, 46 %
2026/09/05 16:11:01.797, NVIDIA GeForce RTX 3090, P2, 270.00 W, 220.14 W, 73, 5376 MiB, 24576 MiB, 4 %
2026/09/05 16:11:11.798, NVIDIA GeForce RTX 3090, P2, 270.00 W, 218.36 W, 71, 5376 MiB, 24576 MiB, 48 %
2026/09/05 16:11:21.799, NVIDIA GeForce RTX 3090, P2, 270.00 W, 217.82 W, 73, 5376 MiB, 24576 MiB, 29 %
2026/09/05 16:11:31.801, NVIDIA GeForce RTX 3090, P2, 270.00 W, 232.73 W, 71, 5376 MiB, 24576 MiB, 6 %
2026/09/05 16:11:41.802, NVIDIA GeForce RTX 3090, P2, 270.00 W, 210.10 W, 72, 5376 MiB, 24576 MiB, 27 %
2026/09/05 16:11:51.803, NVIDIA GeForce RTX 3090, P2, 270.00 W, 209.70 W, 71, 5376 MiB, 24576 MiB, 44 %
2026/09/05 16:12:01.805, NVIDIA GeForce RTX 3090, P2, 270.00 W, 216.43 W, 71, 5376 MiB, 24576 MiB, 38 %
2026/09/05 16:12:11.807, NVIDIA GeForce RTX 3090, P2, 270.00 W, 231.41 W, 73, 5376 MiB, 24576 MiB, 48 %
2026/09/05 16:12:21.808, NVIDIA GeForce RTX 3090, P2, 270.00 W, 230.05 W, 73, 5376 MiB, 24576 MiB, 43 %
2026/09/05 16:12:31.810, NVIDIA GeForce RTX 3090, P2, 270.00 W, 220.57 W, 73, 5376 MiB, 24576 MiB, 0 %
2026/09/05 16:12:41.811, NVIDIA GeForce RTX 3090, P2, 270.00 W, 209.14 W, 71, 5376 MiB, 24576 MiB, 48 %
2026/09/05 16:12:51.812, NVIDIA GeForce RTX 3090, P2, 270.00 W, 227.26 W, 72, 5376 MiB, 24576 MiB, 48 %
2026/09/05 16:13:01.814, NVIDIA GeForce RTX 3090, P2, 270.00 W, 226.21 W, 72, 5376 MiB, 24576 MiB, 46 %
2026/09/05 16:13:11.815, NVIDIA GeForce RTX 3090, P2, 270.00 W, 207.52 W, 70, 5376 MiB, 24576 MiB, 18 %
2026/09/05 16:13:21.817, NVIDIA GeForce RTX 3090, P2, 270.00 W, 224.74 W, 72, 5376 MiB, 24576 MiB, 32 %
2026/09/05 16:13:31.818, NVIDIA GeForce RTX 3090, P2, 270.00 W, 237.60 W, 73, 5376 MiB, 24576 MiB, 35 %
2026/09/05 16:13:41.820, NVIDIA GeForce RTX 3090, P2, 270.00 W, 220.26 W, 73, 5376 MiB, 24576 MiB, 25 %
2026/09/05 16:13:51.821, NVIDIA GeForce RTX 3090, P2, 270.00 W, 217.52 W, 71, 5376 MiB, 24576 MiB, 0 %
2026/09/05 16:14:01.823, NVIDIA GeForce RTX 3090, P2, 270.00 W, 223.55 W, 72, 5376 MiB, 24576 MiB, 45 %
2026/09/05 16:14:11.824, NVIDIA GeForce RTX 3090, P2, 270.00 W, 236.10 W, 72, 5376 MiB, 24576 MiB, 21 %
2026/09/05 16:14:21.826, NVIDIA GeForce RTX 3090, P2, 270.00 W, 221.97 W, 73, 5376 MiB, 24576 MiB, 30 %
2026/09/05 16:14:31.827, NVIDIA GeForce RTX 3090, P2, 270.00 W, 211.34 W, 72, 5376 MiB, 24576 MiB, 30 %
2026/09/05 16:14:41.829, NVIDIA GeForce RTX 3090, P2, 270.00 W, 225.19 W, 72, 5376 MiB, 24576 MiB, 26 %
2026/09/05 16:14:51.830, NVIDIA GeForce RTX 3090, P2, 270.00 W, 228.60 W, 72, 5376 MiB, 24576 MiB, 47 %
2026/09/05 16:15:01.831, NVIDIA GeForce RTX 3090, P2, 270.00 W, 233.29 W, 73, 5376 MiB, 24576 MiB, 47 %
2026/09/05 16:15:11.833, NVIDIA GeForce RTX 3090, P2, 270.00 W, 219.60 W, 73, 5376 MiB, 24576 MiB, 25 %
2026/09/05 16:15:21.834, NVIDIA GeForce RTX 3090, P2, 270.00 W, 203.04 W, 70, 5376 MiB, 24576 MiB, 8 %
2026/09/05 16:15:31.836, NVIDIA GeForce RTX 3090, P2, 270.00 W, 220.25 W, 72, 5376 MiB, 24576 MiB, 5 %
2026/09/05 16:15:41.837, NVIDIA GeForce RTX 3090, P2, 270.00 W, 222.54 W, 72, 5376 MiB, 24576 MiB, 25 %
2026/09/05 16:15:51.838, NVIDIA GeForce RTX 3090, P2, 270.00 W, 223.68 W, 73, 5376 MiB, 24576 MiB, 34 %
2026/09/05 16:16:01.839, NVIDIA GeForce RTX 3090, P2, 270.00 W, 224.83 W, 73, 5376 MiB, 24576 MiB, 0 %
2026/09/05 16:16:11.840, NVIDIA GeForce RTX 3090, P2, 270.00 W, 222.11 W, 72, 5376 MiB, 24576 MiB, 6 %
2026/09/05 16:16:21.841, NVIDIA GeForce RTX 3090, P2, 270.00 W, 233.85 W, 72, 5376 MiB, 24576 MiB, 34 %
2026/09/05 16:16:31.843, NVIDIA GeForce RTX 3090, P2, 270.00 W, 225.94 W, 73, 5376 MiB, 24576 MiB, 45 %
2026/09/05 16:16:41.844, NVIDIA GeForce RTX 3090, P2, 270.00 W, 221.64 W, 72, 5376 MiB, 24576 MiB, 7 %
2026/09/05 16:16:51.845, NVIDIA GeForce RTX 3090, P2, 270.00 W, 219.59 W, 71, 5376 MiB, 24576 MiB, 40 %
2026/09/05 16:17:01.846, NVIDIA GeForce RTX 3090, P2, 270.00 W, 222.47 W, 73, 5376 MiB, 24576 MiB, 49 %
2026/09/05 16:17:11.847, NVIDIA GeForce RTX 3090, P2, 270.00 W, 231.89 W, 71, 5376 MiB, 24576 MiB, 39 %
2026/09/05 16:17:21.849, NVIDIA GeForce RTX 3090, P2, 270.00 W, 222.84 W, 74, 5376 MiB, 24576 MiB, 45 %
2026/09/05 16:17:31.850, NVIDIA GeForce RTX 3090, P2, 270.00 W, 212.28 W, 71, 5376 MiB, 24576 MiB, 47 %
2026/09/05 16:17:41.851, NVIDIA GeForce RTX 3090, P2, 270.00 W, 232.38 W, 73, 5376 MiB, 24576 MiB, 5 %
2026/09/05 16:17:51.852, NVIDIA GeForce RTX 3090, P2, 270.00 W, 226.46 W, 71, 5376 MiB, 24576 MiB, 48 %
2026/09/05 16:18:01.854, NVIDIA GeForce RTX 3090, P2, 270.00 W, 226.87 W, 73, 5376 MiB, 24576 MiB, 35 %
2026/09/05 16:18:11.855, NVIDIA GeForce RTX 3090, P2, 270.00 W, 218.64 W, 73, 5376 MiB, 24576 MiB, 0 %
2026/09/05 16:18:21.856, NVIDIA GeForce RTX 3090, P2, 270.00 W, 214.61 W, 72, 5376 MiB, 24576 MiB, 47 %
2026/09/05 16:18:31.857, NVIDIA GeForce RTX 3090, P2, 270.00 W, 225.97 W, 72, 5376 MiB, 24576 MiB, 18 %
2026/09/05 16:18:41.858, NVIDIA GeForce RTX 3090, P2, 270.00 W, 227.63 W, 71, 5376 MiB, 24576 MiB, 19 %
2026/09/05 16:18:51.860, NVIDIA GeForce RTX 3090, P2, 270.00 W, 224.18 W, 73, 5376 MiB, 24576 MiB, 0 %
2026/09/05 16:19:01.861, NVIDIA GeForce RTX 3090, P2, 270.00 W, 218.15 W, 71, 5376 MiB, 24576 MiB, 48 %
2026/09/05 16:19:11.862, NVIDIA GeForce RTX 3090, P2, 270.00 W, 229.90 W, 72, 5376 MiB, 24576 MiB, 43 %
2026/09/05 16:19:21.863, NVIDIA GeForce RTX 3090, P2, 270.00 W, 239.51 W, 73, 5376 MiB, 24576 MiB, 47 %
2026/09/05 16:19:31.865, NVIDIA GeForce RTX 3090, P2, 270.00 W, 218.38 W, 73, 5376 MiB, 24576 MiB, 0 %
2026/09/05 16:19:41.866, NVIDIA GeForce RTX 3090, P2, 270.00 W, 206.66 W, 72, 5376 MiB, 24576 MiB, 41 %
2026/09/05 16:19:51.867, NVIDIA GeForce RTX 3090, P2, 270.00 W, 228.35 W, 73, 5376 MiB, 24576 MiB, 48 %
2026/09/05 16:20:01.868, NVIDIA GeForce RTX 3090, P2, 270.00 W, 229.87 W, 73, 5376 MiB, 24576 MiB, 44 %
2026/09/05 16:20:11.870, NVIDIA GeForce RTX 3090, P2, 270.00 W, 216.62 W, 73, 5376 MiB, 24576 MiB, 7 %
2026/09/05 16:20:21.871, NVIDIA GeForce RTX 3090, P2, 270.00 W, 220.69 W, 73, 5376 MiB, 24576 MiB, 16 %
2026/09/05 16:20:31.872, NVIDIA GeForce RTX 3090, P2, 270.00 W, 224.94 W, 71, 5376 MiB, 24576 MiB, 34 %
2026/09/05 16:20:41.873, NVIDIA GeForce RTX 3090, P2, 270.00 W, 221.74 W, 73, 5376 MiB, 24576 MiB, 43 %
2026/09/05 16:20:51.875, NVIDIA GeForce RTX 3090, P2, 270.00 W, 215.25 W, 71, 5376 MiB, 24576 MiB, 47 %
2026/09/05 16:21:01.876, NVIDIA GeForce RTX 3090, P2, 270.00 W, 238.07 W, 73, 5376 MiB, 24576 MiB, 5 %
2026/09/05 16:21:11.877, NVIDIA GeForce RTX 3090, P2, 270.00 W, 232.03 W, 72, 5376 MiB, 24576 MiB, 6 %
2026/09/05 16:21:21.878, NVIDIA GeForce RTX 3090, P2, 270.00 W, 225.43 W, 73, 5376 MiB, 24576 MiB, 39 %
2026/09/05 16:21:31.879, NVIDIA GeForce RTX 3090, P2, 270.00 W, 226.74 W, 73, 5376 MiB, 24576 MiB, 0 %
2026/09/05 16:21:41.881, NVIDIA GeForce RTX 3090, P2, 270.00 W, 210.19 W, 70, 5376 MiB, 24576 MiB, 47 %
2026/09/05 16:21:51.882, NVIDIA GeForce RTX 3090, P2, 270.00 W, 229.68 W, 72, 5376 MiB, 24576 MiB, 47 %
2026/09/05 16:22:01.883, NVIDIA GeForce RTX 3090, P2, 270.00 W, 222.59 W, 73, 5376 MiB, 24576 MiB, 30 %
2026/09/05 16:22:11.885, NVIDIA GeForce RTX 3090, P2, 270.00 W, 224.17 W, 72, 5376 MiB, 24576 MiB, 30 %
2026/09/05 16:22:21.886, NVIDIA GeForce RTX 3090, P2, 270.00 W, 218.25 W, 71, 5376 MiB, 24576 MiB, 3 %
2026/09/05 16:22:31.887, NVIDIA GeForce RTX 3090, P2, 270.00 W, 236.28 W, 73, 5376 MiB, 24576 MiB, 47 %
2026/09/05 16:22:41.888, NVIDIA GeForce RTX 3090, P2, 270.00 W, 241.00 W, 73, 5376 MiB, 24576 MiB, 20 %
2026/09/05 16:22:51.890, NVIDIA GeForce RTX 3090, P2, 270.00 W, 226.69 W, 73, 5376 MiB, 24576 MiB, 40 %
2026/09/05 16:23:01.891, NVIDIA GeForce RTX 3090, P2, 270.00 W, 218.61 W, 73, 5376 MiB, 24576 MiB, 44 %
2026/09/05 16:23:11.892, NVIDIA GeForce RTX 3090, P2, 270.00 W, 220.03 W, 71, 5376 MiB, 24576 MiB, 46 %
2026/09/05 16:23:21.894, NVIDIA GeForce RTX 3090, P2, 270.00 W, 230.81 W, 74, 5376 MiB, 24576 MiB, 31 %
2026/09/05 16:23:31.895, NVIDIA GeForce RTX 3090, P2, 270.00 W, 232.79 W, 72, 5376 MiB, 24576 MiB, 49 %
2026/09/05 16:23:41.896, NVIDIA GeForce RTX 3090, P2, 270.00 W, 219.61 W, 72, 5376 MiB, 24576 MiB, 32 %
2026/09/05 16:23:51.897, NVIDIA GeForce RTX 3090, P2, 270.00 W, 211.28 W, 72, 5376 MiB, 24576 MiB, 7 %
2026/09/05 16:24:01.898, NVIDIA GeForce RTX 3090, P2, 270.00 W, 227.25 W, 72, 5376 MiB, 24576 MiB, 3 %
2026/09/05 16:24:11.900, NVIDIA GeForce RTX 3090, P2, 270.00 W, 235.73 W, 72, 5376 MiB, 24576 MiB, 28 %
2026/09/05 16:24:21.901, NVIDIA GeForce RTX 3090, P2, 270.00 W, 225.86 W, 73, 5376 MiB, 24576 MiB, 40 %
2026/09/05 16:24:31.902, NVIDIA GeForce RTX 3090, P2, 270.00 W, 220.73 W, 74, 5376 MiB, 24576 MiB, 5 %
2026/09/05 16:24:41.903, NVIDIA GeForce RTX 3090, P2, 270.00 W, 211.03 W, 71, 5376 MiB, 24576 MiB, 48 %
2026/09/05 16:24:51.905, NVIDIA GeForce RTX 3090, P2, 270.00 W, 220.59 W, 74, 5376 MiB, 24576 MiB, 47 %
2026/09/05 16:25:01.906, NVIDIA GeForce RTX 3090, P2, 270.00 W, 231.11 W, 72, 5376 MiB, 24576 MiB, 13 %
2026/09/05 16:25:11.907, NVIDIA GeForce RTX 3090, P2, 270.00 W, 223.67 W, 73, 5376 MiB, 24576 MiB, 30 %
2026/09/05 16:25:21.908, NVIDIA GeForce RTX 3090, P2, 270.00 W, 212.94 W, 72, 5376 MiB, 24576 MiB, 19 %
2026/09/05 16:25:31.909, NVIDIA GeForce RTX 3090, P2, 270.00 W, 222.50 W, 71, 5376 MiB, 24576 MiB, 7 %
2026/09/05 16:25:41.911, NVIDIA GeForce RTX 3090, P2, 270.00 W, 218.64 W, 73, 5376 MiB, 24576 MiB, 49 %
2026/09/05 16:25:51.912, NVIDIA GeForce RTX 3090, P2, 270.00 W, 218.71 W, 71, 5376 MiB, 24576 MiB, 51 %
2026/09/05 16:26:01.913, NVIDIA GeForce RTX 3090, P2, 270.00 W, 227.98 W, 73, 5376 MiB, 24576 MiB, 32 %
2026/09/05 16:26:11.914, NVIDIA GeForce RTX 3090, P2, 270.00 W, 218.10 W, 72, 5376 MiB, 24576 MiB, 15 %
2026/09/05 16:26:21.915, NVIDIA GeForce RTX 3090, P2, 270.00 W, 219.22 W, 71, 5376 MiB, 24576 MiB, 12 %
2026/09/05 16:26:31.917, NVIDIA GeForce RTX 3090, P2, 270.00 W, 230.68 W, 71, 5376 MiB, 24576 MiB, 38 %
2026/09/05 16:26:41.918, NVIDIA GeForce RTX 3090, P2, 270.00 W, 227.27 W, 73, 5878 MiB, 24576 MiB, 45 %
2026/09/05 16:26:51.919, NVIDIA GeForce RTX 3090, P2, 270.00 W, 217.08 W, 72, 5878 MiB, 24576 MiB, 47 %
2026/09/05 16:27:01.920, NVIDIA GeForce RTX 3090, P2, 270.00 W, 213.31 W, 71, 5878 MiB, 24576 MiB, 0 %
2026/09/05 16:27:11.921, NVIDIA GeForce RTX 3090, P2, 270.00 W, 222.11 W, 72, 5878 MiB, 24576 MiB, 5 %
2026/09/05 16:27:21.923, NVIDIA GeForce RTX 3090, P2, 270.00 W, 221.01 W, 71, 5878 MiB, 24576 MiB, 49 %
2026/09/05 16:27:31.924, NVIDIA GeForce RTX 3090, P2, 270.00 W, 229.82 W, 73, 5878 MiB, 24576 MiB, 48 %
2026/09/05 16:27:41.925, NVIDIA GeForce RTX 3090, P2, 270.00 W, 215.85 W, 72, 5878 MiB, 24576 MiB, 30 %
2026/09/05 16:27:51.926, NVIDIA GeForce RTX 3090, P2, 270.00 W, 221.29 W, 74, 5878 MiB, 24576 MiB, 3 %
2026/09/05 16:28:01.927, NVIDIA GeForce RTX 3090, P2, 270.00 W, 228.74 W, 72, 5878 MiB, 24576 MiB, 47 %
2026/09/05 16:28:11.928, NVIDIA GeForce RTX 3090, P2, 270.00 W, 221.86 W, 73, 5878 MiB, 24576 MiB, 18 %
2026/09/05 16:28:21.929, NVIDIA GeForce RTX 3090, P2, 270.00 W, 215.43 W, 73, 5878 MiB, 24576 MiB, 34 %
2026/09/05 16:28:31.931, NVIDIA GeForce RTX 3090, P2, 270.00 W, 218.43 W, 71, 5878 MiB, 24576 MiB, 21 %
2026/09/05 16:28:41.932, NVIDIA GeForce RTX 3090, P2, 270.00 W, 229.74 W, 72, 5878 MiB, 24576 MiB, 48 %
2026/09/05 16:28:51.933, NVIDIA GeForce RTX 3090, P2, 270.00 W, 222.11 W, 72, 5878 MiB, 24576 MiB, 48 %
2026/09/05 16:29:01.934, NVIDIA GeForce RTX 3090, P2, 270.00 W, 216.11 W, 73, 5878 MiB, 24576 MiB, 30 %
2026/09/05 16:29:11.936, NVIDIA GeForce RTX 3090, P2, 270.00 W, 224.96 W, 71, 5878 MiB, 24576 MiB, 31 %
2026/09/05 16:29:21.937, NVIDIA GeForce RTX 3090, P2, 270.00 W, 225.10 W, 72, 5878 MiB, 24576 MiB, 44 %
2026/09/05 16:29:31.938, NVIDIA GeForce RTX 3090, P2, 270.00 W, 230.81 W, 71, 5878 MiB, 24576 MiB, 40 %
2026/09/05 16:29:41.940, NVIDIA GeForce RTX 3090, P2, 270.00 W, 219.31 W, 73, 5878 MiB, 24576 MiB, 30 %
2026/09/05 16:29:51.941, NVIDIA GeForce RTX 3090, P2, 270.00 W, 213.31 W, 71, 5878 MiB, 24576 MiB, 28 %
2026/09/05 16:30:01.943, NVIDIA GeForce RTX 3090, P2, 270.00 W, 224.70 W, 74, 5878 MiB, 24576 MiB, 37 %
2026/09/05 16:30:11.944, NVIDIA GeForce RTX 3090, P2, 270.00 W, 224.19 W, 72, 5878 MiB, 24576 MiB, 30 %
2026/09/05 16:30:21.946, NVIDIA GeForce RTX 3090, P2, 270.00 W, 219.31 W, 72, 5878 MiB, 24576 MiB, 12 %
2026/09/05 16:30:31.947, NVIDIA GeForce RTX 3090, P2, 270.00 W, 209.33 W, 71, 5878 MiB, 24576 MiB, 47 %
2026/09/05 16:30:41.948, NVIDIA GeForce RTX 3090, P2, 270.00 W, 229.55 W, 73, 5878 MiB, 24576 MiB, 48 %
2026/09/05 16:30:51.950, NVIDIA GeForce RTX 3090, P2, 270.00 W, 227.14 W, 71, 5878 MiB, 24576 MiB, 6 %
2026/09/05 16:31:01.951, NVIDIA GeForce RTX 3090, P2, 270.00 W, 225.41 W, 72, 5878 MiB, 24576 MiB, 48 %
2026/09/05 16:31:11.953, NVIDIA GeForce RTX 3090, P2, 270.00 W, 224.98 W, 74, 5878 MiB, 24576 MiB, 2 %
2026/09/05 16:31:21.954, NVIDIA GeForce RTX 3090, P2, 270.00 W, 224.29 W, 72, 5878 MiB, 24576 MiB, 43 %
2026/09/05 16:31:31.956, NVIDIA GeForce RTX 3090, P2, 270.00 W, 230.63 W, 72, 5878 MiB, 24576 MiB, 36 %
2026/09/05 16:31:41.957, NVIDIA GeForce RTX 3090, P2, 270.00 W, 236.31 W, 74, 5878 MiB, 24576 MiB, 47 %
2026/09/05 16:31:51.958, NVIDIA GeForce RTX 3090, P2, 270.00 W, 221.79 W, 74, 5878 MiB, 24576 MiB, 8 %
2026/09/05 16:32:01.960, NVIDIA GeForce RTX 3090, P2, 270.00 W, 217.86 W, 71, 5878 MiB, 24576 MiB, 47 %
2026/09/05 16:32:11.961, NVIDIA GeForce RTX 3090, P2, 270.00 W, 223.45 W, 72, 5878 MiB, 24576 MiB, 5 %
2026/09/05 16:32:21.962, NVIDIA GeForce RTX 3090, P2, 270.00 W, 231.43 W, 73, 5878 MiB, 24576 MiB, 32 %
2026/09/05 16:32:31.963, NVIDIA GeForce RTX 3090, P2, 270.00 W, 240.20 W, 72, 5878 MiB, 24576 MiB, 30 %
2026/09/05 16:32:41.965, NVIDIA GeForce RTX 3090, P2, 270.00 W, 231.43 W, 72, 5878 MiB, 24576 MiB, 46 %
2026/09/05 16:32:51.966, NVIDIA GeForce RTX 3090, P2, 270.00 W, 221.45 W, 74, 5878 MiB, 24576 MiB, 46 %
2026/09/05 16:33:01.967, NVIDIA GeForce RTX 3090, P2, 270.00 W, 219.38 W, 73, 5878 MiB, 24576 MiB, 0 %
2026/09/05 16:33:11.969, NVIDIA GeForce RTX 3090, P2, 270.00 W, 222.43 W, 71, 5878 MiB, 24576 MiB, 30 %
2026/09/05 16:33:21.970, NVIDIA GeForce RTX 3090, P2, 270.00 W, 231.38 W, 73, 5878 MiB, 24576 MiB, 47 %
2026/09/05 16:33:31.971, NVIDIA GeForce RTX 3090, P2, 270.00 W, 230.94 W, 72, 5878 MiB, 24576 MiB, 41 %
2026/09/05 16:33:41.972, NVIDIA GeForce RTX 3090, P2, 270.00 W, 225.27 W, 73, 5878 MiB, 24576 MiB, 30 %
2026/09/05 16:33:51.973, NVIDIA GeForce RTX 3090, P2, 270.00 W, 227.09 W, 74, 5878 MiB, 24576 MiB, 48 %
2026/09/05 16:34:01.974, NVIDIA GeForce RTX 3090, P2, 270.00 W, 222.51 W, 72, 5878 MiB, 24576 MiB, 30 %
2026/09/05 16:34:11.976, NVIDIA GeForce RTX 3090, P2, 270.00 W, 223.87 W, 72, 5878 MiB, 24576 MiB, 28 %
2026/09/05 16:34:21.977, NVIDIA GeForce RTX 3090, P2, 270.00 W, 227.70 W, 73, 5878 MiB, 24576 MiB, 47 %
2026/09/05 16:34:31.978, NVIDIA GeForce RTX 3090, P2, 270.00 W, 233.31 W, 73, 5878 MiB, 24576 MiB, 47 %
2026/09/05 16:34:41.979, NVIDIA GeForce RTX 3090, P2, 270.00 W, 211.70 W, 73, 5878 MiB, 24576 MiB, 30 %
2026/09/05 16:34:51.981, NVIDIA GeForce RTX 3090, P2, 270.00 W, 216.35 W, 72, 5878 MiB, 24576 MiB, 30 %
2026/09/05 16:35:01.982, NVIDIA GeForce RTX 3090, P2, 270.00 W, 217.19 W, 71, 5878 MiB, 24576 MiB, 5 %
2026/09/05 16:35:11.983, NVIDIA GeForce RTX 3090, P2, 270.00 W, 234.48 W, 72, 5878 MiB, 24576 MiB, 28 %
2026/09/05 16:35:21.984, NVIDIA GeForce RTX 3090, P2, 270.00 W, 222.37 W, 72, 5878 MiB, 24576 MiB, 12 %
2026/09/05 16:35:31.985, NVIDIA GeForce RTX 3090, P2, 270.00 W, 212.74 W, 71, 5878 MiB, 24576 MiB, 0 %
2026/09/05 16:35:41.986, NVIDIA GeForce RTX 3090, P2, 270.00 W, 214.55 W, 71, 5878 MiB, 24576 MiB, 5 %
2026/09/05 16:35:51.988, NVIDIA GeForce RTX 3090, P2, 270.00 W, 231.43 W, 72, 5878 MiB, 24576 MiB, 45 %
2026/09/05 16:36:01.989, NVIDIA GeForce RTX 3090, P2, 270.00 W, 229.35 W, 72, 5878 MiB, 24576 MiB, 47 %
2026/09/05 16:36:11.990, NVIDIA GeForce RTX 3090, P2, 270.00 W, 226.42 W, 73, 5878 MiB, 24576 MiB, 0 %
2026/09/05 16:36:21.991, NVIDIA GeForce RTX 3090, P2, 270.00 W, 210.80 W, 71, 5878 MiB, 24576 MiB, 40 %
2026/09/05 16:36:31.992, NVIDIA GeForce RTX 3090, P2, 270.00 W, 227.55 W, 72, 5878 MiB, 24576 MiB, 47 %
2026/09/05 16:36:41.994, NVIDIA GeForce RTX 3090, P2, 270.00 W, 228.93 W, 72, 5878 MiB, 24576 MiB, 48 %
2026/09/05 16:36:51.995, NVIDIA GeForce RTX 3090, P2, 270.00 W, 223.81 W, 72, 5878 MiB, 24576 MiB, 24 %
2026/09/05 16:37:01.996, NVIDIA GeForce RTX 3090, P2, 270.00 W, 206.95 W, 71, 5878 MiB, 24576 MiB, 47 %
2026/09/05 16:37:11.997, NVIDIA GeForce RTX 3090, P2, 270.00 W, 224.27 W, 72, 5878 MiB, 24576 MiB, 47 %
2026/09/05 16:37:21.998, NVIDIA GeForce RTX 3090, P2, 270.00 W, 236.75 W, 73, 5878 MiB, 24576 MiB, 47 %
2026/09/05 16:37:31.999, NVIDIA GeForce RTX 3090, P2, 270.00 W, 215.65 W, 73, 5878 MiB, 24576 MiB, 0 %
2026/09/05 16:37:42.000, NVIDIA GeForce RTX 3090, P2, 270.00 W, 218.04 W, 71, 5878 MiB, 24576 MiB, 35 %
2026/09/05 16:37:52.002, NVIDIA GeForce RTX 3090, P2, 270.00 W, 221.13 W, 72, 5878 MiB, 24576 MiB, 32 %
2026/09/05 16:38:02.003, NVIDIA GeForce RTX 3090, P2, 270.00 W, 232.10 W, 72, 5878 MiB, 24576 MiB, 19 %
2026/09/05 16:38:12.004, NVIDIA GeForce RTX 3090, P2, 270.00 W, 223.63 W, 73, 5878 MiB, 24576 MiB, 21 %
2026/09/05 16:38:22.005, NVIDIA GeForce RTX 3090, P2, 270.00 W, 206.02 W, 71, 5878 MiB, 24576 MiB, 48 %
2026/09/05 16:38:32.007, NVIDIA GeForce RTX 3090, P2, 270.00 W, 213.45 W, 71, 5878 MiB, 24576 MiB, 0 %
2026/09/05 16:38:42.008, NVIDIA GeForce RTX 3090, P2, 270.00 W, 223.09 W, 73, 5878 MiB, 24576 MiB, 47 %
2026/09/05 16:38:52.009, NVIDIA GeForce RTX 3090, P2, 270.00 W, 225.13 W, 73, 5878 MiB, 24576 MiB, 40 %
2026/09/05 16:39:02.011, NVIDIA GeForce RTX 3090, P2, 270.00 W, 225.35 W, 74, 5878 MiB, 24576 MiB, 0 %
2026/09/05 16:39:12.012, NVIDIA GeForce RTX 3090, P2, 270.00 W, 215.04 W, 71, 5878 MiB, 24576 MiB, 0 %
2026/09/05 16:39:22.013, NVIDIA GeForce RTX 3090, P2, 270.00 W, 218.62 W, 72, 5878 MiB, 24576 MiB, 47 %
2026/09/05 16:39:32.014, NVIDIA GeForce RTX 3090, P2, 270.00 W, 237.93 W, 72, 5878 MiB, 24576 MiB, 30 %
2026/09/05 16:39:42.016, NVIDIA GeForce RTX 3090, P2, 270.00 W, 217.96 W, 72, 5878 MiB, 24576 MiB, 30 %
2026/09/05 16:39:52.017, NVIDIA GeForce RTX 3090, P2, 270.00 W, 214.08 W, 71, 5878 MiB, 24576 MiB, 38 %
2026/09/05 16:40:02.018, NVIDIA GeForce RTX 3090, P2, 270.00 W, 223.94 W, 72, 5878 MiB, 24576 MiB, 29 %
2026/09/05 16:40:12.019, NVIDIA GeForce RTX 3090, P2, 270.00 W, 232.80 W, 72, 5878 MiB, 24576 MiB, 4 %
2026/09/05 16:40:22.021, NVIDIA GeForce RTX 3090, P2, 270.00 W, 230.73 W, 73, 5878 MiB, 24576 MiB, 47 %
2026/09/05 16:40:32.022, NVIDIA GeForce RTX 3090, P2, 270.00 W, 221.62 W, 73, 5878 MiB, 24576 MiB, 16 %
2026/09/05 16:40:42.023, NVIDIA GeForce RTX 3090, P2, 270.00 W, 218.84 W, 73, 5878 MiB, 24576 MiB, 0 %
2026/09/05 16:40:52.024, NVIDIA GeForce RTX 3090, P2, 270.00 W, 213.41 W, 71, 5878 MiB, 24576 MiB, 0 %
2026/09/05 16:41:02.025, NVIDIA GeForce RTX 3090, P2, 270.00 W, 226.97 W, 73, 5878 MiB, 24576 MiB, 47 %
2026/09/05 16:41:12.027, NVIDIA GeForce RTX 3090, P2, 270.00 W, 236.34 W, 72, 5878 MiB, 24576 MiB, 41 %
2026/09/05 16:41:22.028, NVIDIA GeForce RTX 3090, P2, 270.00 W, 226.78 W, 73, 5878 MiB, 24576 MiB, 46 %
2026/09/05 16:41:32.029, NVIDIA GeForce RTX 3090, P2, 270.00 W, 223.43 W, 74, 5878 MiB, 24576 MiB, 46 %
2026/09/05 16:41:42.030, NVIDIA GeForce RTX 3090, P2, 270.00 W, 212.64 W, 71, 5878 MiB, 24576 MiB, 0 %
2026/09/05 16:41:52.031, NVIDIA GeForce RTX 3090, P2, 270.00 W, 223.60 W, 74, 5878 MiB, 24576 MiB, 7 %
2026/09/05 16:42:02.033, NVIDIA GeForce RTX 3090, P2, 270.00 W, 223.83 W, 71, 5878 MiB, 24576 MiB, 38 %
2026/09/05 16:42:12.034, NVIDIA GeForce RTX 3090, P2, 270.00 W, 223.68 W, 73, 5878 MiB, 24576 MiB, 30 %
2026/09/05 16:42:22.035, NVIDIA GeForce RTX 3090, P2, 270.00 W, 209.13 W, 71, 5878 MiB, 24576 MiB, 2 %
2026/09/05 16:42:32.037, NVIDIA GeForce RTX 3090, P2, 270.00 W, 228.62 W, 73, 5878 MiB, 24576 MiB, 6 %
2026/09/05 16:42:42.038, NVIDIA GeForce RTX 3090, P2, 270.00 W, 235.42 W, 72, 5878 MiB, 24576 MiB, 24 %
2026/09/05 16:42:52.039, NVIDIA GeForce RTX 3090, P2, 270.00 W, 219.10 W, 73, 5878 MiB, 24576 MiB, 30 %
2026/09/05 16:43:02.041, NVIDIA GeForce RTX 3090, P2, 270.00 W, 219.10 W, 73, 5878 MiB, 24576 MiB, 38 %
2026/09/05 16:43:12.042, NVIDIA GeForce RTX 3090, P2, 270.00 W, 217.29 W, 71, 5878 MiB, 24576 MiB, 0 %
2026/09/05 16:43:22.043, NVIDIA GeForce RTX 3090, P2, 270.00 W, 229.18 W, 72, 5878 MiB, 24576 MiB, 3 %
2026/09/05 16:43:32.045, NVIDIA GeForce RTX 3090, P2, 270.00 W, 238.57 W, 72, 5878 MiB, 24576 MiB, 29 %
2026/09/05 16:43:42.046, NVIDIA GeForce RTX 3090, P2, 270.00 W, 220.15 W, 73, 5878 MiB, 24576 MiB, 13 %
2026/09/05 16:43:52.047, NVIDIA GeForce RTX 3090, P2, 270.00 W, 212.48 W, 72, 5878 MiB, 24576 MiB, 30 %
2026/09/05 16:44:02.048, NVIDIA GeForce RTX 3090, P2, 270.00 W, 222.95 W, 72, 5878 MiB, 24576 MiB, 28 %
2026/09/05 16:44:12.050, NVIDIA GeForce RTX 3090, P2, 270.00 W, 185.49 W, 69, 5878 MiB, 24576 MiB, 32 %
2026/09/05 16:44:22.052, NVIDIA GeForce RTX 3090, P2, 270.00 W, 175.69 W, 68, 5878 MiB, 24576 MiB, 34 %
2026/09/05 16:44:32.053, NVIDIA GeForce RTX 3090, P2, 270.00 W, 174.28 W, 68, 5878 MiB, 24576 MiB, 30 %
2026/09/05 16:44:42.054, NVIDIA GeForce RTX 3090, P2, 270.00 W, 171.47 W, 68, 5878 MiB, 24576 MiB, 26 %
2026/09/05 16:44:52.055, NVIDIA GeForce RTX 3090, P2, 270.00 W, 157.86 W, 66, 876 MiB, 24576 MiB, 16 %
2026/09/05 16:45:02.057, NVIDIA GeForce RTX 3090, P2, 270.00 W, 179.37 W, 68, 2020 MiB, 24576 MiB, 31 %
2026/09/05 16:45:12.058, NVIDIA GeForce RTX 3090, P2, 270.00 W, 172.40 W, 68, 2020 MiB, 24576 MiB, 10 %
2026/09/05 16:45:22.059, NVIDIA GeForce RTX 3090, P2, 270.00 W, 172.00 W, 68, 2020 MiB, 24576 MiB, 8 %
2026/09/05 16:45:32.060, NVIDIA GeForce RTX 3090, P2, 270.00 W, 221.24 W, 74, 5502 MiB, 24576 MiB, 17 %
2026/09/05 16:45:42.062, NVIDIA GeForce RTX 3090, P2, 270.00 W, 207.16 W, 71, 5502 MiB, 24576 MiB, 48 %
2026/09/05 16:45:52.063, NVIDIA GeForce RTX 3090, P2, 270.00 W, 232.49 W, 73, 5502 MiB, 24576 MiB, 46 %
2026/09/05 16:46:02.064, NVIDIA GeForce RTX 3090, P2, 270.00 W, 232.34 W, 73, 5502 MiB, 24576 MiB, 45 %
2026/09/05 16:46:12.065, NVIDIA GeForce RTX 3090, P2, 270.00 W, 221.99 W, 73, 5502 MiB, 24576 MiB, 0 %
2026/09/05 16:46:22.067, NVIDIA GeForce RTX 3090, P2, 270.00 W, 226.69 W, 70, 5502 MiB, 24576 MiB, 48 %
2026/09/05 16:46:32.068, NVIDIA GeForce RTX 3090, P2, 270.00 W, 217.21 W, 71, 5502 MiB, 24576 MiB, 38 %
2026/09/05 16:46:42.069, NVIDIA GeForce RTX 3090, P2, 270.00 W, 233.26 W, 71, 5502 MiB, 24576 MiB, 30 %
2026/09/05 16:46:52.070, NVIDIA GeForce RTX 3090, P2, 270.00 W, 220.16 W, 73, 5502 MiB, 24576 MiB, 19 %
2026/09/05 16:47:02.071, NVIDIA GeForce RTX 3090, P2, 270.00 W, 210.52 W, 70, 5502 MiB, 24576 MiB, 0 %
2026/09/05 16:47:12.074, NVIDIA GeForce RTX 3090, P2, 270.00 W, 232.45 W, 72, 5502 MiB, 24576 MiB, 47 %
2026/09/05 16:47:22.075, NVIDIA GeForce RTX 3090, P2, 270.00 W, 235.95 W, 73, 5502 MiB, 24576 MiB, 44 %
2026/09/05 16:47:32.076, NVIDIA GeForce RTX 3090, P2, 270.00 W, 221.39 W, 73, 5502 MiB, 24576 MiB, 23 %
2026/09/05 16:47:42.077, NVIDIA GeForce RTX 3090, P2, 270.00 W, 205.19 W, 70, 5502 MiB, 24576 MiB, 23 %
2026/09/05 16:47:52.078, NVIDIA GeForce RTX 3090, P2, 270.00 W, 228.35 W, 71, 5502 MiB, 24576 MiB, 31 %
2026/09/05 16:48:02.080, NVIDIA GeForce RTX 3090, P2, 270.00 W, 227.52 W, 72, 5502 MiB, 24576 MiB, 5 %
2026/09/05 16:48:12.081, NVIDIA GeForce RTX 3090, P2, 270.00 W, 230.52 W, 72, 5502 MiB, 24576 MiB, 21 %
2026/09/05 16:48:22.082, NVIDIA GeForce RTX 3090, P2, 270.00 W, 220.59 W, 72, 5502 MiB, 24576 MiB, 30 %
2026/09/05 16:48:32.084, NVIDIA GeForce RTX 3090, P2, 270.00 W, 218.04 W, 73, 5502 MiB, 24576 MiB, 0 %
2026/09/05 16:48:42.085, NVIDIA GeForce RTX 3090, P2, 270.00 W, 210.45 W, 71, 5502 MiB, 24576 MiB, 47 %
2026/09/05 16:48:52.086, NVIDIA GeForce RTX 3090, P2, 270.00 W, 231.43 W, 73, 5502 MiB, 24576 MiB, 47 %
2026/09/05 16:49:02.088, NVIDIA GeForce RTX 3090, P2, 270.00 W, 237.67 W, 73, 5502 MiB, 24576 MiB, 42 %
2026/09/05 16:49:12.089, NVIDIA GeForce RTX 3090, P2, 270.00 W, 223.90 W, 73, 5502 MiB, 24576 MiB, 6 %
2026/09/05 16:49:22.090, NVIDIA GeForce RTX 3090, P2, 270.00 W, 203.52 W, 70, 5502 MiB, 24576 MiB, 8 %
2026/09/05 16:49:32.092, NVIDIA GeForce RTX 3090, P2, 270.00 W, 218.47 W, 71, 5502 MiB, 24576 MiB, 0 %
2026/09/05 16:49:42.093, NVIDIA GeForce RTX 3090, P2, 270.00 W, 228.38 W, 74, 5502 MiB, 24576 MiB, 39 %
2026/09/05 16:49:52.094, NVIDIA GeForce RTX 3090, P2, 270.00 W, 231.34 W, 72, 5502 MiB, 24576 MiB, 43 %
2026/09/05 16:50:02.095, NVIDIA GeForce RTX 3090, P2, 270.00 W, 220.18 W, 73, 5502 MiB, 24576 MiB, 29 %
2026/09/05 16:50:12.097, NVIDIA GeForce RTX 3090, P2, 270.00 W, 205.65 W, 71, 5502 MiB, 24576 MiB, 30 %
2026/09/05 16:50:22.098, NVIDIA GeForce RTX 3090, P2, 270.00 W, 224.38 W, 73, 5502 MiB, 24576 MiB, 46 %
2026/09/05 16:50:32.099, NVIDIA GeForce RTX 3090, P2, 270.00 W, 234.35 W, 73, 5502 MiB, 24576 MiB, 46 %
2026/09/05 16:50:42.100, NVIDIA GeForce RTX 3090, P2, 270.00 W, 218.13 W, 73, 5502 MiB, 24576 MiB, 0 %
2026/09/05 16:50:52.102, NVIDIA GeForce RTX 3090, P2, 270.00 W, 215.45 W, 71, 5502 MiB, 24576 MiB, 4 %
2026/09/05 16:51:02.103, NVIDIA GeForce RTX 3090, P2, 270.00 W, 222.89 W, 73, 5502 MiB, 24576 MiB, 45 %
2026/09/05 16:51:12.104, NVIDIA GeForce RTX 3090, P2, 270.00 W, 233.12 W, 72, 5502 MiB, 24576 MiB, 30 %
2026/09/05 16:51:22.105, NVIDIA GeForce RTX 3090, P2, 270.00 W, 227.19 W, 73, 5502 MiB, 24576 MiB, 46 %
2026/09/05 16:51:32.106, NVIDIA GeForce RTX 3090, P2, 270.00 W, 216.32 W, 72, 5502 MiB, 24576 MiB, 30 %
2026/09/05 16:51:42.107, NVIDIA GeForce RTX 3090, P2, 270.00 W, 211.70 W, 71, 5502 MiB, 24576 MiB, 0 %
2026/09/05 16:51:52.109, NVIDIA GeForce RTX 3090, P2, 270.00 W, 229.52 W, 73, 5502 MiB, 24576 MiB, 30 %
2026/09/05 16:52:02.110, NVIDIA GeForce RTX 3090, P2, 270.00 W, 235.05 W, 73, 5502 MiB, 24576 MiB, 48 %
2026/09/05 16:52:12.111, NVIDIA GeForce RTX 3090, P2, 270.00 W, 218.37 W, 73, 5502 MiB, 24576 MiB, 45 %
2026/09/05 16:52:22.113, NVIDIA GeForce RTX 3090, P2, 270.00 W, 217.64 W, 71, 5502 MiB, 24576 MiB, 0 %
2026/09/05 16:52:32.114, NVIDIA GeForce RTX 3090, P2, 270.00 W, 214.00 W, 71, 5502 MiB, 24576 MiB, 47 %
2026/09/05 16:52:42.115, NVIDIA GeForce RTX 3090, P2, 270.00 W, 223.40 W, 72, 5502 MiB, 24576 MiB, 37 %
2026/09/05 16:52:52.117, NVIDIA GeForce RTX 3090, P2, 270.00 W, 222.12 W, 73, 5502 MiB, 24576 MiB, 37 %
2026/09/05 16:53:02.118, NVIDIA GeForce RTX 3090, P2, 270.00 W, 213.93 W, 73, 5502 MiB, 24576 MiB, 32 %
2026/09/05 16:53:12.119, NVIDIA GeForce RTX 3090, P2, 270.00 W, 214.84 W, 71, 5502 MiB, 24576 MiB, 48 %
2026/09/05 16:53:22.120, NVIDIA GeForce RTX 3090, P2, 270.00 W, 225.77 W, 72, 5502 MiB, 24576 MiB, 48 %
2026/09/05 16:53:32.122, NVIDIA GeForce RTX 3090, P2, 270.00 W, 230.89 W, 72, 5502 MiB, 24576 MiB, 48 %
2026/09/05 16:53:42.123, NVIDIA GeForce RTX 3090, P2, 270.00 W, 213.14 W, 73, 5502 MiB, 24576 MiB, 33 %
2026/09/05 16:53:52.124, NVIDIA GeForce RTX 3090, P2, 270.00 W, 219.34 W, 71, 5502 MiB, 24576 MiB, 30 %
2026/09/05 16:54:02.125, NVIDIA GeForce RTX 3090, P2, 270.00 W, 231.99 W, 71, 5502 MiB, 24576 MiB, 30 %
2026/09/05 16:54:12.127, NVIDIA GeForce RTX 3090, P2, 270.00 W, 222.89 W, 73, 5502 MiB, 24576 MiB, 22 %
2026/09/05 16:54:22.128, NVIDIA GeForce RTX 3090, P2, 270.00 W, 216.03 W, 72, 5502 MiB, 24576 MiB, 30 %
2026/09/05 16:54:32.129, NVIDIA GeForce RTX 3090, P2, 270.00 W, 217.49 W, 71, 5502 MiB, 24576 MiB, 30 %
2026/09/05 16:54:42.130, NVIDIA GeForce RTX 3090, P2, 270.00 W, 234.13 W, 72, 5502 MiB, 24576 MiB, 39 %
2026/09/05 16:54:52.132, NVIDIA GeForce RTX 3090, P2, 270.00 W, 230.97 W, 73, 5502 MiB, 24576 MiB, 46 %
2026/09/05 16:55:02.133, NVIDIA GeForce RTX 3090, P2, 270.00 W, 222.48 W, 72, 5502 MiB, 24576 MiB, 0 %
2026/09/05 16:55:12.134, NVIDIA GeForce RTX 3090, P2, 270.00 W, 211.45 W, 71, 5502 MiB, 24576 MiB, 0 %
2026/09/05 16:55:22.136, NVIDIA GeForce RTX 3090, P2, 270.00 W, 225.73 W, 73, 5502 MiB, 24576 MiB, 33 %
2026/09/05 16:55:32.137, NVIDIA GeForce RTX 3090, P2, 270.00 W, 237.91 W, 73, 5502 MiB, 24576 MiB, 51 %
2026/09/05 16:55:42.138, NVIDIA GeForce RTX 3090, P2, 270.00 W, 234.70 W, 72, 5502 MiB, 24576 MiB, 26 %
2026/09/05 16:55:52.139, NVIDIA GeForce RTX 3090, P2, 270.00 W, 228.94 W, 74, 5502 MiB, 24576 MiB, 47 %
2026/09/05 16:56:02.141, NVIDIA GeForce RTX 3090, P2, 270.00 W, 210.68 W, 72, 5502 MiB, 24576 MiB, 25 %
2026/09/05 16:56:12.142, NVIDIA GeForce RTX 3090, P2, 270.00 W, 224.65 W, 72, 5502 MiB, 24576 MiB, 30 %
2026/09/05 16:56:22.144, NVIDIA GeForce RTX 3090, P2, 270.00 W, 229.85 W, 73, 5502 MiB, 24576 MiB, 48 %
2026/09/05 16:56:32.145, NVIDIA GeForce RTX 3090, P2, 270.00 W, 234.37 W, 73, 5502 MiB, 24576 MiB, 47 %
2026/09/05 16:56:42.146, NVIDIA GeForce RTX 3090, P2, 270.00 W, 225.42 W, 74, 5502 MiB, 24576 MiB, 46 %
2026/09/05 16:56:52.147, NVIDIA GeForce RTX 3090, P2, 270.00 W, 219.29 W, 73, 5502 MiB, 24576 MiB, 30 %
2026/09/05 16:57:02.149, NVIDIA GeForce RTX 3090, P2, 270.00 W, 225.28 W, 73, 5502 MiB, 24576 MiB, 48 %
2026/09/05 16:57:12.150, NVIDIA GeForce RTX 3090, P2, 270.00 W, 236.18 W, 72, 5502 MiB, 24576 MiB, 32 %
2026/09/05 16:57:22.151, NVIDIA GeForce RTX 3090, P2, 270.00 W, 223.21 W, 73, 5502 MiB, 24576 MiB, 3 %
2026/09/05 16:57:32.153, NVIDIA GeForce RTX 3090, P2, 270.00 W, 205.81 W, 71, 5502 MiB, 24576 MiB, 0 %
2026/09/05 16:57:42.154, NVIDIA GeForce RTX 3090, P2, 270.00 W, 224.78 W, 73, 5502 MiB, 24576 MiB, 35 %
2026/09/05 16:57:52.155, NVIDIA GeForce RTX 3090, P2, 270.00 W, 227.71 W, 73, 5502 MiB, 24576 MiB, 46 %
2026/09/05 16:58:02.156, NVIDIA GeForce RTX 3090, P2, 270.00 W, 225.27 W, 74, 5502 MiB, 24576 MiB, 0 %
2026/09/05 16:58:12.158, NVIDIA GeForce RTX 3090, P2, 270.00 W, 222.98 W, 71, 5502 MiB, 24576 MiB, 0 %
2026/09/05 16:58:22.159, NVIDIA GeForce RTX 3090, P2, 270.00 W, 223.81 W, 73, 5502 MiB, 24576 MiB, 49 %
2026/09/05 16:58:32.160, NVIDIA GeForce RTX 3090, P2, 270.00 W, 226.68 W, 72, 5502 MiB, 24576 MiB, 51 %
2026/09/05 16:58:42.161, NVIDIA GeForce RTX 3090, P2, 270.00 W, 224.52 W, 74, 5502 MiB, 24576 MiB, 0 %
2026/09/05 16:58:52.162, NVIDIA GeForce RTX 3090, P2, 270.00 W, 211.35 W, 71, 5502 MiB, 24576 MiB, 9 %
2026/09/05 16:59:02.164, NVIDIA GeForce RTX 3090, P2, 270.00 W, 230.34 W, 73, 5502 MiB, 24576 MiB, 16 %
2026/09/05 16:59:12.165, NVIDIA GeForce RTX 3090, P2, 270.00 W, 234.25 W, 72, 5502 MiB, 24576 MiB, 30 %
2026/09/05 16:59:22.166, NVIDIA GeForce RTX 3090, P2, 270.00 W, 224.84 W, 73, 5502 MiB, 24576 MiB, 46 %
2026/09/05 16:59:32.167, NVIDIA GeForce RTX 3090, P2, 270.00 W, 221.10 W, 73, 5502 MiB, 24576 MiB, 46 %
2026/09/05 16:59:42.169, NVIDIA GeForce RTX 3090, P2, 270.00 W, 222.65 W, 73, 5502 MiB, 24576 MiB, 15 %
2026/09/05 16:59:52.170, NVIDIA GeForce RTX 3090, P2, 270.00 W, 222.09 W, 71, 5502 MiB, 24576 MiB, 32 %
2026/09/05 17:00:02.171, NVIDIA GeForce RTX 3090, P2, 270.00 W, 223.16 W, 73, 5502 MiB, 24576 MiB, 45 %
2026/09/05 17:00:12.173, NVIDIA GeForce RTX 3090, P2, 270.00 W, 223.29 W, 73, 5502 MiB, 24576 MiB, 26 %
2026/09/05 17:00:22.174, NVIDIA GeForce RTX 3090, P2, 270.00 W, 219.87 W, 74, 5502 MiB, 24576 MiB, 46 %
2026/09/05 17:00:32.175, NVIDIA GeForce RTX 3090, P2, 270.00 W, 217.70 W, 71, 5502 MiB, 24576 MiB, 47 %
2026/09/05 17:00:42.176, NVIDIA GeForce RTX 3090, P2, 270.00 W, 223.91 W, 73, 5502 MiB, 24576 MiB, 50 %
2026/09/05 17:00:52.177, NVIDIA GeForce RTX 3090, P2, 270.00 W, 218.23 W, 70, 5502 MiB, 24576 MiB, 52 %
2026/09/05 17:01:02.179, NVIDIA GeForce RTX 3090, P2, 270.00 W, 220.51 W, 73, 5502 MiB, 24576 MiB, 28 %
2026/09/05 17:01:12.181, NVIDIA GeForce RTX 3090, P2, 270.00 W, 213.29 W, 71, 5502 MiB, 24576 MiB, 47 %
2026/09/05 17:01:22.182, NVIDIA GeForce RTX 3090, P2, 270.00 W, 220.40 W, 73, 5502 MiB, 24576 MiB, 51 %
2026/09/05 17:01:32.184, NVIDIA GeForce RTX 3090, P2, 270.00 W, 231.11 W, 72, 5502 MiB, 24576 MiB, 24 %
2026/09/05 17:01:42.185, NVIDIA GeForce RTX 3090, P2, 270.00 W, 230.27 W, 73, 5502 MiB, 24576 MiB, 47 %
2026/09/05 17:01:52.187, NVIDIA GeForce RTX 3090, P2, 270.00 W, 225.06 W, 73, 5502 MiB, 24576 MiB, 0 %
2026/09/05 17:02:02.188, NVIDIA GeForce RTX 3090, P2, 270.00 W, 220.84 W, 71, 5502 MiB, 24576 MiB, 31 %
2026/09/05 17:02:12.189, NVIDIA GeForce RTX 3090, P2, 270.00 W, 230.33 W, 72, 5502 MiB, 24576 MiB, 30 %
2026/09/05 17:02:22.190, NVIDIA GeForce RTX 3090, P2, 270.00 W, 228.37 W, 73, 5502 MiB, 24576 MiB, 39 %
2026/09/05 17:02:32.192, NVIDIA GeForce RTX 3090, P2, 270.00 W, 224.73 W, 73, 5502 MiB, 24576 MiB, 46 %
2026/09/05 17:02:42.193, NVIDIA GeForce RTX 3090, P2, 270.00 W, 207.43 W, 71, 5502 MiB, 24576 MiB, 7 %
2026/09/05 17:02:52.194, NVIDIA GeForce RTX 3090, P2, 270.00 W, 224.45 W, 74, 5502 MiB, 24576 MiB, 48 %
2026/09/05 17:03:02.195, NVIDIA GeForce RTX 3090, P2, 270.00 W, 225.55 W, 71, 5502 MiB, 24576 MiB, 26 %
2026/09/05 17:03:12.197, NVIDIA GeForce RTX 3090, P2, 270.00 W, 223.03 W, 73, 5502 MiB, 24576 MiB, 0 %
2026/09/05 17:03:22.198, NVIDIA GeForce RTX 3090, P2, 270.00 W, 213.14 W, 71, 5502 MiB, 24576 MiB, 41 %
2026/09/05 17:03:32.199, NVIDIA GeForce RTX 3090, P2, 270.00 W, 222.98 W, 73, 5502 MiB, 24576 MiB, 10 %
2026/09/05 17:03:42.200, NVIDIA GeForce RTX 3090, P2, 270.00 W, 234.49 W, 72, 6004 MiB, 24576 MiB, 9 %
2026/09/05 17:03:52.202, NVIDIA GeForce RTX 3090, P2, 270.00 W, 221.55 W, 74, 6004 MiB, 24576 MiB, 46 %
2026/09/05 17:04:02.203, NVIDIA GeForce RTX 3090, P2, 270.00 W, 213.12 W, 72, 6004 MiB, 24576 MiB, 34 %
2026/09/05 17:04:12.204, NVIDIA GeForce RTX 3090, P2, 270.00 W, 224.79 W, 72, 6004 MiB, 24576 MiB, 5 %
2026/09/05 17:04:22.205, NVIDIA GeForce RTX 3090, P2, 270.00 W, 222.15 W, 71, 6004 MiB, 24576 MiB, 22 %
2026/09/05 17:04:32.206, NVIDIA GeForce RTX 3090, P2, 270.00 W, 222.62 W, 73, 6004 MiB, 24576 MiB, 48 %
2026/09/05 17:04:42.208, NVIDIA GeForce RTX 3090, P2, 270.00 W, 221.29 W, 74, 6004 MiB, 24576 MiB, 46 %
2026/09/05 17:04:52.209, NVIDIA GeForce RTX 3090, P2, 270.00 W, 221.51 W, 71, 6004 MiB, 24576 MiB, 46 %
2026/09/05 17:05:02.210, NVIDIA GeForce RTX 3090, P2, 270.00 W, 220.56 W, 72, 6004 MiB, 24576 MiB, 29 %
2026/09/05 17:05:12.211, NVIDIA GeForce RTX 3090, P2, 270.00 W, 231.45 W, 72, 6004 MiB, 24576 MiB, 25 %
2026/09/05 17:05:22.213, NVIDIA GeForce RTX 3090, P2, 270.00 W, 219.81 W, 71, 6004 MiB, 24576 MiB, 46 %
2026/09/05 17:05:32.214, NVIDIA GeForce RTX 3090, P2, 270.00 W, 225.42 W, 73, 6004 MiB, 24576 MiB, 0 %
2026/09/05 17:05:42.215, NVIDIA GeForce RTX 3090, P2, 270.00 W, 213.81 W, 72, 6004 MiB, 24576 MiB, 7 %
2026/09/05 17:05:52.216, NVIDIA GeForce RTX 3090, P2, 270.00 W, 226.96 W, 73, 6004 MiB, 24576 MiB, 10 %
2026/09/05 17:06:02.218, NVIDIA GeForce RTX 3090, P2, 270.00 W, 224.02 W, 72, 6004 MiB, 24576 MiB, 47 %
2026/09/05 17:06:12.219, NVIDIA GeForce RTX 3090, P2, 270.00 W, 233.20 W, 73, 6006 MiB, 24576 MiB, 48 %
2026/09/05 17:06:22.220, NVIDIA GeForce RTX 3090, P2, 270.00 W, 223.30 W, 73, 6006 MiB, 24576 MiB, 47 %
2026/09/05 17:06:32.221, NVIDIA GeForce RTX 3090, P2, 270.00 W, 205.38 W, 70, 6006 MiB, 24576 MiB, 48 %
2026/09/05 17:06:42.223, NVIDIA GeForce RTX 3090, P2, 270.00 W, 224.86 W, 74, 6006 MiB, 24576 MiB, 29 %
2026/09/05 17:06:52.224, NVIDIA GeForce RTX 3090, P2, 270.00 W, 224.39 W, 72, 6006 MiB, 24576 MiB, 49 %
2026/09/05 17:07:02.225, NVIDIA GeForce RTX 3090, P2, 270.00 W, 215.94 W, 73, 6006 MiB, 24576 MiB, 42 %
2026/09/05 17:07:12.227, NVIDIA GeForce RTX 3090, P2, 270.00 W, 224.42 W, 71, 6006 MiB, 24576 MiB, 30 %
2026/09/05 17:07:22.228, NVIDIA GeForce RTX 3090, P2, 270.00 W, 233.30 W, 73, 6006 MiB, 24576 MiB, 48 %
2026/09/05 17:07:32.229, NVIDIA GeForce RTX 3090, P2, 270.00 W, 222.50 W, 73, 6006 MiB, 24576 MiB, 30 %
2026/09/05 17:07:42.230, NVIDIA GeForce RTX 3090, P2, 270.00 W, 220.43 W, 73, 6006 MiB, 24576 MiB, 46 %
2026/09/05 17:07:52.232, NVIDIA GeForce RTX 3090, P2, 270.00 W, 216.89 W, 70, 6006 MiB, 24576 MiB, 37 %
2026/09/05 17:08:02.233, NVIDIA GeForce RTX 3090, P2, 270.00 W, 226.75 W, 73, 6006 MiB, 24576 MiB, 49 %
2026/09/05 17:08:12.234, NVIDIA GeForce RTX 3090, P2, 270.00 W, 230.45 W, 72, 6006 MiB, 24576 MiB, 4 %
2026/09/05 17:08:22.236, NVIDIA GeForce RTX 3090, P2, 270.00 W, 225.99 W, 73, 6006 MiB, 24576 MiB, 39 %
2026/09/05 17:08:32.237, NVIDIA GeForce RTX 3090, P2, 270.00 W, 227.50 W, 73, 6006 MiB, 24576 MiB, 0 %
2026/09/05 17:08:42.238, NVIDIA GeForce RTX 3090, P2, 270.00 W, 217.27 W, 72, 6006 MiB, 24576 MiB, 7 %
2026/09/05 17:08:52.239, NVIDIA GeForce RTX 3090, P2, 270.00 W, 230.72 W, 73, 6006 MiB, 24576 MiB, 30 %
2026/09/05 17:09:02.240, NVIDIA GeForce RTX 3090, P2, 270.00 W, 236.52 W, 72, 6006 MiB, 24576 MiB, 35 %
2026/09/05 17:09:12.241, NVIDIA GeForce RTX 3090, P2, 270.00 W, 221.86 W, 73, 6006 MiB, 24576 MiB, 32 %
2026/09/05 17:09:22.243, NVIDIA GeForce RTX 3090, P2, 270.00 W, 223.73 W, 72, 6006 MiB, 24576 MiB, 7 %
2026/09/05 17:09:32.244, NVIDIA GeForce RTX 3090, P2, 270.00 W, 233.86 W, 72, 6006 MiB, 24576 MiB, 15 %
2026/09/05 17:09:42.245, NVIDIA GeForce RTX 3090, P2, 270.00 W, 228.07 W, 72, 6006 MiB, 24576 MiB, 49 %
2026/09/05 17:09:52.246, NVIDIA GeForce RTX 3090, P2, 270.00 W, 226.80 W, 73, 6006 MiB, 24576 MiB, 45 %
2026/09/05 17:10:02.248, NVIDIA GeForce RTX 3090, P2, 270.00 W, 224.04 W, 72, 6006 MiB, 24576 MiB, 8 %
2026/09/05 17:10:12.249, NVIDIA GeForce RTX 3090, P2, 270.00 W, 228.57 W, 72, 6006 MiB, 24576 MiB, 6 %
2026/09/05 17:10:22.250, NVIDIA GeForce RTX 3090, P2, 270.00 W, 228.81 W, 72, 6006 MiB, 24576 MiB, 17 %
2026/09/05 17:10:32.251, NVIDIA GeForce RTX 3090, P2, 270.00 W, 221.52 W, 73, 6006 MiB, 24576 MiB, 21 %
2026/09/05 17:10:42.253, NVIDIA GeForce RTX 3090, P2, 270.00 W, 214.09 W, 72, 6006 MiB, 24576 MiB, 7 %
2026/09/05 17:10:52.254, NVIDIA GeForce RTX 3090, P2, 270.00 W, 231.72 W, 73, 6006 MiB, 24576 MiB, 47 %
2026/09/05 17:11:02.255, NVIDIA GeForce RTX 3090, P2, 270.00 W, 234.74 W, 71, 6006 MiB, 24576 MiB, 4 %
2026/09/05 17:11:12.256, NVIDIA GeForce RTX 3090, P2, 270.00 W, 219.45 W, 73, 6006 MiB, 24576 MiB, 30 %
2026/09/05 17:11:22.257, NVIDIA GeForce RTX 3090, P2, 270.00 W, 218.26 W, 73, 6006 MiB, 24576 MiB, 5 %
2026/09/05 17:11:32.258, NVIDIA GeForce RTX 3090, P2, 270.00 W, 220.79 W, 72, 6006 MiB, 24576 MiB, 12 %
2026/09/05 17:11:42.260, NVIDIA GeForce RTX 3090, P2, 270.00 W, 233.26 W, 72, 6006 MiB, 24576 MiB, 44 %
2026/09/05 17:11:52.261, NVIDIA GeForce RTX 3090, P2, 270.00 W, 227.55 W, 73, 6006 MiB, 24576 MiB, 46 %
2026/09/05 17:12:02.262, NVIDIA GeForce RTX 3090, P2, 270.00 W, 224.36 W, 74, 6006 MiB, 24576 MiB, 0 %
2026/09/05 17:12:12.263, NVIDIA GeForce RTX 3090, P2, 270.00 W, 217.12 W, 71, 6006 MiB, 24576 MiB, 0 %
2026/09/05 17:12:22.265, NVIDIA GeForce RTX 3090, P2, 270.00 W, 223.53 W, 72, 6006 MiB, 24576 MiB, 48 %
2026/09/05 17:12:32.266, NVIDIA GeForce RTX 3090, P2, 270.00 W, 231.27 W, 72, 6006 MiB, 24576 MiB, 30 %
2026/09/05 17:12:42.267, NVIDIA GeForce RTX 3090, P2, 270.00 W, 216.11 W, 71, 6006 MiB, 24576 MiB, 30 %
2026/09/05 17:12:52.269, NVIDIA GeForce RTX 3090, P2, 270.00 W, 214.18 W, 72, 6006 MiB, 24576 MiB, 38 %
2026/09/05 17:13:02.270, NVIDIA GeForce RTX 3090, P2, 270.00 W, 211.89 W, 71, 6006 MiB, 24576 MiB, 0 %
2026/09/05 17:13:12.271, NVIDIA GeForce RTX 3090, P2, 270.00 W, 225.63 W, 73, 6006 MiB, 24576 MiB, 10 %
2026/09/05 17:13:22.273, NVIDIA GeForce RTX 3090, P2, 270.00 W, 226.05 W, 71, 6006 MiB, 24576 MiB, 49 %
2026/09/05 17:13:32.274, NVIDIA GeForce RTX 3090, P2, 270.00 W, 219.50 W, 73, 6006 MiB, 24576 MiB, 30 %
2026/09/05 17:13:42.275, NVIDIA GeForce RTX 3090, P2, 270.00 W, 210.90 W, 71, 6006 MiB, 24576 MiB, 9 %
2026/09/05 17:13:52.276, NVIDIA GeForce RTX 3090, P2, 270.00 W, 224.00 W, 72, 6006 MiB, 24576 MiB, 5 %
2026/09/05 17:14:02.278, NVIDIA GeForce RTX 3090, P2, 270.00 W, 227.66 W, 72, 6006 MiB, 24576 MiB, 36 %
2026/09/05 17:14:12.279, NVIDIA GeForce RTX 3090, P2, 270.00 W, 234.66 W, 72, 6006 MiB, 24576 MiB, 19 %
2026/09/05 17:14:22.281, NVIDIA GeForce RTX 3090, P2, 270.00 W, 222.90 W, 73, 6006 MiB, 24576 MiB, 0 %
2026/09/05 17:14:32.282, NVIDIA GeForce RTX 3090, P2, 270.00 W, 222.09 W, 73, 6006 MiB, 24576 MiB, 0 %
2026/09/05 17:14:42.284, NVIDIA GeForce RTX 3090, P2, 270.00 W, 222.95 W, 71, 6006 MiB, 24576 MiB, 46 %
2026/09/05 17:14:52.285, NVIDIA GeForce RTX 3090, P2, 270.00 W, 229.34 W, 72, 6006 MiB, 24576 MiB, 48 %
2026/09/05 17:15:02.286, NVIDIA GeForce RTX 3090, P2, 270.00 W, 220.13 W, 72, 6006 MiB, 24576 MiB, 45 %
2026/09/05 17:15:12.287, NVIDIA GeForce RTX 3090, P2, 270.00 W, 222.93 W, 73, 6006 MiB, 24576 MiB, 46 %
2026/09/05 17:15:22.289, NVIDIA GeForce RTX 3090, P2, 270.00 W, 218.24 W, 72, 6006 MiB, 24576 MiB, 10 %
2026/09/05 17:15:32.290, NVIDIA GeForce RTX 3090, P2, 270.00 W, 223.15 W, 72, 6006 MiB, 24576 MiB, 30 %
2026/09/05 17:15:42.291, NVIDIA GeForce RTX 3090, P2, 270.00 W, 233.87 W, 72, 6006 MiB, 24576 MiB, 30 %
2026/09/05 17:15:52.292, NVIDIA GeForce RTX 3090, P2, 270.00 W, 224.38 W, 73, 6006 MiB, 24576 MiB, 31 %
2026/09/05 17:16:02.294, NVIDIA GeForce RTX 3090, P2, 270.00 W, 224.77 W, 73, 6006 MiB, 24576 MiB, 52 %
2026/09/05 17:16:12.295, NVIDIA GeForce RTX 3090, P2, 270.00 W, 215.66 W, 71, 6006 MiB, 24576 MiB, 48 %
2026/09/05 17:16:22.296, NVIDIA GeForce RTX 3090, P2, 270.00 W, 229.16 W, 72, 6006 MiB, 24576 MiB, 1 %
2026/09/05 17:16:32.297, NVIDIA GeForce RTX 3090, P2, 270.00 W, 234.47 W, 72, 6006 MiB, 24576 MiB, 4 %
2026/09/05 17:16:42.298, NVIDIA GeForce RTX 3090, P2, 270.00 W, 220.66 W, 73, 6006 MiB, 24576 MiB, 30 %
2026/09/05 17:16:52.300, NVIDIA GeForce RTX 3090, P2, 270.00 W, 222.37 W, 72, 6006 MiB, 24576 MiB, 47 %
2026/09/05 17:17:02.301, NVIDIA GeForce RTX 3090, P2, 270.00 W, 210.93 W, 71, 6006 MiB, 24576 MiB, 11 %
2026/09/05 17:17:12.302, NVIDIA GeForce RTX 3090, P2, 270.00 W, 225.73 W, 73, 6006 MiB, 24576 MiB, 47 %
2026/09/05 17:17:22.303, NVIDIA GeForce RTX 3090, P2, 270.00 W, 234.40 W, 72, 6006 MiB, 24576 MiB, 30 %
2026/09/05 17:17:32.305, NVIDIA GeForce RTX 3090, P2, 270.00 W, 221.16 W, 73, 6006 MiB, 24576 MiB, 30 %
2026/09/05 17:17:42.306, NVIDIA GeForce RTX 3090, P2, 270.00 W, 211.26 W, 71, 6006 MiB, 24576 MiB, 15 %
2026/09/05 17:17:52.307, NVIDIA GeForce RTX 3090, P2, 270.00 W, 219.17 W, 71, 6006 MiB, 24576 MiB, 46 %
2026/09/05 17:18:02.308, NVIDIA GeForce RTX 3090, P2, 270.00 W, 236.79 W, 73, 6006 MiB, 24576 MiB, 46 %
2026/09/05 17:18:12.310, NVIDIA GeForce RTX 3090, P2, 270.00 W, 220.33 W, 71, 6006 MiB, 24576 MiB, 46 %
2026/09/05 17:18:22.311, NVIDIA GeForce RTX 3090, P2, 270.00 W, 218.84 W, 73, 6006 MiB, 24576 MiB, 21 %
2026/09/05 17:18:32.312, NVIDIA GeForce RTX 3090, P2, 270.00 W, 208.92 W, 71, 6006 MiB, 24576 MiB, 13 %
2026/09/05 17:18:42.314, NVIDIA GeForce RTX 3090, P2, 270.00 W, 230.55 W, 73, 6006 MiB, 24576 MiB, 47 %
2026/09/05 17:18:52.315, NVIDIA GeForce RTX 3090, P2, 270.00 W, 226.10 W, 71, 6006 MiB, 24576 MiB, 20 %
2026/09/05 17:19:02.316, NVIDIA GeForce RTX 3090, P2, 270.00 W, 223.09 W, 72, 6006 MiB, 24576 MiB, 47 %
2026/09/05 17:19:12.317, NVIDIA GeForce RTX 3090, P2, 270.00 W, 223.38 W, 74, 6006 MiB, 24576 MiB, 46 %
2026/09/05 17:19:22.318, NVIDIA GeForce RTX 3090, P2, 270.00 W, 212.36 W, 71, 6006 MiB, 24576 MiB, 0 %
2026/09/05 17:19:32.320, NVIDIA GeForce RTX 3090, P2, 270.00 W, 219.79 W, 71, 6006 MiB, 24576 MiB, 5 %
2026/09/05 17:19:42.321, NVIDIA GeForce RTX 3090, P2, 270.00 W, 232.28 W, 72, 6006 MiB, 24576 MiB, 19 %
2026/09/05 17:19:52.322, NVIDIA GeForce RTX 3090, P2, 270.00 W, 217.00 W, 74, 6006 MiB, 24576 MiB, 46 %
2026/09/05 17:20:02.323, NVIDIA GeForce RTX 3090, P2, 270.00 W, 221.14 W, 72, 6006 MiB, 24576 MiB, 10 %
2026/09/05 17:20:12.325, NVIDIA GeForce RTX 3090, P2, 270.00 W, 216.81 W, 71, 6006 MiB, 24576 MiB, 30 %
2026/09/05 17:20:22.326, NVIDIA GeForce RTX 3090, P2, 270.00 W, 228.07 W, 72, 6006 MiB, 24576 MiB, 48 %
2026/09/05 17:20:32.327, NVIDIA GeForce RTX 3090, P2, 270.00 W, 231.26 W, 72, 6006 MiB, 24576 MiB, 48 %
2026/09/05 17:20:42.328, NVIDIA GeForce RTX 3090, P2, 270.00 W, 221.58 W, 72, 6006 MiB, 24576 MiB, 26 %
2026/09/05 17:20:52.330, NVIDIA GeForce RTX 3090, P2, 270.00 W, 220.01 W, 72, 6006 MiB, 24576 MiB, 29 %
2026/09/05 17:21:02.331, NVIDIA GeForce RTX 3090, P2, 270.00 W, 218.89 W, 71, 6006 MiB, 24576 MiB, 4 %
2026/09/05 17:21:12.333, NVIDIA GeForce RTX 3090, P2, 270.00 W, 230.03 W, 72, 6006 MiB, 24576 MiB, 40 %
2026/09/05 17:21:22.334, NVIDIA GeForce RTX 3090, P2, 270.00 W, 226.35 W, 73, 6006 MiB, 24576 MiB, 47 %
2026/09/05 17:21:32.335, NVIDIA GeForce RTX 3090, P2, 270.00 W, 218.07 W, 73, 6006 MiB, 24576 MiB, 47 %
2026/09/05 17:21:42.336, NVIDIA GeForce RTX 3090, P2, 270.00 W, 209.83 W, 71, 6006 MiB, 24576 MiB, 14 %
2026/09/05 17:21:52.338, NVIDIA GeForce RTX 3090, P2, 270.00 W, 216.85 W, 71, 6006 MiB, 24576 MiB, 38 %
2026/09/05 17:22:02.339, NVIDIA GeForce RTX 3090, P2, 270.00 W, 230.58 W, 73, 6006 MiB, 24576 MiB, 48 %
2026/09/05 17:22:12.340, NVIDIA GeForce RTX 3090, P2, 270.00 W, 227.51 W, 73, 6006 MiB, 24576 MiB, 41 %
2026/09/05 17:22:22.342, NVIDIA GeForce RTX 3090, P2, 270.00 W, 221.46 W, 72, 6006 MiB, 24576 MiB, 0 %
2026/09/05 17:22:32.343, NVIDIA GeForce RTX 3090, P2, 270.00 W, 234.17 W, 73, 6006 MiB, 24576 MiB, 43 %
2026/09/05 17:22:42.344, NVIDIA GeForce RTX 3090, P2, 270.00 W, 224.38 W, 72, 6006 MiB, 24576 MiB, 30 %
2026/09/05 17:22:52.345, NVIDIA GeForce RTX 3090, P2, 270.00 W, 219.94 W, 73, 6006 MiB, 24576 MiB, 13 %
2026/09/05 17:23:02.347, NVIDIA GeForce RTX 3090, P2, 270.00 W, 212.60 W, 71, 6006 MiB, 24576 MiB, 46 %
2026/09/05 17:23:12.348, NVIDIA GeForce RTX 3090, P2, 270.00 W, 224.15 W, 73, 6006 MiB, 24576 MiB, 47 %
2026/09/05 17:23:22.349, NVIDIA GeForce RTX 3090, P2, 270.00 W, 228.45 W, 72, 6006 MiB, 24576 MiB, 49 %
2026/09/05 17:23:32.350, NVIDIA GeForce RTX 3090, P2, 270.00 W, 220.34 W, 74, 6006 MiB, 24576 MiB, 0 %
2026/09/05 17:23:42.352, NVIDIA GeForce RTX 3090, P2, 270.00 W, 212.85 W, 71, 6006 MiB, 24576 MiB, 47 %
2026/09/05 17:23:52.353, NVIDIA GeForce RTX 3090, P2, 270.00 W, 225.29 W, 73, 6006 MiB, 24576 MiB, 47 %
2026/09/05 17:24:02.354, NVIDIA GeForce RTX 3090, P2, 270.00 W, 232.35 W, 72, 6006 MiB, 24576 MiB, 30 %
2026/09/05 17:24:12.355, NVIDIA GeForce RTX 3090, P2, 270.00 W, 227.21 W, 73, 6006 MiB, 24576 MiB, 37 %
2026/09/05 17:24:22.356, NVIDIA GeForce RTX 3090, P2, 270.00 W, 221.18 W, 73, 6006 MiB, 24576 MiB, 47 %
2026/09/05 17:24:32.357, NVIDIA GeForce RTX 3090, P2, 270.00 W, 205.52 W, 71, 6006 MiB, 24576 MiB, 48 %
2026/09/05 17:24:42.359, NVIDIA GeForce RTX 3090, P2, 270.00 W, 226.68 W, 72, 6006 MiB, 24576 MiB, 25 %
2026/09/05 17:24:52.360, NVIDIA GeForce RTX 3090, P2, 270.00 W, 221.32 W, 72, 6006 MiB, 24576 MiB, 48 %
2026/09/05 17:25:02.361, NVIDIA GeForce RTX 3090, P2, 270.00 W, 231.68 W, 73, 6006 MiB, 24576 MiB, 47 %
2026/09/05 17:25:12.362, NVIDIA GeForce RTX 3090, P2, 270.00 W, 217.21 W, 74, 6006 MiB, 24576 MiB, 0 %
2026/09/05 17:25:22.364, NVIDIA GeForce RTX 3090, P2, 270.00 W, 205.17 W, 70, 6006 MiB, 24576 MiB, 48 %
2026/09/05 17:25:32.365, NVIDIA GeForce RTX 3090, P2, 270.00 W, 228.03 W, 72, 6006 MiB, 24576 MiB, 42 %
2026/09/05 17:25:42.366, NVIDIA GeForce RTX 3090, P2, 270.00 W, 235.48 W, 71, 6006 MiB, 24576 MiB, 4 %
2026/09/05 17:25:52.368, NVIDIA GeForce RTX 3090, P2, 270.00 W, 216.32 W, 71, 6006 MiB, 24576 MiB, 47 %
2026/09/05 17:26:02.369, NVIDIA GeForce RTX 3090, P2, 270.00 W, 221.29 W, 74, 6006 MiB, 24576 MiB, 0 %
2026/09/05 17:26:12.370, NVIDIA GeForce RTX 3090, P2, 270.00 W, 209.77 W, 70, 6006 MiB, 24576 MiB, 0 %
2026/09/05 17:26:22.371, NVIDIA GeForce RTX 3090, P2, 270.00 W, 228.07 W, 73, 6006 MiB, 24576 MiB, 47 %
2026/09/05 17:26:32.373, NVIDIA GeForce RTX 3090, P2, 270.00 W, 236.21 W, 73, 6006 MiB, 24576 MiB, 40 %
2026/09/05 17:26:42.374, NVIDIA GeForce RTX 3090, P2, 270.00 W, 228.82 W, 73, 6006 MiB, 24576 MiB, 41 %
2026/09/05 17:26:52.375, NVIDIA GeForce RTX 3090, P2, 270.00 W, 227.99 W, 73, 6006 MiB, 24576 MiB, 47 %
2026/09/05 17:27:02.377, NVIDIA GeForce RTX 3090, P2, 270.00 W, 216.39 W, 73, 6006 MiB, 24576 MiB, 48 %
2026/09/05 17:27:12.378, NVIDIA GeForce RTX 3090, P2, 270.00 W, 212.47 W, 71, 6006 MiB, 24576 MiB, 11 %
2026/09/05 17:27:22.379, NVIDIA GeForce RTX 3090, P2, 270.00 W, 225.08 W, 72, 6006 MiB, 24576 MiB, 10 %
2026/09/05 17:27:32.381, NVIDIA GeForce RTX 3090, P2, 270.00 W, 232.32 W, 72, 6006 MiB, 24576 MiB, 9 %
2026/09/05 17:27:42.382, NVIDIA GeForce RTX 3090, P2, 270.00 W, 222.07 W, 73, 6006 MiB, 24576 MiB, 28 %
2026/09/05 17:27:52.383, NVIDIA GeForce RTX 3090, P2, 270.00 W, 219.61 W, 71, 6006 MiB, 24576 MiB, 0 %
2026/09/05 17:28:02.385, NVIDIA GeForce RTX 3090, P2, 270.00 W, 230.60 W, 73, 6006 MiB, 24576 MiB, 36 %
2026/09/05 17:28:12.386, NVIDIA GeForce RTX 3090, P2, 270.00 W, 222.00 W, 72, 6006 MiB, 24576 MiB, 45 %
2026/09/05 17:28:22.387, NVIDIA GeForce RTX 3090, P2, 270.00 W, 215.28 W, 73, 6006 MiB, 24576 MiB, 7 %
2026/09/05 17:28:32.388, NVIDIA GeForce RTX 3090, P2, 270.00 W, 225.85 W, 72, 6006 MiB, 24576 MiB, 5 %
2026/09/05 17:28:42.389, NVIDIA GeForce RTX 3090, P2, 270.00 W, 234.86 W, 71, 6006 MiB, 24576 MiB, 4 %
2026/09/05 17:28:52.391, NVIDIA GeForce RTX 3090, P2, 270.00 W, 217.15 W, 72, 6006 MiB, 24576 MiB, 30 %
2026/09/05 17:29:02.392, NVIDIA GeForce RTX 3090, P2, 270.00 W, 214.92 W, 73, 6006 MiB, 24576 MiB, 6 %
2026/09/05 17:29:12.394, NVIDIA GeForce RTX 3090, P2, 270.00 W, 221.67 W, 74, 6006 MiB, 24576 MiB, 46 %
2026/09/05 17:29:22.395, NVIDIA GeForce RTX 3090, P2, 270.00 W, 237.41 W, 72, 6006 MiB, 24576 MiB, 28 %
2026/09/05 17:29:32.396, NVIDIA GeForce RTX 3090, P2, 270.00 W, 220.66 W, 74, 6006 MiB, 24576 MiB, 0 %
2026/09/05 17:29:42.397, NVIDIA GeForce RTX 3090, P2, 270.00 W, 212.46 W, 71, 6006 MiB, 24576 MiB, 48 %
2026/09/05 17:29:52.398, NVIDIA GeForce RTX 3090, P2, 270.00 W, 227.74 W, 72, 6006 MiB, 24576 MiB, 48 %
2026/09/05 17:30:02.400, NVIDIA GeForce RTX 3090, P2, 270.00 W, 226.54 W, 71, 6006 MiB, 24576 MiB, 46 %
2026/09/05 17:30:12.401, NVIDIA GeForce RTX 3090, P2, 270.00 W, 220.64 W, 73, 6006 MiB, 24576 MiB, 46 %
2026/09/05 17:30:22.402, NVIDIA GeForce RTX 3090, P2, 270.00 W, 207.92 W, 70, 6006 MiB, 24576 MiB, 0 %
2026/09/05 17:30:32.403, NVIDIA GeForce RTX 3090, P2, 270.00 W, 224.90 W, 73, 6006 MiB, 24576 MiB, 3 %
2026/09/05 17:30:42.404, NVIDIA GeForce RTX 3090, P2, 270.00 W, 227.93 W, 71, 6006 MiB, 24576 MiB, 31 %
2026/09/05 17:30:52.406, NVIDIA GeForce RTX 3090, P2, 270.00 W, 219.09 W, 73, 6006 MiB, 24576 MiB, 30 %
2026/09/05 17:31:02.407, NVIDIA GeForce RTX 3090, P2, 270.00 W, 218.41 W, 71, 6006 MiB, 24576 MiB, 47 %
2026/09/05 17:31:12.408, NVIDIA GeForce RTX 3090, P2, 270.00 W, 224.53 W, 72, 6006 MiB, 24576 MiB, 48 %
2026/09/05 17:31:22.410, NVIDIA GeForce RTX 3090, P2, 270.00 W, 237.81 W, 73, 6006 MiB, 24576 MiB, 47 %
2026/09/05 17:31:32.411, NVIDIA GeForce RTX 3090, P2, 270.00 W, 218.47 W, 73, 6006 MiB, 24576 MiB, 28 %
2026/09/05 17:31:42.412, NVIDIA GeForce RTX 3090, P2, 270.00 W, 221.70 W, 73, 6006 MiB, 24576 MiB, 0 %
2026/09/05 17:31:52.414, NVIDIA GeForce RTX 3090, P2, 270.00 W, 218.57 W, 71, 6006 MiB, 24576 MiB, 0 %
2026/09/05 17:32:02.415, NVIDIA GeForce RTX 3090, P2, 270.00 W, 229.19 W, 72, 6006 MiB, 24576 MiB, 37 %
2026/09/05 17:32:12.416, NVIDIA GeForce RTX 3090, P2, 270.00 W, 234.51 W, 72, 6006 MiB, 24576 MiB, 25 %
2026/09/05 17:32:22.417, NVIDIA GeForce RTX 3090, P2, 270.00 W, 226.47 W, 73, 6006 MiB, 24576 MiB, 9 %
2026/09/05 17:32:32.419, NVIDIA GeForce RTX 3090, P2, 270.00 W, 218.70 W, 73, 6006 MiB, 24576 MiB, 30 %
2026/09/05 17:32:42.420, NVIDIA GeForce RTX 3090, P2, 270.00 W, 220.12 W, 71, 6006 MiB, 24576 MiB, 5 %
2026/09/05 17:32:52.421, NVIDIA GeForce RTX 3090, P2, 270.00 W, 224.08 W, 72, 6006 MiB, 24576 MiB, 41 %
2026/09/05 17:33:02.422, NVIDIA GeForce RTX 3090, P2, 270.00 W, 221.60 W, 71, 6006 MiB, 24576 MiB, 47 %
2026/09/05 17:33:12.423, NVIDIA GeForce RTX 3090, P2, 270.00 W, 222.92 W, 74, 6006 MiB, 24576 MiB, 46 %
2026/09/05 17:33:22.424, NVIDIA GeForce RTX 3090, P2, 270.00 W, 209.14 W, 71, 6006 MiB, 24576 MiB, 0 %
2026/09/05 17:33:32.426, NVIDIA GeForce RTX 3090, P2, 270.00 W, 225.40 W, 72, 6006 MiB, 24576 MiB, 11 %
2026/09/05 17:33:42.427, NVIDIA GeForce RTX 3090, P2, 270.00 W, 236.74 W, 72, 6006 MiB, 24576 MiB, 18 %
2026/09/05 17:33:52.428, NVIDIA GeForce RTX 3090, P2, 270.00 W, 212.99 W, 73, 6006 MiB, 24576 MiB, 43 %
2026/09/05 17:34:02.430, NVIDIA GeForce RTX 3090, P2, 270.00 W, 211.48 W, 71, 6006 MiB, 24576 MiB, 0 %
2026/09/05 17:34:12.431, NVIDIA GeForce RTX 3090, P2, 270.00 W, 228.69 W, 73, 6006 MiB, 24576 MiB, 48 %
2026/09/05 17:34:22.432, NVIDIA GeForce RTX 3090, P2, 270.00 W, 236.49 W, 73, 6006 MiB, 24576 MiB, 48 %
2026/09/05 17:34:32.433, NVIDIA GeForce RTX 3090, P2, 270.00 W, 216.80 W, 73, 6006 MiB, 24576 MiB, 0 %
2026/09/05 17:34:42.435, NVIDIA GeForce RTX 3090, P2, 270.00 W, 214.79 W, 71, 6006 MiB, 24576 MiB, 0 %
2026/09/05 17:34:52.436, NVIDIA GeForce RTX 3090, P2, 270.00 W, 232.33 W, 72, 6006 MiB, 24576 MiB, 31 %
2026/09/05 17:35:02.437, NVIDIA GeForce RTX 3090, P2, 270.00 W, 231.89 W, 72, 6006 MiB, 24576 MiB, 47 %
2026/09/05 17:35:12.438, NVIDIA GeForce RTX 3090, P2, 270.00 W, 231.68 W, 73, 6006 MiB, 24576 MiB, 46 %
2026/09/05 17:35:22.440, NVIDIA GeForce RTX 3090, P2, 270.00 W, 220.46 W, 74, 6006 MiB, 24576 MiB, 46 %
2026/09/05 17:35:32.441, NVIDIA GeForce RTX 3090, P2, 270.00 W, 215.49 W, 71, 6006 MiB, 24576 MiB, 0 %
2026/09/05 17:35:42.442, NVIDIA GeForce RTX 3090, P2, 270.00 W, 227.84 W, 73, 6006 MiB, 24576 MiB, 47 %
2026/09/05 17:35:52.443, NVIDIA GeForce RTX 3090, P2, 270.00 W, 236.29 W, 72, 6006 MiB, 24576 MiB, 32 %
2026/09/05 17:36:02.444, NVIDIA GeForce RTX 3090, P2, 270.00 W, 218.41 W, 73, 6006 MiB, 24576 MiB, 33 %
2026/09/05 17:36:12.445, NVIDIA GeForce RTX 3090, P2, 270.00 W, 216.20 W, 72, 6006 MiB, 24576 MiB, 4 %
2026/09/05 17:36:22.447, NVIDIA GeForce RTX 3090, P2, 270.00 W, 217.15 W, 72, 6006 MiB, 24576 MiB, 3 %
2026/09/05 17:36:32.448, NVIDIA GeForce RTX 3090, P2, 270.00 W, 225.02 W, 73, 6006 MiB, 24576 MiB, 44 %
2026/09/05 17:36:42.449, NVIDIA GeForce RTX 3090, P2, 270.00 W, 233.78 W, 72, 6006 MiB, 24576 MiB, 29 %
2026/09/05 17:36:52.450, NVIDIA GeForce RTX 3090, P2, 270.00 W, 221.70 W, 73, 6006 MiB, 24576 MiB, 23 %
2026/09/05 17:37:02.451, NVIDIA GeForce RTX 3090, P2, 270.00 W, 208.71 W, 71, 6006 MiB, 24576 MiB, 0 %
2026/09/05 17:37:12.453, NVIDIA GeForce RTX 3090, P2, 270.00 W, 223.36 W, 73, 6006 MiB, 24576 MiB, 46 %
2026/09/05 17:37:22.454, NVIDIA GeForce RTX 3090, P2, 270.00 W, 225.65 W, 72, 6006 MiB, 24576 MiB, 48 %
2026/09/05 17:37:32.455, NVIDIA GeForce RTX 3090, P2, 270.00 W, 218.88 W, 73, 6006 MiB, 24576 MiB, 0 %
2026/09/05 17:37:42.456, NVIDIA GeForce RTX 3090, P2, 270.00 W, 212.05 W, 71, 6006 MiB, 24576 MiB, 0 %
2026/09/05 17:37:52.457, NVIDIA GeForce RTX 3090, P2, 270.00 W, 229.86 W, 73, 6006 MiB, 24576 MiB, 47 %
2026/09/05 17:38:02.458, NVIDIA GeForce RTX 3090, P2, 270.00 W, 224.49 W, 70, 6006 MiB, 24576 MiB, 32 %
2026/09/05 17:38:12.460, NVIDIA GeForce RTX 3090, P2, 270.00 W, 221.07 W, 73, 6006 MiB, 24576 MiB, 30 %
2026/09/05 17:38:22.461, NVIDIA GeForce RTX 3090, P2, 270.00 W, 214.78 W, 72, 6006 MiB, 24576 MiB, 38 %
2026/09/05 17:38:32.462, NVIDIA GeForce RTX 3090, P2, 270.00 W, 232.26 W, 72, 6006 MiB, 24576 MiB, 5 %
2026/09/05 17:38:42.463, NVIDIA GeForce RTX 3090, P2, 270.00 W, 226.95 W, 72, 6006 MiB, 24576 MiB, 47 %
2026/09/05 17:38:52.465, NVIDIA GeForce RTX 3090, P2, 270.00 W, 227.46 W, 73, 6006 MiB, 24576 MiB, 47 %
2026/09/05 17:39:02.466, NVIDIA GeForce RTX 3090, P2, 270.00 W, 221.51 W, 73, 6006 MiB, 24576 MiB, 38 %
2026/09/05 17:39:12.467, NVIDIA GeForce RTX 3090, P2, 270.00 W, 217.50 W, 73, 6006 MiB, 24576 MiB, 49 %
2026/09/05 17:39:22.469, NVIDIA GeForce RTX 3090, P2, 270.00 W, 222.47 W, 71, 6006 MiB, 24576 MiB, 0 %
2026/09/05 17:39:32.470, NVIDIA GeForce RTX 3090, P2, 270.00 W, 226.76 W, 72, 6006 MiB, 24576 MiB, 41 %
2026/09/05 17:39:42.471, NVIDIA GeForce RTX 3090, P2, 270.00 W, 232.39 W, 71, 6006 MiB, 24576 MiB, 8 %
2026/09/05 17:39:52.473, NVIDIA GeForce RTX 3090, P2, 270.00 W, 221.16 W, 73, 6006 MiB, 24576 MiB, 22 %
2026/09/05 17:40:02.474, NVIDIA GeForce RTX 3090, P2, 270.00 W, 219.93 W, 72, 6006 MiB, 24576 MiB, 20 %
2026/09/05 17:40:12.475, NVIDIA GeForce RTX 3090, P2, 270.00 W, 220.61 W, 71, 6006 MiB, 24576 MiB, 30 %
2026/09/05 17:40:22.477, NVIDIA GeForce RTX 3090, P2, 270.00 W, 225.77 W, 71, 6006 MiB, 24576 MiB, 24 %
2026/09/05 17:40:32.478, NVIDIA GeForce RTX 3090, P2, 270.00 W, 230.58 W, 73, 6006 MiB, 24576 MiB, 10 %
2026/09/05 17:40:42.479, NVIDIA GeForce RTX 3090, P2, 270.00 W, 217.65 W, 73, 6006 MiB, 24576 MiB, 30 %
2026/09/05 17:40:52.481, NVIDIA GeForce RTX 3090, P2, 270.00 W, 219.40 W, 73, 6006 MiB, 24576 MiB, 0 %
2026/09/05 17:41:02.482, NVIDIA GeForce RTX 3090, P2, 270.00 W, 214.71 W, 71, 6006 MiB, 24576 MiB, 48 %
2026/09/05 17:41:12.484, NVIDIA GeForce RTX 3090, P2, 270.00 W, 222.63 W, 72, 6006 MiB, 24576 MiB, 29 %
2026/09/05 17:41:22.485, NVIDIA GeForce RTX 3090, P2, 270.00 W, 236.66 W, 72, 6006 MiB, 24576 MiB, 3 %
2026/09/05 17:41:32.486, NVIDIA GeForce RTX 3090, P2, 270.00 W, 228.52 W, 73, 6006 MiB, 24576 MiB, 46 %
2026/09/05 17:41:42.487, NVIDIA GeForce RTX 3090, P2, 270.00 W, 221.20 W, 74, 6006 MiB, 24576 MiB, 0 %
2026/09/05 17:41:52.489, NVIDIA GeForce RTX 3090, P2, 270.00 W, 229.62 W, 71, 6006 MiB, 24576 MiB, 43 %
2026/09/05 17:42:02.490, NVIDIA GeForce RTX 3090, P2, 270.00 W, 220.43 W, 72, 6006 MiB, 24576 MiB, 47 %
2026/09/05 17:42:12.491, NVIDIA GeForce RTX 3090, P2, 270.00 W, 227.66 W, 71, 6006 MiB, 24576 MiB, 6 %
2026/09/05 17:42:22.492, NVIDIA GeForce RTX 3090, P2, 270.00 W, 219.26 W, 72, 6006 MiB, 24576 MiB, 30 %
2026/09/05 17:42:32.493, NVIDIA GeForce RTX 3090, P2, 270.00 W, 223.82 W, 73, 6006 MiB, 24576 MiB, 0 %
2026/09/05 17:42:42.495, NVIDIA GeForce RTX 3090, P2, 270.00 W, 210.04 W, 71, 6006 MiB, 24576 MiB, 0 %
2026/09/05 17:42:52.496, NVIDIA GeForce RTX 3090, P2, 270.00 W, 225.91 W, 73, 6006 MiB, 24576 MiB, 42 %
2026/09/05 17:43:02.497, NVIDIA GeForce RTX 3090, P2, 270.00 W, 231.62 W, 72, 6006 MiB, 24576 MiB, 30 %
2026/09/05 17:43:12.498, NVIDIA GeForce RTX 3090, P2, 270.00 W, 222.86 W, 73, 6006 MiB, 24576 MiB, 14 %
2026/09/05 17:43:22.500, NVIDIA GeForce RTX 3090, P2, 270.00 W, 212.46 W, 71, 6006 MiB, 24576 MiB, 2 %
2026/09/05 17:43:32.501, NVIDIA GeForce RTX 3090, P2, 270.00 W, 218.77 W, 71, 6006 MiB, 24576 MiB, 12 %
2026/09/05 17:43:42.502, NVIDIA GeForce RTX 3090, P2, 270.00 W, 219.53 W, 72, 6006 MiB, 24576 MiB, 36 %
2026/09/05 17:43:52.503, NVIDIA GeForce RTX 3090, P2, 270.00 W, 223.15 W, 71, 6006 MiB, 24576 MiB, 47 %
2026/09/05 17:44:02.505, NVIDIA GeForce RTX 3090, P2, 270.00 W, 220.45 W, 74, 6006 MiB, 24576 MiB, 44 %
2026/09/05 17:44:12.506, NVIDIA GeForce RTX 3090, P2, 270.00 W, 220.82 W, 71, 6006 MiB, 24576 MiB, 47 %
2026/09/05 17:44:22.507, NVIDIA GeForce RTX 3090, P2, 270.00 W, 223.12 W, 73, 6006 MiB, 24576 MiB, 28 %
2026/09/05 17:44:32.508, NVIDIA GeForce RTX 3090, P2, 270.00 W, 226.16 W, 73, 6006 MiB, 24576 MiB, 46 %
2026/09/05 17:44:42.510, NVIDIA GeForce RTX 3090, P2, 270.00 W, 222.73 W, 72, 6006 MiB, 24576 MiB, 33 %
2026/09/05 17:44:52.511, NVIDIA GeForce RTX 3090, P2, 270.00 W, 207.84 W, 72, 6006 MiB, 24576 MiB, 30 %
2026/09/05 17:45:02.512, NVIDIA GeForce RTX 3090, P2, 270.00 W, 221.51 W, 72, 6006 MiB, 24576 MiB, 3 %
2026/09/05 17:45:12.513, NVIDIA GeForce RTX 3090, P2, 270.00 W, 232.42 W, 73, 6006 MiB, 24576 MiB, 43 %
2026/09/05 17:45:22.515, NVIDIA GeForce RTX 3090, P2, 270.00 W, 233.98 W, 72, 6006 MiB, 24576 MiB, 44 %
2026/09/05 17:45:32.516, NVIDIA GeForce RTX 3090, P2, 270.00 W, 220.23 W, 74, 6006 MiB, 24576 MiB, 24 %
2026/09/05 17:45:42.517, NVIDIA GeForce RTX 3090, P2, 270.00 W, 209.97 W, 71, 6006 MiB, 24576 MiB, 42 %
2026/09/05 17:45:52.518, NVIDIA GeForce RTX 3090, P2, 270.00 W, 220.20 W, 73, 6006 MiB, 24576 MiB, 9 %
2026/09/05 17:46:02.519, NVIDIA GeForce RTX 3090, P2, 270.00 W, 217.77 W, 71, 6006 MiB, 24576 MiB, 35 %
2026/09/05 17:46:12.520, NVIDIA GeForce RTX 3090, P2, 270.00 W, 221.09 W, 73, 6006 MiB, 24576 MiB, 4 %
2026/09/05 17:46:22.522, NVIDIA GeForce RTX 3090, P2, 270.00 W, 215.18 W, 72, 6006 MiB, 24576 MiB, 5 %
2026/09/05 17:46:32.523, NVIDIA GeForce RTX 3090, P2, 270.00 W, 223.19 W, 71, 6006 MiB, 24576 MiB, 31 %
2026/09/05 17:46:42.524, NVIDIA GeForce RTX 3090, P2, 270.00 W, 225.36 W, 72, 6006 MiB, 24576 MiB, 20 %
2026/09/05 17:46:52.525, NVIDIA GeForce RTX 3090, P2, 270.00 W, 225.68 W, 73, 6006 MiB, 24576 MiB, 31 %
2026/09/05 17:47:02.526, NVIDIA GeForce RTX 3090, P2, 270.00 W, 211.91 W, 72, 6006 MiB, 24576 MiB, 5 %
2026/09/05 17:47:12.528, NVIDIA GeForce RTX 3090, P2, 270.00 W, 219.73 W, 72, 6006 MiB, 24576 MiB, 10 %
2026/09/05 17:47:22.529, NVIDIA GeForce RTX 3090, P2, 270.00 W, 228.78 W, 71, 6006 MiB, 24576 MiB, 23 %
2026/09/05 17:47:32.530, NVIDIA GeForce RTX 3090, P2, 270.00 W, 217.21 W, 72, 6006 MiB, 24576 MiB, 30 %
2026/09/05 17:47:42.531, NVIDIA GeForce RTX 3090, P2, 270.00 W, 217.46 W, 73, 6006 MiB, 24576 MiB, 42 %
2026/09/05 17:47:52.532, NVIDIA GeForce RTX 3090, P2, 270.00 W, 215.99 W, 71, 6006 MiB, 24576 MiB, 0 %
2026/09/05 17:48:02.533, NVIDIA GeForce RTX 3090, P2, 270.00 W, 232.20 W, 72, 6006 MiB, 24576 MiB, 43 %
2026/09/05 17:48:12.535, NVIDIA GeForce RTX 3090, P2, 270.00 W, 220.94 W, 72, 6006 MiB, 24576 MiB, 30 %
2026/09/05 17:48:22.536, NVIDIA GeForce RTX 3090, P2, 270.00 W, 213.86 W, 73, 6006 MiB, 24576 MiB, 34 %
2026/09/05 17:48:32.537, NVIDIA GeForce RTX 3090, P2, 270.00 W, 218.64 W, 71, 6006 MiB, 24576 MiB, 0 %
2026/09/05 17:48:42.538, NVIDIA GeForce RTX 3090, P2, 270.00 W, 228.73 W, 73, 6006 MiB, 24576 MiB, 44 %
2026/09/05 17:48:52.539, NVIDIA GeForce RTX 3090, P2, 270.00 W, 236.38 W, 72, 6006 MiB, 24576 MiB, 28 %
2026/09/05 17:49:02.540, NVIDIA GeForce RTX 3090, P2, 270.00 W, 218.97 W, 72, 6006 MiB, 24576 MiB, 33 %
2026/09/05 17:49:12.542, NVIDIA GeForce RTX 3090, P2, 270.00 W, 226.05 W, 73, 6006 MiB, 24576 MiB, 6 %
2026/09/05 17:49:22.543, NVIDIA GeForce RTX 3090, P2, 270.00 W, 218.46 W, 71, 6006 MiB, 24576 MiB, 4 %
2026/09/05 17:49:32.544, NVIDIA GeForce RTX 3090, P2, 270.00 W, 231.57 W, 72, 6006 MiB, 24576 MiB, 30 %
2026/09/05 17:49:42.545, NVIDIA GeForce RTX 3090, P2, 270.00 W, 226.06 W, 73, 6006 MiB, 24576 MiB, 26 %
2026/09/05 17:49:52.547, NVIDIA GeForce RTX 3090, P2, 270.00 W, 206.91 W, 73, 6006 MiB, 24576 MiB, 21 %
2026/09/05 17:50:02.548, NVIDIA GeForce RTX 3090, P2, 270.00 W, 220.43 W, 71, 6006 MiB, 24576 MiB, 31 %
2026/09/05 17:50:12.549, NVIDIA GeForce RTX 3090, P2, 270.00 W, 210.64 W, 71, 6006 MiB, 24576 MiB, 47 %
2026/09/05 17:50:22.551, NVIDIA GeForce RTX 3090, P2, 270.00 W, 228.86 W, 73, 6006 MiB, 24576 MiB, 42 %
2026/09/05 17:50:32.552, NVIDIA GeForce RTX 3090, P2, 270.00 W, 227.77 W, 71, 6006 MiB, 24576 MiB, 38 %
2026/09/05 17:50:42.553, NVIDIA GeForce RTX 3090, P2, 270.00 W, 220.98 W, 73, 6006 MiB, 24576 MiB, 0 %
2026/09/05 17:50:52.554, NVIDIA GeForce RTX 3090, P2, 270.00 W, 211.11 W, 72, 6006 MiB, 24576 MiB, 35 %
2026/09/05 17:51:02.556, NVIDIA GeForce RTX 3090, P2, 270.00 W, 210.58 W, 71, 6006 MiB, 24576 MiB, 47 %
2026/09/05 17:51:12.557, NVIDIA GeForce RTX 3090, P2, 270.00 W, 229.93 W, 73, 6006 MiB, 24576 MiB, 33 %
2026/09/05 17:51:22.558, NVIDIA GeForce RTX 3090, P2, 270.00 W, 233.57 W, 73, 6006 MiB, 24576 MiB, 47 %
2026/09/05 17:51:32.559, NVIDIA GeForce RTX 3090, P2, 270.00 W, 228.56 W, 74, 6006 MiB, 24576 MiB, 46 %
2026/09/05 17:51:42.561, NVIDIA GeForce RTX 3090, P2, 270.00 W, 220.17 W, 72, 6006 MiB, 24576 MiB, 37 %
2026/09/05 17:51:52.562, NVIDIA GeForce RTX 3090, P2, 270.00 W, 232.19 W, 72, 6006 MiB, 24576 MiB, 36 %
2026/09/05 17:52:02.563, NVIDIA GeForce RTX 3090, P2, 270.00 W, 225.36 W, 73, 6006 MiB, 24576 MiB, 41 %
2026/09/05 17:52:12.564, NVIDIA GeForce RTX 3090, P2, 270.00 W, 218.44 W, 73, 6006 MiB, 24576 MiB, 46 %
2026/09/05 17:52:22.566, NVIDIA GeForce RTX 3090, P2, 270.00 W, 220.06 W, 71, 6006 MiB, 24576 MiB, 47 %
2026/09/05 17:52:32.567, NVIDIA GeForce RTX 3090, P2, 270.00 W, 237.77 W, 73, 6006 MiB, 24576 MiB, 43 %
2026/09/05 17:52:42.568, NVIDIA GeForce RTX 3090, P2, 270.00 W, 231.85 W, 73, 6006 MiB, 24576 MiB, 48 %
2026/09/05 17:52:52.569, NVIDIA GeForce RTX 3090, P2, 270.00 W, 227.72 W, 73, 6006 MiB, 24576 MiB, 31 %
2026/09/05 17:53:02.571, NVIDIA GeForce RTX 3090, P2, 270.00 W, 213.49 W, 72, 6006 MiB, 24576 MiB, 16 %
2026/09/05 17:53:12.572, NVIDIA GeForce RTX 3090, P2, 270.00 W, 232.48 W, 72, 6006 MiB, 24576 MiB, 39 %
2026/09/05 17:53:22.573, NVIDIA GeForce RTX 3090, P2, 270.00 W, 238.12 W, 72, 6006 MiB, 24576 MiB, 37 %
2026/09/05 17:53:32.574, NVIDIA GeForce RTX 3090, P2, 270.00 W, 223.15 W, 73, 6006 MiB, 24576 MiB, 31 %
2026/09/05 17:53:42.575, NVIDIA GeForce RTX 3090, P2, 270.00 W, 208.97 W, 71, 6006 MiB, 24576 MiB, 43 %
2026/09/05 17:53:52.577, NVIDIA GeForce RTX 3090, P2, 270.00 W, 228.31 W, 72, 6006 MiB, 24576 MiB, 48 %
2026/09/05 17:54:02.578, NVIDIA GeForce RTX 3090, P2, 270.00 W, 232.86 W, 72, 6006 MiB, 24576 MiB, 2 %
2026/09/05 17:54:12.579, NVIDIA GeForce RTX 3090, P2, 270.00 W, 238.05 W, 73, 6006 MiB, 24576 MiB, 44 %
2026/09/05 17:54:22.580, NVIDIA GeForce RTX 3090, P2, 270.00 W, 219.48 W, 73, 6006 MiB, 24576 MiB, 0 %
2026/09/05 17:54:32.582, NVIDIA GeForce RTX 3090, P2, 270.00 W, 217.73 W, 71, 6006 MiB, 24576 MiB, 47 %
2026/09/05 17:54:42.583, NVIDIA GeForce RTX 3090, P2, 270.00 W, 230.83 W, 74, 6006 MiB, 24576 MiB, 43 %
2026/09/05 17:54:52.584, NVIDIA GeForce RTX 3090, P2, 270.00 W, 234.00 W, 73, 6006 MiB, 24576 MiB, 28 %
2026/09/05 17:55:02.585, NVIDIA GeForce RTX 3090, P2, 270.00 W, 219.82 W, 73, 6006 MiB, 24576 MiB, 0 %
2026/09/05 17:55:12.587, NVIDIA GeForce RTX 3090, P2, 270.00 W, 211.41 W, 71, 6006 MiB, 24576 MiB, 48 %
2026/09/05 17:55:22.588, NVIDIA GeForce RTX 3090, P2, 270.00 W, 232.13 W, 72, 6006 MiB, 24576 MiB, 8 %
2026/09/05 17:55:32.589, NVIDIA GeForce RTX 3090, P2, 270.00 W, 219.24 W, 73, 6006 MiB, 24576 MiB, 46 %
2026/09/05 17:55:42.591, NVIDIA GeForce RTX 3090, P2, 270.00 W, 222.26 W, 73, 6006 MiB, 24576 MiB, 31 %
2026/09/05 17:55:52.592, NVIDIA GeForce RTX 3090, P2, 270.00 W, 213.76 W, 72, 6006 MiB, 24576 MiB, 7 %
2026/09/05 17:56:02.593, NVIDIA GeForce RTX 3090, P2, 270.00 W, 225.10 W, 72, 6006 MiB, 24576 MiB, 18 %
2026/09/05 17:56:12.594, NVIDIA GeForce RTX 3090, P2, 270.00 W, 229.15 W, 73, 6006 MiB, 24576 MiB, 48 %
2026/09/05 17:56:22.596, NVIDIA GeForce RTX 3090, P2, 270.00 W, 230.89 W, 71, 6006 MiB, 24576 MiB, 4 %
2026/09/05 17:56:32.597, NVIDIA GeForce RTX 3090, P2, 270.00 W, 227.46 W, 72, 6006 MiB, 24576 MiB, 40 %
2026/09/05 17:56:42.598, NVIDIA GeForce RTX 3090, P2, 270.00 W, 224.57 W, 73, 6006 MiB, 24576 MiB, 42 %
2026/09/05 17:56:52.599, NVIDIA GeForce RTX 3090, P2, 270.00 W, 226.06 W, 73, 6006 MiB, 24576 MiB, 32 %
2026/09/05 17:57:02.601, NVIDIA GeForce RTX 3090, P2, 270.00 W, 223.62 W, 74, 6006 MiB, 24576 MiB, 46 %
2026/09/05 17:57:12.602, NVIDIA GeForce RTX 3090, P2, 270.00 W, 234.22 W, 72, 6006 MiB, 24576 MiB, 17 %
2026/09/05 17:57:22.604, NVIDIA GeForce RTX 3090, P2, 270.00 W, 233.97 W, 72, 6006 MiB, 24576 MiB, 47 %
2026/09/05 17:57:32.605, NVIDIA GeForce RTX 3090, P2, 270.00 W, 220.92 W, 73, 6006 MiB, 24576 MiB, 16 %
2026/09/05 17:57:42.606, NVIDIA GeForce RTX 3090, P2, 270.00 W, 211.37 W, 71, 6006 MiB, 24576 MiB, 0 %
2026/09/05 17:57:52.607, NVIDIA GeForce RTX 3090, P2, 270.00 W, 221.33 W, 72, 6006 MiB, 24576 MiB, 47 %
2026/09/05 17:58:02.609, NVIDIA GeForce RTX 3090, P2, 270.00 W, 229.47 W, 73, 6006 MiB, 24576 MiB, 46 %
2026/09/05 17:58:12.610, NVIDIA GeForce RTX 3090, P2, 270.00 W, 220.95 W, 73, 6006 MiB, 24576 MiB, 0 %
2026/09/05 17:58:22.611, NVIDIA GeForce RTX 3090, P2, 270.00 W, 210.81 W, 71, 6006 MiB, 24576 MiB, 0 %
2026/09/05 17:58:32.612, NVIDIA GeForce RTX 3090, P2, 270.00 W, 208.67 W, 71, 6006 MiB, 24576 MiB, 0 %
2026/09/05 17:58:42.614, NVIDIA GeForce RTX 3090, P2, 270.00 W, 224.35 W, 74, 6006 MiB, 24576 MiB, 46 %
2026/09/05 17:58:52.615, NVIDIA GeForce RTX 3090, P2, 270.00 W, 227.66 W, 72, 6006 MiB, 24576 MiB, 30 %
2026/09/05 17:59:02.616, NVIDIA GeForce RTX 3090, P2, 270.00 W, 233.72 W, 72, 6006 MiB, 24576 MiB, 30 %
2026/09/05 17:59:12.617, NVIDIA GeForce RTX 3090, P2, 270.00 W, 221.34 W, 74, 6006 MiB, 24576 MiB, 9 %
2026/09/05 17:59:22.618, NVIDIA GeForce RTX 3090, P2, 270.00 W, 208.46 W, 71, 6006 MiB, 24576 MiB, 19 %
2026/09/05 17:59:32.620, NVIDIA GeForce RTX 3090, P2, 270.00 W, 229.15 W, 73, 6006 MiB, 24576 MiB, 47 %
2026/09/05 17:59:42.621, NVIDIA GeForce RTX 3090, P2, 270.00 W, 235.23 W, 73, 6006 MiB, 24576 MiB, 41 %
2026/09/05 17:59:52.622, NVIDIA GeForce RTX 3090, P2, 270.00 W, 221.01 W, 73, 6006 MiB, 24576 MiB, 30 %
2026/09/05 18:00:02.623, NVIDIA GeForce RTX 3090, P2, 270.00 W, 220.14 W, 73, 6006 MiB, 24576 MiB, 46 %
2026/09/05 18:00:12.624, NVIDIA GeForce RTX 3090, P2, 270.00 W, 209.17 W, 71, 6006 MiB, 24576 MiB, 0 %
2026/09/05 18:00:22.626, NVIDIA GeForce RTX 3090, P2, 270.00 W, 222.69 W, 73, 6006 MiB, 24576 MiB, 24 %
2026/09/05 18:00:32.627, NVIDIA GeForce RTX 3090, P2, 270.00 W, 237.70 W, 72, 6006 MiB, 24576 MiB, 12 %
2026/09/05 18:00:42.628, NVIDIA GeForce RTX 3090, P2, 270.00 W, 227.10 W, 73, 6006 MiB, 24576 MiB, 41 %
2026/09/05 18:00:52.629, NVIDIA GeForce RTX 3090, P2, 270.00 W, 224.71 W, 74, 6006 MiB, 24576 MiB, 46 %
2026/09/05 18:01:02.631, NVIDIA GeForce RTX 3090, P2, 270.00 W, 218.14 W, 72, 6006 MiB, 24576 MiB, 14 %
2026/09/05 18:01:12.632, NVIDIA GeForce RTX 3090, P2, 270.00 W, 230.60 W, 72, 6006 MiB, 24576 MiB, 24 %
2026/09/05 18:01:22.633, NVIDIA GeForce RTX 3090, P2, 270.00 W, 221.56 W, 73, 6006 MiB, 24576 MiB, 48 %
2026/09/05 18:01:32.634, NVIDIA GeForce RTX 3090, P2, 270.00 W, 232.07 W, 73, 6006 MiB, 24576 MiB, 36 %
2026/09/05 18:01:42.635, NVIDIA GeForce RTX 3090, P2, 270.00 W, 221.96 W, 73, 6006 MiB, 24576 MiB, 0 %
2026/09/05 18:01:52.636, NVIDIA GeForce RTX 3090, P2, 270.00 W, 214.32 W, 73, 6006 MiB, 24576 MiB, 8 %
2026/09/05 18:02:02.638, NVIDIA GeForce RTX 3090, P2, 270.00 W, 217.65 W, 71, 6006 MiB, 24576 MiB, 0 %
2026/09/05 18:02:12.639, NVIDIA GeForce RTX 3090, P2, 270.00 W, 221.86 W, 72, 6006 MiB, 24576 MiB, 8 %
2026/09/05 18:02:22.640, NVIDIA GeForce RTX 3090, P2, 270.00 W, 232.49 W, 73, 6006 MiB, 24576 MiB, 47 %
2026/09/05 18:02:32.641, NVIDIA GeForce RTX 3090, P2, 270.00 W, 226.37 W, 73, 6006 MiB, 24576 MiB, 36 %
2026/09/05 18:02:42.642, NVIDIA GeForce RTX 3090, P2, 270.00 W, 221.21 W, 74, 6006 MiB, 24576 MiB, 47 %
2026/09/05 18:02:52.644, NVIDIA GeForce RTX 3090, P2, 270.00 W, 207.35 W, 72, 6006 MiB, 24576 MiB, 6 %
2026/09/05 18:03:02.645, NVIDIA GeForce RTX 3090, P2, 270.00 W, 220.31 W, 71, 6006 MiB, 24576 MiB, 5 %
2026/09/05 18:03:12.646, NVIDIA GeForce RTX 3090, P2, 270.00 W, 229.43 W, 71, 6006 MiB, 24576 MiB, 8 %
2026/09/05 18:03:22.647, NVIDIA GeForce RTX 3090, P2, 270.00 W, 220.65 W, 74, 6006 MiB, 24576 MiB, 48 %
2026/09/05 18:03:32.648, NVIDIA GeForce RTX 3090, P2, 270.00 W, 211.97 W, 71, 6006 MiB, 24576 MiB, 0 %
2026/09/05 18:03:42.649, NVIDIA GeForce RTX 3090, P2, 270.00 W, 227.08 W, 73, 6006 MiB, 24576 MiB, 45 %
2026/09/05 18:03:52.651, NVIDIA GeForce RTX 3090, P2, 270.00 W, 234.81 W, 72, 6006 MiB, 24576 MiB, 21 %
2026/09/05 18:04:02.652, NVIDIA GeForce RTX 3090, P2, 270.00 W, 216.31 W, 73, 6006 MiB, 24576 MiB, 35 %
2026/09/05 18:04:12.653, NVIDIA GeForce RTX 3090, P2, 270.00 W, 215.26 W, 72, 6006 MiB, 24576 MiB, 35 %
2026/09/05 18:04:22.654, NVIDIA GeForce RTX 3090, P2, 270.00 W, 229.57 W, 72, 6006 MiB, 24576 MiB, 46 %
2026/09/05 18:04:32.655, NVIDIA GeForce RTX 3090, P2, 270.00 W, 234.25 W, 72, 6006 MiB, 24576 MiB, 35 %
2026/09/05 18:04:42.657, NVIDIA GeForce RTX 3090, P2, 270.00 W, 220.48 W, 73, 6006 MiB, 24576 MiB, 20 %
2026/09/05 18:04:52.658, NVIDIA GeForce RTX 3090, P2, 270.00 W, 215.73 W, 73, 6006 MiB, 24576 MiB, 30 %
2026/09/05 18:05:02.659, NVIDIA GeForce RTX 3090, P2, 270.00 W, 232.92 W, 72, 6006 MiB, 24576 MiB, 41 %
2026/09/05 18:05:12.660, NVIDIA GeForce RTX 3090, P2, 270.00 W, 234.48 W, 72, 6006 MiB, 24576 MiB, 22 %
2026/09/05 18:05:22.661, NVIDIA GeForce RTX 3090, P2, 270.00 W, 234.02 W, 73, 6006 MiB, 24576 MiB, 23 %
2026/09/05 18:05:32.663, NVIDIA GeForce RTX 3090, P2, 270.00 W, 223.80 W, 74, 6006 MiB, 24576 MiB, 0 %
2026/09/05 18:05:42.664, NVIDIA GeForce RTX 3090, P2, 270.00 W, 208.85 W, 71, 6006 MiB, 24576 MiB, 0 %
2026/09/05 18:05:52.665, NVIDIA GeForce RTX 3090, P2, 270.00 W, 222.68 W, 72, 6006 MiB, 24576 MiB, 49 %
2026/09/05 18:06:02.666, NVIDIA GeForce RTX 3090, P2, 270.00 W, 227.61 W, 72, 6006 MiB, 24576 MiB, 46 %
2026/09/05 18:06:12.668, NVIDIA GeForce RTX 3090, P2, 270.00 W, 220.09 W, 73, 6006 MiB, 24576 MiB, 13 %
2026/09/05 18:06:22.669, NVIDIA GeForce RTX 3090, P2, 270.00 W, 219.40 W, 71, 6006 MiB, 24576 MiB, 0 %
2026/09/05 18:06:32.670, NVIDIA GeForce RTX 3090, P2, 270.00 W, 227.90 W, 73, 6006 MiB, 24576 MiB, 47 %
2026/09/05 18:06:42.671, NVIDIA GeForce RTX 3090, P2, 270.00 W, 233.27 W, 73, 6006 MiB, 24576 MiB, 46 %
2026/09/05 18:06:52.672, NVIDIA GeForce RTX 3090, P2, 270.00 W, 214.60 W, 72, 6006 MiB, 24576 MiB, 8 %
2026/09/05 18:07:02.674, NVIDIA GeForce RTX 3090, P2, 270.00 W, 223.64 W, 72, 6006 MiB, 24576 MiB, 5 %
2026/09/05 18:07:12.675, NVIDIA GeForce RTX 3090, P2, 270.00 W, 230.79 W, 73, 6006 MiB, 24576 MiB, 39 %
2026/09/05 18:07:22.676, NVIDIA GeForce RTX 3090, P2, 270.00 W, 234.48 W, 73, 6006 MiB, 24576 MiB, 46 %
2026/09/05 18:07:32.677, NVIDIA GeForce RTX 3090, P2, 270.00 W, 197.09 W, 72, 6006 MiB, 24576 MiB, 0 %
2026/09/05 18:07:42.678, NVIDIA GeForce RTX 3090, P2, 270.00 W, 214.12 W, 71, 6006 MiB, 24576 MiB, 0 %
2026/09/05 18:07:52.680, NVIDIA GeForce RTX 3090, P2, 270.00 W, 223.13 W, 72, 6006 MiB, 24576 MiB, 11 %
2026/09/05 18:08:02.681, NVIDIA GeForce RTX 3090, P2, 270.00 W, 229.36 W, 73, 6006 MiB, 24576 MiB, 48 %
2026/09/05 18:08:12.682, NVIDIA GeForce RTX 3090, P2, 270.00 W, 235.25 W, 73, 6006 MiB, 24576 MiB, 46 %
2026/09/05 18:08:22.683, NVIDIA GeForce RTX 3090, P2, 270.00 W, 216.66 W, 72, 6006 MiB, 24576 MiB, 39 %
2026/09/05 18:08:32.684, NVIDIA GeForce RTX 3090, P2, 270.00 W, 221.39 W, 73, 6006 MiB, 24576 MiB, 5 %
2026/09/05 18:08:42.685, NVIDIA GeForce RTX 3090, P2, 270.00 W, 226.99 W, 72, 6006 MiB, 24576 MiB, 45 %
2026/09/05 18:08:52.687, NVIDIA GeForce RTX 3090, P2, 270.00 W, 234.61 W, 72, 6006 MiB, 24576 MiB, 5 %
2026/09/05 18:09:02.688, NVIDIA GeForce RTX 3090, P2, 270.00 W, 221.15 W, 74, 6006 MiB, 24576 MiB, 12 %
2026/09/05 18:09:12.690, NVIDIA GeForce RTX 3090, P2, 270.00 W, 208.94 W, 71, 6006 MiB, 24576 MiB, 47 %
2026/09/05 18:09:22.691, NVIDIA GeForce RTX 3090, P2, 270.00 W, 218.53 W, 73, 6006 MiB, 24576 MiB, 46 %
2026/09/05 18:09:32.692, NVIDIA GeForce RTX 3090, P2, 270.00 W, 235.28 W, 73, 6006 MiB, 24576 MiB, 30 %
2026/09/05 18:09:42.693, NVIDIA GeForce RTX 3090, P2, 270.00 W, 232.12 W, 72, 6006 MiB, 24576 MiB, 24 %
2026/09/05 18:09:52.695, NVIDIA GeForce RTX 3090, P2, 270.00 W, 223.75 W, 73, 6006 MiB, 24576 MiB, 30 %
2026/09/05 18:10:02.696, NVIDIA GeForce RTX 3090, P2, 270.00 W, 223.67 W, 73, 6006 MiB, 24576 MiB, 0 %
2026/09/05 18:10:12.697, NVIDIA GeForce RTX 3090, P2, 270.00 W, 210.02 W, 71, 6006 MiB, 24576 MiB, 48 %
2026/09/05 18:10:22.698, NVIDIA GeForce RTX 3090, P2, 270.00 W, 230.23 W, 73, 6006 MiB, 24576 MiB, 47 %
2026/09/05 18:10:32.700, NVIDIA GeForce RTX 3090, P2, 270.00 W, 223.49 W, 72, 6006 MiB, 24576 MiB, 47 %
2026/09/05 18:10:42.701, NVIDIA GeForce RTX 3090, P2, 270.00 W, 233.01 W, 74, 6006 MiB, 24576 MiB, 0 %
2026/09/05 18:10:52.702, NVIDIA GeForce RTX 3090, P2, 270.00 W, 219.08 W, 71, 6006 MiB, 24576 MiB, 43 %
2026/09/05 18:11:02.704, NVIDIA GeForce RTX 3090, P2, 270.00 W, 217.59 W, 72, 6006 MiB, 24576 MiB, 5 %
2026/09/05 18:11:12.705, NVIDIA GeForce RTX 3090, P2, 270.00 W, 238.18 W, 72, 6006 MiB, 24576 MiB, 5 %
2026/09/05 18:11:22.706, NVIDIA GeForce RTX 3090, P2, 270.00 W, 225.80 W, 73, 6006 MiB, 24576 MiB, 45 %
2026/09/05 18:11:32.708, NVIDIA GeForce RTX 3090, P2, 270.00 W, 215.63 W, 73, 6006 MiB, 24576 MiB, 5 %
2026/09/05 18:11:42.709, NVIDIA GeForce RTX 3090, P2, 270.00 W, 215.33 W, 72, 6006 MiB, 24576 MiB, 29 %
2026/09/05 18:11:52.710, NVIDIA GeForce RTX 3090, P2, 270.00 W, 227.12 W, 72, 6006 MiB, 24576 MiB, 30 %
2026/09/05 18:12:02.711, NVIDIA GeForce RTX 3090, P2, 270.00 W, 227.58 W, 73, 6006 MiB, 24576 MiB, 46 %
2026/09/05 18:12:12.713, NVIDIA GeForce RTX 3090, P2, 270.00 W, 207.21 W, 72, 6006 MiB, 24576 MiB, 4 %
2026/09/05 18:12:22.714, NVIDIA GeForce RTX 3090, P2, 270.00 W, 227.76 W, 72, 6006 MiB, 24576 MiB, 37 %
2026/09/05 18:12:32.715, NVIDIA GeForce RTX 3090, P2, 270.00 W, 236.06 W, 72, 6006 MiB, 24576 MiB, 10 %
2026/09/05 18:12:42.716, NVIDIA GeForce RTX 3090, P2, 270.00 W, 237.55 W, 73, 6006 MiB, 24576 MiB, 46 %
2026/09/05 18:12:52.717, NVIDIA GeForce RTX 3090, P2, 270.00 W, 220.32 W, 73, 6006 MiB, 24576 MiB, 24 %
2026/09/05 18:13:02.719, NVIDIA GeForce RTX 3090, P2, 270.00 W, 210.48 W, 71, 6006 MiB, 24576 MiB, 47 %
2026/09/05 18:13:12.720, NVIDIA GeForce RTX 3090, P2, 270.00 W, 228.47 W, 73, 6006 MiB, 24576 MiB, 45 %
2026/09/05 18:13:22.721, NVIDIA GeForce RTX 3090, P2, 270.00 W, 227.33 W, 72, 6006 MiB, 24576 MiB, 21 %
2026/09/05 18:13:32.723, NVIDIA GeForce RTX 3090, P2, 270.00 W, 222.18 W, 74, 6006 MiB, 24576 MiB, 16 %
2026/09/05 18:13:42.724, NVIDIA GeForce RTX 3090, P2, 270.00 W, 210.87 W, 71, 6006 MiB, 24576 MiB, 30 %
2026/09/05 18:13:52.725, NVIDIA GeForce RTX 3090, P2, 270.00 W, 226.32 W, 74, 6006 MiB, 24576 MiB, 56 %
2026/09/05 18:14:02.727, NVIDIA GeForce RTX 3090, P2, 270.00 W, 237.07 W, 74, 6006 MiB, 24576 MiB, 47 %
2026/09/05 18:14:12.728, NVIDIA GeForce RTX 3090, P2, 270.00 W, 226.62 W, 73, 6006 MiB, 24576 MiB, 0 %
2026/09/05 18:14:22.729, NVIDIA GeForce RTX 3090, P2, 270.00 W, 216.62 W, 71, 6006 MiB, 24576 MiB, 0 %
2026/09/05 18:14:32.731, NVIDIA GeForce RTX 3090, P2, 270.00 W, 224.80 W, 73, 6006 MiB, 24576 MiB, 47 %
2026/09/05 18:14:42.732, NVIDIA GeForce RTX 3090, P2, 270.00 W, 229.39 W, 72, 6006 MiB, 24576 MiB, 42 %
2026/09/05 18:14:52.733, NVIDIA GeForce RTX 3090, P2, 270.00 W, 227.62 W, 73, 6006 MiB, 24576 MiB, 0 %
2026/09/05 18:15:02.735, NVIDIA GeForce RTX 3090, P2, 270.00 W, 209.55 W, 72, 6006 MiB, 24576 MiB, 19 %
2026/09/05 18:15:12.736, NVIDIA GeForce RTX 3090, P2, 270.00 W, 222.78 W, 72, 6006 MiB, 24576 MiB, 47 %
2026/09/05 18:15:22.737, NVIDIA GeForce RTX 3090, P2, 270.00 W, 226.62 W, 72, 6006 MiB, 24576 MiB, 39 %
2026/09/05 18:15:32.739, NVIDIA GeForce RTX 3090, P2, 270.00 W, 220.05 W, 73, 6006 MiB, 24576 MiB, 43 %
2026/09/05 18:15:42.740, NVIDIA GeForce RTX 3090, P2, 270.00 W, 226.08 W, 74, 6006 MiB, 24576 MiB, 0 %
2026/09/05 18:15:52.741, NVIDIA GeForce RTX 3090, P2, 270.00 W, 207.20 W, 71, 6006 MiB, 24576 MiB, 46 %
2026/09/05 18:16:02.743, NVIDIA GeForce RTX 3090, P2, 270.00 W, 215.13 W, 71, 6006 MiB, 24576 MiB, 13 %
2026/09/05 18:16:12.744, NVIDIA GeForce RTX 3090, P2, 270.00 W, 231.36 W, 72, 6006 MiB, 24576 MiB, 10 %
2026/09/05 18:16:22.745, NVIDIA GeForce RTX 3090, P2, 270.00 W, 214.85 W, 74, 6006 MiB, 24576 MiB, 0 %
2026/09/05 18:16:32.747, NVIDIA GeForce RTX 3090, P2, 270.00 W, 204.34 W, 71, 6006 MiB, 24576 MiB, 32 %
2026/09/05 18:16:42.748, NVIDIA GeForce RTX 3090, P2, 270.00 W, 223.38 W, 72, 6006 MiB, 24576 MiB, 49 %
2026/09/05 18:16:52.749, NVIDIA GeForce RTX 3090, P2, 270.00 W, 223.59 W, 73, 6006 MiB, 24576 MiB, 30 %
2026/09/05 18:17:02.750, NVIDIA GeForce RTX 3090, P2, 270.00 W, 189.01 W, 70, 6006 MiB, 24576 MiB, 32 %
2026/09/05 18:17:12.752, NVIDIA GeForce RTX 3090, P2, 270.00 W, 185.73 W, 69, 6006 MiB, 24576 MiB, 33 %
2026/09/05 18:17:22.753, NVIDIA GeForce RTX 3090, P2, 270.00 W, 174.84 W, 68, 6006 MiB, 24576 MiB, 26 %
2026/09/05 18:17:32.754, NVIDIA GeForce RTX 3090, P2, 270.00 W, 173.85 W, 68, 6006 MiB, 24576 MiB, 27 %
2026/09/05 18:17:42.756, NVIDIA GeForce RTX 3090, P2, 270.00 W, 174.03 W, 68, 2076 MiB, 24576 MiB, 0 %
