case,count,offset,protocol_depth,channel,merge,group,gradient
count0,0,0,5,base,0,0,0.006668319925665855
count0,0,0,5,base,0,1,0.004099663347005844
count0,0,0,5,base,0,2,-0.0011057555675506592
count0,0,0,5,base,0,3,-0.0062811896204948425
count0,0,0,5,base,0,4,0.03714214637875557
count0,0,0,5,base,0,5,0.13337422907352448
count0,0,0,5,base,0,6,0.027877969667315483
count0,0,0,5,base,0,7,-0.2076679766178131
count0,0,0,5,base,1,0,0.0
count0,0,0,5,base,1,1,0.0
count0,0,0,5,base,1,2,0.0
count0,0,0,5,base,1,3,0.0
count0,0,0,5,base,1,4,0.0
count0,0,0,5,base,1,5,0.0
count0,0,0,5,base,1,6,0.0
count0,0,0,5,base,1,7,0.0
count0,0,0,5,base,2,0,0.0
count0,0,0,5,base,2,1,0.0
count0,0,0,5,base,2,2,0.0
count0,0,0,5,base,2,3,0.0
count0,0,0,5,base,2,4,0.0
count0,0,0,5,base,2,5,0.0
count0,0,0,5,base,2,6,0.0
count0,0,0,5,base,2,7,0.0
count0,0,0,5,base,3,0,0.0
count0,0,0,5,base,3,1,0.0
count0,0,0,5,base,3,2,0.0
count0,0,0,5,base,3,3,0.0
count0,0,0,5,base,3,4,0.0
count0,0,0,5,base,3,5,0.0
count0,0,0,5,base,3,6,0.0
count0,0,0,5,base,3,7,0.0
count0,0,0,5,base,4,0,0.0
count0,0,0,5,base,4,1,0.0
count0,0,0,5,base,4,2,0.0
count0,0,0,5,base,4,3,0.0
count0,0,0,5,base,4,4,0.0
count0,0,0,5,base,4,5,0.0
count0,0,0,5,base,4,6,0.0
count0,0,0,5,base,4,7,0.0
count1-offset0,1,0,5,base,0,0,-0.05213216319680214
count1-offset0,1,0,5,base,0,1,-0.019828714430332184
count1-offset0,1,0,5,base,0,2,-0.02151765301823616
count1-offset0,1,0,5,base,0,3,-0.0209864042699337
count1-offset0,1,0,5,base,0,4,0.1305416226387024
count1-offset0,1,0,5,base,0,5,0.11550382524728775
count1-offset0,1,0,5,base,0,6,-0.012077316641807556
count1-offset0,1,0,5,base,0,7,-0.16544431447982788
count1-offset0,1,0,5,base,1,0,0.0
count1-offset0,1,0,5,base,1,1,0.0
count1-offset0,1,0,5,base,1,2,0.0
count1-offset0,1,0,5,base,1,3,0.0
count1-offset0,1,0,5,base,1,4,0.0
count1-offset0,1,0,5,base,1,5,0.0
count1-offset0,1,0,5,base,1,6,0.0
count1-offset0,1,0,5,base,1,7,0.0
count1-offset0,1,0,5,base,2,0,0.0
count1-offset0,1,0,5,base,2,1,0.0
count1-offset0,1,0,5,base,2,2,0.0
count1-offset0,1,0,5,base,2,3,0.0
count1-offset0,1,0,5,base,2,4,0.0
count1-offset0,1,0,5,base,2,5,0.0
count1-offset0,1,0,5,base,2,6,0.0
count1-offset0,1,0,5,base,2,7,0.0
count1-offset0,1,0,5,base,3,0,0.0
count1-offset0,1,0,5,base,3,1,0.0
count1-offset0,1,0,5,base,3,2,0.0
count1-offset0,1,0,5,base,3,3,0.0
count1-offset0,1,0,5,base,3,4,0.0
count1-offset0,1,0,5,base,3,5,0.0
count1-offset0,1,0,5,base,3,6,0.0
count1-offset0,1,0,5,base,3,7,0.0
count1-offset0,1,0,5,base,4,0,0.0
count1-offset0,1,0,5,base,4,1,0.0
count1-offset0,1,0,5,base,4,2,0.0
count1-offset0,1,0,5,base,4,3,0.0
count1-offset0,1,0,5,base,4,4,0.0
count1-offset0,1,0,5,base,4,5,0.0
count1-offset0,1,0,5,base,4,6,0.0
count1-offset0,1,0,5,base,4,7,0.0
count1-offset1,1,1,5,base,0,0,-0.033419009298086166
count1-offset1,1,1,5,base,0,1,-0.01691344380378723
count1-offset1,1,1,5,base,0,2,-0.017451653257012367
count1-offset1,1,1,5,base,0,3,-0.01671632006764412
count1-offset1,1,1,5,base,0,4,0.11666915565729141
count1-offset1,1,1,5,base,0,5,0.11350469291210175
count1-offset1,1,1,5,base,0,6,-0.016972605139017105
count1-offset1,1,1,5,base,0,7,-0.17322346568107605
count1-offset1,1,1,5,base,1,0,0.0
count1-offset1,1,1,5,base,1,1,0.0
count1-offset1,1,1,5,base,1,2,0.0
count1-offset1,1,1,5,base,1,3,0.0
count1-offset1,1,1,5,base,1,4,0.0
count1-offset1,1,1,5,base,1,5,0.0
count1-offset1,1,1,5,base,1,6,0.0
count1-offset1,1,1,5,base,1,7,0.0
count1-offset1,1,1,5,base,2,0,0.0
count1-offset1,1,1,5,base,2,1,0.0
count1-offset1,1,1,5,base,2,2,0.0
count1-offset1,1,1,5,base,2,3,0.0
count1-offset1,1,1,5,base,2,4,0.0
count1-offset1,1,1,5,base,2,5,0.0
count1-offset1,1,1,5,base,2,6,0.0
count1-offset1,1,1,5,base,2,7,0.0
count1-offset1,1,1,5,base,3,0,0.0
count1-offset1,1,1,5,base,3,1,0.0
count1-offset1,1,1,5,base,3,2,0.0
count1-offset1,1,1,5,base,3,3,0.0
count1-offset1,1,1,5,base,3,4,0.0
count1-offset1,1,1,5,base,3,5,0.0
count1-offset1,1,1,5,base,3,6,0.0
count1-offset1,1,1,5,base,3,7,0.0
count1-offset1,1,1,5,base,4,0,0.0
count1-offset1,1,1,5,base,4,1,0.0
count1-offset1,1,1,5,base,4,2,0.0
count1-offset1,1,1,5,base,4,3,0.0
count1-offset1,1,1,5,base,4,4,0.0
count1-offset1,1,1,5,base,4,5,0.0
count1-offset1,1,1,5,base,4,6,0.0
count1-offset1,1,1,5,base,4,7,0.0
count1-offset2,1,2,5,base,0,0,-0.02926063723862171
count1-offset2,1,2,5,base,0,1,-0.01714123785495758
count1-offset2,1,2,5,base,0,2,-0.016358857974410057
count1-offset2,1,2,5,base,0,3,-0.01592864841222763
count1-offset2,1,2,5,base,0,4,0.10379988700151443
count1-offset2,1,2,5,base,0,5,0.11286047846078873
count1-offset2,1,2,5,base,0,6,-0.013231325894594193
count1-offset2,1,2,5,base,0,7,-0.17827115952968597
count1-offset2,1,2,5,base,1,0,0.0
count1-offset2,1,2,5,base,1,1,0.0
count1-offset2,1,2,5,base,1,2,0.0
count1-offset2,1,2,5,base,1,3,0.0
count1-offset2,1,2,5,base,1,4,0.0
count1-offset2,1,2,5,base,1,5,0.0
count1-offset2,1,2,5,base,1,6,0.0
count1-offset2,1,2,5,base,1,7,0.0
count1-offset2,1,2,5,base,2,0,0.0
count1-offset2,1,2,5,base,2,1,0.0
count1-offset2,1,2,5,base,2,2,0.0
count1-offset2,1,2,5,base,2,3,0.0
count1-offset2,1,2,5,base,2,4,0.0
count1-offset2,1,2,5,base,2,5,0.0
count1-offset2,1,2,5,base,2,6,0.0
count1-offset2,1,2,5,base,2,7,0.0
count1-offset2,1,2,5,base,3,0,0.0
count1-offset2,1,2,5,base,3,1,0.0
count1-offset2,1,2,5,base,3,2,0.0
count1-offset2,1,2,5,base,3,3,0.0
count1-offset2,1,2,5,base,3,4,0.0
count1-offset2,1,2,5,base,3,5,0.0
count1-offset2,1,2,5,base,3,6,0.0
count1-offset2,1,2,5,base,3,7,0.0
count1-offset2,1,2,5,base,4,0,0.0
count1-offset2,1,2,5,base,4,1,0.0
count1-offset2,1,2,5,base,4,2,0.0
count1-offset2,1,2,5,base,4,3,0.0
count1-offset2,1,2,5,base,4,4,0.0
count1-offset2,1,2,5,base,4,5,0.0
count1-offset2,1,2,5,base,4,6,0.0
count1-offset2,1,2,5,base,4,7,0.0
count1-offset3,1,3,5,base,0,0,-0.06129477545619011
count1-offset3,1,3,5,base,0,1,0.020208407193422318
count1-offset3,1,3,5,base,0,2,0.02192610129714012
count1-offset3,1,3,5,base,0,3,-0.014161568135023117
count1-offset3,1,3,5,base,0,4,0.21703287959098816
count1-offset3,1,3,5,base,0,5,0.13813024759292603
count1-offset3,1,3,5,base,0,6,-0.07641933858394623
count1-offset3,1,3,5,base,0,7,-0.14496436715126038
count1-offset3,1,3,5,base,1,0,0.0
count1-offset3,1,3,5,base,1,1,0.0
count1-offset3,1,3,5,base,1,2,0.0
count1-offset3,1,3,5,base,1,3,0.0
count1-offset3,1,3,5,base,1,4,0.0
count1-offset3,1,3,5,base,1,5,0.0
count1-offset3,1,3,5,base,1,6,0.0
count1-offset3,1,3,5,base,1,7,0.0
count1-offset3,1,3,5,base,2,0,0.0
count1-offset3,1,3,5,base,2,1,0.0
count1-offset3,1,3,5,base,2,2,0.0
count1-offset3,1,3,5,base,2,3,0.0
count1-offset3,1,3,5,base,2,4,0.0
count1-offset3,1,3,5,base,2,5,0.0
count1-offset3,1,3,5,base,2,6,0.0
count1-offset3,1,3,5,base,2,7,0.0
count1-offset3,1,3,5,base,3,0,0.0
count1-offset3,1,3,5,base,3,1,0.0
count1-offset3,1,3,5,base,3,2,0.0
count1-offset3,1,3,5,base,3,3,0.0
count1-offset3,1,3,5,base,3,4,0.0
count1-offset3,1,3,5,base,3,5,0.0
count1-offset3,1,3,5,base,3,6,0.0
count1-offset3,1,3,5,base,3,7,0.0
count1-offset3,1,3,5,base,4,0,0.0
count1-offset3,1,3,5,base,4,1,0.0
count1-offset3,1,3,5,base,4,2,0.0
count1-offset3,1,3,5,base,4,3,0.0
count1-offset3,1,3,5,base,4,4,0.0
count1-offset3,1,3,5,base,4,5,0.0
count1-offset3,1,3,5,base,4,6,0.0
count1-offset3,1,3,5,base,4,7,0.0
count2-offset0,2,0,5,base,0,0,-0.07932040840387344
count2-offset0,2,0,5,base,0,1,0.024794042110443115
count2-offset0,2,0,5,base,0,2,0.057601749897003174
count2-offset0,2,0,5,base,0,3,-0.016711529344320297
count2-offset0,2,0,5,base,0,4,0.25059548020362854
count2-offset0,2,0,5,base,0,5,0.15498125553131104
count2-offset0,2,0,5,base,0,6,-0.08760092407464981
count2-offset0,2,0,5,base,0,7,-0.12799078226089478
count2-offset0,2,0,5,base,1,0,0.0
count2-offset0,2,0,5,base,1,1,0.0
count2-offset0,2,0,5,base,1,2,0.0
count2-offset0,2,0,5,base,1,3,0.0
count2-offset0,2,0,5,base,1,4,0.0
count2-offset0,2,0,5,base,1,5,0.0
count2-offset0,2,0,5,base,1,6,0.0
count2-offset0,2,0,5,base,1,7,0.0
count2-offset0,2,0,5,base,2,0,0.0
count2-offset0,2,0,5,base,2,1,0.0
count2-offset0,2,0,5,base,2,2,0.0
count2-offset0,2,0,5,base,2,3,0.0
count2-offset0,2,0,5,base,2,4,0.0
count2-offset0,2,0,5,base,2,5,0.0
count2-offset0,2,0,5,base,2,6,0.0
count2-offset0,2,0,5,base,2,7,0.0
count2-offset0,2,0,5,base,3,0,0.0
count2-offset0,2,0,5,base,3,1,0.0
count2-offset0,2,0,5,base,3,2,0.0
count2-offset0,2,0,5,base,3,3,0.0
count2-offset0,2,0,5,base,3,4,0.0
count2-offset0,2,0,5,base,3,5,0.0
count2-offset0,2,0,5,base,3,6,0.0
count2-offset0,2,0,5,base,3,7,0.0
count2-offset0,2,0,5,base,4,0,0.0
count2-offset0,2,0,5,base,4,1,0.0
count2-offset0,2,0,5,base,4,2,0.0
count2-offset0,2,0,5,base,4,3,0.0
count2-offset0,2,0,5,base,4,4,0.0
count2-offset0,2,0,5,base,4,5,0.0
count2-offset0,2,0,5,base,4,6,0.0
count2-offset0,2,0,5,base,4,7,0.0
count2-offset1,2,1,5,base,0,0,-0.07500705122947693
count2-offset1,2,1,5,base,0,1,0.03324519842863083
count2-offset1,2,1,5,base,0,2,0.06495574116706848
count2-offset1,2,1,5,base,0,3,-0.019906610250473022
count2-offset1,2,1,5,base,0,4,0.24691197276115417
count2-offset1,2,1,5,base,0,5,0.1564149260520935
count2-offset1,2,1,5,base,0,6,-0.10579913854598999
count2-offset1,2,1,5,base,0,7,-0.13029271364212036
count2-offset1,2,1,5,base,1,0,0.0
count2-offset1,2,1,5,base,1,1,0.0
count2-offset1,2,1,5,base,1,2,0.0
count2-offset1,2,1,5,base,1,3,0.0
count2-offset1,2,1,5,base,1,4,0.0
count2-offset1,2,1,5,base,1,5,0.0
count2-offset1,2,1,5,base,1,6,0.0
count2-offset1,2,1,5,base,1,7,0.0
count2-offset1,2,1,5,base,2,0,0.0
count2-offset1,2,1,5,base,2,1,0.0
count2-offset1,2,1,5,base,2,2,0.0
count2-offset1,2,1,5,base,2,3,0.0
count2-offset1,2,1,5,base,2,4,0.0
count2-offset1,2,1,5,base,2,5,0.0
count2-offset1,2,1,5,base,2,6,0.0
count2-offset1,2,1,5,base,2,7,0.0
count2-offset1,2,1,5,base,3,0,0.0
count2-offset1,2,1,5,base,3,1,0.0
count2-offset1,2,1,5,base,3,2,0.0
count2-offset1,2,1,5,base,3,3,0.0
count2-offset1,2,1,5,base,3,4,0.0
count2-offset1,2,1,5,base,3,5,0.0
count2-offset1,2,1,5,base,3,6,0.0
count2-offset1,2,1,5,base,3,7,0.0
count2-offset1,2,1,5,base,4,0,0.0
count2-offset1,2,1,5,base,4,1,0.0
count2-offset1,2,1,5,base,4,2,0.0
count2-offset1,2,1,5,base,4,3,0.0
count2-offset1,2,1,5,base,4,4,0.0
count2-offset1,2,1,5,base,4,5,0.0
count2-offset1,2,1,5,base,4,6,0.0
count2-offset1,2,1,5,base,4,7,0.0
count2-offset2,2,2,5,base,0,0,-0.06706026196479797
count2-offset2,2,2,5,base,0,1,0.03387732058763504
count2-offset2,2,2,5,base,0,2,0.05761727690696716
count2-offset2,2,2,5,base,0,3,-0.01317259669303894
count2-offset2,2,2,5,base,0,4,0.23980069160461426
count2-offset2,2,2,5,base,0,5,0.15095603466033936
count2-offset2,2,2,5,base,0,6,-0.0983872264623642
count2-offset2,2,2,5,base,0,7,-0.1274261623620987
count2-offset2,2,2,5,base,1,0,0.0
count2-offset2,2,2,5,base,1,1,0.0
count2-offset2,2,2,5,base,1,2,0.0
count2-offset2,2,2,5,base,1,3,0.0
count2-offset2,2,2,5,base,1,4,0.0
count2-offset2,2,2,5,base,1,5,0.0
count2-offset2,2,2,5,base,1,6,0.0
count2-offset2,2,2,5,base,1,7,0.0
count2-offset2,2,2,5,base,2,0,0.0
count2-offset2,2,2,5,base,2,1,0.0
count2-offset2,2,2,5,base,2,2,0.0
count2-offset2,2,2,5,base,2,3,0.0
count2-offset2,2,2,5,base,2,4,0.0
count2-offset2,2,2,5,base,2,5,0.0
count2-offset2,2,2,5,base,2,6,0.0
count2-offset2,2,2,5,base,2,7,0.0
count2-offset2,2,2,5,base,3,0,0.0
count2-offset2,2,2,5,base,3,1,0.0
count2-offset2,2,2,5,base,3,2,0.0
count2-offset2,2,2,5,base,3,3,0.0
count2-offset2,2,2,5,base,3,4,0.0
count2-offset2,2,2,5,base,3,5,0.0
count2-offset2,2,2,5,base,3,6,0.0
count2-offset2,2,2,5,base,3,7,0.0
count2-offset2,2,2,5,base,4,0,0.0
count2-offset2,2,2,5,base,4,1,0.0
count2-offset2,2,2,5,base,4,2,0.0
count2-offset2,2,2,5,base,4,3,0.0
count2-offset2,2,2,5,base,4,4,0.0
count2-offset2,2,2,5,base,4,5,0.0
count2-offset2,2,2,5,base,4,6,0.0
count2-offset2,2,2,5,base,4,7,0.0
count2-offset3,2,3,5,base,0,0,-0.1602926403284073
count2-offset3,2,3,5,base,0,1,-0.0018607787787914276
count2-offset3,2,3,5,base,0,2,0.10884470492601395
count2-offset3,2,3,5,base,0,3,0.04198869690299034
count2-offset3,2,3,5,base,0,4,0.3577486276626587
count2-offset3,2,3,5,base,0,5,0.097679503262043
count2-offset3,2,3,5,base,0,6,-0.023530658334493637
count2-offset3,2,3,5,base,0,7,-0.22950603067874908
count2-offset3,2,3,5,base,1,0,0.0
count2-offset3,2,3,5,base,1,1,0.0
count2-offset3,2,3,5,base,1,2,0.0
count2-offset3,2,3,5,base,1,3,0.0
count2-offset3,2,3,5,base,1,4,0.0
count2-offset3,2,3,5,base,1,5,0.0
count2-offset3,2,3,5,base,1,6,0.0
count2-offset3,2,3,5,base,1,7,0.0
count2-offset3,2,3,5,base,2,0,0.0
count2-offset3,2,3,5,base,2,1,0.0
count2-offset3,2,3,5,base,2,2,0.0
count2-offset3,2,3,5,base,2,3,0.0
count2-offset3,2,3,5,base,2,4,0.0
count2-offset3,2,3,5,base,2,5,0.0
count2-offset3,2,3,5,base,2,6,0.0
count2-offset3,2,3,5,base,2,7,0.0
count2-offset3,2,3,5,base,3,0,0.0
count2-offset3,2,3,5,base,3,1,0.0
count2-offset3,2,3,5,base,3,2,0.0
count2-offset3,2,3,5,base,3,3,0.0
count2-offset3,2,3,5,base,3,4,0.0
count2-offset3,2,3,5,base,3,5,0.0
count2-offset3,2,3,5,base,3,6,0.0
count2-offset3,2,3,5,base,3,7,0.0
count2-offset3,2,3,5,base,4,0,0.0
count2-offset3,2,3,5,base,4,1,0.0
count2-offset3,2,3,5,base,4,2,0.0
count2-offset3,2,3,5,base,4,3,0.0
count2-offset3,2,3,5,base,4,4,0.0
count2-offset3,2,3,5,base,4,5,0.0
count2-offset3,2,3,5,base,4,6,0.0
count2-offset3,2,3,5,base,4,7,0.0
count4-offset0,4,0,5,base,0,0,-0.051489315927028656
count4-offset0,4,0,5,base,0,1,0.0023810816928744316
count4-offset0,4,0,5,base,0,2,0.08044514060020447
count4-offset0,4,0,5,base,0,3,-0.018459700047969818
count4-offset0,4,0,5,base,0,4,0.19885052740573883
count4-offset0,4,0,5,base,0,5,0.16158008575439453
count4-offset0,4,0,5,base,0,6,-0.1822383552789688
count4-offset0,4,0,5,base,0,7,-0.0029228273779153824
count4-offset0,4,0,5,base,1,0,0.0
count4-offset0,4,0,5,base,1,1,0.0
count4-offset0,4,0,5,base,1,2,0.0
count4-offset0,4,0,5,base,1,3,0.0
count4-offset0,4,0,5,base,1,4,0.0
count4-offset0,4,0,5,base,1,5,0.0
count4-offset0,4,0,5,base,1,6,0.0
count4-offset0,4,0,5,base,1,7,0.0
count4-offset0,4,0,5,base,2,0,0.0
count4-offset0,4,0,5,base,2,1,0.0
count4-offset0,4,0,5,base,2,2,0.0
count4-offset0,4,0,5,base,2,3,0.0
count4-offset0,4,0,5,base,2,4,0.0
count4-offset0,4,0,5,base,2,5,0.0
count4-offset0,4,0,5,base,2,6,0.0
count4-offset0,4,0,5,base,2,7,0.0
count4-offset0,4,0,5,base,3,0,0.0
count4-offset0,4,0,5,base,3,1,0.0
count4-offset0,4,0,5,base,3,2,0.0
count4-offset0,4,0,5,base,3,3,0.0
count4-offset0,4,0,5,base,3,4,0.0
count4-offset0,4,0,5,base,3,5,0.0
count4-offset0,4,0,5,base,3,6,0.0
count4-offset0,4,0,5,base,3,7,0.0
count4-offset0,4,0,5,base,4,0,0.0
count4-offset0,4,0,5,base,4,1,0.0
count4-offset0,4,0,5,base,4,2,0.0
count4-offset0,4,0,5,base,4,3,0.0
count4-offset0,4,0,5,base,4,4,0.0
count4-offset0,4,0,5,base,4,5,0.0
count4-offset0,4,0,5,base,4,6,0.0
count4-offset0,4,0,5,base,4,7,0.0
count4-offset1,4,1,5,base,0,0,-0.1748388409614563
count4-offset1,4,1,5,base,0,1,0.03296494483947754
count4-offset1,4,1,5,base,0,2,0.17038805782794952
count4-offset1,4,1,5,base,0,3,-0.046574268490076065
count4-offset1,4,1,5,base,0,4,0.2797807455062866
count4-offset1,4,1,5,base,0,5,0.10781286656856537
count4-offset1,4,1,5,base,0,6,-0.14326728880405426
count4-offset1,4,1,5,base,0,7,-0.13631486892700195
count4-offset1,4,1,5,base,1,0,0.0
count4-offset1,4,1,5,base,1,1,0.0
count4-offset1,4,1,5,base,1,2,0.0
count4-offset1,4,1,5,base,1,3,0.0
count4-offset1,4,1,5,base,1,4,0.0
count4-offset1,4,1,5,base,1,5,0.0
count4-offset1,4,1,5,base,1,6,0.0
count4-offset1,4,1,5,base,1,7,0.0
count4-offset1,4,1,5,base,2,0,0.0
count4-offset1,4,1,5,base,2,1,0.0
count4-offset1,4,1,5,base,2,2,0.0
count4-offset1,4,1,5,base,2,3,0.0
count4-offset1,4,1,5,base,2,4,0.0
count4-offset1,4,1,5,base,2,5,0.0
count4-offset1,4,1,5,base,2,6,0.0
count4-offset1,4,1,5,base,2,7,0.0
count4-offset1,4,1,5,base,3,0,0.0
count4-offset1,4,1,5,base,3,1,0.0
count4-offset1,4,1,5,base,3,2,0.0
count4-offset1,4,1,5,base,3,3,0.0
count4-offset1,4,1,5,base,3,4,0.0
count4-offset1,4,1,5,base,3,5,0.0
count4-offset1,4,1,5,base,3,6,0.0
count4-offset1,4,1,5,base,3,7,0.0
count4-offset1,4,1,5,base,4,0,0.0
count4-offset1,4,1,5,base,4,1,0.0
count4-offset1,4,1,5,base,4,2,0.0
count4-offset1,4,1,5,base,4,3,0.0
count4-offset1,4,1,5,base,4,4,0.0
count4-offset1,4,1,5,base,4,5,0.0
count4-offset1,4,1,5,base,4,6,0.0
count4-offset1,4,1,5,base,4,7,0.0
count4-offset2,4,2,5,base,0,0,-0.051489297300577164
count4-offset2,4,2,5,base,0,1,0.002381056547164917
count4-offset2,4,2,5,base,0,2,0.08044515550136566
count4-offset2,4,2,5,base,0,3,-0.018459685146808624
count4-offset2,4,2,5,base,0,4,0.19885054230690002
count4-offset2,4,2,5,base,0,5,0.16158011555671692
count4-offset2,4,2,5,base,0,6,-0.18223837018013
count4-offset2,4,2,5,base,0,7,-0.0029228366911411285
count4-offset2,4,2,5,base,1,0,0.0
count4-offset2,4,2,5,base,1,1,0.0
count4-offset2,4,2,5,base,1,2,0.0
count4-offset2,4,2,5,base,1,3,0.0
count4-offset2,4,2,5,base,1,4,0.0
count4-offset2,4,2,5,base,1,5,0.0
count4-offset2,4,2,5,base,1,6,0.0
count4-offset2,4,2,5,base,1,7,0.0
count4-offset2,4,2,5,base,2,0,0.0
count4-offset2,4,2,5,base,2,1,0.0
count4-offset2,4,2,5,base,2,2,0.0
count4-offset2,4,2,5,base,2,3,0.0
count4-offset2,4,2,5,base,2,4,0.0
count4-offset2,4,2,5,base,2,5,0.0
count4-offset2,4,2,5,base,2,6,0.0
count4-offset2,4,2,5,base,2,7,0.0
count4-offset2,4,2,5,base,3,0,0.0
count4-offset2,4,2,5,base,3,1,0.0
count4-offset2,4,2,5,base,3,2,0.0
count4-offset2,4,2,5,base,3,3,0.0
count4-offset2,4,2,5,base,3,4,0.0
count4-offset2,4,2,5,base,3,5,0.0
count4-offset2,4,2,5,base,3,6,0.0
count4-offset2,4,2,5,base,3,7,0.0
count4-offset2,4,2,5,base,4,0,0.0
count4-offset2,4,2,5,base,4,1,0.0
count4-offset2,4,2,5,base,4,2,0.0
count4-offset2,4,2,5,base,4,3,0.0
count4-offset2,4,2,5,base,4,4,0.0
count4-offset2,4,2,5,base,4,5,0.0
count4-offset2,4,2,5,base,4,6,0.0
count4-offset2,4,2,5,base,4,7,0.0
count4-offset3,4,3,5,base,0,0,-0.1748388260602951
count4-offset3,4,3,5,base,0,1,0.03296494483947754
count4-offset3,4,3,5,base,0,2,0.17038807272911072
count4-offset3,4,3,5,base,0,3,-0.046574272215366364
count4-offset3,4,3,5,base,0,4,0.2797807455062866
count4-offset3,4,3,5,base,0,5,0.10781284421682358
count4-offset3,4,3,5,base,0,6,-0.14326730370521545
count4-offset3,4,3,5,base,0,7,-0.13631486892700195
count4-offset3,4,3,5,base,1,0,0.0
count4-offset3,4,3,5,base,1,1,0.0
count4-offset3,4,3,5,base,1,2,0.0
count4-offset3,4,3,5,base,1,3,0.0
count4-offset3,4,3,5,base,1,4,0.0
count4-offset3,4,3,5,base,1,5,0.0
count4-offset3,4,3,5,base,1,6,0.0
count4-offset3,4,3,5,base,1,7,0.0
count4-offset3,4,3,5,base,2,0,0.0
count4-offset3,4,3,5,base,2,1,0.0
count4-offset3,4,3,5,base,2,2,0.0
count4-offset3,4,3,5,base,2,3,0.0
count4-offset3,4,3,5,base,2,4,0.0
count4-offset3,4,3,5,base,2,5,0.0
count4-offset3,4,3,5,base,2,6,0.0
count4-offset3,4,3,5,base,2,7,0.0
count4-offset3,4,3,5,base,3,0,0.0
count4-offset3,4,3,5,base,3,1,0.0
count4-offset3,4,3,5,base,3,2,0.0
count4-offset3,4,3,5,base,3,3,0.0
count4-offset3,4,3,5,base,3,4,0.0
count4-offset3,4,3,5,base,3,5,0.0
count4-offset3,4,3,5,base,3,6,0.0
count4-offset3,4,3,5,base,3,7,0.0
count4-offset3,4,3,5,base,4,0,0.0
count4-offset3,4,3,5,base,4,1,0.0
count4-offset3,4,3,5,base,4,2,0.0
count4-offset3,4,3,5,base,4,3,0.0
count4-offset3,4,3,5,base,4,4,0.0
count4-offset3,4,3,5,base,4,5,0.0
count4-offset3,4,3,5,base,4,6,0.0
count4-offset3,4,3,5,base,4,7,0.0
count8,8,0,5,base,0,0,-0.22501294314861298
count8,8,0,5,base,0,1,-0.14196881651878357
count8,8,0,5,base,0,2,0.06519831717014313
count8,8,0,5,base,0,3,-0.011188022792339325
count8,8,0,5,base,0,4,0.14899170398712158
count8,8,0,5,base,0,5,0.20357364416122437
count8,8,0,5,base,0,6,-0.08959628641605377
count8,8,0,5,base,0,7,-0.053665488958358765
count8,8,0,5,base,1,0,0.0
count8,8,0,5,base,1,1,0.0
count8,8,0,5,base,1,2,0.0
count8,8,0,5,base,1,3,0.0
count8,8,0,5,base,1,4,0.0
count8,8,0,5,base,1,5,0.0
count8,8,0,5,base,1,6,0.0
count8,8,0,5,base,1,7,0.0
count8,8,0,5,base,2,0,0.0
count8,8,0,5,base,2,1,0.0
count8,8,0,5,base,2,2,0.0
count8,8,0,5,base,2,3,0.0
count8,8,0,5,base,2,4,0.0
count8,8,0,5,base,2,5,0.0
count8,8,0,5,base,2,6,0.0
count8,8,0,5,base,2,7,0.0
count8,8,0,5,base,3,0,0.0
count8,8,0,5,base,3,1,0.0
count8,8,0,5,base,3,2,0.0
count8,8,0,5,base,3,3,0.0
count8,8,0,5,base,3,4,0.0
count8,8,0,5,base,3,5,0.0
count8,8,0,5,base,3,6,0.0
count8,8,0,5,base,3,7,0.0
count8,8,0,5,base,4,0,0.0
count8,8,0,5,base,4,1,0.0
count8,8,0,5,base,4,2,0.0
count8,8,0,5,base,4,3,0.0
count8,8,0,5,base,4,4,0.0
count8,8,0,5,base,4,5,0.0
count8,8,0,5,base,4,6,0.0
count8,8,0,5,base,4,7,0.0
count0,0,0,5,extra,0,0,3.987724085163791e-06
count0,0,0,5,extra,0,1,3.3367496143910103e-06
count0,0,0,5,extra,0,2,2.9800462471030187e-06
count0,0,0,5,extra,0,3,3.923358235624619e-06
count0,0,0,5,extra,0,4,1.8581260974315228e-06
count0,0,0,5,extra,0,5,2.382264028710779e-06
count0,0,0,5,extra,0,6,3.069840204261709e-06
count0,0,0,5,extra,0,7,3.3088583677454153e-06
count0,0,0,5,extra,1,0,0.0
count0,0,0,5,extra,1,1,0.0
count0,0,0,5,extra,1,2,0.0
count0,0,0,5,extra,1,3,0.0
count0,0,0,5,extra,1,4,0.0
count0,0,0,5,extra,1,5,0.0
count0,0,0,5,extra,1,6,0.0
count0,0,0,5,extra,1,7,0.0
count0,0,0,5,extra,2,0,0.0
count0,0,0,5,extra,2,1,0.0
count0,0,0,5,extra,2,2,0.0
count0,0,0,5,extra,2,3,0.0
count0,0,0,5,extra,2,4,0.0
count0,0,0,5,extra,2,5,0.0
count0,0,0,5,extra,2,6,0.0
count0,0,0,5,extra,2,7,0.0
count0,0,0,5,extra,3,0,0.0
count0,0,0,5,extra,3,1,0.0
count0,0,0,5,extra,3,2,0.0
count0,0,0,5,extra,3,3,0.0
count0,0,0,5,extra,3,4,0.0
count0,0,0,5,extra,3,5,0.0
count0,0,0,5,extra,3,6,0.0
count0,0,0,5,extra,3,7,0.0
count0,0,0,5,extra,4,0,0.0
count0,0,0,5,extra,4,1,0.0
count0,0,0,5,extra,4,2,0.0
count0,0,0,5,extra,4,3,0.0
count0,0,0,5,extra,4,4,0.0
count0,0,0,5,extra,4,5,0.0
count0,0,0,5,extra,4,6,0.0
count0,0,0,5,extra,4,7,0.0
count1-offset0,1,0,5,extra,0,0,-1.065567175828619e-05
count1-offset0,1,0,5,extra,0,1,7.41316398489289e-07
count1-offset0,1,0,5,extra,0,2,-5.4517727221536916e-06
count1-offset0,1,0,5,extra,0,3,-8.206558050005697e-06
count1-offset0,1,0,5,extra,0,4,-1.7894690245157108e-05
count1-offset0,1,0,5,extra,0,5,-6.696669515804388e-06
count1-offset0,1,0,5,extra,0,6,-8.243719094025437e-06
count1-offset0,1,0,5,extra,0,7,-8.959677870734595e-06
count1-offset0,1,0,5,extra,1,0,0.0
count1-offset0,1,0,5,extra,1,1,0.0
count1-offset0,1,0,5,extra,1,2,0.0
count1-offset0,1,0,5,extra,1,3,0.0
count1-offset0,1,0,5,extra,1,4,0.0
count1-offset0,1,0,5,extra,1,5,0.0
count1-offset0,1,0,5,extra,1,6,0.0
count1-offset0,1,0,5,extra,1,7,0.0
count1-offset0,1,0,5,extra,2,0,0.0
count1-offset0,1,0,5,extra,2,1,0.0
count1-offset0,1,0,5,extra,2,2,0.0
count1-offset0,1,0,5,extra,2,3,0.0
count1-offset0,1,0,5,extra,2,4,0.0
count1-offset0,1,0,5,extra,2,5,0.0
count1-offset0,1,0,5,extra,2,6,0.0
count1-offset0,1,0,5,extra,2,7,0.0
count1-offset0,1,0,5,extra,3,0,0.0
count1-offset0,1,0,5,extra,3,1,0.0
count1-offset0,1,0,5,extra,3,2,0.0
count1-offset0,1,0,5,extra,3,3,0.0
count1-offset0,1,0,5,extra,3,4,0.0
count1-offset0,1,0,5,extra,3,5,0.0
count1-offset0,1,0,5,extra,3,6,0.0
count1-offset0,1,0,5,extra,3,7,0.0
count1-offset0,1,0,5,extra,4,0,0.0
count1-offset0,1,0,5,extra,4,1,0.0
count1-offset0,1,0,5,extra,4,2,0.0
count1-offset0,1,0,5,extra,4,3,0.0
count1-offset0,1,0,5,extra,4,4,0.0
count1-offset0,1,0,5,extra,4,5,0.0
count1-offset0,1,0,5,extra,4,6,0.0
count1-offset0,1,0,5,extra,4,7,0.0
count1-offset1,1,1,5,extra,0,0,2.6928446459351107e-06
count1-offset1,1,1,5,extra,0,1,2.4695984848221997e-06
count1-offset1,1,1,5,extra,0,2,2.1998225747665856e-06
count1-offset1,1,1,5,extra,0,3,3.316008815090754e-06
count1-offset1,1,1,5,extra,0,4,6.475247573689558e-07
count1-offset1,1,1,5,extra,0,5,1.449670321562735e-06
count1-offset1,1,1,5,extra,0,6,2.3865982257120777e-06
count1-offset1,1,1,5,extra,0,7,2.469062110321829e-06
count1-offset1,1,1,5,extra,1,0,0.0
count1-offset1,1,1,5,extra,1,1,0.0
count1-offset1,1,1,5,extra,1,2,0.0
count1-offset1,1,1,5,extra,1,3,0.0
count1-offset1,1,1,5,extra,1,4,0.0
count1-offset1,1,1,5,extra,1,5,0.0
count1-offset1,1,1,5,extra,1,6,0.0
count1-offset1,1,1,5,extra,1,7,0.0
count1-offset1,1,1,5,extra,2,0,0.0
count1-offset1,1,1,5,extra,2,1,0.0
count1-offset1,1,1,5,extra,2,2,0.0
count1-offset1,1,1,5,extra,2,3,0.0
count1-offset1,1,1,5,extra,2,4,0.0
count1-offset1,1,1,5,extra,2,5,0.0
count1-offset1,1,1,5,extra,2,6,0.0
count1-offset1,1,1,5,extra,2,7,0.0
count1-offset1,1,1,5,extra,3,0,0.0
count1-offset1,1,1,5,extra,3,1,0.0
count1-offset1,1,1,5,extra,3,2,0.0
count1-offset1,1,1,5,extra,3,3,0.0
count1-offset1,1,1,5,extra,3,4,0.0
count1-offset1,1,1,5,extra,3,5,0.0
count1-offset1,1,1,5,extra,3,6,0.0
count1-offset1,1,1,5,extra,3,7,0.0
count1-offset1,1,1,5,extra,4,0,0.0
count1-offset1,1,1,5,extra,4,1,0.0
count1-offset1,1,1,5,extra,4,2,0.0
count1-offset1,1,1,5,extra,4,3,0.0
count1-offset1,1,1,5,extra,4,4,0.0
count1-offset1,1,1,5,extra,4,5,0.0
count1-offset1,1,1,5,extra,4,6,0.0
count1-offset1,1,1,5,extra,4,7,0.0
count1-offset2,1,2,5,extra,0,0,2.8354597816360183e-06
count1-offset2,1,2,5,extra,0,1,2.4415010102529777e-06
count1-offset2,1,2,5,extra,0,2,2.1557516447501257e-06
count1-offset2,1,2,5,extra,0,3,3.328048251205473e-06
count1-offset2,1,2,5,extra,0,4,7.932878816063749e-07
count1-offset2,1,2,5,extra,0,5,1.4326418522614404e-06
count1-offset2,1,2,5,extra,0,6,2.3620893898623763e-06
count1-offset2,1,2,5,extra,0,7,2.5246986297133844e-06
count1-offset2,1,2,5,extra,1,0,0.0
count1-offset2,1,2,5,extra,1,1,0.0
count1-offset2,1,2,5,extra,1,2,0.0
count1-offset2,1,2,5,extra,1,3,0.0
count1-offset2,1,2,5,extra,1,4,0.0
count1-offset2,1,2,5,extra,1,5,0.0
count1-offset2,1,2,5,extra,1,6,0.0
count1-offset2,1,2,5,extra,1,7,0.0
count1-offset2,1,2,5,extra,2,0,0.0
count1-offset2,1,2,5,extra,2,1,0.0
count1-offset2,1,2,5,extra,2,2,0.0
count1-offset2,1,2,5,extra,2,3,0.0
count1-offset2,1,2,5,extra,2,4,0.0
count1-offset2,1,2,5,extra,2,5,0.0
count1-offset2,1,2,5,extra,2,6,0.0
count1-offset2,1,2,5,extra,2,7,0.0
count1-offset2,1,2,5,extra,3,0,0.0
count1-offset2,1,2,5,extra,3,1,0.0
count1-offset2,1,2,5,extra,3,2,0.0
count1-offset2,1,2,5,extra,3,3,0.0
count1-offset2,1,2,5,extra,3,4,0.0
count1-offset2,1,2,5,extra,3,5,0.0
count1-offset2,1,2,5,extra,3,6,0.0
count1-offset2,1,2,5,extra,3,7,0.0
count1-offset2,1,2,5,extra,4,0,0.0
count1-offset2,1,2,5,extra,4,1,0.0
count1-offset2,1,2,5,extra,4,2,0.0
count1-offset2,1,2,5,extra,4,3,0.0
count1-offset2,1,2,5,extra,4,4,0.0
count1-offset2,1,2,5,extra,4,5,0.0
count1-offset2,1,2,5,extra,4,6,0.0
count1-offset2,1,2,5,extra,4,7,0.0
count1-offset3,1,3,5,extra,0,0,1.26440272651962e-06
count1-offset3,1,3,5,extra,0,1,1.0328370763090788e-06
count1-offset3,1,3,5,extra,0,2,1.0726491836976493e-06
count1-offset3,1,3,5,extra,0,3,2.635006239870563e-06
count1-offset3,1,3,5,extra,0,4,-3.326230171296629e-07
count1-offset3,1,3,5,extra,0,5,1.5923825458230567e-07
count1-offset3,1,3,5,extra,0,6,1.6925973795878235e-06
count1-offset3,1,3,5,extra,0,7,1.6478701354571967e-06
count1-offset3,1,3,5,extra,1,0,0.0
count1-offset3,1,3,5,extra,1,1,0.0
count1-offset3,1,3,5,extra,1,2,0.0
count1-offset3,1,3,5,extra,1,3,0.0
count1-offset3,1,3,5,extra,1,4,0.0
count1-offset3,1,3,5,extra,1,5,0.0
count1-offset3,1,3,5,extra,1,6,0.0
count1-offset3,1,3,5,extra,1,7,0.0
count1-offset3,1,3,5,extra,2,0,0.0
count1-offset3,1,3,5,extra,2,1,0.0
count1-offset3,1,3,5,extra,2,2,0.0
count1-offset3,1,3,5,extra,2,3,0.0
count1-offset3,1,3,5,extra,2,4,0.0
count1-offset3,1,3,5,extra,2,5,0.0
count1-offset3,1,3,5,extra,2,6,0.0
count1-offset3,1,3,5,extra,2,7,0.0
count1-offset3,1,3,5,extra,3,0,0.0
count1-offset3,1,3,5,extra,3,1,0.0
count1-offset3,1,3,5,extra,3,2,0.0
count1-offset3,1,3,5,extra,3,3,0.0
count1-offset3,1,3,5,extra,3,4,0.0
count1-offset3,1,3,5,extra,3,5,0.0
count1-offset3,1,3,5,extra,3,6,0.0
count1-offset3,1,3,5,extra,3,7,0.0
count1-offset3,1,3,5,extra,4,0,0.0
count1-offset3,1,3,5,extra,4,1,0.0
count1-offset3,1,3,5,extra,4,2,0.0
count1-offset3,1,3,5,extra,4,3,0.0
count1-offset3,1,3,5,extra,4,4,0.0
count1-offset3,1,3,5,extra,4,5,0.0
count1-offset3,1,3,5,extra,4,6,0.0
count1-offset3,1,3,5,extra,4,7,0.0
count2-offset0,2,0,5,extra,0,0,-2.49046970566269e-05
count2-offset0,2,0,5,extra,0,1,-6.694882813462755e-06
count2-offset0,2,0,5,extra,0,2,-1.778046862455085e-05
count2-offset0,2,0,5,extra,0,3,-1.9055252778343856e-05
count2-offset0,2,0,5,extra,0,4,-3.601717617129907e-05
count2-offset0,2,0,5,extra,0,5,-1.996844366658479e-05
count2-offset0,2,0,5,extra,0,6,-2.0604222299880348e-05
count2-offset0,2,0,5,extra,0,7,-2.0304520148783922e-05
count2-offset0,2,0,5,extra,1,0,0.0
count2-offset0,2,0,5,extra,1,1,0.0
count2-offset0,2,0,5,extra,1,2,0.0
count2-offset0,2,0,5,extra,1,3,0.0
count2-offset0,2,0,5,extra,1,4,0.0
count2-offset0,2,0,5,extra,1,5,0.0
count2-offset0,2,0,5,extra,1,6,0.0
count2-offset0,2,0,5,extra,1,7,0.0
count2-offset0,2,0,5,extra,2,0,0.0
count2-offset0,2,0,5,extra,2,1,0.0
count2-offset0,2,0,5,extra,2,2,0.0
count2-offset0,2,0,5,extra,2,3,0.0
count2-offset0,2,0,5,extra,2,4,0.0
count2-offset0,2,0,5,extra,2,5,0.0
count2-offset0,2,0,5,extra,2,6,0.0
count2-offset0,2,0,5,extra,2,7,0.0
count2-offset0,2,0,5,extra,3,0,0.0
count2-offset0,2,0,5,extra,3,1,0.0
count2-offset0,2,0,5,extra,3,2,0.0
count2-offset0,2,0,5,extra,3,3,0.0
count2-offset0,2,0,5,extra,3,4,0.0
count2-offset0,2,0,5,extra,3,5,0.0
count2-offset0,2,0,5,extra,3,6,0.0
count2-offset0,2,0,5,extra,3,7,0.0
count2-offset0,2,0,5,extra,4,0,0.0
count2-offset0,2,0,5,extra,4,1,0.0
count2-offset0,2,0,5,extra,4,2,0.0
count2-offset0,2,0,5,extra,4,3,0.0
count2-offset0,2,0,5,extra,4,4,0.0
count2-offset0,2,0,5,extra,4,5,0.0
count2-offset0,2,0,5,extra,4,6,0.0
count2-offset0,2,0,5,extra,4,7,0.0
count2-offset1,2,1,5,extra,0,0,6.973193649173481e-07
count2-offset1,2,1,5,extra,0,1,1.5966105593179236e-06
count2-offset1,2,1,5,extra,0,2,1.292860360990744e-06
count2-offset1,2,1,5,extra,0,3,2.609682496768073e-06
count2-offset1,2,1,5,extra,0,4,-1.2827737236875691e-06
count2-offset1,2,1,5,extra,0,5,2.1038624709035503e-07
count2-offset1,2,1,5,extra,0,6,1.7185084288939834e-06
count2-offset1,2,1,5,extra,0,7,1.5137953823796124e-06
count2-offset1,2,1,5,extra,1,0,0.0
count2-offset1,2,1,5,extra,1,1,0.0
count2-offset1,2,1,5,extra,1,2,0.0
count2-offset1,2,1,5,extra,1,3,0.0
count2-offset1,2,1,5,extra,1,4,0.0
count2-offset1,2,1,5,extra,1,5,0.0
count2-offset1,2,1,5,extra,1,6,0.0
count2-offset1,2,1,5,extra,1,7,0.0
count2-offset1,2,1,5,extra,2,0,0.0
count2-offset1,2,1,5,extra,2,1,0.0
count2-offset1,2,1,5,extra,2,2,0.0
count2-offset1,2,1,5,extra,2,3,0.0
count2-offset1,2,1,5,extra,2,4,0.0
count2-offset1,2,1,5,extra,2,5,0.0
count2-offset1,2,1,5,extra,2,6,0.0
count2-offset1,2,1,5,extra,2,7,0.0
count2-offset1,2,1,5,extra,3,0,0.0
count2-offset1,2,1,5,extra,3,1,0.0
count2-offset1,2,1,5,extra,3,2,0.0
count2-offset1,2,1,5,extra,3,3,0.0
count2-offset1,2,1,5,extra,3,4,0.0
count2-offset1,2,1,5,extra,3,5,0.0
count2-offset1,2,1,5,extra,3,6,0.0
count2-offset1,2,1,5,extra,3,7,0.0
count2-offset1,2,1,5,extra,4,0,0.0
count2-offset1,2,1,5,extra,4,1,0.0
count2-offset1,2,1,5,extra,4,2,0.0
count2-offset1,2,1,5,extra,4,3,0.0
count2-offset1,2,1,5,extra,4,4,0.0
count2-offset1,2,1,5,extra,4,5,0.0
count2-offset1,2,1,5,extra,4,6,0.0
count2-offset1,2,1,5,extra,4,7,0.0
count2-offset2,2,2,5,extra,0,0,1.1101208201580448e-06
count2-offset2,2,2,5,extra,0,1,1.5299971209969954e-06
count2-offset2,2,2,5,extra,0,2,1.3763877859673812e-06
count2-offset2,2,2,5,extra,0,3,2.765405724858283e-06
count2-offset2,2,2,5,extra,0,4,-7.398606385322637e-07
count2-offset2,2,2,5,extra,0,5,3.789827189848438e-07
count2-offset2,2,2,5,extra,0,6,1.8670330064196605e-06
count2-offset2,2,2,5,extra,0,7,1.721829107736994e-06
count2-offset2,2,2,5,extra,1,0,0.0
count2-offset2,2,2,5,extra,1,1,0.0
count2-offset2,2,2,5,extra,1,2,0.0
count2-offset2,2,2,5,extra,1,3,0.0
count2-offset2,2,2,5,extra,1,4,0.0
count2-offset2,2,2,5,extra,1,5,0.0
count2-offset2,2,2,5,extra,1,6,0.0
count2-offset2,2,2,5,extra,1,7,0.0
count2-offset2,2,2,5,extra,2,0,0.0
count2-offset2,2,2,5,extra,2,1,0.0
count2-offset2,2,2,5,extra,2,2,0.0
count2-offset2,2,2,5,extra,2,3,0.0
count2-offset2,2,2,5,extra,2,4,0.0
count2-offset2,2,2,5,extra,2,5,0.0
count2-offset2,2,2,5,extra,2,6,0.0
count2-offset2,2,2,5,extra,2,7,0.0
count2-offset2,2,2,5,extra,3,0,0.0
count2-offset2,2,2,5,extra,3,1,0.0
count2-offset2,2,2,5,extra,3,2,0.0
count2-offset2,2,2,5,extra,3,3,0.0
count2-offset2,2,2,5,extra,3,4,0.0
count2-offset2,2,2,5,extra,3,5,0.0
count2-offset2,2,2,5,extra,3,6,0.0
count2-offset2,2,2,5,extra,3,7,0.0
count2-offset2,2,2,5,extra,4,0,0.0
count2-offset2,2,2,5,extra,4,1,0.0
count2-offset2,2,2,5,extra,4,2,0.0
count2-offset2,2,2,5,extra,4,3,0.0
count2-offset2,2,2,5,extra,4,4,0.0
count2-offset2,2,2,5,extra,4,5,0.0
count2-offset2,2,2,5,extra,4,6,0.0
count2-offset2,2,2,5,extra,4,7,0.0
count2-offset3,2,3,5,extra,0,0,2.7664559638651554e-06
count2-offset3,2,3,5,extra,0,1,8.441232353106898e-07
count2-offset3,2,3,5,extra,0,2,2.2351198367687175e-06
count2-offset3,2,3,5,extra,0,3,4.341890416981187e-06
count2-offset3,2,3,5,extra,0,4,2.8014521831210004e-06
count2-offset3,2,3,5,extra,0,5,1.3582559859059984e-06
count2-offset3,2,3,5,extra,0,6,3.3837300179584417e-06
count2-offset3,2,3,5,extra,0,7,3.241842705392628e-06
count2-offset3,2,3,5,extra,1,0,0.0
count2-offset3,2,3,5,extra,1,1,0.0
count2-offset3,2,3,5,extra,1,2,0.0
count2-offset3,2,3,5,extra,1,3,0.0
count2-offset3,2,3,5,extra,1,4,0.0
count2-offset3,2,3,5,extra,1,5,0.0
count2-offset3,2,3,5,extra,1,6,0.0
count2-offset3,2,3,5,extra,1,7,0.0
count2-offset3,2,3,5,extra,2,0,0.0
count2-offset3,2,3,5,extra,2,1,0.0
count2-offset3,2,3,5,extra,2,2,0.0
count2-offset3,2,3,5,extra,2,3,0.0
count2-offset3,2,3,5,extra,2,4,0.0
count2-offset3,2,3,5,extra,2,5,0.0
count2-offset3,2,3,5,extra,2,6,0.0
count2-offset3,2,3,5,extra,2,7,0.0
count2-offset3,2,3,5,extra,3,0,0.0
count2-offset3,2,3,5,extra,3,1,0.0
count2-offset3,2,3,5,extra,3,2,0.0
count2-offset3,2,3,5,extra,3,3,0.0
count2-offset3,2,3,5,extra,3,4,0.0
count2-offset3,2,3,5,extra,3,5,0.0
count2-offset3,2,3,5,extra,3,6,0.0
count2-offset3,2,3,5,extra,3,7,0.0
count2-offset3,2,3,5,extra,4,0,0.0
count2-offset3,2,3,5,extra,4,1,0.0
count2-offset3,2,3,5,extra,4,2,0.0
count2-offset3,2,3,5,extra,4,3,0.0
count2-offset3,2,3,5,extra,4,4,0.0
count2-offset3,2,3,5,extra,4,5,0.0
count2-offset3,2,3,5,extra,4,6,0.0
count2-offset3,2,3,5,extra,4,7,0.0
count4-offset0,4,0,5,extra,0,0,-2.7780850359704345e-05
count4-offset0,4,0,5,extra,0,1,-7.946840923978016e-06
count4-offset0,4,0,5,extra,0,2,-2.040770777966827e-05
count4-offset0,4,0,5,extra,0,3,-2.091682836180553e-05
count4-offset0,4,0,5,extra,0,4,-3.9012964407447726e-05
count4-offset0,4,0,5,extra,0,5,-2.2551690562977456e-05
count4-offset0,4,0,5,extra,0,6,-2.319126360816881e-05
count4-offset0,4,0,5,extra,0,7,-2.2320378775475547e-05
count4-offset0,4,0,5,extra,1,0,0.0
count4-offset0,4,0,5,extra,1,1,0.0
count4-offset0,4,0,5,extra,1,2,0.0
count4-offset0,4,0,5,extra,1,3,0.0
count4-offset0,4,0,5,extra,1,4,0.0
count4-offset0,4,0,5,extra,1,5,0.0
count4-offset0,4,0,5,extra,1,6,0.0
count4-offset0,4,0,5,extra,1,7,0.0
count4-offset0,4,0,5,extra,2,0,0.0
count4-offset0,4,0,5,extra,2,1,0.0
count4-offset0,4,0,5,extra,2,2,0.0
count4-offset0,4,0,5,extra,2,3,0.0
count4-offset0,4,0,5,extra,2,4,0.0
count4-offset0,4,0,5,extra,2,5,0.0
count4-offset0,4,0,5,extra,2,6,0.0
count4-offset0,4,0,5,extra,2,7,0.0
count4-offset0,4,0,5,extra,3,0,0.0
count4-offset0,4,0,5,extra,3,1,0.0
count4-offset0,4,0,5,extra,3,2,0.0
count4-offset0,4,0,5,extra,3,3,0.0
count4-offset0,4,0,5,extra,3,4,0.0
count4-offset0,4,0,5,extra,3,5,0.0
count4-offset0,4,0,5,extra,3,6,0.0
count4-offset0,4,0,5,extra,3,7,0.0
count4-offset0,4,0,5,extra,4,0,0.0
count4-offset0,4,0,5,extra,4,1,0.0
count4-offset0,4,0,5,extra,4,2,0.0
count4-offset0,4,0,5,extra,4,3,0.0
count4-offset0,4,0,5,extra,4,4,0.0
count4-offset0,4,0,5,extra,4,5,0.0
count4-offset0,4,0,5,extra,4,6,0.0
count4-offset0,4,0,5,extra,4,7,0.0
count4-offset1,4,1,5,extra,0,0,3.3079904824262485e-06
count4-offset1,4,1,5,extra,0,1,1.0971032224915689e-06
count4-offset1,4,1,5,extra,0,2,2.845159315256751e-06
count4-offset1,4,1,5,extra,0,3,4.993210495740641e-06
count4-offset1,4,1,5,extra,0,4,3.747536084119929e-06
count4-offset1,4,1,5,extra,0,5,1.9454589619272156e-06
count4-offset1,4,1,5,extra,0,6,4.0104632716975175e-06
count4-offset1,4,1,5,extra,0,7,3.832101356238127e-06
count4-offset1,4,1,5,extra,1,0,0.0
count4-offset1,4,1,5,extra,1,1,0.0
count4-offset1,4,1,5,extra,1,2,0.0
count4-offset1,4,1,5,extra,1,3,0.0
count4-offset1,4,1,5,extra,1,4,0.0
count4-offset1,4,1,5,extra,1,5,0.0
count4-offset1,4,1,5,extra,1,6,0.0
count4-offset1,4,1,5,extra,1,7,0.0
count4-offset1,4,1,5,extra,2,0,0.0
count4-offset1,4,1,5,extra,2,1,0.0
count4-offset1,4,1,5,extra,2,2,0.0
count4-offset1,4,1,5,extra,2,3,0.0
count4-offset1,4,1,5,extra,2,4,0.0
count4-offset1,4,1,5,extra,2,5,0.0
count4-offset1,4,1,5,extra,2,6,0.0
count4-offset1,4,1,5,extra,2,7,0.0
count4-offset1,4,1,5,extra,3,0,0.0
count4-offset1,4,1,5,extra,3,1,0.0
count4-offset1,4,1,5,extra,3,2,0.0
count4-offset1,4,1,5,extra,3,3,0.0
count4-offset1,4,1,5,extra,3,4,0.0
count4-offset1,4,1,5,extra,3,5,0.0
count4-offset1,4,1,5,extra,3,6,0.0
count4-offset1,4,1,5,extra,3,7,0.0
count4-offset1,4,1,5,extra,4,0,0.0
count4-offset1,4,1,5,extra,4,1,0.0
count4-offset1,4,1,5,extra,4,2,0.0
count4-offset1,4,1,5,extra,4,3,0.0
count4-offset1,4,1,5,extra,4,4,0.0
count4-offset1,4,1,5,extra,4,5,0.0
count4-offset1,4,1,5,extra,4,6,0.0
count4-offset1,4,1,5,extra,4,7,0.0
count4-offset2,4,2,5,extra,0,0,-2.778083216981031e-05
count4-offset2,4,2,5,extra,0,1,-7.946830010041595e-06
count4-offset2,4,2,5,extra,0,2,-2.0407687770784833e-05
count4-offset2,4,2,5,extra,0,3,-2.09168138098903e-05
count4-offset2,4,2,5,extra,0,4,-3.901294257957488e-05
count4-offset2,4,2,5,extra,0,5,-2.2551670554094017e-05
count4-offset2,4,2,5,extra,0,6,-2.3191249056253582e-05
count4-offset2,4,2,5,extra,0,7,-2.2320362404570915e-05
count4-offset2,4,2,5,extra,1,0,0.0
count4-offset2,4,2,5,extra,1,1,0.0
count4-offset2,4,2,5,extra,1,2,0.0
count4-offset2,4,2,5,extra,1,3,0.0
count4-offset2,4,2,5,extra,1,4,0.0
count4-offset2,4,2,5,extra,1,5,0.0
count4-offset2,4,2,5,extra,1,6,0.0
count4-offset2,4,2,5,extra,1,7,0.0
count4-offset2,4,2,5,extra,2,0,0.0
count4-offset2,4,2,5,extra,2,1,0.0
count4-offset2,4,2,5,extra,2,2,0.0
count4-offset2,4,2,5,extra,2,3,0.0
count4-offset2,4,2,5,extra,2,4,0.0
count4-offset2,4,2,5,extra,2,5,0.0
count4-offset2,4,2,5,extra,2,6,0.0
count4-offset2,4,2,5,extra,2,7,0.0
count4-offset2,4,2,5,extra,3,0,0.0
count4-offset2,4,2,5,extra,3,1,0.0
count4-offset2,4,2,5,extra,3,2,0.0
count4-offset2,4,2,5,extra,3,3,0.0
count4-offset2,4,2,5,extra,3,4,0.0
count4-offset2,4,2,5,extra,3,5,0.0
count4-offset2,4,2,5,extra,3,6,0.0
count4-offset2,4,2,5,extra,3,7,0.0
count4-offset2,4,2,5,extra,4,0,0.0
count4-offset2,4,2,5,extra,4,1,0.0
count4-offset2,4,2,5,extra,4,2,0.0
count4-offset2,4,2,5,extra,4,3,0.0
count4-offset2,4,2,5,extra,4,4,0.0
count4-offset2,4,2,5,extra,4,5,0.0
count4-offset2,4,2,5,extra,4,6,0.0
count4-offset2,4,2,5,extra,4,7,0.0
count4-offset3,4,3,5,extra,0,0,3.307989118184196e-06
count4-offset3,4,3,5,extra,0,1,1.097102767744218e-06
count4-offset3,4,3,5,extra,0,2,2.8451588605094003e-06
count4-offset3,4,3,5,extra,0,3,4.993209586245939e-06
count4-offset3,4,3,5,extra,0,4,3.74753403775685e-06
count4-offset3,4,3,5,extra,0,5,1.9454578250588384e-06
count4-offset3,4,3,5,extra,0,6,4.010461452708114e-06
count4-offset3,4,3,5,extra,0,7,3.832099537248723e-06
count4-offset3,4,3,5,extra,1,0,0.0
count4-offset3,4,3,5,extra,1,1,0.0
count4-offset3,4,3,5,extra,1,2,0.0
count4-offset3,4,3,5,extra,1,3,0.0
count4-offset3,4,3,5,extra,1,4,0.0
count4-offset3,4,3,5,extra,1,5,0.0
count4-offset3,4,3,5,extra,1,6,0.0
count4-offset3,4,3,5,extra,1,7,0.0
count4-offset3,4,3,5,extra,2,0,0.0
count4-offset3,4,3,5,extra,2,1,0.0
count4-offset3,4,3,5,extra,2,2,0.0
count4-offset3,4,3,5,extra,2,3,0.0
count4-offset3,4,3,5,extra,2,4,0.0
count4-offset3,4,3,5,extra,2,5,0.0
count4-offset3,4,3,5,extra,2,6,0.0
count4-offset3,4,3,5,extra,2,7,0.0
count4-offset3,4,3,5,extra,3,0,0.0
count4-offset3,4,3,5,extra,3,1,0.0
count4-offset3,4,3,5,extra,3,2,0.0
count4-offset3,4,3,5,extra,3,3,0.0
count4-offset3,4,3,5,extra,3,4,0.0
count4-offset3,4,3,5,extra,3,5,0.0
count4-offset3,4,3,5,extra,3,6,0.0
count4-offset3,4,3,5,extra,3,7,0.0
count4-offset3,4,3,5,extra,4,0,0.0
count4-offset3,4,3,5,extra,4,1,0.0
count4-offset3,4,3,5,extra,4,2,0.0
count4-offset3,4,3,5,extra,4,3,0.0
count4-offset3,4,3,5,extra,4,4,0.0
count4-offset3,4,3,5,extra,4,5,0.0
count4-offset3,4,3,5,extra,4,6,0.0
count4-offset3,4,3,5,extra,4,7,0.0
count8,8,0,5,extra,0,0,-1.0500423741177656e-05
count8,8,0,5,extra,0,1,-6.953678166610189e-07
count8,8,0,5,extra,0,2,-6.513340395031264e-06
count8,8,0,5,extra,0,3,-7.586096216982696e-06
count8,8,0,5,extra,0,4,-1.61020943778567e-05
count8,8,0,5,extra,0,5,-7.471264780178899e-06
count8,8,0,5,extra,0,6,-9.242185114999302e-06
count8,8,0,5,extra,0,7,-8.915587386582047e-06
count8,8,0,5,extra,1,0,0.0
count8,8,0,5,extra,1,1,0.0
count8,8,0,5,extra,1,2,0.0
count8,8,0,5,extra,1,3,0.0
count8,8,0,5,extra,1,4,0.0
count8,8,0,5,extra,1,5,0.0
count8,8,0,5,extra,1,6,0.0
count8,8,0,5,extra,1,7,0.0
count8,8,0,5,extra,2,0,0.0
count8,8,0,5,extra,2,1,0.0
count8,8,0,5,extra,2,2,0.0
count8,8,0,5,extra,2,3,0.0
count8,8,0,5,extra,2,4,0.0
count8,8,0,5,extra,2,5,0.0
count8,8,0,5,extra,2,6,0.0
count8,8,0,5,extra,2,7,0.0
count8,8,0,5,extra,3,0,0.0
count8,8,0,5,extra,3,1,0.0
count8,8,0,5,extra,3,2,0.0
count8,8,0,5,extra,3,3,0.0
count8,8,0,5,extra,3,4,0.0
count8,8,0,5,extra,3,5,0.0
count8,8,0,5,extra,3,6,0.0
count8,8,0,5,extra,3,7,0.0
count8,8,0,5,extra,4,0,0.0
count8,8,0,5,extra,4,1,0.0
count8,8,0,5,extra,4,2,0.0
count8,8,0,5,extra,4,3,0.0
count8,8,0,5,extra,4,4,0.0
count8,8,0,5,extra,4,5,0.0
count8,8,0,5,extra,4,6,0.0
count8,8,0,5,extra,4,7,0.0
count0,0,0,6,base,0,0,-0.0505809485912323
count0,0,0,6,base,0,1,-0.012294363230466843
count0,0,0,6,base,0,2,0.0273197703063488
count0,0,0,6,base,0,3,0.017486706376075745
count0,0,0,6,base,0,4,0.04318865016102791
count0,0,0,6,base,0,5,-0.03450821712613106
count0,0,0,6,base,0,6,-0.009355396032333374
count0,0,0,6,base,0,7,-0.08437208831310272
count0,0,0,6,base,1,0,-0.03116023726761341
count0,0,0,6,base,1,1,0.04465523734688759
count0,0,0,6,base,1,2,0.08043601363897324
count0,0,0,6,base,1,3,-0.06381259858608246
count0,0,0,6,base,1,4,-0.01712450012564659
count0,0,0,6,base,1,5,0.11589302122592926
count0,0,0,6,base,1,6,0.03829752653837204
count0,0,0,6,base,1,7,-0.11108702421188354
count0,0,0,6,base,2,0,0.0
count0,0,0,6,base,2,1,0.0
count0,0,0,6,base,2,2,0.0
count0,0,0,6,base,2,3,0.0
count0,0,0,6,base,2,4,0.0
count0,0,0,6,base,2,5,0.0
count0,0,0,6,base,2,6,0.0
count0,0,0,6,base,2,7,0.0
count0,0,0,6,base,3,0,0.0
count0,0,0,6,base,3,1,0.0
count0,0,0,6,base,3,2,0.0
count0,0,0,6,base,3,3,0.0
count0,0,0,6,base,3,4,0.0
count0,0,0,6,base,3,5,0.0
count0,0,0,6,base,3,6,0.0
count0,0,0,6,base,3,7,0.0
count0,0,0,6,base,4,0,0.0
count0,0,0,6,base,4,1,0.0
count0,0,0,6,base,4,2,0.0
count0,0,0,6,base,4,3,0.0
count0,0,0,6,base,4,4,0.0
count0,0,0,6,base,4,5,0.0
count0,0,0,6,base,4,6,0.0
count0,0,0,6,base,4,7,0.0
count1-offset0,1,0,6,base,0,0,-0.012360498309135437
count1-offset0,1,0,6,base,0,1,-0.06933963298797607
count1-offset0,1,0,6,base,0,2,-0.041188180446624756
count1-offset0,1,0,6,base,0,3,-0.06689902395009995
count1-offset0,1,0,6,base,0,4,0.06543667614459991
count1-offset0,1,0,6,base,0,5,0.08776157349348068
count1-offset0,1,0,6,base,0,6,-0.09980234503746033
count1-offset0,1,0,6,base,0,7,-0.0437922440469265
count1-offset0,1,0,6,base,1,0,-0.08166122436523438
count1-offset0,1,0,6,base,1,1,0.015922941267490387
count1-offset0,1,0,6,base,1,2,0.044075753539800644
count1-offset0,1,0,6,base,1,3,-0.08956321328878403
count1-offset0,1,0,6,base,1,4,0.0031874198466539383
count1-offset0,1,0,6,base,1,5,0.1637539118528366
count1-offset0,1,0,6,base,1,6,0.009515084326267242
count1-offset0,1,0,6,base,1,7,-0.0785566046833992
count1-offset0,1,0,6,base,2,0,0.0
count1-offset0,1,0,6,base,2,1,0.0
count1-offset0,1,0,6,base,2,2,0.0
count1-offset0,1,0,6,base,2,3,0.0
count1-offset0,1,0,6,base,2,4,0.0
count1-offset0,1,0,6,base,2,5,0.0
count1-offset0,1,0,6,base,2,6,0.0
count1-offset0,1,0,6,base,2,7,0.0
count1-offset0,1,0,6,base,3,0,0.0
count1-offset0,1,0,6,base,3,1,0.0
count1-offset0,1,0,6,base,3,2,0.0
count1-offset0,1,0,6,base,3,3,0.0
count1-offset0,1,0,6,base,3,4,0.0
count1-offset0,1,0,6,base,3,5,0.0
count1-offset0,1,0,6,base,3,6,0.0
count1-offset0,1,0,6,base,3,7,0.0
count1-offset0,1,0,6,base,4,0,0.0
count1-offset0,1,0,6,base,4,1,0.0
count1-offset0,1,0,6,base,4,2,0.0
count1-offset0,1,0,6,base,4,3,0.0
count1-offset0,1,0,6,base,4,4,0.0
count1-offset0,1,0,6,base,4,5,0.0
count1-offset0,1,0,6,base,4,6,0.0
count1-offset0,1,0,6,base,4,7,0.0
count1-offset1,1,1,6,base,0,0,0.10187278687953949
count1-offset1,1,1,6,base,0,1,0.12205851078033447
count1-offset1,1,1,6,base,0,2,0.08682651817798615
count1-offset1,1,1,6,base,0,3,0.1354520320892334
count1-offset1,1,1,6,base,0,4,-0.08521192520856857
count1-offset1,1,1,6,base,0,5,0.10227897018194199
count1-offset1,1,1,6,base,0,6,0.0014927498996257782
count1-offset1,1,1,6,base,0,7,-0.1070365160703659
count1-offset1,1,1,6,base,1,0,-0.09030182659626007
count1-offset1,1,1,6,base,1,1,-0.023275136947631836
count1-offset1,1,1,6,base,1,2,-0.0048306770622730255
count1-offset1,1,1,6,base,1,3,-0.04860692471265793
count1-offset1,1,1,6,base,1,4,0.0653199851512909
count1-offset1,1,1,6,base,1,5,0.0261269211769104
count1-offset1,1,1,6,base,1,6,0.049794699996709824
count1-offset1,1,1,6,base,1,7,0.06104879826307297
count1-offset1,1,1,6,base,2,0,0.0
count1-offset1,1,1,6,base,2,1,0.0
count1-offset1,1,1,6,base,2,2,0.0
count1-offset1,1,1,6,base,2,3,0.0
count1-offset1,1,1,6,base,2,4,0.0
count1-offset1,1,1,6,base,2,5,0.0
count1-offset1,1,1,6,base,2,6,0.0
count1-offset1,1,1,6,base,2,7,0.0
count1-offset1,1,1,6,base,3,0,0.0
count1-offset1,1,1,6,base,3,1,0.0
count1-offset1,1,1,6,base,3,2,0.0
count1-offset1,1,1,6,base,3,3,0.0
count1-offset1,1,1,6,base,3,4,0.0
count1-offset1,1,1,6,base,3,5,0.0
count1-offset1,1,1,6,base,3,6,0.0
count1-offset1,1,1,6,base,3,7,0.0
count1-offset1,1,1,6,base,4,0,0.0
count1-offset1,1,1,6,base,4,1,0.0
count1-offset1,1,1,6,base,4,2,0.0
count1-offset1,1,1,6,base,4,3,0.0
count1-offset1,1,1,6,base,4,4,0.0
count1-offset1,1,1,6,base,4,5,0.0
count1-offset1,1,1,6,base,4,6,0.0
count1-offset1,1,1,6,base,4,7,0.0
count1-offset2,1,2,6,base,0,0,0.09126859903335571
count1-offset2,1,2,6,base,0,1,0.12263014167547226
count1-offset2,1,2,6,base,0,2,0.0829232707619667
count1-offset2,1,2,6,base,0,3,0.14035815000534058
count1-offset2,1,2,6,base,0,4,-0.0747632086277008
count1-offset2,1,2,6,base,0,5,0.1213887631893158
count1-offset2,1,2,6,base,0,6,0.011033449321985245
count1-offset2,1,2,6,base,0,7,-0.09678514301776886
count1-offset2,1,2,6,base,1,0,-0.08134142309427261
count1-offset2,1,2,6,base,1,1,-0.025980211794376373
count1-offset2,1,2,6,base,1,2,0.00562979094684124
count1-offset2,1,2,6,base,1,3,-0.043405335396528244
count1-offset2,1,2,6,base,1,4,0.0673031359910965
count1-offset2,1,2,6,base,1,5,0.019708367064595222
count1-offset2,1,2,6,base,1,6,0.04469930753111839
count1-offset2,1,2,6,base,1,7,0.055958110839128494
count1-offset2,1,2,6,base,2,0,0.0
count1-offset2,1,2,6,base,2,1,0.0
count1-offset2,1,2,6,base,2,2,0.0
count1-offset2,1,2,6,base,2,3,0.0
count1-offset2,1,2,6,base,2,4,0.0
count1-offset2,1,2,6,base,2,5,0.0
count1-offset2,1,2,6,base,2,6,0.0
count1-offset2,1,2,6,base,2,7,0.0
count1-offset2,1,2,6,base,3,0,0.0
count1-offset2,1,2,6,base,3,1,0.0
count1-offset2,1,2,6,base,3,2,0.0
count1-offset2,1,2,6,base,3,3,0.0
count1-offset2,1,2,6,base,3,4,0.0
count1-offset2,1,2,6,base,3,5,0.0
count1-offset2,1,2,6,base,3,6,0.0
count1-offset2,1,2,6,base,3,7,0.0
count1-offset2,1,2,6,base,4,0,0.0
count1-offset2,1,2,6,base,4,1,0.0
count1-offset2,1,2,6,base,4,2,0.0
count1-offset2,1,2,6,base,4,3,0.0
count1-offset2,1,2,6,base,4,4,0.0
count1-offset2,1,2,6,base,4,5,0.0
count1-offset2,1,2,6,base,4,6,0.0
count1-offset2,1,2,6,base,4,7,0.0
count1-offset3,1,3,6,base,0,0,-0.10061982274055481
count1-offset3,1,3,6,base,0,1,-0.13506397604942322
count1-offset3,1,3,6,base,0,2,-0.0404086634516716
count1-offset3,1,3,6,base,0,3,-0.07315707206726074
count1-offset3,1,3,6,base,0,4,0.14859576523303986
count1-offset3,1,3,6,base,0,5,-0.13646955788135529
count1-offset3,1,3,6,base,0,6,-0.006857637315988541
count1-offset3,1,3,6,base,0,7,0.011919617652893066
count1-offset3,1,3,6,base,1,0,-0.05805376172065735
count1-offset3,1,3,6,base,1,1,0.1784301996231079
count1-offset3,1,3,6,base,1,2,0.1161033883690834
count1-offset3,1,3,6,base,1,3,-0.013210512697696686
count1-offset3,1,3,6,base,1,4,-0.09488040208816528
count1-offset3,1,3,6,base,1,5,0.14746786653995514
count1-offset3,1,3,6,base,1,6,-0.004736956208944321
count1-offset3,1,3,6,base,1,7,-0.1357707530260086
count1-offset3,1,3,6,base,2,0,0.0
count1-offset3,1,3,6,base,2,1,0.0
count1-offset3,1,3,6,base,2,2,0.0
count1-offset3,1,3,6,base,2,3,0.0
count1-offset3,1,3,6,base,2,4,0.0
count1-offset3,1,3,6,base,2,5,0.0
count1-offset3,1,3,6,base,2,6,0.0
count1-offset3,1,3,6,base,2,7,0.0
count1-offset3,1,3,6,base,3,0,0.0
count1-offset3,1,3,6,base,3,1,0.0
count1-offset3,1,3,6,base,3,2,0.0
count1-offset3,1,3,6,base,3,3,0.0
count1-offset3,1,3,6,base,3,4,0.0
count1-offset3,1,3,6,base,3,5,0.0
count1-offset3,1,3,6,base,3,6,0.0
count1-offset3,1,3,6,base,3,7,0.0
count1-offset3,1,3,6,base,4,0,0.0
count1-offset3,1,3,6,base,4,1,0.0
count1-offset3,1,3,6,base,4,2,0.0
count1-offset3,1,3,6,base,4,3,0.0
count1-offset3,1,3,6,base,4,4,0.0
count1-offset3,1,3,6,base,4,5,0.0
count1-offset3,1,3,6,base,4,6,0.0
count1-offset3,1,3,6,base,4,7,0.0
count2-offset0,2,0,6,base,0,0,-0.09077427536249161
count2-offset0,2,0,6,base,0,1,-0.11666501313447952
count2-offset0,2,0,6,base,0,2,-0.0995655208826065
count2-offset0,2,0,6,base,0,3,-0.0772327333688736
count2-offset0,2,0,6,base,0,4,0.1502963900566101
count2-offset0,2,0,6,base,0,5,0.022314518690109253
count2-offset0,2,0,6,base,0,6,-0.10203966498374939
count2-offset0,2,0,6,base,0,7,0.04318608343601227
count2-offset0,2,0,6,base,1,0,-0.10173235833644867
count2-offset0,2,0,6,base,1,1,0.13855287432670593
count2-offset0,2,0,6,base,1,2,0.10543740540742874
count2-offset0,2,0,6,base,1,3,-0.05222257971763611
count2-offset0,2,0,6,base,1,4,-0.1166590079665184
count2-offset0,2,0,6,base,1,5,0.1600448191165924
count2-offset0,2,0,6,base,1,6,0.010855946689844131
count2-offset0,2,0,6,base,1,7,-0.14059560000896454
count2-offset0,2,0,6,base,2,0,0.0
count2-offset0,2,0,6,base,2,1,0.0
count2-offset0,2,0,6,base,2,2,0.0
count2-offset0,2,0,6,base,2,3,0.0
count2-offset0,2,0,6,base,2,4,0.0
count2-offset0,2,0,6,base,2,5,0.0
count2-offset0,2,0,6,base,2,6,0.0
count2-offset0,2,0,6,base,2,7,0.0
count2-offset0,2,0,6,base,3,0,0.0
count2-offset0,2,0,6,base,3,1,0.0
count2-offset0,2,0,6,base,3,2,0.0
count2-offset0,2,0,6,base,3,3,0.0
count2-offset0,2,0,6,base,3,4,0.0
count2-offset0,2,0,6,base,3,5,0.0
count2-offset0,2,0,6,base,3,6,0.0
count2-offset0,2,0,6,base,3,7,0.0
count2-offset0,2,0,6,base,4,0,0.0
count2-offset0,2,0,6,base,4,1,0.0
count2-offset0,2,0,6,base,4,2,0.0
count2-offset0,2,0,6,base,4,3,0.0
count2-offset0,2,0,6,base,4,4,0.0
count2-offset0,2,0,6,base,4,5,0.0
count2-offset0,2,0,6,base,4,6,0.0
count2-offset0,2,0,6,base,4,7,0.0
count2-offset1,2,1,6,base,0,0,-0.0329003781080246
count2-offset1,2,1,6,base,0,1,0.05862538516521454
count2-offset1,2,1,6,base,0,2,0.0471872054040432
count2-offset1,2,1,6,base,0,3,0.03382045030593872
count2-offset1,2,1,6,base,0,4,-0.006465950980782509
count2-offset1,2,1,6,base,0,5,0.046890899538993835
count2-offset1,2,1,6,base,0,6,0.008266625925898552
count2-offset1,2,1,6,base,0,7,-0.03523540869355202
count2-offset1,2,1,6,base,1,0,-0.007999951019883156
count2-offset1,2,1,6,base,1,1,0.05419376492500305
count2-offset1,2,1,6,base,1,2,0.005881965160369873
count2-offset1,2,1,6,base,1,3,-0.022328220307826996
count2-offset1,2,1,6,base,1,4,-0.01823626458644867
count2-offset1,2,1,6,base,1,5,0.013784057460725307
count2-offset1,2,1,6,base,1,6,0.0020740963518619537
count2-offset1,2,1,6,base,1,7,0.003734367899596691
count2-offset1,2,1,6,base,2,0,0.0
count2-offset1,2,1,6,base,2,1,0.0
count2-offset1,2,1,6,base,2,2,0.0
count2-offset1,2,1,6,base,2,3,0.0
count2-offset1,2,1,6,base,2,4,0.0
count2-offset1,2,1,6,base,2,5,0.0
count2-offset1,2,1,6,base,2,6,0.0
count2-offset1,2,1,6,base,2,7,0.0
count2-offset1,2,1,6,base,3,0,0.0
count2-offset1,2,1,6,base,3,1,0.0
count2-offset1,2,1,6,base,3,2,0.0
count2-offset1,2,1,6,base,3,3,0.0
count2-offset1,2,1,6,base,3,4,0.0
count2-offset1,2,1,6,base,3,5,0.0
count2-offset1,2,1,6,base,3,6,0.0
count2-offset1,2,1,6,base,3,7,0.0
count2-offset1,2,1,6,base,4,0,0.0
count2-offset1,2,1,6,base,4,1,0.0
count2-offset1,2,1,6,base,4,2,0.0
count2-offset1,2,1,6,base,4,3,0.0
count2-offset1,2,1,6,base,4,4,0.0
count2-offset1,2,1,6,base,4,5,0.0
count2-offset1,2,1,6,base,4,6,0.0
count2-offset1,2,1,6,base,4,7,0.0
count2-offset2,2,2,6,base,0,0,-0.026832548901438713
count2-offset2,2,2,6,base,0,1,0.05976780876517296
count2-offset2,2,2,6,base,0,2,0.051069412380456924
count2-offset2,2,2,6,base,0,3,0.040148358792066574
count2-offset2,2,2,6,base,0,4,-0.0021141301840543747
count2-offset2,2,2,6,base,0,5,0.0571562796831131
count2-offset2,2,2,6,base,0,6,0.013662034645676613
count2-offset2,2,2,6,base,0,7,-0.03508799523115158
count2-offset2,2,2,6,base,1,0,-0.012120196595788002
count2-offset2,2,2,6,base,1,1,0.050720252096652985
count2-offset2,2,2,6,base,1,2,0.011004387401044369
count2-offset2,2,2,6,base,1,3,-0.018873997032642365
count2-offset2,2,2,6,base,1,4,-0.009376458823680878
count2-offset2,2,2,6,base,1,5,0.016599241644144058
count2-offset2,2,2,6,base,1,6,0.004478398244827986
count2-offset2,2,2,6,base,1,7,0.001319490373134613
count2-offset2,2,2,6,base,2,0,0.0
count2-offset2,2,2,6,base,2,1,0.0
count2-offset2,2,2,6,base,2,2,0.0
count2-offset2,2,2,6,base,2,3,0.0
count2-offset2,2,2,6,base,2,4,0.0
count2-offset2,2,2,6,base,2,5,0.0
count2-offset2,2,2,6,base,2,6,0.0
count2-offset2,2,2,6,base,2,7,0.0
count2-offset2,2,2,6,base,3,0,0.0
count2-offset2,2,2,6,base,3,1,0.0
count2-offset2,2,2,6,base,3,2,0.0
count2-offset2,2,2,6,base,3,3,0.0
count2-offset2,2,2,6,base,3,4,0.0
count2-offset2,2,2,6,base,3,5,0.0
count2-offset2,2,2,6,base,3,6,0.0
count2-offset2,2,2,6,base,3,7,0.0
count2-offset2,2,2,6,base,4,0,0.0
count2-offset2,2,2,6,base,4,1,0.0
count2-offset2,2,2,6,base,4,2,0.0
count2-offset2,2,2,6,base,4,3,0.0
count2-offset2,2,2,6,base,4,4,0.0
count2-offset2,2,2,6,base,4,5,0.0
count2-offset2,2,2,6,base,4,6,0.0
count2-offset2,2,2,6,base,4,7,0.0
count2-offset3,2,3,6,base,0,0,-0.05950016528367996
count2-offset3,2,3,6,base,0,1,-0.06943614035844803
count2-offset3,2,3,6,base,0,2,0.02252400852739811
count2-offset3,2,3,6,base,0,3,-0.12248106300830841
count2-offset3,2,3,6,base,0,4,0.20122267305850983
count2-offset3,2,3,6,base,0,5,-0.24331490695476532
count2-offset3,2,3,6,base,0,6,-0.0025404170155525208
count2-offset3,2,3,6,base,0,7,0.045985832810401917
count2-offset3,2,3,6,base,1,0,-0.045137759298086166
count2-offset3,2,3,6,base,1,1,0.12173400819301605
count2-offset3,2,3,6,base,1,2,0.2407320737838745
count2-offset3,2,3,6,base,1,3,0.05148942023515701
count2-offset3,2,3,6,base,1,4,-0.060955800116062164
count2-offset3,2,3,6,base,1,5,0.1266079694032669
count2-offset3,2,3,6,base,1,6,0.038994770497083664
count2-offset3,2,3,6,base,1,7,-0.2188921719789505
count2-offset3,2,3,6,base,2,0,0.0
count2-offset3,2,3,6,base,2,1,0.0
count2-offset3,2,3,6,base,2,2,0.0
count2-offset3,2,3,6,base,2,3,0.0
count2-offset3,2,3,6,base,2,4,0.0
count2-offset3,2,3,6,base,2,5,0.0
count2-offset3,2,3,6,base,2,6,0.0
count2-offset3,2,3,6,base,2,7,0.0
count2-offset3,2,3,6,base,3,0,0.0
count2-offset3,2,3,6,base,3,1,0.0
count2-offset3,2,3,6,base,3,2,0.0
count2-offset3,2,3,6,base,3,3,0.0
count2-offset3,2,3,6,base,3,4,0.0
count2-offset3,2,3,6,base,3,5,0.0
count2-offset3,2,3,6,base,3,6,0.0
count2-offset3,2,3,6,base,3,7,0.0
count2-offset3,2,3,6,base,4,0,0.0
count2-offset3,2,3,6,base,4,1,0.0
count2-offset3,2,3,6,base,4,2,0.0
count2-offset3,2,3,6,base,4,3,0.0
count2-offset3,2,3,6,base,4,4,0.0
count2-offset3,2,3,6,base,4,5,0.0
count2-offset3,2,3,6,base,4,6,0.0
count2-offset3,2,3,6,base,4,7,0.0
count4-offset0,4,0,6,base,0,0,0.01777457445859909
count4-offset0,4,0,6,base,0,1,0.0561579167842865
count4-offset0,4,0,6,base,0,2,0.012706170789897442
count4-offset0,4,0,6,base,0,3,0.01897195540368557
count4-offset0,4,0,6,base,0,4,-0.037298113107681274
count4-offset0,4,0,6,base,0,5,0.12185142934322357
count4-offset0,4,0,6,base,0,6,0.03454853594303131
count4-offset0,4,0,6,base,0,7,0.08342532813549042
count4-offset0,4,0,6,base,1,0,0.03446372225880623
count4-offset0,4,0,6,base,1,1,0.049232788383960724
count4-offset0,4,0,6,base,1,2,-0.008002001792192459
count4-offset0,4,0,6,base,1,3,-0.0068438369780778885
count4-offset0,4,0,6,base,1,4,-0.08526074886322021
count4-offset0,4,0,6,base,1,5,0.03670748695731163
count4-offset0,4,0,6,base,1,6,0.046439386904239655
count4-offset0,4,0,6,base,1,7,0.0025371666997671127
count4-offset0,4,0,6,base,2,0,0.0
count4-offset0,4,0,6,base,2,1,0.0
count4-offset0,4,0,6,base,2,2,0.0
count4-offset0,4,0,6,base,2,3,0.0
count4-offset0,4,0,6,base,2,4,0.0
count4-offset0,4,0,6,base,2,5,0.0
count4-offset0,4,0,6,base,2,6,0.0
count4-offset0,4,0,6,base,2,7,0.0
count4-offset0,4,0,6,base,3,0,0.0
count4-offset0,4,0,6,base,3,1,0.0
count4-offset0,4,0,6,base,3,2,0.0
count4-offset0,4,0,6,base,3,3,0.0
count4-offset0,4,0,6,base,3,4,0.0
count4-offset0,4,0,6,base,3,5,0.0
count4-offset0,4,0,6,base,3,6,0.0
count4-offset0,4,0,6,base,3,7,0.0
count4-offset0,4,0,6,base,4,0,0.0
count4-offset0,4,0,6,base,4,1,0.0
count4-offset0,4,0,6,base,4,2,0.0
count4-offset0,4,0,6,base,4,3,0.0
count4-offset0,4,0,6,base,4,4,0.0
count4-offset0,4,0,6,base,4,5,0.0
count4-offset0,4,0,6,base,4,6,0.0
count4-offset0,4,0,6,base,4,7,0.0
count4-offset1,4,1,6,base,0,0,-0.11130905896425247
count4-offset1,4,1,6,base,0,1,0.06670965254306793
count4-offset1,4,1,6,base,0,2,0.061321936547756195
count4-offset1,4,1,6,base,0,3,0.027149096131324768
count4-offset1,4,1,6,base,0,4,0.05080831050872803
count4-offset1,4,1,6,base,0,5,-0.031793251633644104
count4-offset1,4,1,6,base,0,6,-0.01753377914428711
count4-offset1,4,1,6,base,0,7,-0.08357119560241699
count4-offset1,4,1,6,base,1,0,-0.03329567611217499
count4-offset1,4,1,6,base,1,1,0.06991787254810333
count4-offset1,4,1,6,base,1,2,0.04213413968682289
count4-offset1,4,1,6,base,1,3,0.020055392757058144
count4-offset1,4,1,6,base,1,4,0.00943042617291212
count4-offset1,4,1,6,base,1,5,-0.06958417594432831
count4-offset1,4,1,6,base,1,6,0.029996609315276146
count4-offset1,4,1,6,base,1,7,-0.1493878960609436
count4-offset1,4,1,6,base,2,0,0.0
count4-offset1,4,1,6,base,2,1,0.0
count4-offset1,4,1,6,base,2,2,0.0
count4-offset1,4,1,6,base,2,3,0.0
count4-offset1,4,1,6,base,2,4,0.0
count4-offset1,4,1,6,base,2,5,0.0
count4-offset1,4,1,6,base,2,6,0.0
count4-offset1,4,1,6,base,2,7,0.0
count4-offset1,4,1,6,base,3,0,0.0
count4-offset1,4,1,6,base,3,1,0.0
count4-offset1,4,1,6,base,3,2,0.0
count4-offset1,4,1,6,base,3,3,0.0
count4-offset1,4,1,6,base,3,4,0.0
count4-offset1,4,1,6,base,3,5,0.0
count4-offset1,4,1,6,base,3,6,0.0
count4-offset1,4,1,6,base,3,7,0.0
count4-offset1,4,1,6,base,4,0,0.0
count4-offset1,4,1,6,base,4,1,0.0
count4-offset1,4,1,6,base,4,2,0.0
count4-offset1,4,1,6,base,4,3,0.0
count4-offset1,4,1,6,base,4,4,0.0
count4-offset1,4,1,6,base,4,5,0.0
count4-offset1,4,1,6,base,4,6,0.0
count4-offset1,4,1,6,base,4,7,0.0
count4-offset2,4,2,6,base,0,0,0.01777457445859909
count4-offset2,4,2,6,base,0,1,0.0561579167842865
count4-offset2,4,2,6,base,0,2,0.012706170789897442
count4-offset2,4,2,6,base,0,3,0.01897195540368557
count4-offset2,4,2,6,base,0,4,-0.037298113107681274
count4-offset2,4,2,6,base,0,5,0.12185142934322357
count4-offset2,4,2,6,base,0,6,0.03454853594303131
count4-offset2,4,2,6,base,0,7,0.08342532813549042
count4-offset2,4,2,6,base,1,0,0.03446372225880623
count4-offset2,4,2,6,base,1,1,0.049232788383960724
count4-offset2,4,2,6,base,1,2,-0.008002001792192459
count4-offset2,4,2,6,base,1,3,-0.0068438369780778885
count4-offset2,4,2,6,base,1,4,-0.08526074886322021
count4-offset2,4,2,6,base,1,5,0.03670748695731163
count4-offset2,4,2,6,base,1,6,0.046439386904239655
count4-offset2,4,2,6,base,1,7,0.0025371666997671127
count4-offset2,4,2,6,base,2,0,0.0
count4-offset2,4,2,6,base,2,1,0.0
count4-offset2,4,2,6,base,2,2,0.0
count4-offset2,4,2,6,base,2,3,0.0
count4-offset2,4,2,6,base,2,4,0.0
count4-offset2,4,2,6,base,2,5,0.0
count4-offset2,4,2,6,base,2,6,0.0
count4-offset2,4,2,6,base,2,7,0.0
count4-offset2,4,2,6,base,3,0,0.0
count4-offset2,4,2,6,base,3,1,0.0
count4-offset2,4,2,6,base,3,2,0.0
count4-offset2,4,2,6,base,3,3,0.0
count4-offset2,4,2,6,base,3,4,0.0
count4-offset2,4,2,6,base,3,5,0.0
count4-offset2,4,2,6,base,3,6,0.0
count4-offset2,4,2,6,base,3,7,0.0
count4-offset2,4,2,6,base,4,0,0.0
count4-offset2,4,2,6,base,4,1,0.0
count4-offset2,4,2,6,base,4,2,0.0
count4-offset2,4,2,6,base,4,3,0.0
count4-offset2,4,2,6,base,4,4,0.0
count4-offset2,4,2,6,base,4,5,0.0
count4-offset2,4,2,6,base,4,6,0.0
count4-offset2,4,2,6,base,4,7,0.0
count4-offset3,4,3,6,base,0,0,-0.11130905896425247
count4-offset3,4,3,6,base,0,1,0.06670965254306793
count4-offset3,4,3,6,base,0,2,0.061321936547756195
count4-offset3,4,3,6,base,0,3,0.027149096131324768
count4-offset3,4,3,6,base,0,4,0.05080831050872803
count4-offset3,4,3,6,base,0,5,-0.031793251633644104
count4-offset3,4,3,6,base,0,6,-0.01753377914428711
count4-offset3,4,3,6,base,0,7,-0.08357119560241699
count4-offset3,4,3,6,base,1,0,-0.03329567611217499
count4-offset3,4,3,6,base,1,1,0.06991787254810333
count4-offset3,4,3,6,base,1,2,0.04213413968682289
count4-offset3,4,3,6,base,1,3,0.020055392757058144
count4-offset3,4,3,6,base,1,4,0.00943042617291212
count4-offset3,4,3,6,base,1,5,-0.06958417594432831
count4-offset3,4,3,6,base,1,6,0.029996609315276146
count4-offset3,4,3,6,base,1,7,-0.1493878960609436
count4-offset3,4,3,6,base,2,0,0.0
count4-offset3,4,3,6,base,2,1,0.0
count4-offset3,4,3,6,base,2,2,0.0
count4-offset3,4,3,6,base,2,3,0.0
count4-offset3,4,3,6,base,2,4,0.0
count4-offset3,4,3,6,base,2,5,0.0
count4-offset3,4,3,6,base,2,6,0.0
count4-offset3,4,3,6,base,2,7,0.0
count4-offset3,4,3,6,base,3,0,0.0
count4-offset3,4,3,6,base,3,1,0.0
count4-offset3,4,3,6,base,3,2,0.0
count4-offset3,4,3,6,base,3,3,0.0
count4-offset3,4,3,6,base,3,4,0.0
count4-offset3,4,3,6,base,3,5,0.0
count4-offset3,4,3,6,base,3,6,0.0
count4-offset3,4,3,6,base,3,7,0.0
count4-offset3,4,3,6,base,4,0,0.0
count4-offset3,4,3,6,base,4,1,0.0
count4-offset3,4,3,6,base,4,2,0.0
count4-offset3,4,3,6,base,4,3,0.0
count4-offset3,4,3,6,base,4,4,0.0
count4-offset3,4,3,6,base,4,5,0.0
count4-offset3,4,3,6,base,4,6,0.0
count4-offset3,4,3,6,base,4,7,0.0
count8,8,0,6,base,0,0,-0.028754740953445435
count8,8,0,6,base,0,1,0.09785355627536774
count8,8,0,6,base,0,2,0.19100335240364075
count8,8,0,6,base,0,3,0.052630893886089325
count8,8,0,6,base,0,4,0.005711376667022705
count8,8,0,6,base,0,5,0.08664613962173462
count8,8,0,6,base,0,6,0.02443726733326912
count8,8,0,6,base,0,7,0.024895627051591873
count8,8,0,6,base,1,0,-0.020201776176691055
count8,8,0,6,base,1,1,0.09309305250644684
count8,8,0,6,base,1,2,0.11158294975757599
count8,8,0,6,base,1,3,0.029190488159656525
count8,8,0,6,base,1,4,0.016141090542078018
count8,8,0,6,base,1,5,0.0006615445017814636
count8,8,0,6,base,1,6,0.06914247572422028
count8,8,0,6,base,1,7,-0.043947771191596985
count8,8,0,6,base,2,0,0.0
count8,8,0,6,base,2,1,0.0
count8,8,0,6,base,2,2,0.0
count8,8,0,6,base,2,3,0.0
count8,8,0,6,base,2,4,0.0
count8,8,0,6,base,2,5,0.0
count8,8,0,6,base,2,6,0.0
count8,8,0,6,base,2,7,0.0
count8,8,0,6,base,3,0,0.0
count8,8,0,6,base,3,1,0.0
count8,8,0,6,base,3,2,0.0
count8,8,0,6,base,3,3,0.0
count8,8,0,6,base,3,4,0.0
count8,8,0,6,base,3,5,0.0
count8,8,0,6,base,3,6,0.0
count8,8,0,6,base,3,7,0.0
count8,8,0,6,base,4,0,0.0
count8,8,0,6,base,4,1,0.0
count8,8,0,6,base,4,2,0.0
count8,8,0,6,base,4,3,0.0
count8,8,0,6,base,4,4,0.0
count8,8,0,6,base,4,5,0.0
count8,8,0,6,base,4,6,0.0
count8,8,0,6,base,4,7,0.0
count0,0,0,6,extra,0,0,-3.817240667558508e-06
count0,0,0,6,extra,0,1,1.263886133529013e-06
count0,0,0,6,extra,0,2,-1.3739811038249172e-05
count0,0,0,6,extra,0,3,-8.201674063457176e-06
count0,0,0,6,extra,0,4,-1.810762296372559e-05
count0,0,0,6,extra,0,5,-6.748872237949399e-06
count0,0,0,6,extra,0,6,-6.30366912446334e-07
count0,0,0,6,extra,0,7,-2.4808769012452103e-06
count0,0,0,6,extra,1,0,2.3379589038086124e-06
count0,0,0,6,extra,1,1,1.1354859452694654e-06
count0,0,0,6,extra,1,2,2.066606384687475e-06
count0,0,0,6,extra,1,3,-2.6558899435258354e-07
count0,0,0,6,extra,1,4,3.073037078138441e-06
count0,0,0,6,extra,1,5,3.1779827622813173e-06
count0,0,0,6,extra,1,6,2.9208122214186005e-06
count0,0,0,6,extra,1,7,1.7296720216108952e-06
count0,0,0,6,extra,2,0,0.0
count0,0,0,6,extra,2,1,0.0
count0,0,0,6,extra,2,2,0.0
count0,0,0,6,extra,2,3,0.0
count0,0,0,6,extra,2,4,0.0
count0,0,0,6,extra,2,5,0.0
count0,0,0,6,extra,2,6,0.0
count0,0,0,6,extra,2,7,0.0
count0,0,0,6,extra,3,0,0.0
count0,0,0,6,extra,3,1,0.0
count0,0,0,6,extra,3,2,0.0
count0,0,0,6,extra,3,3,0.0
count0,0,0,6,extra,3,4,0.0
count0,0,0,6,extra,3,5,0.0
count0,0,0,6,extra,3,6,0.0
count0,0,0,6,extra,3,7,0.0
count0,0,0,6,extra,4,0,0.0
count0,0,0,6,extra,4,1,0.0
count0,0,0,6,extra,4,2,0.0
count0,0,0,6,extra,4,3,0.0
count0,0,0,6,extra,4,4,0.0
count0,0,0,6,extra,4,5,0.0
count0,0,0,6,extra,4,6,0.0
count0,0,0,6,extra,4,7,0.0
count1-offset0,1,0,6,extra,0,0,-5.921731826674659e-06
count1-offset0,1,0,6,extra,0,1,3.333385393489152e-06
count1-offset0,1,0,6,extra,0,2,-2.099735866067931e-05
count1-offset0,1,0,6,extra,0,3,-1.4584574273612816e-05
count1-offset0,1,0,6,extra,0,4,-2.2731866920366883e-05
count1-offset0,1,0,6,extra,0,5,-7.01354474585969e-06
count1-offset0,1,0,6,extra,0,6,6.948012014618143e-07
count1-offset0,1,0,6,extra,0,7,-5.376110493671149e-06
count1-offset0,1,0,6,extra,1,0,3.4016245535894996e-06
count1-offset0,1,0,6,extra,1,1,7.203357199614402e-06
count1-offset0,1,0,6,extra,1,2,9.091494575841352e-06
count1-offset0,1,0,6,extra,1,3,8.250339305959642e-06
count1-offset0,1,0,6,extra,1,4,6.741106517438311e-06
count1-offset0,1,0,6,extra,1,5,1.1549653208930977e-05
count1-offset0,1,0,6,extra,1,6,9.289869922213256e-06
count1-offset0,1,0,6,extra,1,7,4.635587629309157e-06
count1-offset0,1,0,6,extra,2,0,0.0
count1-offset0,1,0,6,extra,2,1,0.0
count1-offset0,1,0,6,extra,2,2,0.0
count1-offset0,1,0,6,extra,2,3,0.0
count1-offset0,1,0,6,extra,2,4,0.0
count1-offset0,1,0,6,extra,2,5,0.0
count1-offset0,1,0,6,extra,2,6,0.0
count1-offset0,1,0,6,extra,2,7,0.0
count1-offset0,1,0,6,extra,3,0,0.0
count1-offset0,1,0,6,extra,3,1,0.0
count1-offset0,1,0,6,extra,3,2,0.0
count1-offset0,1,0,6,extra,3,3,0.0
count1-offset0,1,0,6,extra,3,4,0.0
count1-offset0,1,0,6,extra,3,5,0.0
count1-offset0,1,0,6,extra,3,6,0.0
count1-offset0,1,0,6,extra,3,7,0.0
count1-offset0,1,0,6,extra,4,0,0.0
count1-offset0,1,0,6,extra,4,1,0.0
count1-offset0,1,0,6,extra,4,2,0.0
count1-offset0,1,0,6,extra,4,3,0.0
count1-offset0,1,0,6,extra,4,4,0.0
count1-offset0,1,0,6,extra,4,5,0.0
count1-offset0,1,0,6,extra,4,6,0.0
count1-offset0,1,0,6,extra,4,7,0.0
count1-offset1,1,1,6,extra,0,0,-7.526787521783262e-05
count1-offset1,1,1,6,extra,0,1,-3.35590957547538e-05
count1-offset1,1,1,6,extra,0,2,-8.729840919841081e-05
count1-offset1,1,1,6,extra,0,3,-8.484994759783149e-05
count1-offset1,1,1,6,extra,0,4,-9.770659380592406e-05
count1-offset1,1,1,6,extra,0,5,-6.879340071463957e-05
count1-offset1,1,1,6,extra,0,6,-6.472343375207856e-05
count1-offset1,1,1,6,extra,0,7,-6.566190859302878e-05
count1-offset1,1,1,6,extra,1,0,4.5058644900564104e-05
count1-offset1,1,1,6,extra,1,1,1.9636987417470664e-05
count1-offset1,1,1,6,extra,1,2,5.103954754304141e-05
count1-offset1,1,1,6,extra,1,3,4.575319690047763e-05
count1-offset1,1,1,6,extra,1,4,4.405871732160449e-05
count1-offset1,1,1,6,extra,1,5,3.668427234515548e-05
count1-offset1,1,1,6,extra,1,6,3.549524990376085e-05
count1-offset1,1,1,6,extra,1,7,3.4505406802054495e-05
count1-offset1,1,1,6,extra,2,0,0.0
count1-offset1,1,1,6,extra,2,1,0.0
count1-offset1,1,1,6,extra,2,2,0.0
count1-offset1,1,1,6,extra,2,3,0.0
count1-offset1,1,1,6,extra,2,4,0.0
count1-offset1,1,1,6,extra,2,5,0.0
count1-offset1,1,1,6,extra,2,6,0.0
count1-offset1,1,1,6,extra,2,7,0.0
count1-offset1,1,1,6,extra,3,0,0.0
count1-offset1,1,1,6,extra,3,1,0.0
count1-offset1,1,1,6,extra,3,2,0.0
count1-offset1,1,1,6,extra,3,3,0.0
count1-offset1,1,1,6,extra,3,4,0.0
count1-offset1,1,1,6,extra,3,5,0.0
count1-offset1,1,1,6,extra,3,6,0.0
count1-offset1,1,1,6,extra,3,7,0.0
count1-offset1,1,1,6,extra,4,0,0.0
count1-offset1,1,1,6,extra,4,1,0.0
count1-offset1,1,1,6,extra,4,2,0.0
count1-offset1,1,1,6,extra,4,3,0.0
count1-offset1,1,1,6,extra,4,4,0.0
count1-offset1,1,1,6,extra,4,5,0.0
count1-offset1,1,1,6,extra,4,6,0.0
count1-offset1,1,1,6,extra,4,7,0.0
count1-offset2,1,2,6,extra,0,0,-6.842786388006061e-05
count1-offset2,1,2,6,extra,0,1,-2.8573460440384224e-05
count1-offset2,1,2,6,extra,0,2,-7.99924528109841e-05
count1-offset2,1,2,6,extra,0,3,-7.703294977545738e-05
count1-offset2,1,2,6,extra,0,4,-8.865105337463319e-05
count1-offset2,1,2,6,extra,0,5,-6.238107744138688e-05
count1-offset2,1,2,6,extra,0,6,-5.894847708987072e-05
count1-offset2,1,2,6,extra,0,7,-5.969434278085828e-05
count1-offset2,1,2,6,extra,1,0,4.1691768274176866e-05
count1-offset2,1,2,6,extra,1,1,1.720659201964736e-05
count1-offset2,1,2,6,extra,1,2,4.7510897275060415e-05
count1-offset2,1,2,6,extra,1,3,4.231748607708141e-05
count1-offset2,1,2,6,extra,1,4,4.0266655560117215e-05
count1-offset2,1,2,6,extra,1,5,3.368158286320977e-05
count1-offset2,1,2,6,extra,1,6,3.307009319541976e-05
count1-offset2,1,2,6,extra,1,7,3.2109091989696026e-05
count1-offset2,1,2,6,extra,2,0,0.0
count1-offset2,1,2,6,extra,2,1,0.0
count1-offset2,1,2,6,extra,2,2,0.0
count1-offset2,1,2,6,extra,2,3,0.0
count1-offset2,1,2,6,extra,2,4,0.0
count1-offset2,1,2,6,extra,2,5,0.0
count1-offset2,1,2,6,extra,2,6,0.0
count1-offset2,1,2,6,extra,2,7,0.0
count1-offset2,1,2,6,extra,3,0,0.0
count1-offset2,1,2,6,extra,3,1,0.0
count1-offset2,1,2,6,extra,3,2,0.0
count1-offset2,1,2,6,extra,3,3,0.0
count1-offset2,1,2,6,extra,3,4,0.0
count1-offset2,1,2,6,extra,3,5,0.0
count1-offset2,1,2,6,extra,3,6,0.0
count1-offset2,1,2,6,extra,3,7,0.0
count1-offset2,1,2,6,extra,4,0,0.0
count1-offset2,1,2,6,extra,4,1,0.0
count1-offset2,1,2,6,extra,4,2,0.0
count1-offset2,1,2,6,extra,4,3,0.0
count1-offset2,1,2,6,extra,4,4,0.0
count1-offset2,1,2,6,extra,4,5,0.0
count1-offset2,1,2,6,extra,4,6,0.0
count1-offset2,1,2,6,extra,4,7,0.0
count1-offset3,1,3,6,extra,0,0,0.00010688384645618498
count1-offset3,1,3,6,extra,0,1,8.11824356787838e-05
count1-offset3,1,3,6,extra,0,2,0.00010793554974952713
count1-offset3,1,3,6,extra,0,3,0.0001313380489591509
count1-offset3,1,3,6,extra,0,4,0.00014117732644081116
count1-offset3,1,3,6,extra,0,5,0.0001016016467474401
count1-offset3,1,3,6,extra,0,6,8.482453995384276e-05
count1-offset3,1,3,6,extra,0,7,0.00011313878349028528
count1-offset3,1,3,6,extra,1,0,-6.351835327222943e-05
count1-offset3,1,3,6,extra,1,1,-2.2973546947469003e-05
count1-offset3,1,3,6,extra,1,2,-6.074616976547986e-05
count1-offset3,1,3,6,extra,1,3,-4.656794044421986e-05
count1-offset3,1,3,6,extra,1,4,-6.183309596963227e-05
count1-offset3,1,3,6,extra,1,5,-4.139209340792149e-05
count1-offset3,1,3,6,extra,1,6,-4.205502773402259e-05
count1-offset3,1,3,6,extra,1,7,-4.089696813025512e-05
count1-offset3,1,3,6,extra,2,0,0.0
count1-offset3,1,3,6,extra,2,1,0.0
count1-offset3,1,3,6,extra,2,2,0.0
count1-offset3,1,3,6,extra,2,3,0.0
count1-offset3,1,3,6,extra,2,4,0.0
count1-offset3,1,3,6,extra,2,5,0.0
count1-offset3,1,3,6,extra,2,6,0.0
count1-offset3,1,3,6,extra,2,7,0.0
count1-offset3,1,3,6,extra,3,0,0.0
count1-offset3,1,3,6,extra,3,1,0.0
count1-offset3,1,3,6,extra,3,2,0.0
count1-offset3,1,3,6,extra,3,3,0.0
count1-offset3,1,3,6,extra,3,4,0.0
count1-offset3,1,3,6,extra,3,5,0.0
count1-offset3,1,3,6,extra,3,6,0.0
count1-offset3,1,3,6,extra,3,7,0.0
count1-offset3,1,3,6,extra,4,0,0.0
count1-offset3,1,3,6,extra,4,1,0.0
count1-offset3,1,3,6,extra,4,2,0.0
count1-offset3,1,3,6,extra,4,3,0.0
count1-offset3,1,3,6,extra,4,4,0.0
count1-offset3,1,3,6,extra,4,5,0.0
count1-offset3,1,3,6,extra,4,6,0.0
count1-offset3,1,3,6,extra,4,7,0.0
count2-offset0,2,0,6,extra,0,0,0.00010316080442862585
count2-offset0,2,0,6,extra,0,1,8.674061973579228e-05
count2-offset0,2,0,6,extra,0,2,0.0001087357013602741
count2-offset0,2,0,6,extra,0,3,0.0001315049739787355
count2-offset0,2,0,6,extra,0,4,0.00013124794350005686
count2-offset0,2,0,6,extra,0,5,0.00010045581439044327
count2-offset0,2,0,6,extra,0,6,8.320042979903519e-05
count2-offset0,2,0,6,extra,0,7,0.00010701079736463726
count2-offset0,2,0,6,extra,1,0,-8.684417844051495e-05
count2-offset0,2,0,6,extra,1,1,-3.6208206438459456e-05
count2-offset0,2,0,6,extra,1,2,-8.5010367911309e-05
count2-offset0,2,0,6,extra,1,3,-6.753726484021172e-05
count2-offset0,2,0,6,extra,1,4,-8.930280455388129e-05
count2-offset0,2,0,6,extra,1,5,-6.055343692423776e-05
count2-offset0,2,0,6,extra,1,6,-6.336042133625597e-05
count2-offset0,2,0,6,extra,1,7,-6.023331661708653e-05
count2-offset0,2,0,6,extra,2,0,0.0
count2-offset0,2,0,6,extra,2,1,0.0
count2-offset0,2,0,6,extra,2,2,0.0
count2-offset0,2,0,6,extra,2,3,0.0
count2-offset0,2,0,6,extra,2,4,0.0
count2-offset0,2,0,6,extra,2,5,0.0
count2-offset0,2,0,6,extra,2,6,0.0
count2-offset0,2,0,6,extra,2,7,0.0
count2-offset0,2,0,6,extra,3,0,0.0
count2-offset0,2,0,6,extra,3,1,0.0
count2-offset0,2,0,6,extra,3,2,0.0
count2-offset0,2,0,6,extra,3,3,0.0
count2-offset0,2,0,6,extra,3,4,0.0
count2-offset0,2,0,6,extra,3,5,0.0
count2-offset0,2,0,6,extra,3,6,0.0
count2-offset0,2,0,6,extra,3,7,0.0
count2-offset0,2,0,6,extra,4,0,0.0
count2-offset0,2,0,6,extra,4,1,0.0
count2-offset0,2,0,6,extra,4,2,0.0
count2-offset0,2,0,6,extra,4,3,0.0
count2-offset0,2,0,6,extra,4,4,0.0
count2-offset0,2,0,6,extra,4,5,0.0
count2-offset0,2,0,6,extra,4,6,0.0
count2-offset0,2,0,6,extra,4,7,0.0
count2-offset1,2,1,6,extra,0,0,8.1165298979613e-06
count2-offset1,2,1,6,extra,0,1,1.2392923963489011e-05
count2-offset1,2,1,6,extra,0,2,6.989816938585136e-06
count2-offset1,2,1,6,extra,0,3,1.3201517504057847e-05
count2-offset1,2,1,6,extra,0,4,8.101011189864948e-06
count2-offset1,2,1,6,extra,0,5,8.971892384579405e-06
count2-offset1,2,1,6,extra,0,6,5.429278644442093e-06
count2-offset1,2,1,6,extra,0,7,1.113920097850496e-05
count2-offset1,2,1,6,extra,1,0,-5.114907708048122e-06
count2-offset1,2,1,6,extra,1,1,-2.5047843337233644e-06
count2-offset1,2,1,6,extra,1,2,-2.688380163817783e-06
count2-offset1,2,1,6,extra,1,3,-3.5906161883758614e-06
count2-offset1,2,1,6,extra,1,4,-4.049074959766585e-06
count2-offset1,2,1,6,extra,1,5,-2.6546458684606478e-06
count2-offset1,2,1,6,extra,1,6,-1.6272172160824994e-06
count2-offset1,2,1,6,extra,1,7,-2.498597496014554e-06
count2-offset1,2,1,6,extra,2,0,0.0
count2-offset1,2,1,6,extra,2,1,0.0
count2-offset1,2,1,6,extra,2,2,0.0
count2-offset1,2,1,6,extra,2,3,0.0
count2-offset1,2,1,6,extra,2,4,0.0
count2-offset1,2,1,6,extra,2,5,0.0
count2-offset1,2,1,6,extra,2,6,0.0
count2-offset1,2,1,6,extra,2,7,0.0
count2-offset1,2,1,6,extra,3,0,0.0
count2-offset1,2,1,6,extra,3,1,0.0
count2-offset1,2,1,6,extra,3,2,0.0
count2-offset1,2,1,6,extra,3,3,0.0
count2-offset1,2,1,6,extra,3,4,0.0
count2-offset1,2,1,6,extra,3,5,0.0
count2-offset1,2,1,6,extra,3,6,0.0
count2-offset1,2,1,6,extra,3,7,0.0
count2-offset1,2,1,6,extra,4,0,0.0
count2-offset1,2,1,6,extra,4,1,0.0
count2-offset1,2,1,6,extra,4,2,0.0
count2-offset1,2,1,6,extra,4,3,0.0
count2-offset1,2,1,6,extra,4,4,0.0
count2-offset1,2,1,6,extra,4,5,0.0
count2-offset1,2,1,6,extra,4,6,0.0
count2-offset1,2,1,6,extra,4,7,0.0
count2-offset2,2,2,6,extra,0,0,1.008765320875682e-05
count2-offset2,2,2,6,extra,0,1,1.3594307347375434e-05
count2-offset2,2,2,6,extra,0,2,8.220218660426326e-06
count2-offset2,2,2,6,extra,0,3,1.5031761904538143e-05
count2-offset2,2,2,6,extra,0,4,1.0107366506417748e-05
count2-offset2,2,2,6,extra,0,5,1.0214270332653541e-05
count2-offset2,2,2,6,extra,0,6,6.6044435698131565e-06
count2-offset2,2,2,6,extra,0,7,1.249927663593553e-05
count2-offset2,2,2,6,extra,1,0,-6.47233491690713e-06
count2-offset2,2,2,6,extra,1,1,-3.323704731883481e-06
count2-offset2,2,2,6,extra,1,2,-3.515297294143238e-06
count2-offset2,2,2,6,extra,1,3,-4.555998202704359e-06
count2-offset2,2,2,6,extra,1,4,-4.948431978846202e-06
count2-offset2,2,2,6,extra,1,5,-3.723464033100754e-06
count2-offset2,2,2,6,extra,1,6,-2.3794900698703714e-06
count2-offset2,2,2,6,extra,1,7,-3.327670128783211e-06
count2-offset2,2,2,6,extra,2,0,0.0
count2-offset2,2,2,6,extra,2,1,0.0
count2-offset2,2,2,6,extra,2,2,0.0
count2-offset2,2,2,6,extra,2,3,0.0
count2-offset2,2,2,6,extra,2,4,0.0
count2-offset2,2,2,6,extra,2,5,0.0
count2-offset2,2,2,6,extra,2,6,0.0
count2-offset2,2,2,6,extra,2,7,0.0
count2-offset2,2,2,6,extra,3,0,0.0
count2-offset2,2,2,6,extra,3,1,0.0
count2-offset2,2,2,6,extra,3,2,0.0
count2-offset2,2,2,6,extra,3,3,0.0
count2-offset2,2,2,6,extra,3,4,0.0
count2-offset2,2,2,6,extra,3,5,0.0
count2-offset2,2,2,6,extra,3,6,0.0
count2-offset2,2,2,6,extra,3,7,0.0
count2-offset2,2,2,6,extra,4,0,0.0
count2-offset2,2,2,6,extra,4,1,0.0
count2-offset2,2,2,6,extra,4,2,0.0
count2-offset2,2,2,6,extra,4,3,0.0
count2-offset2,2,2,6,extra,4,4,0.0
count2-offset2,2,2,6,extra,4,5,0.0
count2-offset2,2,2,6,extra,4,6,0.0
count2-offset2,2,2,6,extra,4,7,0.0
count2-offset3,2,3,6,extra,0,0,0.00011664535122690722
count2-offset3,2,3,6,extra,0,1,8.552722283639014e-05
count2-offset3,2,3,6,extra,0,2,0.00011829448339994997
count2-offset3,2,3,6,extra,0,3,0.0001385733048664406
count2-offset3,2,3,6,extra,0,4,0.00015216818428598344
count2-offset3,2,3,6,extra,0,5,0.00011000900849467143
count2-offset3,2,3,6,extra,0,6,9.53134658630006e-05
count2-offset3,2,3,6,extra,0,7,0.00012012549996143207
count2-offset3,2,3,6,extra,1,0,-6.881874287500978e-05
count2-offset3,2,3,6,extra,1,1,-2.8528096663649194e-05
count2-offset3,2,3,6,extra,1,2,-6.771180051146075e-05
count2-offset3,2,3,6,extra,1,3,-5.4138356063049287e-05
count2-offset3,2,3,6,extra,1,4,-6.983381899772212e-05
count2-offset3,2,3,6,extra,1,5,-4.8694262659410015e-05
count2-offset3,2,3,6,extra,1,6,-4.891051503363997e-05
count2-offset3,2,3,6,extra,1,7,-4.6981629566289485e-05
count2-offset3,2,3,6,extra,2,0,0.0
count2-offset3,2,3,6,extra,2,1,0.0
count2-offset3,2,3,6,extra,2,2,0.0
count2-offset3,2,3,6,extra,2,3,0.0
count2-offset3,2,3,6,extra,2,4,0.0
count2-offset3,2,3,6,extra,2,5,0.0
count2-offset3,2,3,6,extra,2,6,0.0
count2-offset3,2,3,6,extra,2,7,0.0
count2-offset3,2,3,6,extra,3,0,0.0
count2-offset3,2,3,6,extra,3,1,0.0
count2-offset3,2,3,6,extra,3,2,0.0
count2-offset3,2,3,6,extra,3,3,0.0
count2-offset3,2,3,6,extra,3,4,0.0
count2-offset3,2,3,6,extra,3,5,0.0
count2-offset3,2,3,6,extra,3,6,0.0
count2-offset3,2,3,6,extra,3,7,0.0
count2-offset3,2,3,6,extra,4,0,0.0
count2-offset3,2,3,6,extra,4,1,0.0
count2-offset3,2,3,6,extra,4,2,0.0
count2-offset3,2,3,6,extra,4,3,0.0
count2-offset3,2,3,6,extra,4,4,0.0
count2-offset3,2,3,6,extra,4,5,0.0
count2-offset3,2,3,6,extra,4,6,0.0
count2-offset3,2,3,6,extra,4,7,0.0
count4-offset0,4,0,6,extra,0,0,-1.2708292160823476e-06
count4-offset0,4,0,6,extra,0,1,7.813683623680845e-06
count4-offset0,4,0,6,extra,0,2,-2.8641802600759547e-06
count4-offset0,4,0,6,extra,0,3,2.738343482633354e-06
count4-offset0,4,0,6,extra,0,4,-5.477345894178143e-06
count4-offset0,4,0,6,extra,0,5,4.5006675009062747e-07
count4-offset0,4,0,6,extra,0,6,-4.660872946260497e-06
count4-offset0,4,0,6,extra,0,7,2.259104348922847e-06
count4-offset0,4,0,6,extra,1,0,-8.546890967409126e-06
count4-offset0,4,0,6,extra,1,1,-2.3460261218133382e-06
count4-offset0,4,0,6,extra,1,2,-5.572403551923344e-06
count4-offset0,4,0,6,extra,1,3,-4.7718981477373745e-06
count4-offset0,4,0,6,extra,1,4,-5.754798621637747e-06
count4-offset0,4,0,6,extra,1,5,-2.6062912183988374e-06
count4-offset0,4,0,6,extra,1,6,-4.5194228732725605e-06
count4-offset0,4,0,6,extra,1,7,-2.7828214115288574e-06
count4-offset0,4,0,6,extra,2,0,0.0
count4-offset0,4,0,6,extra,2,1,0.0
count4-offset0,4,0,6,extra,2,2,0.0
count4-offset0,4,0,6,extra,2,3,0.0
count4-offset0,4,0,6,extra,2,4,0.0
count4-offset0,4,0,6,extra,2,5,0.0
count4-offset0,4,0,6,extra,2,6,0.0
count4-offset0,4,0,6,extra,2,7,0.0
count4-offset0,4,0,6,extra,3,0,0.0
count4-offset0,4,0,6,extra,3,1,0.0
count4-offset0,4,0,6,extra,3,2,0.0
count4-offset0,4,0,6,extra,3,3,0.0
count4-offset0,4,0,6,extra,3,4,0.0
count4-offset0,4,0,6,extra,3,5,0.0
count4-offset0,4,0,6,extra,3,6,0.0
count4-offset0,4,0,6,extra,3,7,0.0
count4-offset0,4,0,6,extra,4,0,0.0
count4-offset0,4,0,6,extra,4,1,0.0
count4-offset0,4,0,6,extra,4,2,0.0
count4-offset0,4,0,6,extra,4,3,0.0
count4-offset0,4,0,6,extra,4,4,0.0
count4-offset0,4,0,6,extra,4,5,0.0
count4-offset0,4,0,6,extra,4,6,0.0
count4-offset0,4,0,6,extra,4,7,0.0
count4-offset1,4,1,6,extra,0,0,1.2240362593729515e-05
count4-offset1,4,1,6,extra,0,1,1.2774361493939068e-05
count4-offset1,4,1,6,extra,0,2,1.0736490366980433e-05
count4-offset1,4,1,6,extra,0,3,1.5776178770465776e-05
count4-offset1,4,1,6,extra,0,4,1.2957842045580037e-05
count4-offset1,4,1,6,extra,0,5,1.1299067409709096e-05
count4-offset1,4,1,6,extra,0,6,9.153671271633357e-06
count4-offset1,4,1,6,extra,0,7,1.3371358363656327e-05
count4-offset1,4,1,6,extra,1,0,-4.072835963597754e-06
count4-offset1,4,1,6,extra,1,1,-1.6791511825431371e-06
count4-offset1,4,1,6,extra,1,2,-1.2965571158929379e-06
count4-offset1,4,1,6,extra,1,3,-2.071106337098172e-06
count4-offset1,4,1,6,extra,1,4,-1.4586142924599699e-06
count4-offset1,4,1,6,extra,1,5,-1.7599255670575076e-06
count4-offset1,4,1,6,extra,1,6,-3.1399179079016903e-07
count4-offset1,4,1,6,extra,1,7,-1.307126012761728e-06
count4-offset1,4,1,6,extra,2,0,0.0
count4-offset1,4,1,6,extra,2,1,0.0
count4-offset1,4,1,6,extra,2,2,0.0
count4-offset1,4,1,6,extra,2,3,0.0
count4-offset1,4,1,6,extra,2,4,0.0
count4-offset1,4,1,6,extra,2,5,0.0
count4-offset1,4,1,6,extra,2,6,0.0
count4-offset1,4,1,6,extra,2,7,0.0
count4-offset1,4,1,6,extra,3,0,0.0
count4-offset1,4,1,6,extra,3,1,0.0
count4-offset1,4,1,6,extra,3,2,0.0
count4-offset1,4,1,6,extra,3,3,0.0
count4-offset1,4,1,6,extra,3,4,0.0
count4-offset1,4,1,6,extra,3,5,0.0
count4-offset1,4,1,6,extra,3,6,0.0
count4-offset1,4,1,6,extra,3,7,0.0
count4-offset1,4,1,6,extra,4,0,0.0
count4-offset1,4,1,6,extra,4,1,0.0
count4-offset1,4,1,6,extra,4,2,0.0
count4-offset1,4,1,6,extra,4,3,0.0
count4-offset1,4,1,6,extra,4,4,0.0
count4-offset1,4,1,6,extra,4,5,0.0
count4-offset1,4,1,6,extra,4,6,0.0
count4-offset1,4,1,6,extra,4,7,0.0
count4-offset2,4,2,6,extra,0,0,-1.2708292160823476e-06
count4-offset2,4,2,6,extra,0,1,7.813683623680845e-06
count4-offset2,4,2,6,extra,0,2,-2.8641802600759547e-06
count4-offset2,4,2,6,extra,0,3,2.738343482633354e-06
count4-offset2,4,2,6,extra,0,4,-5.477345894178143e-06
count4-offset2,4,2,6,extra,0,5,4.5006675009062747e-07
count4-offset2,4,2,6,extra,0,6,-4.660872946260497e-06
count4-offset2,4,2,6,extra,0,7,2.259104348922847e-06
count4-offset2,4,2,6,extra,1,0,-8.546890967409126e-06
count4-offset2,4,2,6,extra,1,1,-2.3460261218133382e-06
count4-offset2,4,2,6,extra,1,2,-5.572403551923344e-06
count4-offset2,4,2,6,extra,1,3,-4.7718981477373745e-06
count4-offset2,4,2,6,extra,1,4,-5.754798621637747e-06
count4-offset2,4,2,6,extra,1,5,-2.6062912183988374e-06
count4-offset2,4,2,6,extra,1,6,-4.5194228732725605e-06
count4-offset2,4,2,6,extra,1,7,-2.7828214115288574e-06
count4-offset2,4,2,6,extra,2,0,0.0
count4-offset2,4,2,6,extra,2,1,0.0
count4-offset2,4,2,6,extra,2,2,0.0
count4-offset2,4,2,6,extra,2,3,0.0
count4-offset2,4,2,6,extra,2,4,0.0
count4-offset2,4,2,6,extra,2,5,0.0
count4-offset2,4,2,6,extra,2,6,0.0
count4-offset2,4,2,6,extra,2,7,0.0
count4-offset2,4,2,6,extra,3,0,0.0
count4-offset2,4,2,6,extra,3,1,0.0
count4-offset2,4,2,6,extra,3,2,0.0
count4-offset2,4,2,6,extra,3,3,0.0
count4-offset2,4,2,6,extra,3,4,0.0
count4-offset2,4,2,6,extra,3,5,0.0
count4-offset2,4,2,6,extra,3,6,0.0
count4-offset2,4,2,6,extra,3,7,0.0
count4-offset2,4,2,6,extra,4,0,0.0
count4-offset2,4,2,6,extra,4,1,0.0
count4-offset2,4,2,6,extra,4,2,0.0
count4-offset2,4,2,6,extra,4,3,0.0
count4-offset2,4,2,6,extra,4,4,0.0
count4-offset2,4,2,6,extra,4,5,0.0
count4-offset2,4,2,6,extra,4,6,0.0
count4-offset2,4,2,6,extra,4,7,0.0
count4-offset3,4,3,6,extra,0,0,1.2240362593729515e-05
count4-offset3,4,3,6,extra,0,1,1.2774361493939068e-05
count4-offset3,4,3,6,extra,0,2,1.0736490366980433e-05
count4-offset3,4,3,6,extra,0,3,1.5776178770465776e-05
count4-offset3,4,3,6,extra,0,4,1.2957842045580037e-05
count4-offset3,4,3,6,extra,0,5,1.1299067409709096e-05
count4-offset3,4,3,6,extra,0,6,9.153671271633357e-06
count4-offset3,4,3,6,extra,0,7,1.3371358363656327e-05
count4-offset3,4,3,6,extra,1,0,-4.072835963597754e-06
count4-offset3,4,3,6,extra,1,1,-1.6791511825431371e-06
count4-offset3,4,3,6,extra,1,2,-1.2965571158929379e-06
count4-offset3,4,3,6,extra,1,3,-2.071106337098172e-06
count4-offset3,4,3,6,extra,1,4,-1.4586142924599699e-06
count4-offset3,4,3,6,extra,1,5,-1.7599255670575076e-06
count4-offset3,4,3,6,extra,1,6,-3.1399179079016903e-07
count4-offset3,4,3,6,extra,1,7,-1.307126012761728e-06
count4-offset3,4,3,6,extra,2,0,0.0
count4-offset3,4,3,6,extra,2,1,0.0
count4-offset3,4,3,6,extra,2,2,0.0
count4-offset3,4,3,6,extra,2,3,0.0
count4-offset3,4,3,6,extra,2,4,0.0
count4-offset3,4,3,6,extra,2,5,0.0
count4-offset3,4,3,6,extra,2,6,0.0
count4-offset3,4,3,6,extra,2,7,0.0
count4-offset3,4,3,6,extra,3,0,0.0
count4-offset3,4,3,6,extra,3,1,0.0
count4-offset3,4,3,6,extra,3,2,0.0
count4-offset3,4,3,6,extra,3,3,0.0
count4-offset3,4,3,6,extra,3,4,0.0
count4-offset3,4,3,6,extra,3,5,0.0
count4-offset3,4,3,6,extra,3,6,0.0
count4-offset3,4,3,6,extra,3,7,0.0
count4-offset3,4,3,6,extra,4,0,0.0
count4-offset3,4,3,6,extra,4,1,0.0
count4-offset3,4,3,6,extra,4,2,0.0
count4-offset3,4,3,6,extra,4,3,0.0
count4-offset3,4,3,6,extra,4,4,0.0
count4-offset3,4,3,6,extra,4,5,0.0
count4-offset3,4,3,6,extra,4,6,0.0
count4-offset3,4,3,6,extra,4,7,0.0
count8,8,0,6,extra,0,0,2.0520956240943633e-06
count8,8,0,6,extra,0,1,7.307100077014184e-06
count8,8,0,6,extra,0,2,5.1428287406452e-07
count8,8,0,6,extra,0,3,4.338200596976094e-06
count8,8,0,6,extra,0,4,-1.1430809081502957e-06
count8,8,0,6,extra,0,5,2.420175178485806e-06
count8,8,0,6,extra,0,6,-1.442847860744223e-06
count8,8,0,6,extra,0,7,3.7642162169504445e-06
count8,8,0,6,extra,1,0,-6.567919626832008e-06
count8,8,0,6,extra,1,1,-1.2205471193738049e-06
count8,8,0,6,extra,1,2,-3.6258684303902555e-06
count8,8,0,6,extra,1,3,-3.384613592061214e-06
count8,8,0,6,extra,1,4,-3.5682612633536337e-06
count8,8,0,6,extra,1,5,-1.528416873952665e-06
count8,8,0,6,extra,1,6,-3.7274769510986516e-06
count8,8,0,6,extra,1,7,-2.3668178528168937e-06
count8,8,0,6,extra,2,0,0.0
count8,8,0,6,extra,2,1,0.0
count8,8,0,6,extra,2,2,0.0
count8,8,0,6,extra,2,3,0.0
count8,8,0,6,extra,2,4,0.0
count8,8,0,6,extra,2,5,0.0
count8,8,0,6,extra,2,6,0.0
count8,8,0,6,extra,2,7,0.0
count8,8,0,6,extra,3,0,0.0
count8,8,0,6,extra,3,1,0.0
count8,8,0,6,extra,3,2,0.0
count8,8,0,6,extra,3,3,0.0
count8,8,0,6,extra,3,4,0.0
count8,8,0,6,extra,3,5,0.0
count8,8,0,6,extra,3,6,0.0
count8,8,0,6,extra,3,7,0.0
count8,8,0,6,extra,4,0,0.0
count8,8,0,6,extra,4,1,0.0
count8,8,0,6,extra,4,2,0.0
count8,8,0,6,extra,4,3,0.0
count8,8,0,6,extra,4,4,0.0
count8,8,0,6,extra,4,5,0.0
count8,8,0,6,extra,4,6,0.0
count8,8,0,6,extra,4,7,0.0
count0,0,0,7,base,0,0,0.06740082800388336
count0,0,0,7,base,0,1,0.3014087975025177
count0,0,0,7,base,0,2,-0.09311553835868835
count0,0,0,7,base,0,3,-0.16729417443275452
count0,0,0,7,base,0,4,-0.11145654320716858
count0,0,0,7,base,0,5,0.03635872155427933
count0,0,0,7,base,0,6,0.022060317918658257
count0,0,0,7,base,0,7,0.0039388518780469894
count0,0,0,7,base,1,0,0.002182621508836746
count0,0,0,7,base,1,1,0.26600372791290283
count0,0,0,7,base,1,2,-0.13886138796806335
count0,0,0,7,base,1,3,-0.09509159624576569
count0,0,0,7,base,1,4,-0.07059435546398163
count0,0,0,7,base,1,5,-0.01413789950311184
count0,0,0,7,base,1,6,0.025895964354276657
count0,0,0,7,base,1,7,0.04531475156545639
count0,0,0,7,base,2,0,0.02801992930471897
count0,0,0,7,base,2,1,0.3796417713165283
count0,0,0,7,base,2,2,-0.14189234375953674
count0,0,0,7,base,2,3,0.07763585448265076
count0,0,0,7,base,2,4,-0.11689932644367218
count0,0,0,7,base,2,5,0.027038462460041046
count0,0,0,7,base,2,6,0.1187104731798172
count0,0,0,7,base,2,7,0.09863997995853424
count0,0,0,7,base,3,0,0.0
count0,0,0,7,base,3,1,0.0
count0,0,0,7,base,3,2,0.0
count0,0,0,7,base,3,3,0.0
count0,0,0,7,base,3,4,0.0
count0,0,0,7,base,3,5,0.0
count0,0,0,7,base,3,6,0.0
count0,0,0,7,base,3,7,0.0
count0,0,0,7,base,4,0,0.0
count0,0,0,7,base,4,1,0.0
count0,0,0,7,base,4,2,0.0
count0,0,0,7,base,4,3,0.0
count0,0,0,7,base,4,4,0.0
count0,0,0,7,base,4,5,0.0
count0,0,0,7,base,4,6,0.0
count0,0,0,7,base,4,7,0.0
count1-offset0,1,0,7,base,0,0,0.285372793674469
count1-offset0,1,0,7,base,0,1,0.3152490258216858
count1-offset0,1,0,7,base,0,2,0.03582767769694328
count1-offset0,1,0,7,base,0,3,-0.011203240603208542
count1-offset0,1,0,7,base,0,4,-0.1689402163028717
count1-offset0,1,0,7,base,0,5,0.15020647644996643
count1-offset0,1,0,7,base,0,6,0.07854904979467392
count1-offset0,1,0,7,base,0,7,-0.08885464072227478
count1-offset0,1,0,7,base,1,0,0.054201073944568634
count1-offset0,1,0,7,base,1,1,0.012722689658403397
count1-offset0,1,0,7,base,1,2,0.041970107704401016
count1-offset0,1,0,7,base,1,3,-0.1881200075149536
count1-offset0,1,0,7,base,1,4,-0.0055640265345573425
count1-offset0,1,0,7,base,1,5,0.0651993378996849
count1-offset0,1,0,7,base,1,6,0.059363916516304016
count1-offset0,1,0,7,base,1,7,0.07440619170665741
count1-offset0,1,0,7,base,2,0,0.13328924775123596
count1-offset0,1,0,7,base,2,1,0.20873881876468658
count1-offset0,1,0,7,base,2,2,0.06841570883989334
count1-offset0,1,0,7,base,2,3,-0.10703776031732559
count1-offset0,1,0,7,base,2,4,-0.03200703486800194
count1-offset0,1,0,7,base,2,5,0.0710841491818428
count1-offset0,1,0,7,base,2,6,-0.02626943215727806
count1-offset0,1,0,7,base,2,7,0.07348285615444183
count1-offset0,1,0,7,base,3,0,0.0
count1-offset0,1,0,7,base,3,1,0.0
count1-offset0,1,0,7,base,3,2,0.0
count1-offset0,1,0,7,base,3,3,0.0
count1-offset0,1,0,7,base,3,4,0.0
count1-offset0,1,0,7,base,3,5,0.0
count1-offset0,1,0,7,base,3,6,0.0
count1-offset0,1,0,7,base,3,7,0.0
count1-offset0,1,0,7,base,4,0,0.0
count1-offset0,1,0,7,base,4,1,0.0
count1-offset0,1,0,7,base,4,2,0.0
count1-offset0,1,0,7,base,4,3,0.0
count1-offset0,1,0,7,base,4,4,0.0
count1-offset0,1,0,7,base,4,5,0.0
count1-offset0,1,0,7,base,4,6,0.0
count1-offset0,1,0,7,base,4,7,0.0
count1-offset1,1,1,7,base,0,0,0.057080551981925964
count1-offset1,1,1,7,base,0,1,0.0013419315218925476
count1-offset1,1,1,7,base,0,2,0.05389105901122093
count1-offset1,1,1,7,base,0,3,-0.11866515129804611
count1-offset1,1,1,7,base,0,4,-0.13511718809604645
count1-offset1,1,1,7,base,0,5,0.04052836447954178
count1-offset1,1,1,7,base,0,6,-0.018725506961345673
count1-offset1,1,1,7,base,0,7,0.09818129986524582
count1-offset1,1,1,7,base,1,0,0.12525154650211334
count1-offset1,1,1,7,base,1,1,0.23154358565807343
count1-offset1,1,1,7,base,1,2,-0.004870535805821419
count1-offset1,1,1,7,base,1,3,-0.04309019446372986
count1-offset1,1,1,7,base,1,4,-0.10804679989814758
count1-offset1,1,1,7,base,1,5,-0.04732716828584671
count1-offset1,1,1,7,base,1,6,0.05489090830087662
count1-offset1,1,1,7,base,1,7,-0.0072770267724990845
count1-offset1,1,1,7,base,2,0,0.11800018697977066
count1-offset1,1,1,7,base,2,1,0.20289888978004456
count1-offset1,1,1,7,base,2,2,0.05050497129559517
count1-offset1,1,1,7,base,2,3,-0.010645370930433273
count1-offset1,1,1,7,base,2,4,-0.08592598885297775
count1-offset1,1,1,7,base,2,5,0.04819566756486893
count1-offset1,1,1,7,base,2,6,-0.041022006422281265
count1-offset1,1,1,7,base,2,7,0.12589901685714722
count1-offset1,1,1,7,base,3,0,0.0
count1-offset1,1,1,7,base,3,1,0.0
count1-offset1,1,1,7,base,3,2,0.0
count1-offset1,1,1,7,base,3,3,0.0
count1-offset1,1,1,7,base,3,4,0.0
count1-offset1,1,1,7,base,3,5,0.0
count1-offset1,1,1,7,base,3,6,0.0
count1-offset1,1,1,7,base,3,7,0.0
count1-offset1,1,1,7,base,4,0,0.0
count1-offset1,1,1,7,base,4,1,0.0
count1-offset1,1,1,7,base,4,2,0.0
count1-offset1,1,1,7,base,4,3,0.0
count1-offset1,1,1,7,base,4,4,0.0
count1-offset1,1,1,7,base,4,5,0.0
count1-offset1,1,1,7,base,4,6,0.0
count1-offset1,1,1,7,base,4,7,0.0
count1-offset2,1,2,7,base,0,0,-0.0384419709444046
count1-offset2,1,2,7,base,0,1,0.27666354179382324
count1-offset2,1,2,7,base,0,2,-0.0007558353245258331
count1-offset2,1,2,7,base,0,3,-0.17071984708309174
count1-offset2,1,2,7,base,0,4,-0.09315647184848785
count1-offset2,1,2,7,base,0,5,-0.04035244137048721
count1-offset2,1,2,7,base,0,6,0.024822598323225975
count1-offset2,1,2,7,base,0,7,-0.19010040163993835
count1-offset2,1,2,7,base,1,0,-0.026565009728074074
count1-offset2,1,2,7,base,1,1,0.19949696958065033
count1-offset2,1,2,7,base,1,2,-0.04553300887346268
count1-offset2,1,2,7,base,1,3,-0.10127449035644531
count1-offset2,1,2,7,base,1,4,-0.03734838590025902
count1-offset2,1,2,7,base,1,5,-0.006604772061109543
count1-offset2,1,2,7,base,1,6,0.0491706058382988
count1-offset2,1,2,7,base,1,7,-0.1267193853855133
count1-offset2,1,2,7,base,2,0,0.031613729894161224
count1-offset2,1,2,7,base,2,1,0.34696418046951294
count1-offset2,1,2,7,base,2,2,-0.09549252688884735
count1-offset2,1,2,7,base,2,3,-0.09172065556049347
count1-offset2,1,2,7,base,2,4,-0.15720582008361816
count1-offset2,1,2,7,base,2,5,0.1348275989294052
count1-offset2,1,2,7,base,2,6,-0.12341322749853134
count1-offset2,1,2,7,base,2,7,0.12406283617019653
count1-offset2,1,2,7,base,3,0,0.0
count1-offset2,1,2,7,base,3,1,0.0
count1-offset2,1,2,7,base,3,2,0.0
count1-offset2,1,2,7,base,3,3,0.0
count1-offset2,1,2,7,base,3,4,0.0
count1-offset2,1,2,7,base,3,5,0.0
count1-offset2,1,2,7,base,3,6,0.0
count1-offset2,1,2,7,base,3,7,0.0
count1-offset2,1,2,7,base,4,0,0.0
count1-offset2,1,2,7,base,4,1,0.0
count1-offset2,1,2,7,base,4,2,0.0
count1-offset2,1,2,7,base,4,3,0.0
count1-offset2,1,2,7,base,4,4,0.0
count1-offset2,1,2,7,base,4,5,0.0
count1-offset2,1,2,7,base,4,6,0.0
count1-offset2,1,2,7,base,4,7,0.0
count1-offset3,1,3,7,base,0,0,0.05008295923471451
count1-offset3,1,3,7,base,0,1,0.3482285737991333
count1-offset3,1,3,7,base,0,2,-0.01025557890534401
count1-offset3,1,3,7,base,0,3,-0.16006797552108765
count1-offset3,1,3,7,base,0,4,-0.17058447003364563
count1-offset3,1,3,7,base,0,5,0.13814198970794678
count1-offset3,1,3,7,base,0,6,-0.16366618871688843
count1-offset3,1,3,7,base,0,7,-0.0433972142636776
count1-offset3,1,3,7,base,1,0,-0.042569663375616074
count1-offset3,1,3,7,base,1,1,0.18786515295505524
count1-offset3,1,3,7,base,1,2,-0.10066130012273788
count1-offset3,1,3,7,base,1,3,-0.1470339000225067
count1-offset3,1,3,7,base,1,4,-0.21531762182712555
count1-offset3,1,3,7,base,1,5,0.07320758700370789
count1-offset3,1,3,7,base,1,6,-0.13231432437896729
count1-offset3,1,3,7,base,1,7,0.05797629803419113
count1-offset3,1,3,7,base,2,0,0.08001148700714111
count1-offset3,1,3,7,base,2,1,0.5084635019302368
count1-offset3,1,3,7,base,2,2,-0.1197279840707779
count1-offset3,1,3,7,base,2,3,-0.04940870776772499
count1-offset3,1,3,7,base,2,4,-0.0641801506280899
count1-offset3,1,3,7,base,2,5,0.12891757488250732
count1-offset3,1,3,7,base,2,6,0.1383902132511139
count1-offset3,1,3,7,base,2,7,-0.07394783198833466
count1-offset3,1,3,7,base,3,0,0.0
count1-offset3,1,3,7,base,3,1,0.0
count1-offset3,1,3,7,base,3,2,0.0
count1-offset3,1,3,7,base,3,3,0.0
count1-offset3,1,3,7,base,3,4,0.0
count1-offset3,1,3,7,base,3,5,0.0
count1-offset3,1,3,7,base,3,6,0.0
count1-offset3,1,3,7,base,3,7,0.0
count1-offset3,1,3,7,base,4,0,0.0
count1-offset3,1,3,7,base,4,1,0.0
count1-offset3,1,3,7,base,4,2,0.0
count1-offset3,1,3,7,base,4,3,0.0
count1-offset3,1,3,7,base,4,4,0.0
count1-offset3,1,3,7,base,4,5,0.0
count1-offset3,1,3,7,base,4,6,0.0
count1-offset3,1,3,7,base,4,7,0.0
count2-offset0,2,0,7,base,0,0,0.17728900909423828
count2-offset0,2,0,7,base,0,1,0.2966529428958893
count2-offset0,2,0,7,base,0,2,0.07247553020715714
count2-offset0,2,0,7,base,0,3,0.07799912989139557
count2-offset0,2,0,7,base,0,4,-0.009425625205039978
count2-offset0,2,0,7,base,0,5,0.16943280398845673
count2-offset0,2,0,7,base,0,6,0.09752960503101349
count2-offset0,2,0,7,base,0,7,-0.23298005759716034
count2-offset0,2,0,7,base,1,0,0.09137104451656342
count2-offset0,2,0,7,base,1,1,-0.000169459730386734
count2-offset0,2,0,7,base,1,2,0.021029410883784294
count2-offset0,2,0,7,base,1,3,-0.23207750916481018
count2-offset0,2,0,7,base,1,4,-0.07808566093444824
count2-offset0,2,0,7,base,1,5,0.12718364596366882
count2-offset0,2,0,7,base,1,6,-0.05601378157734871
count2-offset0,2,0,7,base,1,7,0.19051925837993622
count2-offset0,2,0,7,base,2,0,0.09980879724025726
count2-offset0,2,0,7,base,2,1,0.17199352383613586
count2-offset0,2,0,7,base,2,2,0.07847988605499268
count2-offset0,2,0,7,base,2,3,-0.06614131480455399
count2-offset0,2,0,7,base,2,4,0.015010222792625427
count2-offset0,2,0,7,base,2,5,0.037304192781448364
count2-offset0,2,0,7,base,2,6,-0.01618003286421299
count2-offset0,2,0,7,base,2,7,-0.05823514610528946
count2-offset0,2,0,7,base,3,0,0.0
count2-offset0,2,0,7,base,3,1,0.0
count2-offset0,2,0,7,base,3,2,0.0
count2-offset0,2,0,7,base,3,3,0.0
count2-offset0,2,0,7,base,3,4,0.0
count2-offset0,2,0,7,base,3,5,0.0
count2-offset0,2,0,7,base,3,6,0.0
count2-offset0,2,0,7,base,3,7,0.0
count2-offset0,2,0,7,base,4,0,0.0
count2-offset0,2,0,7,base,4,1,0.0
count2-offset0,2,0,7,base,4,2,0.0
count2-offset0,2,0,7,base,4,3,0.0
count2-offset0,2,0,7,base,4,4,0.0
count2-offset0,2,0,7,base,4,5,0.0
count2-offset0,2,0,7,base,4,6,0.0
count2-offset0,2,0,7,base,4,7,0.0
count2-offset1,2,1,7,base,0,0,0.048684850335121155
count2-offset1,2,1,7,base,0,1,-0.010758744552731514
count2-offset1,2,1,7,base,0,2,0.07311917841434479
count2-offset1,2,1,7,base,0,3,-0.11757917702198029
count2-offset1,2,1,7,base,0,4,-0.15317729115486145
count2-offset1,2,1,7,base,0,5,0.07097141444683075
count2-offset1,2,1,7,base,0,6,-0.07948524504899979
count2-offset1,2,1,7,base,0,7,0.12942904233932495
count2-offset1,2,1,7,base,1,0,0.09438373148441315
count2-offset1,2,1,7,base,1,1,0.24154607951641083
count2-offset1,2,1,7,base,1,2,0.008289869874715805
count2-offset1,2,1,7,base,1,3,-0.048921070992946625
count2-offset1,2,1,7,base,1,4,-0.08646067976951599
count2-offset1,2,1,7,base,1,5,-0.02879164181649685
count2-offset1,2,1,7,base,1,6,0.059773679822683334
count2-offset1,2,1,7,base,1,7,-0.08096298575401306
count2-offset1,2,1,7,base,2,0,0.11351180821657181
count2-offset1,2,1,7,base,2,1,0.21123169362545013
count2-offset1,2,1,7,base,2,2,0.04259033501148224
count2-offset1,2,1,7,base,2,3,-0.06373579800128937
count2-offset1,2,1,7,base,2,4,-0.062361713498830795
count2-offset1,2,1,7,base,2,5,0.07463425397872925
count2-offset1,2,1,7,base,2,6,-0.07262067496776581
count2-offset1,2,1,7,base,2,7,0.09287246316671371
count2-offset1,2,1,7,base,3,0,0.0
count2-offset1,2,1,7,base,3,1,0.0
count2-offset1,2,1,7,base,3,2,0.0
count2-offset1,2,1,7,base,3,3,0.0
count2-offset1,2,1,7,base,3,4,0.0
count2-offset1,2,1,7,base,3,5,0.0
count2-offset1,2,1,7,base,3,6,0.0
count2-offset1,2,1,7,base,3,7,0.0
count2-offset1,2,1,7,base,4,0,0.0
count2-offset1,2,1,7,base,4,1,0.0
count2-offset1,2,1,7,base,4,2,0.0
count2-offset1,2,1,7,base,4,3,0.0
count2-offset1,2,1,7,base,4,4,0.0
count2-offset1,2,1,7,base,4,5,0.0
count2-offset1,2,1,7,base,4,6,0.0
count2-offset1,2,1,7,base,4,7,0.0
count2-offset2,2,2,7,base,0,0,-0.12358463555574417
count2-offset2,2,2,7,base,0,1,0.23736613988876343
count2-offset2,2,2,7,base,0,2,0.08523370325565338
count2-offset2,2,2,7,base,0,3,-0.13148395717144012
count2-offset2,2,2,7,base,0,4,-0.11974402517080307
count2-offset2,2,2,7,base,0,5,0.027193881571292877
count2-offset2,2,2,7,base,0,6,-0.11533308029174805
count2-offset2,2,2,7,base,0,7,-0.2255541980266571
count2-offset2,2,2,7,base,1,0,-0.045784637331962585
count2-offset2,2,2,7,base,1,1,0.2062380313873291
count2-offset2,2,2,7,base,1,2,0.014862962067127228
count2-offset2,2,2,7,base,1,3,-0.10615506768226624
count2-offset2,2,2,7,base,1,4,-0.0079268217086792
count2-offset2,2,2,7,base,1,5,0.046587735414505005
count2-offset2,2,2,7,base,1,6,0.016117826104164124
count2-offset2,2,2,7,base,1,7,-0.17484205961227417
count2-offset2,2,2,7,base,2,0,-0.028599359095096588
count2-offset2,2,2,7,base,2,1,0.30795979499816895
count2-offset2,2,2,7,base,2,2,-0.029236294329166412
count2-offset2,2,2,7,base,2,3,-0.23338770866394043
count2-offset2,2,2,7,base,2,4,-0.14964166283607483
count2-offset2,2,2,7,base,2,5,0.18793244659900665
count2-offset2,2,2,7,base,2,6,-0.13493725657463074
count2-offset2,2,2,7,base,2,7,-0.02630152553319931
count2-offset2,2,2,7,base,3,0,0.0
count2-offset2,2,2,7,base,3,1,0.0
count2-offset2,2,2,7,base,3,2,0.0
count2-offset2,2,2,7,base,3,3,0.0
count2-offset2,2,2,7,base,3,4,0.0
count2-offset2,2,2,7,base,3,5,0.0
count2-offset2,2,2,7,base,3,6,0.0
count2-offset2,2,2,7,base,3,7,0.0
count2-offset2,2,2,7,base,4,0,0.0
count2-offset2,2,2,7,base,4,1,0.0
count2-offset2,2,2,7,base,4,2,0.0
count2-offset2,2,2,7,base,4,3,0.0
count2-offset2,2,2,7,base,4,4,0.0
count2-offset2,2,2,7,base,4,5,0.0
count2-offset2,2,2,7,base,4,6,0.0
count2-offset2,2,2,7,base,4,7,0.0
count2-offset3,2,3,7,base,0,0,-0.011835606768727303
count2-offset3,2,3,7,base,0,1,0.1997527778148651
count2-offset3,2,3,7,base,0,2,-0.05495694652199745
count2-offset3,2,3,7,base,0,3,-0.12897861003875732
count2-offset3,2,3,7,base,0,4,-0.17372746765613556
count2-offset3,2,3,7,base,0,5,0.09684719145298004
count2-offset3,2,3,7,base,0,6,-0.18349027633666992
count2-offset3,2,3,7,base,0,7,-0.18647536635398865
count2-offset3,2,3,7,base,1,0,-0.10315096378326416
count2-offset3,2,3,7,base,1,1,0.0473230704665184
count2-offset3,2,3,7,base,1,2,-0.15721280872821808
count2-offset3,2,3,7,base,1,3,-0.15170860290527344
count2-offset3,2,3,7,base,1,4,-0.19832396507263184
count2-offset3,2,3,7,base,1,5,0.040176670998334885
count2-offset3,2,3,7,base,1,6,-0.10081963241100311
count2-offset3,2,3,7,base,1,7,-0.08305734395980835
count2-offset3,2,3,7,base,2,0,0.08212104439735413
count2-offset3,2,3,7,base,2,1,0.4217414855957031
count2-offset3,2,3,7,base,2,2,-0.08370897173881531
count2-offset3,2,3,7,base,2,3,-0.07827280461788177
count2-offset3,2,3,7,base,2,4,0.004360616207122803
count2-offset3,2,3,7,base,2,5,0.11253616213798523
count2-offset3,2,3,7,base,2,6,0.11900191754102707
count2-offset3,2,3,7,base,2,7,-0.25271424651145935
count2-offset3,2,3,7,base,3,0,0.0
count2-offset3,2,3,7,base,3,1,0.0
count2-offset3,2,3,7,base,3,2,0.0
count2-offset3,2,3,7,base,3,3,0.0
count2-offset3,2,3,7,base,3,4,0.0
count2-offset3,2,3,7,base,3,5,0.0
count2-offset3,2,3,7,base,3,6,0.0
count2-offset3,2,3,7,base,3,7,0.0
count2-offset3,2,3,7,base,4,0,0.0
count2-offset3,2,3,7,base,4,1,0.0
count2-offset3,2,3,7,base,4,2,0.0
count2-offset3,2,3,7,base,4,3,0.0
count2-offset3,2,3,7,base,4,4,0.0
count2-offset3,2,3,7,base,4,5,0.0
count2-offset3,2,3,7,base,4,6,0.0
count2-offset3,2,3,7,base,4,7,0.0
count4-offset0,4,0,7,base,0,0,-0.08089446276426315
count4-offset0,4,0,7,base,0,1,0.09104204177856445
count4-offset0,4,0,7,base,0,2,0.20105154812335968
count4-offset0,4,0,7,base,0,3,-0.01251436211168766
count4-offset0,4,0,7,base,0,4,-0.1624060720205307
count4-offset0,4,0,7,base,0,5,0.050660163164138794
count4-offset0,4,0,7,base,0,6,-0.023271262645721436
count4-offset0,4,0,7,base,0,7,-0.3983287811279297
count4-offset0,4,0,7,base,1,0,-0.025476818904280663
count4-offset0,4,0,7,base,1,1,-0.036513153463602066
count4-offset0,4,0,7,base,1,2,0.09436611831188202
count4-offset0,4,0,7,base,1,3,-0.10459888726472855
count4-offset0,4,0,7,base,1,4,-0.0603976845741272
count4-offset0,4,0,7,base,1,5,0.0352492555975914
count4-offset0,4,0,7,base,1,6,0.04477119445800781
count4-offset0,4,0,7,base,1,7,0.08204849064350128
count4-offset0,4,0,7,base,2,0,-0.013308696448802948
count4-offset0,4,0,7,base,2,1,0.12366203963756561
count4-offset0,4,0,7,base,2,2,0.11927887797355652
count4-offset0,4,0,7,base,2,3,-0.11079378426074982
count4-offset0,4,0,7,base,2,4,-0.12624786794185638
count4-offset0,4,0,7,base,2,5,0.06930983066558838
count4-offset0,4,0,7,base,2,6,-0.06006518006324768
count4-offset0,4,0,7,base,2,7,-0.021091526374220848
count4-offset0,4,0,7,base,3,0,0.0
count4-offset0,4,0,7,base,3,1,0.0
count4-offset0,4,0,7,base,3,2,0.0
count4-offset0,4,0,7,base,3,3,0.0
count4-offset0,4,0,7,base,3,4,0.0
count4-offset0,4,0,7,base,3,5,0.0
count4-offset0,4,0,7,base,3,6,0.0
count4-offset0,4,0,7,base,3,7,0.0
count4-offset0,4,0,7,base,4,0,0.0
count4-offset0,4,0,7,base,4,1,0.0
count4-offset0,4,0,7,base,4,2,0.0
count4-offset0,4,0,7,base,4,3,0.0
count4-offset0,4,0,7,base,4,4,0.0
count4-offset0,4,0,7,base,4,5,0.0
count4-offset0,4,0,7,base,4,6,0.0
count4-offset0,4,0,7,base,4,7,0.0
count4-offset1,4,1,7,base,0,0,-0.1547030508518219
count4-offset1,4,1,7,base,0,1,-0.07442689687013626
count4-offset1,4,1,7,base,0,2,0.06668268889188766
count4-offset1,4,1,7,base,0,3,-0.14748185873031616
count4-offset1,4,1,7,base,0,4,-0.1505151242017746
count4-offset1,4,1,7,base,0,5,0.09054363518953323
count4-offset1,4,1,7,base,0,6,-0.18431875109672546
count4-offset1,4,1,7,base,0,7,0.19244764745235443
count4-offset1,4,1,7,base,1,0,-0.07519450038671494
count4-offset1,4,1,7,base,1,1,0.07361624389886856
count4-offset1,4,1,7,base,1,2,-0.004893669858574867
count4-offset1,4,1,7,base,1,3,-0.09426585584878922
count4-offset1,4,1,7,base,1,4,-0.2957169711589813
count4-offset1,4,1,7,base,1,5,0.02794649451971054
count4-offset1,4,1,7,base,1,6,-0.007829062640666962
count4-offset1,4,1,7,base,1,7,-0.2971597909927368
count4-offset1,4,1,7,base,2,0,0.00010107085108757019
count4-offset1,4,1,7,base,2,1,0.13156157732009888
count4-offset1,4,1,7,base,2,2,0.0833263099193573
count4-offset1,4,1,7,base,2,3,-0.03023737296462059
count4-offset1,4,1,7,base,2,4,-0.1638951599597931
count4-offset1,4,1,7,base,2,5,0.04938768595457077
count4-offset1,4,1,7,base,2,6,-0.031636133790016174
count4-offset1,4,1,7,base,2,7,-0.2133239209651947
count4-offset1,4,1,7,base,3,0,0.0
count4-offset1,4,1,7,base,3,1,0.0
count4-offset1,4,1,7,base,3,2,0.0
count4-offset1,4,1,7,base,3,3,0.0
count4-offset1,4,1,7,base,3,4,0.0
count4-offset1,4,1,7,base,3,5,0.0
count4-offset1,4,1,7,base,3,6,0.0
count4-offset1,4,1,7,base,3,7,0.0
count4-offset1,4,1,7,base,4,0,0.0
count4-offset1,4,1,7,base,4,1,0.0
count4-offset1,4,1,7,base,4,2,0.0
count4-offset1,4,1,7,base,4,3,0.0
count4-offset1,4,1,7,base,4,4,0.0
count4-offset1,4,1,7,base,4,5,0.0
count4-offset1,4,1,7,base,4,6,0.0
count4-offset1,4,1,7,base,4,7,0.0
count4-offset2,4,2,7,base,0,0,-0.08089446276426315
count4-offset2,4,2,7,base,0,1,0.09104204177856445
count4-offset2,4,2,7,base,0,2,0.20105154812335968
count4-offset2,4,2,7,base,0,3,-0.01251436211168766
count4-offset2,4,2,7,base,0,4,-0.1624060720205307
count4-offset2,4,2,7,base,0,5,0.050660163164138794
count4-offset2,4,2,7,base,0,6,-0.023271262645721436
count4-offset2,4,2,7,base,0,7,-0.3983287811279297
count4-offset2,4,2,7,base,1,0,-0.025476818904280663
count4-offset2,4,2,7,base,1,1,-0.036513153463602066
count4-offset2,4,2,7,base,1,2,0.09436611831188202
count4-offset2,4,2,7,base,1,3,-0.10459888726472855
count4-offset2,4,2,7,base,1,4,-0.0603976845741272
count4-offset2,4,2,7,base,1,5,0.0352492555975914
count4-offset2,4,2,7,base,1,6,0.04477119445800781
count4-offset2,4,2,7,base,1,7,0.08204849064350128
count4-offset2,4,2,7,base,2,0,-0.013308696448802948
count4-offset2,4,2,7,base,2,1,0.12366203963756561
count4-offset2,4,2,7,base,2,2,0.11927887797355652
count4-offset2,4,2,7,base,2,3,-0.11079378426074982
count4-offset2,4,2,7,base,2,4,-0.12624786794185638
count4-offset2,4,2,7,base,2,5,0.06930983066558838
count4-offset2,4,2,7,base,2,6,-0.06006518006324768
count4-offset2,4,2,7,base,2,7,-0.021091526374220848
count4-offset2,4,2,7,base,3,0,0.0
count4-offset2,4,2,7,base,3,1,0.0
count4-offset2,4,2,7,base,3,2,0.0
count4-offset2,4,2,7,base,3,3,0.0
count4-offset2,4,2,7,base,3,4,0.0
count4-offset2,4,2,7,base,3,5,0.0
count4-offset2,4,2,7,base,3,6,0.0
count4-offset2,4,2,7,base,3,7,0.0
count4-offset2,4,2,7,base,4,0,0.0
count4-offset2,4,2,7,base,4,1,0.0
count4-offset2,4,2,7,base,4,2,0.0
count4-offset2,4,2,7,base,4,3,0.0
count4-offset2,4,2,7,base,4,4,0.0
count4-offset2,4,2,7,base,4,5,0.0
count4-offset2,4,2,7,base,4,6,0.0
count4-offset2,4,2,7,base,4,7,0.0
count4-offset3,4,3,7,base,0,0,-0.1547030508518219
count4-offset3,4,3,7,base,0,1,-0.07442689687013626
count4-offset3,4,3,7,base,0,2,0.06668268889188766
count4-offset3,4,3,7,base,0,3,-0.14748185873031616
count4-offset3,4,3,7,base,0,4,-0.1505151242017746
count4-offset3,4,3,7,base,0,5,0.09054363518953323
count4-offset3,4,3,7,base,0,6,-0.18431875109672546
count4-offset3,4,3,7,base,0,7,0.19244764745235443
count4-offset3,4,3,7,base,1,0,-0.07519450038671494
count4-offset3,4,3,7,base,1,1,0.07361624389886856
count4-offset3,4,3,7,base,1,2,-0.004893669858574867
count4-offset3,4,3,7,base,1,3,-0.09426585584878922
count4-offset3,4,3,7,base,1,4,-0.2957169711589813
count4-offset3,4,3,7,base,1,5,0.02794649451971054
count4-offset3,4,3,7,base,1,6,-0.007829062640666962
count4-offset3,4,3,7,base,1,7,-0.2971597909927368
count4-offset3,4,3,7,base,2,0,0.00010107085108757019
count4-offset3,4,3,7,base,2,1,0.13156157732009888
count4-offset3,4,3,7,base,2,2,0.0833263099193573
count4-offset3,4,3,7,base,2,3,-0.03023737296462059
count4-offset3,4,3,7,base,2,4,-0.1638951599597931
count4-offset3,4,3,7,base,2,5,0.04938768595457077
count4-offset3,4,3,7,base,2,6,-0.031636133790016174
count4-offset3,4,3,7,base,2,7,-0.2133239209651947
count4-offset3,4,3,7,base,3,0,0.0
count4-offset3,4,3,7,base,3,1,0.0
count4-offset3,4,3,7,base,3,2,0.0
count4-offset3,4,3,7,base,3,3,0.0
count4-offset3,4,3,7,base,3,4,0.0
count4-offset3,4,3,7,base,3,5,0.0
count4-offset3,4,3,7,base,3,6,0.0
count4-offset3,4,3,7,base,3,7,0.0
count4-offset3,4,3,7,base,4,0,0.0
count4-offset3,4,3,7,base,4,1,0.0
count4-offset3,4,3,7,base,4,2,0.0
count4-offset3,4,3,7,base,4,3,0.0
count4-offset3,4,3,7,base,4,4,0.0
count4-offset3,4,3,7,base,4,5,0.0
count4-offset3,4,3,7,base,4,6,0.0
count4-offset3,4,3,7,base,4,7,0.0
count8,8,0,7,base,0,0,-0.07278303802013397
count8,8,0,7,base,0,1,-0.1107126772403717
count8,8,0,7,base,0,2,0.14194485545158386
count8,8,0,7,base,0,3,-0.022046362981200218
count8,8,0,7,base,0,4,-0.1065145879983902
count8,8,0,7,base,0,5,0.10590177774429321
count8,8,0,7,base,0,6,-0.0992032065987587
count8,8,0,7,base,0,7,-0.021150149405002594
count8,8,0,7,base,1,0,-0.032333195209503174
count8,8,0,7,base,1,1,-0.039369262754917145
count8,8,0,7,base,1,2,0.11311088502407074
count8,8,0,7,base,1,3,-0.030377112329006195
count8,8,0,7,base,1,4,-0.08518490195274353
count8,8,0,7,base,1,5,0.006356030702590942
count8,8,0,7,base,1,6,-0.016722064465284348
count8,8,0,7,base,1,7,-0.041658323258161545
count8,8,0,7,base,2,0,0.025987017899751663
count8,8,0,7,base,2,1,0.02344108559191227
count8,8,0,7,base,2,2,0.1271967738866806
count8,8,0,7,base,2,3,0.03622050583362579
count8,8,0,7,base,2,4,-0.0429377481341362
count8,8,0,7,base,2,5,0.020913537591695786
count8,8,0,7,base,2,6,0.05162865296006203
count8,8,0,7,base,2,7,-0.07740606367588043
count8,8,0,7,base,3,0,0.0
count8,8,0,7,base,3,1,0.0
count8,8,0,7,base,3,2,0.0
count8,8,0,7,base,3,3,0.0
count8,8,0,7,base,3,4,0.0
count8,8,0,7,base,3,5,0.0
count8,8,0,7,base,3,6,0.0
count8,8,0,7,base,3,7,0.0
count8,8,0,7,base,4,0,0.0
count8,8,0,7,base,4,1,0.0
count8,8,0,7,base,4,2,0.0
count8,8,0,7,base,4,3,0.0
count8,8,0,7,base,4,4,0.0
count8,8,0,7,base,4,5,0.0
count8,8,0,7,base,4,6,0.0
count8,8,0,7,base,4,7,0.0
count0,0,0,7,extra,0,0,2.7315085390000604e-05
count0,0,0,7,extra,0,1,1.861295459093526e-05
count0,0,0,7,extra,0,2,2.6511635951464996e-05
count0,0,0,7,extra,0,3,2.3500644601881504e-05
count0,0,0,7,extra,0,4,2.989591666846536e-05
count0,0,0,7,extra,0,5,2.7459253033157438e-05
count0,0,0,7,extra,0,6,2.5634535631979816e-05
count0,0,0,7,extra,0,7,2.339109778404236e-05
count0,0,0,7,extra,1,0,-5.027823135606013e-05
count0,0,0,7,extra,1,1,-3.5568045859690756e-05
count0,0,0,7,extra,1,2,-4.942312807543203e-05
count0,0,0,7,extra,1,3,-4.0818726120050997e-05
count0,0,0,7,extra,1,4,-6.998750905040652e-05
count0,0,0,7,extra,1,5,-5.651524770655669e-05
count0,0,0,7,extra,1,6,-5.1039576646871865e-05
count0,0,0,7,extra,1,7,-4.231925049680285e-05
count0,0,0,7,extra,2,0,-2.773483720375225e-05
count0,0,0,7,extra,2,1,-1.9036551748286e-05
count0,0,0,7,extra,2,2,-2.9885315598221496e-05
count0,0,0,7,extra,2,3,-2.7580292226048186e-05
count0,0,0,7,extra,2,4,-3.453284080023877e-05
count0,0,0,7,extra,2,5,-3.0222148780012503e-05
count0,0,0,7,extra,2,6,-2.839823173417244e-05
count0,0,0,7,extra,2,7,-2.4613382265670225e-05
count0,0,0,7,extra,3,0,0.0
count0,0,0,7,extra,3,1,0.0
count0,0,0,7,extra,3,2,0.0
count0,0,0,7,extra,3,3,0.0
count0,0,0,7,extra,3,4,0.0
count0,0,0,7,extra,3,5,0.0
count0,0,0,7,extra,3,6,0.0
count0,0,0,7,extra,3,7,0.0
count0,0,0,7,extra,4,0,0.0
count0,0,0,7,extra,4,1,0.0
count0,0,0,7,extra,4,2,0.0
count0,0,0,7,extra,4,3,0.0
count0,0,0,7,extra,4,4,0.0
count0,0,0,7,extra,4,5,0.0
count0,0,0,7,extra,4,6,0.0
count0,0,0,7,extra,4,7,0.0
count1-offset0,1,0,7,extra,0,0,5.615084228338674e-05
count1-offset0,1,0,7,extra,0,1,6.524143100250512e-05
count1-offset0,1,0,7,extra,0,2,7.455806917278096e-05
count1-offset0,1,0,7,extra,0,3,6.236197077669203e-05
count1-offset0,1,0,7,extra,0,4,8.052076736930758e-05
count1-offset0,1,0,7,extra,0,5,7.574994378956035e-05
count1-offset0,1,0,7,extra,0,6,6.468464562203735e-05
count1-offset0,1,0,7,extra,0,7,5.145418981555849e-05
count1-offset0,1,0,7,extra,1,0,-1.981000241357833e-05
count1-offset0,1,0,7,extra,1,1,-3.228395144105889e-05
count1-offset0,1,0,7,extra,1,2,-4.053412703797221e-05
count1-offset0,1,0,7,extra,1,3,-3.1542371289106086e-05
count1-offset0,1,0,7,extra,1,4,-4.3802876461995766e-05
count1-offset0,1,0,7,extra,1,5,-3.4992830478586257e-05
count1-offset0,1,0,7,extra,1,6,-3.013943205587566e-05
count1-offset0,1,0,7,extra,1,7,-1.8525250197853893e-05
count1-offset0,1,0,7,extra,2,0,-2.0789411792065948e-05
count1-offset0,1,0,7,extra,2,1,-2.7576432330533862e-05
count1-offset0,1,0,7,extra,2,2,-3.341713090776466e-05
count1-offset0,1,0,7,extra,2,3,-2.983267404488288e-05
count1-offset0,1,0,7,extra,2,4,-4.0309474570676684e-05
count1-offset0,1,0,7,extra,2,5,-2.9548195016104728e-05
count1-offset0,1,0,7,extra,2,6,-2.6003835955634713e-05
count1-offset0,1,0,7,extra,2,7,-2.1945896151009947e-05
count1-offset0,1,0,7,extra,3,0,0.0
count1-offset0,1,0,7,extra,3,1,0.0
count1-offset0,1,0,7,extra,3,2,0.0
count1-offset0,1,0,7,extra,3,3,0.0
count1-offset0,1,0,7,extra,3,4,0.0
count1-offset0,1,0,7,extra,3,5,0.0
count1-offset0,1,0,7,extra,3,6,0.0
count1-offset0,1,0,7,extra,3,7,0.0
count1-offset0,1,0,7,extra,4,0,0.0
count1-offset0,1,0,7,extra,4,1,0.0
count1-offset0,1,0,7,extra,4,2,0.0
count1-offset0,1,0,7,extra,4,3,0.0
count1-offset0,1,0,7,extra,4,4,0.0
count1-offset0,1,0,7,extra,4,5,0.0
count1-offset0,1,0,7,extra,4,6,0.0
count1-offset0,1,0,7,extra,4,7,0.0
count1-offset1,1,1,7,extra,0,0,-4.825102223549038e-05
count1-offset1,1,1,7,extra,0,1,-4.579232700052671e-05
count1-offset1,1,1,7,extra,0,2,-6.758282688679174e-05
count1-offset1,1,1,7,extra,0,3,-5.26985022588633e-05
count1-offset1,1,1,7,extra,0,4,-7.279984856722876e-05
count1-offset1,1,1,7,extra,0,5,-6.21293147560209e-05
count1-offset1,1,1,7,extra,0,6,-5.4863867262611166e-05
count1-offset1,1,1,7,extra,0,7,-3.912786633009091e-05
count1-offset1,1,1,7,extra,1,0,2.517240500310436e-05
count1-offset1,1,1,7,extra,1,1,3.291367465863004e-05
count1-offset1,1,1,7,extra,1,2,3.600111085688695e-05
count1-offset1,1,1,7,extra,1,3,3.595884845708497e-05
count1-offset1,1,1,7,extra,1,4,4.0707775042392313e-05
count1-offset1,1,1,7,extra,1,5,3.491333336569369e-05
count1-offset1,1,1,7,extra,1,6,3.16457444569096e-05
count1-offset1,1,1,7,extra,1,7,2.53657726716483e-05
count1-offset1,1,1,7,extra,2,0,-3.7760175473522395e-05
count1-offset1,1,1,7,extra,2,1,-4.010380871477537e-05
count1-offset1,1,1,7,extra,2,2,-5.2563234930858016e-05
count1-offset1,1,1,7,extra,2,3,-4.8121124564204365e-05
count1-offset1,1,1,7,extra,2,4,-5.994693492539227e-05
count1-offset1,1,1,7,extra,2,5,-5.0589551392477006e-05
count1-offset1,1,1,7,extra,2,6,-4.361776518635452e-05
count1-offset1,1,1,7,extra,2,7,-3.624212331487797e-05
count1-offset1,1,1,7,extra,3,0,0.0
count1-offset1,1,1,7,extra,3,1,0.0
count1-offset1,1,1,7,extra,3,2,0.0
count1-offset1,1,1,7,extra,3,3,0.0
count1-offset1,1,1,7,extra,3,4,0.0
count1-offset1,1,1,7,extra,3,5,0.0
count1-offset1,1,1,7,extra,3,6,0.0
count1-offset1,1,1,7,extra,3,7,0.0
count1-offset1,1,1,7,extra,4,0,0.0
count1-offset1,1,1,7,extra,4,1,0.0
count1-offset1,1,1,7,extra,4,2,0.0
count1-offset1,1,1,7,extra,4,3,0.0
count1-offset1,1,1,7,extra,4,4,0.0
count1-offset1,1,1,7,extra,4,5,0.0
count1-offset1,1,1,7,extra,4,6,0.0
count1-offset1,1,1,7,extra,4,7,0.0
count1-offset2,1,2,7,extra,0,0,4.917391561320983e-05
count1-offset2,1,2,7,extra,0,1,4.70121085527353e-05
count1-offset2,1,2,7,extra,0,2,5.7670975365908816e-05
count1-offset2,1,2,7,extra,0,3,4.918014019494876e-05
count1-offset2,1,2,7,extra,0,4,6.33251474937424e-05
count1-offset2,1,2,7,extra,0,5,5.7838886277750134e-05
count1-offset2,1,2,7,extra,0,6,5.620291631203145e-05
count1-offset2,1,2,7,extra,0,7,3.8731563108740374e-05
count1-offset2,1,2,7,extra,1,0,3.724022826645523e-05
count1-offset2,1,2,7,extra,1,1,4.350767267169431e-05
count1-offset2,1,2,7,extra,1,2,4.746902050101198e-05
count1-offset2,1,2,7,extra,1,3,5.278852768242359e-05
count1-offset2,1,2,7,extra,1,4,5.2246159611968324e-05
count1-offset2,1,2,7,extra,1,5,4.794193955603987e-05
count1-offset2,1,2,7,extra,1,6,4.257669934304431e-05
count1-offset2,1,2,7,extra,1,7,3.675001789815724e-05
count1-offset2,1,2,7,extra,2,0,-6.761254917364568e-05
count1-offset2,1,2,7,extra,2,1,-6.0752397985197604e-05
count1-offset2,1,2,7,extra,2,2,-8.644600893603638e-05
count1-offset2,1,2,7,extra,2,3,-8.3565988461487e-05
count1-offset2,1,2,7,extra,2,4,-9.54333518166095e-05
count1-offset2,1,2,7,extra,2,5,-8.231154788518324e-05
count1-offset2,1,2,7,extra,2,6,-7.204814755823463e-05
count1-offset2,1,2,7,extra,2,7,-6.185118400026113e-05
count1-offset2,1,2,7,extra,3,0,0.0
count1-offset2,1,2,7,extra,3,1,0.0
count1-offset2,1,2,7,extra,3,2,0.0
count1-offset2,1,2,7,extra,3,3,0.0
count1-offset2,1,2,7,extra,3,4,0.0
count1-offset2,1,2,7,extra,3,5,0.0
count1-offset2,1,2,7,extra,3,6,0.0
count1-offset2,1,2,7,extra,3,7,0.0
count1-offset2,1,2,7,extra,4,0,0.0
count1-offset2,1,2,7,extra,4,1,0.0
count1-offset2,1,2,7,extra,4,2,0.0
count1-offset2,1,2,7,extra,4,3,0.0
count1-offset2,1,2,7,extra,4,4,0.0
count1-offset2,1,2,7,extra,4,5,0.0
count1-offset2,1,2,7,extra,4,6,0.0
count1-offset2,1,2,7,extra,4,7,0.0
count1-offset3,1,3,7,extra,0,0,-6.915217818459496e-05
count1-offset3,1,3,7,extra,0,1,-5.7328456023242325e-05
count1-offset3,1,3,7,extra,0,2,-9.144233627012e-05
count1-offset3,1,3,7,extra,0,3,-7.463947986252606e-05
count1-offset3,1,3,7,extra,0,4,-0.00010384662891738117
count1-offset3,1,3,7,extra,0,5,-8.050493488553911e-05
count1-offset3,1,3,7,extra,0,6,-7.218575046863407e-05
count1-offset3,1,3,7,extra,0,7,-5.5497363064205274e-05
count1-offset3,1,3,7,extra,1,0,-5.5194519518408924e-05
count1-offset3,1,3,7,extra,1,1,-4.958828503731638e-05
count1-offset3,1,3,7,extra,1,2,-7.709948840783909e-05
count1-offset3,1,3,7,extra,1,3,-6.146945815999061e-05
count1-offset3,1,3,7,extra,1,4,-8.795140456641093e-05
count1-offset3,1,3,7,extra,1,5,-7.017128518782556e-05
count1-offset3,1,3,7,extra,1,6,-6.690529698971659e-05
count1-offset3,1,3,7,extra,1,7,-4.258030094206333e-05
count1-offset3,1,3,7,extra,2,0,4.263391383574344e-05
count1-offset3,1,3,7,extra,2,1,4.0949722460936755e-05
count1-offset3,1,3,7,extra,2,2,5.9443576901685447e-05
count1-offset3,1,3,7,extra,2,3,5.2637751650763676e-05
count1-offset3,1,3,7,extra,2,4,6.725217826897278e-05
count1-offset3,1,3,7,extra,2,5,5.306327511789277e-05
count1-offset3,1,3,7,extra,2,6,4.751521555590443e-05
count1-offset3,1,3,7,extra,2,7,3.876309347106144e-05
count1-offset3,1,3,7,extra,3,0,0.0
count1-offset3,1,3,7,extra,3,1,0.0
count1-offset3,1,3,7,extra,3,2,0.0
count1-offset3,1,3,7,extra,3,3,0.0
count1-offset3,1,3,7,extra,3,4,0.0
count1-offset3,1,3,7,extra,3,5,0.0
count1-offset3,1,3,7,extra,3,6,0.0
count1-offset3,1,3,7,extra,3,7,0.0
count1-offset3,1,3,7,extra,4,0,0.0
count1-offset3,1,3,7,extra,4,1,0.0
count1-offset3,1,3,7,extra,4,2,0.0
count1-offset3,1,3,7,extra,4,3,0.0
count1-offset3,1,3,7,extra,4,4,0.0
count1-offset3,1,3,7,extra,4,5,0.0
count1-offset3,1,3,7,extra,4,6,0.0
count1-offset3,1,3,7,extra,4,7,0.0
count2-offset0,2,0,7,extra,0,0,-0.00014749460387974977
count2-offset0,2,0,7,extra,0,1,-6.080722960177809e-05
count2-offset0,2,0,7,extra,0,2,-0.00014745048247277737
count2-offset0,2,0,7,extra,0,3,-0.00015417803660966456
count2-offset0,2,0,7,extra,0,4,-0.0002033958153333515
count2-offset0,2,0,7,extra,0,5,-0.0001344708725810051
count2-offset0,2,0,7,extra,0,6,-0.00011690169048961252
count2-offset0,2,0,7,extra,0,7,-0.00014311072300188243
count2-offset0,2,0,7,extra,1,0,0.000131157721625641
count2-offset0,2,0,7,extra,1,1,6.748145824531093e-05
count2-offset0,2,0,7,extra,1,2,0.00011736447049770504
count2-offset0,2,0,7,extra,1,3,0.00012596345914062113
count2-offset0,2,0,7,extra,1,4,0.0001596439105924219
count2-offset0,2,0,7,extra,1,5,0.00011945261212531477
count2-offset0,2,0,7,extra,1,6,9.917928400682285e-05
count2-offset0,2,0,7,extra,1,7,0.00012360754772089422
count2-offset0,2,0,7,extra,2,0,-7.387998266494833e-06
count2-offset0,2,0,7,extra,2,1,-3.0261091978900367e-06
count2-offset0,2,0,7,extra,2,2,-4.226976670906879e-06
count2-offset0,2,0,7,extra,2,3,-5.1559363782871515e-06
count2-offset0,2,0,7,extra,2,4,-9.349821993964724e-06
count2-offset0,2,0,7,extra,2,5,-4.4408784560800996e-06
count2-offset0,2,0,7,extra,2,6,-5.564036655414384e-06
count2-offset0,2,0,7,extra,2,7,-7.062238637445262e-06
count2-offset0,2,0,7,extra,3,0,0.0
count2-offset0,2,0,7,extra,3,1,0.0
count2-offset0,2,0,7,extra,3,2,0.0
count2-offset0,2,0,7,extra,3,3,0.0
count2-offset0,2,0,7,extra,3,4,0.0
count2-offset0,2,0,7,extra,3,5,0.0
count2-offset0,2,0,7,extra,3,6,0.0
count2-offset0,2,0,7,extra,3,7,0.0
count2-offset0,2,0,7,extra,4,0,0.0
count2-offset0,2,0,7,extra,4,1,0.0
count2-offset0,2,0,7,extra,4,2,0.0
count2-offset0,2,0,7,extra,4,3,0.0
count2-offset0,2,0,7,extra,4,4,0.0
count2-offset0,2,0,7,extra,4,5,0.0
count2-offset0,2,0,7,extra,4,6,0.0
count2-offset0,2,0,7,extra,4,7,0.0
count2-offset1,2,1,7,extra,0,0,9.152666461886838e-05
count2-offset1,2,1,7,extra,0,1,5.111323844175786e-05
count2-offset1,2,1,7,extra,0,2,8.355853788089007e-05
count2-offset1,2,1,7,extra,0,3,0.00010970884613925591
count2-offset1,2,1,7,extra,0,4,0.0001281257573282346
count2-offset1,2,1,7,extra,0,5,8.769128180574626e-05
count2-offset1,2,1,7,extra,0,6,6.914466212037951e-05
count2-offset1,2,1,7,extra,0,7,0.0001068361452780664
count2-offset1,2,1,7,extra,1,0,-9.280341328121722e-05
count2-offset1,2,1,7,extra,1,1,-4.127543797949329e-05
count2-offset1,2,1,7,extra,1,2,-0.00010186547297053039
count2-offset1,2,1,7,extra,1,3,-0.00010143264080397785
count2-offset1,2,1,7,extra,1,4,-0.0001198258250951767
count2-offset1,2,1,7,extra,1,5,-8.791242726147175e-05
count2-offset1,2,1,7,extra,1,6,-6.875264807604253e-05
count2-offset1,2,1,7,extra,1,7,-8.902435365598649e-05
count2-offset1,2,1,7,extra,2,0,-2.5078520593524445e-08
count2-offset1,2,1,7,extra,2,1,-3.126116894236475e-07
count2-offset1,2,1,7,extra,2,2,2.284081347170286e-06
count2-offset1,2,1,7,extra,2,3,-2.1138453121238854e-07
count2-offset1,2,1,7,extra,2,4,1.0739595381892286e-06
count2-offset1,2,1,7,extra,2,5,-6.926021001163463e-08
count2-offset1,2,1,7,extra,2,6,1.5307152807508828e-06
count2-offset1,2,1,7,extra,2,7,-1.0514528980820614e-07
count2-offset1,2,1,7,extra,3,0,0.0
count2-offset1,2,1,7,extra,3,1,0.0
count2-offset1,2,1,7,extra,3,2,0.0
count2-offset1,2,1,7,extra,3,3,0.0
count2-offset1,2,1,7,extra,3,4,0.0
count2-offset1,2,1,7,extra,3,5,0.0
count2-offset1,2,1,7,extra,3,6,0.0
count2-offset1,2,1,7,extra,3,7,0.0
count2-offset1,2,1,7,extra,4,0,0.0
count2-offset1,2,1,7,extra,4,1,0.0
count2-offset1,2,1,7,extra,4,2,0.0
count2-offset1,2,1,7,extra,4,3,0.0
count2-offset1,2,1,7,extra,4,4,0.0
count2-offset1,2,1,7,extra,4,5,0.0
count2-offset1,2,1,7,extra,4,6,0.0
count2-offset1,2,1,7,extra,4,7,0.0
count2-offset2,2,2,7,extra,0,0,-4.273583726899233e-06
count2-offset2,2,2,7,extra,0,1,1.6354662875528447e-05
count2-offset2,2,2,7,extra,0,2,-1.5425011952174827e-05
count2-offset2,2,2,7,extra,0,3,6.626402409892762e-06
count2-offset2,2,2,7,extra,0,4,-2.0685570234491024e-07
count2-offset2,2,2,7,extra,0,5,2.779711394396145e-07
count2-offset2,2,2,7,extra,0,6,-8.26610266813077e-06
count2-offset2,2,2,7,extra,0,7,1.1784176422224846e-05
count2-offset2,2,2,7,extra,1,0,-0.00010711853974498808
count2-offset2,2,2,7,extra,1,1,-4.6795721573289484e-05
count2-offset2,2,2,7,extra,1,2,-0.00012232322478666902
count2-offset2,2,2,7,extra,1,3,-0.00010927647235803306
count2-offset2,2,2,7,extra,1,4,-0.0001497964549344033
count2-offset2,2,2,7,extra,1,5,-0.00010344629845349118
count2-offset2,2,2,7,extra,1,6,-8.151882502716035e-05
count2-offset2,2,2,7,extra,1,7,-0.00010412548726890236
count2-offset2,2,2,7,extra,2,0,-1.965846877283184e-06
count2-offset2,2,2,7,extra,2,1,-1.7810286863095826e-06
count2-offset2,2,2,7,extra,2,2,8.772892670094734e-07
count2-offset2,2,2,7,extra,2,3,-2.511326329113217e-06
count2-offset2,2,2,7,extra,2,4,6.077121383896156e-08
count2-offset2,2,2,7,extra,2,5,-1.9599235656642122e-06
count2-offset2,2,2,7,extra,2,6,2.3130041881813668e-08
count2-offset2,2,2,7,extra,2,7,-1.8026022416961496e-06
count2-offset2,2,2,7,extra,3,0,0.0
count2-offset2,2,2,7,extra,3,1,0.0
count2-offset2,2,2,7,extra,3,2,0.0
count2-offset2,2,2,7,extra,3,3,0.0
count2-offset2,2,2,7,extra,3,4,0.0
count2-offset2,2,2,7,extra,3,5,0.0
count2-offset2,2,2,7,extra,3,6,0.0
count2-offset2,2,2,7,extra,3,7,0.0
count2-offset2,2,2,7,extra,4,0,0.0
count2-offset2,2,2,7,extra,4,1,0.0
count2-offset2,2,2,7,extra,4,2,0.0
count2-offset2,2,2,7,extra,4,3,0.0
count2-offset2,2,2,7,extra,4,4,0.0
count2-offset2,2,2,7,extra,4,5,0.0
count2-offset2,2,2,7,extra,4,6,0.0
count2-offset2,2,2,7,extra,4,7,0.0
count2-offset3,2,3,7,extra,0,0,-6.394913361873478e-05
count2-offset3,2,3,7,extra,0,1,-5.4021686082705855e-05
count2-offset3,2,3,7,extra,0,2,-8.438762597506866e-05
count2-offset3,2,3,7,extra,0,3,-6.853333616163582e-05
count2-offset3,2,3,7,extra,0,4,-9.523953485768288e-05
count2-offset3,2,3,7,extra,0,5,-7.465521048288792e-05
count2-offset3,2,3,7,extra,0,6,-6.642262451350689e-05
count2-offset3,2,3,7,extra,0,7,-5.0266382459085435e-05
count2-offset3,2,3,7,extra,1,0,-4.503651871345937e-05
count2-offset3,2,3,7,extra,1,1,-4.2751533328555524e-05
count2-offset3,2,3,7,extra,1,2,-6.610041600652039e-05
count2-offset3,2,3,7,extra,1,3,-5.170687290956266e-05
count2-offset3,2,3,7,extra,1,4,-7.34084751456976e-05
count2-offset3,2,3,7,extra,1,5,-5.966575554339215e-05
count2-offset3,2,3,7,extra,1,6,-5.680887625203468e-05
count2-offset3,2,3,7,extra,1,7,-3.296050272183493e-05
count2-offset3,2,3,7,extra,2,0,3.526609725668095e-05
count2-offset3,2,3,7,extra,2,1,3.565950464690104e-05
count2-offset3,2,3,7,extra,2,2,5.088522448204458e-05
count2-offset3,2,3,7,extra,2,3,4.504503158386797e-05
count2-offset3,2,3,7,extra,2,4,5.718093962059356e-05
count2-offset3,2,3,7,extra,2,5,4.490962965064682e-05
count2-offset3,2,3,7,extra,2,6,4.003385765827261e-05
count2-offset3,2,3,7,extra,2,7,3.2064035622170195e-05
count2-offset3,2,3,7,extra,3,0,0.0
count2-offset3,2,3,7,extra,3,1,0.0
count2-offset3,2,3,7,extra,3,2,0.0
count2-offset3,2,3,7,extra,3,3,0.0
count2-offset3,2,3,7,extra,3,4,0.0
count2-offset3,2,3,7,extra,3,5,0.0
count2-offset3,2,3,7,extra,3,6,0.0
count2-offset3,2,3,7,extra,3,7,0.0
count2-offset3,2,3,7,extra,4,0,0.0
count2-offset3,2,3,7,extra,4,1,0.0
count2-offset3,2,3,7,extra,4,2,0.0
count2-offset3,2,3,7,extra,4,3,0.0
count2-offset3,2,3,7,extra,4,4,0.0
count2-offset3,2,3,7,extra,4,5,0.0
count2-offset3,2,3,7,extra,4,6,0.0
count2-offset3,2,3,7,extra,4,7,0.0
count4-offset0,4,0,7,extra,0,0,-0.00014519659453071654
count4-offset0,4,0,7,extra,0,1,-7.990685116965324e-05
count4-offset0,4,0,7,extra,0,2,-0.00016958211199380457
count4-offset0,4,0,7,extra,0,3,-0.00015785000869072974
count4-offset0,4,0,7,extra,0,4,-0.0001775618875399232
count4-offset0,4,0,7,extra,0,5,-0.00012864760356023908
count4-offset0,4,0,7,extra,0,6,-0.00012695472105406225
count4-offset0,4,0,7,extra,0,7,-0.00012147988309152424
count4-offset0,4,0,7,extra,1,0,9.492014214629307e-06
count4-offset0,4,0,7,extra,1,1,6.835043677710928e-06
count4-offset0,4,0,7,extra,1,2,9.033132073454908e-07
count4-offset0,4,0,7,extra,1,3,3.0252051601564744e-06
count4-offset0,4,0,7,extra,1,4,9.679943104856648e-06
count4-offset0,4,0,7,extra,1,5,8.047106348385569e-06
count4-offset0,4,0,7,extra,1,6,6.131695499789203e-06
count4-offset0,4,0,7,extra,1,7,7.2700431701377966e-06
count4-offset0,4,0,7,extra,2,0,-7.34667537471978e-06
count4-offset0,4,0,7,extra,2,1,-2.7092253276350675e-06
count4-offset0,4,0,7,extra,2,2,-4.349245500634424e-06
count4-offset0,4,0,7,extra,2,3,-5.368552137952065e-06
count4-offset0,4,0,7,extra,2,4,-6.0373663473001216e-06
count4-offset0,4,0,7,extra,2,5,-2.9997879664733773e-06
count4-offset0,4,0,7,extra,2,6,-4.79179470858071e-06
count4-offset0,4,0,7,extra,2,7,-4.242021532263607e-06
count4-offset0,4,0,7,extra,3,0,0.0
count4-offset0,4,0,7,extra,3,1,0.0
count4-offset0,4,0,7,extra,3,2,0.0
count4-offset0,4,0,7,extra,3,3,0.0
count4-offset0,4,0,7,extra,3,4,0.0
count4-offset0,4,0,7,extra,3,5,0.0
count4-offset0,4,0,7,extra,3,6,0.0
count4-offset0,4,0,7,extra,3,7,0.0
count4-offset0,4,0,7,extra,4,0,0.0
count4-offset0,4,0,7,extra,4,1,0.0
count4-offset0,4,0,7,extra,4,2,0.0
count4-offset0,4,0,7,extra,4,3,0.0
count4-offset0,4,0,7,extra,4,4,0.0
count4-offset0,4,0,7,extra,4,5,0.0
count4-offset0,4,0,7,extra,4,6,0.0
count4-offset0,4,0,7,extra,4,7,0.0
count4-offset1,4,1,7,extra,0,0,0.00025574586470611393
count4-offset1,4,1,7,extra,0,1,0.0001807085209293291
count4-offset1,4,1,7,extra,0,2,0.0002796348126139492
count4-offset1,4,1,7,extra,0,3,0.0003112934355158359
count4-offset1,4,1,7,extra,0,4,0.00034670467721298337
count4-offset1,4,1,7,extra,0,5,0.0002547202166169882
count4-offset1,4,1,7,extra,0,6,0.00021310496958903968
count4-offset1,4,1,7,extra,0,7,0.00026136974338442087
count4-offset1,4,1,7,extra,1,0,-5.034647256252356e-05
count4-offset1,4,1,7,extra,1,1,-2.2836753487354144e-05
count4-offset1,4,1,7,extra,1,2,-7.246082532219589e-05
count4-offset1,4,1,7,extra,1,3,-6.299882079474628e-05
count4-offset1,4,1,7,extra,1,4,-6.556754669873044e-05
count4-offset1,4,1,7,extra,1,5,-4.9371599743608385e-05
count4-offset1,4,1,7,extra,1,6,-4.3009506043745205e-05
count4-offset1,4,1,7,extra,1,7,-4.1283437894890085e-05
count4-offset1,4,1,7,extra,2,0,-3.501796527416445e-05
count4-offset1,4,1,7,extra,2,1,-1.5671861547161825e-05
count4-offset1,4,1,7,extra,2,2,-3.471170930424705e-05
count4-offset1,4,1,7,extra,2,3,-3.412670048419386e-05
count4-offset1,4,1,7,extra,2,4,-3.549822577042505e-05
count4-offset1,4,1,7,extra,2,5,-2.6832824005396105e-05
count4-offset1,4,1,7,extra,2,6,-2.409817898296751e-05
count4-offset1,4,1,7,extra,2,7,-2.6862495360546745e-05
count4-offset1,4,1,7,extra,3,0,0.0
count4-offset1,4,1,7,extra,3,1,0.0
count4-offset1,4,1,7,extra,3,2,0.0
count4-offset1,4,1,7,extra,3,3,0.0
count4-offset1,4,1,7,extra,3,4,0.0
count4-offset1,4,1,7,extra,3,5,0.0
count4-offset1,4,1,7,extra,3,6,0.0
count4-offset1,4,1,7,extra,3,7,0.0
count4-offset1,4,1,7,extra,4,0,0.0
count4-offset1,4,1,7,extra,4,1,0.0
count4-offset1,4,1,7,extra,4,2,0.0
count4-offset1,4,1,7,extra,4,3,0.0
count4-offset1,4,1,7,extra,4,4,0.0
count4-offset1,4,1,7,extra,4,5,0.0
count4-offset1,4,1,7,extra,4,6,0.0
count4-offset1,4,1,7,extra,4,7,0.0
count4-offset2,4,2,7,extra,0,0,-0.00014519659453071654
count4-offset2,4,2,7,extra,0,1,-7.990685116965324e-05
count4-offset2,4,2,7,extra,0,2,-0.00016958211199380457
count4-offset2,4,2,7,extra,0,3,-0.00015785000869072974
count4-offset2,4,2,7,extra,0,4,-0.0001775618875399232
count4-offset2,4,2,7,extra,0,5,-0.00012864760356023908
count4-offset2,4,2,7,extra,0,6,-0.00012695472105406225
count4-offset2,4,2,7,extra,0,7,-0.00012147988309152424
count4-offset2,4,2,7,extra,1,0,9.492014214629307e-06
count4-offset2,4,2,7,extra,1,1,6.835043677710928e-06
count4-offset2,4,2,7,extra,1,2,9.033132073454908e-07
count4-offset2,4,2,7,extra,1,3,3.0252051601564744e-06
count4-offset2,4,2,7,extra,1,4,9.679943104856648e-06
count4-offset2,4,2,7,extra,1,5,8.047106348385569e-06
count4-offset2,4,2,7,extra,1,6,6.131695499789203e-06
count4-offset2,4,2,7,extra,1,7,7.2700431701377966e-06
count4-offset2,4,2,7,extra,2,0,-7.34667537471978e-06
count4-offset2,4,2,7,extra,2,1,-2.7092253276350675e-06
count4-offset2,4,2,7,extra,2,2,-4.349245500634424e-06
count4-offset2,4,2,7,extra,2,3,-5.368552137952065e-06
count4-offset2,4,2,7,extra,2,4,-6.0373663473001216e-06
count4-offset2,4,2,7,extra,2,5,-2.9997879664733773e-06
count4-offset2,4,2,7,extra,2,6,-4.79179470858071e-06
count4-offset2,4,2,7,extra,2,7,-4.242021532263607e-06
count4-offset2,4,2,7,extra,3,0,0.0
count4-offset2,4,2,7,extra,3,1,0.0
count4-offset2,4,2,7,extra,3,2,0.0
count4-offset2,4,2,7,extra,3,3,0.0
count4-offset2,4,2,7,extra,3,4,0.0
count4-offset2,4,2,7,extra,3,5,0.0
count4-offset2,4,2,7,extra,3,6,0.0
count4-offset2,4,2,7,extra,3,7,0.0
count4-offset2,4,2,7,extra,4,0,0.0
count4-offset2,4,2,7,extra,4,1,0.0
count4-offset2,4,2,7,extra,4,2,0.0
count4-offset2,4,2,7,extra,4,3,0.0
count4-offset2,4,2,7,extra,4,4,0.0
count4-offset2,4,2,7,extra,4,5,0.0
count4-offset2,4,2,7,extra,4,6,0.0
count4-offset2,4,2,7,extra,4,7,0.0
count4-offset3,4,3,7,extra,0,0,0.00025574586470611393
count4-offset3,4,3,7,extra,0,1,0.0001807085209293291
count4-offset3,4,3,7,extra,0,2,0.0002796348126139492
count4-offset3,4,3,7,extra,0,3,0.0003112934355158359
count4-offset3,4,3,7,extra,0,4,0.00034670467721298337
count4-offset3,4,3,7,extra,0,5,0.0002547202166169882
count4-offset3,4,3,7,extra,0,6,0.00021310496958903968
count4-offset3,4,3,7,extra,0,7,0.00026136974338442087
count4-offset3,4,3,7,extra,1,0,-5.034647256252356e-05
count4-offset3,4,3,7,extra,1,1,-2.2836753487354144e-05
count4-offset3,4,3,7,extra,1,2,-7.246082532219589e-05
count4-offset3,4,3,7,extra,1,3,-6.299882079474628e-05
count4-offset3,4,3,7,extra,1,4,-6.556754669873044e-05
count4-offset3,4,3,7,extra,1,5,-4.9371599743608385e-05
count4-offset3,4,3,7,extra,1,6,-4.3009506043745205e-05
count4-offset3,4,3,7,extra,1,7,-4.1283437894890085e-05
count4-offset3,4,3,7,extra,2,0,-3.501796527416445e-05
count4-offset3,4,3,7,extra,2,1,-1.5671861547161825e-05
count4-offset3,4,3,7,extra,2,2,-3.471170930424705e-05
count4-offset3,4,3,7,extra,2,3,-3.412670048419386e-05
count4-offset3,4,3,7,extra,2,4,-3.549822577042505e-05
count4-offset3,4,3,7,extra,2,5,-2.6832824005396105e-05
count4-offset3,4,3,7,extra,2,6,-2.409817898296751e-05
count4-offset3,4,3,7,extra,2,7,-2.6862495360546745e-05
count4-offset3,4,3,7,extra,3,0,0.0
count4-offset3,4,3,7,extra,3,1,0.0
count4-offset3,4,3,7,extra,3,2,0.0
count4-offset3,4,3,7,extra,3,3,0.0
count4-offset3,4,3,7,extra,3,4,0.0
count4-offset3,4,3,7,extra,3,5,0.0
count4-offset3,4,3,7,extra,3,6,0.0
count4-offset3,4,3,7,extra,3,7,0.0
count4-offset3,4,3,7,extra,4,0,0.0
count4-offset3,4,3,7,extra,4,1,0.0
count4-offset3,4,3,7,extra,4,2,0.0
count4-offset3,4,3,7,extra,4,3,0.0
count4-offset3,4,3,7,extra,4,4,0.0
count4-offset3,4,3,7,extra,4,5,0.0
count4-offset3,4,3,7,extra,4,6,0.0
count4-offset3,4,3,7,extra,4,7,0.0
count8,8,0,7,extra,0,0,-4.065227130922722e-06
count8,8,0,7,extra,0,1,-1.4689078398077982e-08
count8,8,0,7,extra,0,2,-3.4638117085705744e-06
count8,8,0,7,extra,0,3,-2.45675073529128e-06
count8,8,0,7,extra,0,4,-3.2011428174882894e-06
count8,8,0,7,extra,0,5,-1.0509420462767594e-06
count8,8,0,7,extra,0,6,-2.640830189193366e-06
count8,8,0,7,extra,0,7,-1.4133845525066135e-06
count8,8,0,7,extra,1,0,4.590198841469828e-06
count8,8,0,7,extra,1,1,3.873289642797317e-06
count8,8,0,7,extra,1,2,2.2808417270425707e-06
count8,8,0,7,extra,1,3,2.259692791994894e-06
count8,8,0,7,extra,1,4,-1.4967042716307333e-08
count8,8,0,7,extra,1,5,4.699554665421601e-06
count8,8,0,7,extra,1,6,2.594512807263527e-06
count8,8,0,7,extra,1,7,2.307067006768193e-06
count8,8,0,7,extra,2,0,-1.8090554476657417e-06
count8,8,0,7,extra,2,1,-2.0546656287478982e-07
count8,8,0,7,extra,2,2,1.5806625697223353e-07
count8,8,0,7,extra,2,3,-9.88026158665889e-07
count8,8,0,7,extra,2,4,1.4427129144678474e-06
count8,8,0,7,extra,2,5,1.2165115776952007e-06
count8,8,0,7,extra,2,6,-2.8708393529086607e-07
count8,8,0,7,extra,2,7,-1.4716329133079853e-07
count8,8,0,7,extra,3,0,0.0
count8,8,0,7,extra,3,1,0.0
count8,8,0,7,extra,3,2,0.0
count8,8,0,7,extra,3,3,0.0
count8,8,0,7,extra,3,4,0.0
count8,8,0,7,extra,3,5,0.0
count8,8,0,7,extra,3,6,0.0
count8,8,0,7,extra,3,7,0.0
count8,8,0,7,extra,4,0,0.0
count8,8,0,7,extra,4,1,0.0
count8,8,0,7,extra,4,2,0.0
count8,8,0,7,extra,4,3,0.0
count8,8,0,7,extra,4,4,0.0
count8,8,0,7,extra,4,5,0.0
count8,8,0,7,extra,4,6,0.0
count8,8,0,7,extra,4,7,0.0
