case,count,offset,protocol_depth,mode,location,tree_nodes,target_logit,target_probability,target_rank,target_margin,vocab_entropy,base_route_entropy,base_local_norm,base_route_max,extra_route_entropy,extra_local_norm,extra_route_max
count0,0,0,5,native,cutoff-0,1,4.402843952178955,1.1823434533653199e-06,8284,-13.64801025390625,5.406948089599609,-0.0,28.156593322753906,1.0,-0.0,0.9807324409484863,1.0
count1-offset0,1,0,5,native,cutoff-0,1,4.0576372146606445,1.1162546798004769e-06,7982,-13.705531120300293,5.153966903686523,-0.0,28.038787841796875,1.0,-0.0,1.0708436965942383,1.0
count1-offset1,1,1,5,native,cutoff-0,1,4.0961127281188965,1.1333255542922416e-06,7928,-13.690353393554688,5.2379302978515625,-0.0,28.0717716217041,1.0,-0.0,0.9817477464675903,1.0
count1-offset2,1,2,5,native,cutoff-0,1,4.146928787231445,1.123515630752081e-06,8006,-13.699047088623047,5.226795196533203,-0.0,28.083938598632812,1.0,-0.0,0.9776040315628052,1.0
count1-offset3,1,3,5,native,cutoff-0,1,3.805497169494629,1.5711607375124004e-06,7013,-13.363694190979004,5.388111114501953,-0.0,27.912675857543945,1.0,-0.0,0.9898549318313599,1.0
count2-offset0,2,0,5,native,cutoff-0,1,3.408998489379883,1.4667633649878553e-06,7656,-13.432451248168945,5.5521650314331055,-0.0,27.697797775268555,1.0,-0.0,1.069097638130188,1.0
count2-offset1,2,1,5,native,cutoff-0,1,3.4913907051086426,1.5747937140986323e-06,7295,-13.361385345458984,5.517465114593506,-0.0,27.702686309814453,1.0,-0.0,0.9794945120811462,1.0
count2-offset2,2,2,5,native,cutoff-0,1,3.498408794403076,1.5466961258425727e-06,7404,-13.379386901855469,5.540001392364502,-0.0,27.712087631225586,1.0,-0.0,0.977683424949646,1.0
count2-offset3,2,3,5,native,cutoff-0,1,3.86928129196167,3.397098225832451e-06,6349,-12.592586517333984,5.869777679443359,-0.0,26.353824615478516,1.0,-0.0,1.0249313116073608,1.0
count4-offset0,4,0,5,native,cutoff-0,1,3.2060179710388184,2.0074385247426108e-06,7578,-13.118648529052734,5.588466167449951,-0.0,26.587772369384766,1.0,-0.0,1.069832682609558,1.0
count4-offset1,4,1,5,native,cutoff-0,1,3.327869415283203,2.7101650630356744e-06,6826,-12.818498611450195,5.203388214111328,-0.0,25.755220413208008,1.0,-0.0,1.0264705419540405,1.0
count4-offset2,4,2,5,native,cutoff-0,1,3.2060179710388184,2.0074382973689353e-06,7578,-13.118648529052734,5.588465690612793,-0.0,26.587772369384766,1.0,-0.0,1.069832682609558,1.0
count4-offset3,4,3,5,native,cutoff-0,1,3.327869415283203,2.7101650630356744e-06,6826,-12.818498611450195,5.203388214111328,-0.0,25.755220413208008,1.0,-0.0,1.0264705419540405,1.0
count8,8,0,5,native,cutoff-0,1,4.549153804779053,7.310747150768293e-06,4154,-11.82615852355957,5.239909648895264,-0.0,25.757646560668945,1.0,-0.0,1.1151537895202637,1.0
count0,0,0,5,native,cutoff-1,2,3.541377067565918,1.7936067706614267e-06,6999,-13.231280326843262,5.547011375427246,2.7631020735330303e-11,28.00858497619629,1.0,2.7631020735330303e-11,0.9738442301750183,1.0
count1-offset0,1,0,5,native,cutoff-1,2,3.5020697116851807,1.4844681572867557e-06,6899,-13.420452117919922,4.937919616699219,2.7631020735330303e-11,27.95859146118164,1.0,2.7631020735330303e-11,1.0650017261505127,1.0
count1-offset1,1,1,5,native,cutoff-1,2,3.579522132873535,1.56661155870097e-06,6812,-13.366593360900879,5.058495044708252,2.7631020735330303e-11,27.991674423217773,1.0,2.7631020735330303e-11,0.9748581647872925,1.0
count1-offset2,1,2,5,native,cutoff-1,2,3.621049165725708,1.6095312957986607e-06,6758,-13.339566230773926,5.066687107086182,2.7631020735330303e-11,27.98912239074707,1.0,2.7631020735330303e-11,0.9707106947898865,1.0
count1-offset3,1,3,5,native,cutoff-1,2,2.901120185852051,1.3792144955004915e-06,7051,-13.49399471282959,5.180662155151367,2.7631020735330303e-11,27.797021865844727,1.0,2.7631020735330303e-11,0.9829601049423218,1.0
count2-offset0,2,0,5,native,cutoff-1,2,2.53367018699646,1.3985692248752457e-06,7204,-13.480058670043945,5.264255523681641,2.7631020735330303e-11,27.608713150024414,1.0,2.7631020735330303e-11,1.0632283687591553,1.0
count2-offset1,2,1,5,native,cutoff-1,2,2.5669877529144287,1.477099203839316e-06,6940,-13.42542839050293,5.286337852478027,2.7631020735330303e-11,27.640031814575195,1.0,2.7631020735330303e-11,0.9726085662841797,1.0
count2-offset2,2,2,5,native,cutoff-1,2,2.5915563106536865,1.445029852220614e-06,7091,-13.447380065917969,5.302839279174805,2.7631020735330303e-11,27.62263298034668,1.0,2.7631020735330303e-11,0.9707902669906616,1.0
count2-offset3,2,3,5,native,cutoff-1,2,3.1961045265197754,3.547298547346145e-06,5510,-12.549320220947266,5.368312835693359,2.7631020735330303e-11,26.232614517211914,1.0,2.7631020735330303e-11,1.0181900262832642,1.0
count4-offset0,4,0,5,native,cutoff-1,2,2.219571590423584,2.218169811385451e-06,6688,-13.01882553100586,5.2039690017700195,2.7631020735330303e-11,26.41580581665039,1.0,2.7631020735330303e-11,1.063979148864746,1.0
count4-offset1,4,1,5,native,cutoff-1,2,2.3214762210845947,3.0191970381565625e-06,5944,-12.710516929626465,4.845428943634033,2.7631020735330303e-11,25.543554306030273,1.0,2.7631020735330303e-11,1.0197397470474243,1.0
count4-offset2,4,2,5,native,cutoff-1,2,2.219571590423584,2.218169811385451e-06,6688,-13.01882553100586,5.2039690017700195,2.7631020735330303e-11,26.41580581665039,1.0,2.7631020735330303e-11,1.063979148864746,1.0
count4-offset3,4,3,5,native,cutoff-1,2,2.3214762210845947,3.019197265530238e-06,5944,-12.710516929626465,4.845429420471191,2.7631020735330303e-11,25.543554306030273,1.0,2.7631020735330303e-11,1.0197397470474243,1.0
count8,8,0,5,native,cutoff-1,2,3.6077163219451904,1.170932864624774e-05,3115,-11.35511302947998,5.188959121704102,2.7631020735330303e-11,25.427570343017578,1.0,2.7631020735330303e-11,1.1101932525634766,1.0
count0,0,0,5,native,cutoff-2,4,3.063096046447754,1.8519740478950553e-06,5793,-13.19925594329834,5.195315361022949,8.289306047126743e-11,27.08538246154785,1.0,8.289306047126743e-11,0.9491568207740784,1.0
count1-offset0,1,0,5,native,cutoff-2,4,2.973078489303589,2.0929144284309587e-06,5202,-13.076951026916504,4.697411060333252,8.289306047126743e-11,27.07105827331543,1.0,8.289306047126743e-11,1.0429344177246094,1.0
count1-offset1,1,1,5,native,cutoff-2,4,3.0847060680389404,2.091783926516655e-06,5180,-13.07749080657959,4.734155654907227,8.289306047126743e-11,27.120168685913086,1.0,8.289306047126743e-11,0.9501643776893616,1.0
count1-offset2,1,2,5,native,cutoff-2,4,3.1084954738616943,2.086394033540273e-06,5224,-13.080070495605469,4.765804767608643,8.289306047126743e-11,27.114965438842773,1.0,8.289306047126743e-11,0.9460050463676453,1.0
count1-offset3,1,3,5,native,cutoff-2,4,2.5710153579711914,2.2699714463669807e-06,5018,-12.99574089050293,4.552734375,8.289306047126743e-11,26.890094757080078,1.0,8.289306047126743e-11,0.9582257866859436,1.0
count2-offset0,2,0,5,native,cutoff-2,4,2.1137032508850098,2.0748366296174936e-06,5413,-13.085626602172852,4.571023941040039,8.289306047126743e-11,26.626052856445312,1.0,8.289306047126743e-11,1.0411022901535034,1.0
count2-offset1,2,1,5,native,cutoff-2,4,2.139496326446533,2.0907325506414054e-06,5403,-13.077995300292969,4.603457450866699,8.289306047126743e-11,26.624492645263672,1.0,8.289306047126743e-11,0.9479307532310486,1.0
count2-offset2,2,2,5,native,cutoff-2,4,2.1807217597961426,2.133657289959956e-06,5397,-13.057670593261719,4.633032321929932,8.289306047126743e-11,26.629426956176758,1.0,8.289306047126743e-11,0.9460856318473816,1.0
count2-offset3,2,3,5,native,cutoff-2,4,2.7448956966400146,5.947440513409674e-06,3788,-12.032544136047363,4.896603584289551,8.289306047126743e-11,25.203996658325195,1.0,8.289306047126743e-11,0.993701696395874,1.0
count4-offset0,4,0,5,native,cutoff-2,4,1.746394157409668,2.361027327424381e-06,5426,-12.956411361694336,4.177453517913818,8.289306047126743e-11,25.50967788696289,1.0,8.289306047126743e-11,1.0418936014175415,1.0
count4-offset1,4,1,5,native,cutoff-2,4,2.1743130683898926,4.383870418678271e-06,4324,-12.337574005126953,4.371335983276367,8.289306047126743e-11,24.719303131103516,1.0,8.289306047126743e-11,0.9952675104141235,1.0
count4-offset2,4,2,5,native,cutoff-2,4,1.746394157409668,2.3610271000507055e-06,5426,-12.956411361694336,4.17745304107666,8.289306047126743e-11,25.50967788696289,1.0,8.289306047126743e-11,1.0418936014175415,1.0
count4-offset3,4,3,5,native,cutoff-2,4,2.1743130683898926,4.3838708734256215e-06,4324,-12.337574005126953,4.371335983276367,8.289306047126743e-11,24.719303131103516,1.0,8.289306047126743e-11,0.9952675104141235,1.0
count8,8,0,5,native,cutoff-2,4,3.516530990600586,1.2579844224092085e-05,2393,-11.283402442932129,4.544418811798096,8.289306047126743e-11,24.95986557006836,1.0,8.289306047126743e-11,1.0901557207107544,1.0
count0,0,0,5,native,cutoff-3,8,3.0725584030151367,9.029816965266946e-07,4668,-13.917563438415527,3.5711042881011963,1.9341714341258864e-10,25.620864868164062,1.0,1.9341714341258864e-10,0.8528645038604736,1.0
count1-offset0,1,0,5,native,cutoff-3,8,2.9097328186035156,1.1051097317249514e-06,4382,-13.715564727783203,3.6382319927215576,1.9341714341258864e-10,25.615806579589844,1.0,1.9341714341258864e-10,0.953639566898346,1.0
count1-offset1,1,1,5,native,cutoff-3,8,3.073862075805664,1.1288287851130008e-06,4292,-13.694328308105469,3.618800163269043,1.9341714341258864e-10,25.660127639770508,1.0,1.9341714341258864e-10,0.8538298606872559,1.0
count1-offset2,1,2,5,native,cutoff-3,8,3.1043624877929688,1.1257249070695252e-06,4316,-13.69708251953125,3.615891933441162,1.9341714341258864e-10,25.647470474243164,1.0,1.9341714341258864e-10,0.8496851325035095,1.0
count1-offset3,1,3,5,native,cutoff-3,8,2.890754222869873,2.1485764136741636e-06,3687,-13.050703048706055,4.18934965133667,1.9341714341258864e-10,25.579843521118164,1.0,1.9341714341258864e-10,0.8615708947181702,1.0
count2-offset0,2,0,5,native,cutoff-3,8,2.5967319011688232,2.433783265587408e-06,3717,-12.926060676574707,4.3359904289245605,1.9341714341258864e-10,25.389968872070312,1.0,1.9341714341258864e-10,0.9516885280609131,1.0
count2-offset1,2,1,5,native,cutoff-3,8,2.7204322814941406,2.6452373731444823e-06,3548,-12.84274673461914,4.346027851104736,1.9341714341258864e-10,25.4234619140625,1.0,1.9341714341258864e-10,0.8516973853111267,1.0
count2-offset2,2,2,5,native,cutoff-3,8,2.711909770965576,2.5903116238623625e-06,3627,-12.863729476928711,4.38743782043457,1.9341714341258864e-10,25.38935089111328,1.0,1.9341714341258864e-10,0.8497686386108398,1.0
count2-offset3,2,3,5,native,cutoff-3,8,3.1327176094055176,7.049743544484954e-06,2748,-11.862512588500977,4.829526424407959,1.9341714341258864e-10,23.763147354125977,1.0,1.9341714341258864e-10,0.8968963027000427,1.0
count4-offset0,4,0,5,native,cutoff-3,8,2.964268207550049,7.131329311960144e-06,2651,-11.851005554199219,4.615612030029297,1.9341714341258864e-10,24.302522659301758,1.0,1.9341714341258864e-10,0.9525994062423706,1.0
count4-offset1,4,1,5,native,cutoff-3,8,3.3999483585357666,1.3054320334049407e-05,1794,-11.246377944946289,4.046148300170898,1.9341714341258864e-10,23.58672523498535,1.0,1.9341714341258864e-10,0.89845871925354,1.0
count4-offset2,4,2,5,native,cutoff-3,8,2.964268207550049,7.131329311960144e-06,2651,-11.851005554199219,4.615612030029297,1.9341714341258864e-10,24.302522659301758,1.0,1.9341714341258864e-10,0.9525994062423706,1.0
count4-offset3,4,3,5,native,cutoff-3,8,3.3999483585357666,1.305432124354411e-05,1794,-11.246377944946289,4.046148300170898,1.9341714341258864e-10,23.58672523498535,1.0,1.9341714341258864e-10,0.89845871925354,1.0
count8,8,0,5,native,cutoff-3,8,5.0202555656433105,6.25763859716244e-05,716,-9.679059982299805,4.361021041870117,1.9341714341258864e-10,23.866228103637695,1.0,1.9341714341258864e-10,1.0049768686294556,1.0
count0,0,0,5,native,cutoff-4,16,0.9927904605865479,7.757381581541267e-07,7362,-14.069450378417969,5.352729797363281,4.1446529541744326e-10,23.43039894104004,1.0,4.1446529541744326e-10,0.4843861758708954,1.0
count1-offset0,1,0,5,native,cutoff-4,16,1.157001256942749,1.0769447271741228e-06,6400,-13.74138069152832,5.134234428405762,4.1446529541744326e-10,23.573322296142578,1.0,4.1446529541744326e-10,0.5614400506019592,1.0
count1-offset1,1,1,5,native,cutoff-4,16,1.2752619981765747,1.1143105211885995e-06,6358,-13.707273483276367,5.181093692779541,4.1446529541744326e-10,23.58368492126465,1.0,4.1446529541744326e-10,0.4847528338432312,1.0
count1-offset2,1,2,5,native,cutoff-4,16,1.257737159729004,1.1004942734871292e-06,6438,-13.71975040435791,5.221927642822266,4.1446529541744326e-10,23.57101058959961,1.0,4.1446529541744326e-10,0.48279616236686707,1.0
count1-offset3,1,3,5,native,cutoff-4,16,1.6038146018981934,1.848487841016322e-06,5071,-13.201139450073242,4.7805962562561035,4.1446529541744326e-10,23.33507537841797,1.0,4.1446529541744326e-10,0.4876977205276489,1.0
count2-offset0,2,0,5,native,cutoff-4,16,1.6321344375610352,2.094769115501549e-06,4651,-13.076065063476562,4.549999237060547,4.1446529541744326e-10,23.110685348510742,1.0,4.1446529541744326e-10,0.5598554611206055,1.0
count2-offset1,2,1,5,native,cutoff-4,16,1.7433958053588867,2.236213731521275e-06,4548,-13.010724067687988,4.588918685913086,4.1446529541744326e-10,23.058895111083984,1.0,4.1446529541744326e-10,0.4839690327644348,1.0
count2-offset2,2,2,5,native,cutoff-4,16,1.7164829969406128,2.23437473323429e-06,4622,-13.011547088623047,4.630311489105225,4.1446529541744326e-10,23.04235076904297,1.0,4.1446529541744326e-10,0.48284322023391724,1.0
count2-offset3,2,3,5,native,cutoff-4,16,2.0898361206054688,5.859830253029941e-06,3284,-12.047384262084961,4.6483330726623535,4.1446529541744326e-10,21.50425148010254,1.0,4.1446529541744326e-10,0.5051618814468384,1.0
count4-offset0,4,0,5,native,cutoff-4,16,2.5327365398406982,8.549807716917712e-06,2754,-11.66959285736084,4.973216533660889,4.1446529541744326e-10,22.00705337524414,1.0,4.1446529541744326e-10,0.5608200430870056,1.0
count4-offset1,4,1,5,native,cutoff-4,16,2.914307117462158,2.1137273506610654e-05,1712,-10.76445198059082,4.980940341949463,4.1446529541744326e-10,21.41143035888672,1.0,4.1446529541744326e-10,0.5059704780578613,1.0
count4-offset2,4,2,5,native,cutoff-4,16,2.5327365398406982,8.549807716917712e-06,2754,-11.66959285736084,4.9732160568237305,4.1446529541744326e-10,22.00705337524414,1.0,4.1446529541744326e-10,0.5608200430870056,1.0
count4-offset3,4,3,5,native,cutoff-4,16,2.914307117462158,2.113727168762125e-05,1712,-10.76445198059082,4.980939865112305,4.1446529541744326e-10,21.41143035888672,1.0,4.1446529541744326e-10,0.5059704780578613,1.0
count8,8,0,5,native,cutoff-4,16,3.6378469467163086,6.159294571261853e-05,1003,-9.694901466369629,5.9058427810668945,4.1446529541744326e-10,21.81671142578125,1.0,4.1446529541744326e-10,0.6050353050231934,1.0
count0,0,0,5,native,cutoff-5,32,0.08784294128417969,1.3961933973405394e-06,6280,-13.481760025024414,5.793028831481934,0.6453564167022705,17.030704498291016,0.6533370018005371,0.6931471824645996,0.5302810072898865,0.5000000596046448
count1-offset0,1,0,5,native,cutoff-5,32,0.5337538719177246,1.611702145964955e-06,5604,-13.338218688964844,5.256252288818359,0.6405019760131836,17.375152587890625,0.6608022451400757,0.6931471824645996,0.5279452800750732,0.5000031590461731
count1-offset1,1,1,5,native,cutoff-5,32,0.528895378112793,1.6235343309745076e-06,5585,-13.330903053283691,5.294908046722412,0.6415766477584839,17.386497497558594,0.6591818332672119,0.6931471824645996,0.5302874445915222,0.5000000596046448
count1-offset2,1,2,5,native,cutoff-5,32,0.5116665959358215,1.662194449636445e-06,5609,-13.30737018585205,5.3850016593933105,0.6430031061172485,17.328628540039062,0.6570035219192505,0.6931471824645996,0.5303150415420532,0.5000001192092896
count1-offset3,1,3,5,native,cutoff-5,32,0.9781531095504761,1.9241440440964652e-06,4719,-13.161027908325195,4.395707607269287,0.6408475041389465,17.617048263549805,0.6602831482887268,0.6931471824645996,0.530316174030304,0.5000002980232239
count2-offset0,2,0,5,native,cutoff-5,32,1.054948329925537,1.8950247522298014e-06,4630,-13.176277160644531,4.067038059234619,0.6391828060150146,17.635404586791992,0.6627674698829651,0.6931471824645996,0.5279537439346313,0.5000031590461731
count2-offset1,2,1,5,native,cutoff-5,32,1.1165013313293457,1.910631681312225e-06,4492,-13.168075561523438,3.954238176345825,0.6367264986038208,17.69870376586914,0.6663601398468018,0.6931471824645996,0.5302731990814209,0.5
count2-offset2,2,2,5,native,cutoff-5,32,1.0865424871444702,1.9882900232914835e-06,4549,-13.128232955932617,4.097572326660156,0.6404842734336853,17.607154846191406,0.660828709602356,0.6931471824645996,0.5303135514259338,0.5000001192092896
count2-offset3,2,3,5,native,cutoff-5,32,1.3559174537658691,3.7555118979071267e-06,3913,-12.49228286743164,4.4395222663879395,0.646214485168457,16.61688995361328,0.651976466178894,0.6931471824645996,0.5302392840385437,0.5000009536743164
count4-offset0,4,0,5,native,cutoff-5,32,1.7452722787857056,5.396083906816784e-06,3174,-12.12983226776123,4.257585525512695,0.6357016563415527,17.081514358520508,0.6678345203399658,0.6931471824645996,0.527897298336029,0.5000032186508179
count4-offset1,4,1,5,native,cutoff-5,32,2.056337594985962,8.763789082877338e-06,2583,-11.64487361907959,4.297576904296875,0.6423578262329102,16.681320190429688,0.6579928994178772,0.6931471824645996,0.5302324891090393,0.5000009536743164
count4-offset2,4,2,5,native,cutoff-5,32,1.7452722787857056,5.396084816311486e-06,3174,-12.12983226776123,4.257586479187012,0.6357016563415527,17.081514358520508,0.6678345203399658,0.6931471824645996,0.527897298336029,0.5000032186508179
count4-offset3,4,3,5,native,cutoff-5,32,2.056337594985962,8.763788173382636e-06,2583,-11.64487361907959,4.297575950622559,0.6423578262329102,16.681320190429688,0.6579928994178772,0.6931471824645996,0.5302324891090393,0.5000009536743164
count8,8,0,5,native,cutoff-5,32,3.2283849716186523,6.150345870992169e-05,1050,-9.696355819702148,5.729317665100098,0.6130828857421875,16.9133243560791,0.6973620653152466,0.6931471824645996,0.5288111567497253,0.5000023245811462
count0,0,0,5,native,full,-1,0.08784294128417969,1.3961933973405394e-06,6280,-13.481760025024414,5.793028831481934,,,,,,
count1-offset0,1,0,5,native,full,-1,0.5337538719177246,1.611702145964955e-06,5604,-13.338218688964844,5.256252288818359,,,,,,
count1-offset1,1,1,5,native,full,-1,0.528895378112793,1.6235343309745076e-06,5585,-13.330903053283691,5.294908046722412,,,,,,
count1-offset2,1,2,5,native,full,-1,0.5116665959358215,1.662194449636445e-06,5609,-13.30737018585205,5.3850016593933105,,,,,,
count1-offset3,1,3,5,native,full,-1,0.9781531095504761,1.9241440440964652e-06,4719,-13.161027908325195,4.395707607269287,,,,,,
count2-offset0,2,0,5,native,full,-1,1.054948329925537,1.8950247522298014e-06,4630,-13.176277160644531,4.067038059234619,,,,,,
count2-offset1,2,1,5,native,full,-1,1.1165013313293457,1.910631681312225e-06,4492,-13.168075561523438,3.954238176345825,,,,,,
count2-offset2,2,2,5,native,full,-1,1.0865424871444702,1.9882900232914835e-06,4549,-13.128232955932617,4.097572326660156,,,,,,
count2-offset3,2,3,5,native,full,-1,1.3559174537658691,3.7555118979071267e-06,3913,-12.49228286743164,4.4395222663879395,,,,,,
count4-offset0,4,0,5,native,full,-1,1.7452722787857056,5.396083906816784e-06,3174,-12.12983226776123,4.257585525512695,,,,,,
count4-offset1,4,1,5,native,full,-1,2.056337594985962,8.763789082877338e-06,2583,-11.64487361907959,4.297576904296875,,,,,,
count4-offset2,4,2,5,native,full,-1,1.7452722787857056,5.396084816311486e-06,3174,-12.12983226776123,4.257586479187012,,,,,,
count4-offset3,4,3,5,native,full,-1,2.056337594985962,8.763788173382636e-06,2583,-11.64487361907959,4.297575950622559,,,,,,
count8,8,0,5,native,full,-1,3.2283849716186523,6.150345870992169e-05,1050,-9.696355819702148,5.729317665100098,,,,,,
count0,0,0,5,mean,cutoff-0,1,1.7059822082519531,1.8006375057666446e-06,11618,-13.227367401123047,6.873927116394043,-0.0,22.59036636352539,1.0,-0.0,0.753997266292572,1.0
count1-offset0,1,0,5,mean,cutoff-0,1,1.775357961654663,2.339572120035882e-06,10364,-12.965539932250977,6.66145133972168,-0.0,22.465152740478516,1.0,-0.0,0.8336045742034912,1.0
count1-offset1,1,1,5,mean,cutoff-0,1,1.75431227684021,2.1908256258029724e-06,10599,-13.031229972839355,6.680251121520996,-0.0,22.489051818847656,1.0,-0.0,0.7548896670341492,1.0
count1-offset2,1,2,5,mean,cutoff-0,1,1.698270559310913,2.0216814391460503e-06,10970,-13.111578941345215,6.722953796386719,-0.0,22.503625869750977,1.0,-0.0,0.7512376308441162,1.0
count1-offset3,1,3,5,mean,cutoff-0,1,2.019477128982544,3.505615040921839e-06,8669,-12.561141014099121,6.544424533843994,-0.0,22.372135162353516,1.0,-0.0,0.7620213031768799,1.0
count2-offset0,2,0,5,mean,cutoff-0,1,1.762161135673523,3.1679903713666135e-06,9371,-12.662409782409668,6.617905139923096,-0.0,22.23462677001953,1.0,-0.0,0.832080602645874,1.0
count2-offset1,2,1,5,mean,cutoff-0,1,1.8333234786987305,3.3037956654879963e-06,9013,-12.620434761047363,6.540425777435303,-0.0,22.219261169433594,1.0,-0.0,0.7529070973396301,1.0
count2-offset2,2,2,5,mean,cutoff-0,1,1.8434100151062012,3.2729644772189204e-06,9086,-12.629812240600586,6.567392349243164,-0.0,22.23294448852539,1.0,-0.0,0.7513076066970825,1.0
count2-offset3,2,3,5,mean,cutoff-0,1,2.157378673553467,5.297518782754196e-06,8045,-12.148265838623047,6.827533721923828,-0.0,21.42955780029297,1.0,-0.0,0.7928903698921204,1.0
count4-offset0,4,0,5,mean,cutoff-0,1,1.6302162408828735,3.597433078539325e-06,9464,-12.535285949707031,6.641839504241943,-0.0,21.56642723083496,1.0,-0.0,0.8327329754829407,1.0
count4-offset1,4,1,5,mean,cutoff-0,1,1.8385452032089233,4.295515736885136e-06,8778,-12.357934951782227,6.429644584655762,-0.0,21.16596794128418,1.0,-0.0,0.7942435145378113,1.0
count4-offset2,4,2,5,mean,cutoff-0,1,1.6302162408828735,3.597433078539325e-06,9464,-12.535285949707031,6.641839504241943,-0.0,21.56642723083496,1.0,-0.0,0.8327329754829407,1.0
count4-offset3,4,3,5,mean,cutoff-0,1,1.8385452032089233,4.295515282137785e-06,8778,-12.357934951782227,6.429643630981445,-0.0,21.16596794128418,1.0,-0.0,0.7942435145378113,1.0
count8,8,0,5,mean,cutoff-0,1,2.6958014965057373,9.316184332419652e-06,5462,-11.583747863769531,5.973576068878174,-0.0,21.21568489074707,1.0,-0.0,0.872904896736145,1.0
count0,0,0,5,mean,cutoff-1,2,1.926668405532837,3.817865490418626e-06,8245,-12.475814819335938,6.752083778381348,2.7631020735330303e-11,22.703920364379883,1.0,2.7631020735330303e-11,0.743726909160614,1.0
count1-offset0,1,0,5,mean,cutoff-1,2,2.2406299114227295,5.468059953273041e-06,6709,-12.116580963134766,6.579886436462402,2.7631020735330303e-11,22.51133918762207,1.0,2.7631020735330303e-11,0.824541449546814,1.0
count1-offset1,1,1,5,mean,cutoff-1,2,2.238396167755127,5.295049959386233e-06,6867,-12.148733139038086,6.628913879394531,2.7631020735330303e-11,22.553512573242188,1.0,2.7631020735330303e-11,0.744616687297821,1.0
count1-offset2,1,2,5,mean,cutoff-1,2,2.208158254623413,5.052742835687241e-06,7078,-12.195573806762695,6.643494606018066,2.7631020735330303e-11,22.574277877807617,1.0,2.7631020735330303e-11,0.7409597635269165,1.0
count1-offset3,1,3,5,mean,cutoff-1,2,2.071392297744751,6.2845911088516004e-06,6199,-11.97740364074707,6.517874717712402,2.7631020735330303e-11,22.353010177612305,1.0,2.7631020735330303e-11,0.7517329454421997,1.0
count2-offset0,2,0,5,mean,cutoff-1,2,1.7467180490493774,6.070929885026999e-06,6496,-12.011992454528809,6.514946937561035,2.7631020735330303e-11,22.234716415405273,1.0,2.7631020735330303e-11,0.8229897022247314,1.0
count2-offset1,2,1,5,mean,cutoff-1,2,1.8100805282592773,6.435587692976696e-06,6220,-11.95366096496582,6.4688825607299805,2.7631020735330303e-11,22.24908447265625,1.0,2.7631020735330303e-11,0.7426406741142273,1.0
count2-offset2,2,2,5,mean,cutoff-1,2,1.8271582126617432,6.2728631746722385e-06,6317,-11.979270935058594,6.49208927154541,2.7631020735330303e-11,22.24718475341797,1.0,2.7631020735330303e-11,0.7410300970077515,1.0
count2-offset3,2,3,5,mean,cutoff-1,2,2.2101848125457764,9.598872566130012e-06,5437,-11.553854942321777,6.640992164611816,2.7631020735330303e-11,21.40483283996582,1.0,2.7631020735330303e-11,0.7827295064926147,1.0
count4-offset0,4,0,5,mean,cutoff-1,2,1.3587613105773926,6.511794708785601e-06,6840,-11.941888809204102,6.542137145996094,2.7631020735330303e-11,21.47141456604004,1.0,2.7631020735330303e-11,0.8236607313156128,1.0
count4-offset1,4,1,5,mean,cutoff-1,2,1.4496804475784302,6.966894943616353e-06,6655,-11.874334335327148,6.346041202545166,2.7631020735330303e-11,21.0022029876709,1.0,2.7631020735330303e-11,0.7840911149978638,1.0
count4-offset2,4,2,5,mean,cutoff-1,2,1.3587613105773926,6.511795163532952e-06,6840,-11.941888809204102,6.542137622833252,2.7631020735330303e-11,21.47141456604004,1.0,2.7631020735330303e-11,0.8236607313156128,1.0
count4-offset3,4,3,5,mean,cutoff-1,2,1.4496804475784302,6.966894943616353e-06,6655,-11.874334335327148,6.346041202545166,2.7631020735330303e-11,21.0022029876709,1.0,2.7631020735330303e-11,0.7840911149978638,1.0
count8,8,0,5,mean,cutoff-1,2,2.2585833072662354,1.4858477697998751e-05,4245,-11.116925239562988,6.3281965255737305,2.7631020735330303e-11,21.07862663269043,1.0,2.7631020735330303e-11,0.8647439479827881,1.0
count0,0,0,5,mean,cutoff-2,4,1.7975733280181885,4.7619328142900486e-06,6175,-12.254852294921875,6.293548107147217,8.289306047126743e-11,21.889999389648438,1.0,8.289306047126743e-11,0.7112841606140137,1.0
count1-offset0,1,0,5,mean,cutoff-2,4,1.6473125219345093,5.4096813073556405e-06,5920,-12.127315521240234,6.233367919921875,8.289306047126743e-11,21.676372528076172,1.0,8.289306047126743e-11,0.7952477335929871,1.0
count1-offset1,1,1,5,mean,cutoff-2,4,1.7012245655059814,5.22663094670861e-06,6015,-12.161738395690918,6.227520942687988,8.289306047126743e-11,21.730382919311523,1.0,8.289306047126743e-11,0.7121666669845581,1.0
count1-offset2,1,2,5,mean,cutoff-2,4,1.7300958633422852,5.169211362954229e-06,6035,-12.172785758972168,6.240161418914795,8.289306047126743e-11,21.747238159179688,1.0,8.289306047126743e-11,0.7084845304489136,1.0
count1-offset3,1,3,5,mean,cutoff-2,4,1.1174821853637695,5.432052148535149e-06,6278,-12.123188018798828,6.248203277587891,8.289306047126743e-11,21.395051956176758,1.0,8.289306047126743e-11,0.7192314863204956,1.0
count2-offset0,2,0,5,mean,cutoff-2,4,0.628422737121582,4.354596512712305e-06,7190,-12.344274520874023,6.2782793045043945,8.289306047126743e-11,21.168991088867188,1.0,8.289306047126743e-11,0.7936376929283142,1.0
count2-offset1,2,1,5,mean,cutoff-2,4,0.6608160138130188,4.4433941184252035e-06,7168,-12.324087142944336,6.294869422912598,8.289306047126743e-11,21.19455337524414,1.0,8.289306047126743e-11,0.7102093696594238,1.0
count2-offset2,2,2,5,mean,cutoff-2,4,0.6872860193252563,4.516614808380837e-06,7098,-12.307743072509766,6.3091230392456055,8.289306047126743e-11,21.184480667114258,1.0,8.289306047126743e-11,0.7085564732551575,1.0
count2-offset3,2,3,5,mean,cutoff-2,4,1.2432299852371216,9.119847163674422e-06,5129,-11.605048179626465,6.513638496398926,8.289306047126743e-11,20.324758529663086,1.0,8.289306047126743e-11,0.750462532043457,1.0
count4-offset0,4,0,5,mean,cutoff-2,4,0.44769519567489624,4.937408903060714e-06,7496,-12.21866512298584,6.261117935180664,8.289306047126743e-11,20.54568862915039,1.0,8.289306047126743e-11,0.7943564057350159,1.0
count4-offset1,4,1,5,mean,cutoff-2,4,0.7598294615745544,7.129421192075824e-06,6412,-11.851273536682129,6.332128047943115,8.289306047126743e-11,20.1511287689209,1.0,8.289306047126743e-11,0.751836895942688,1.0
count4-offset2,4,2,5,mean,cutoff-2,4,0.44769519567489624,4.937407993566012e-06,7496,-12.21866512298584,6.261116981506348,8.289306047126743e-11,20.54568862915039,1.0,8.289306047126743e-11,0.7943564057350159,1.0
count4-offset3,4,3,5,mean,cutoff-2,4,0.7598294615745544,7.129421646823175e-06,6412,-11.851273536682129,6.332128047943115,8.289306047126743e-11,20.1511287689209,1.0,8.289306047126743e-11,0.751836895942688,1.0
count8,8,0,5,mean,cutoff-2,4,1.8251323699951172,1.5857178368605673e-05,4028,-11.051872253417969,6.560328483581543,8.289306047126743e-11,20.231611251831055,1.0,8.289306047126743e-11,0.8373456597328186,1.0
count0,0,0,5,mean,cutoff-3,8,2.3256430625915527,3.3535793590999674e-06,4256,-12.605480194091797,5.019828796386719,1.9341714341258864e-10,20.153759002685547,1.0,1.9341714341258864e-10,0.6035885214805603,1.0
count1-offset0,1,0,5,mean,cutoff-3,8,2.0080511569976807,4.077447101735743e-06,4187,-12.410035133361816,5.221169471740723,1.9341714341258864e-10,19.92399024963379,1.0,1.9341714341258864e-10,0.6942422389984131,1.0
count1-offset1,1,1,5,mean,cutoff-3,8,2.160966396331787,4.261585672793444e-06,4103,-12.365865707397461,5.237942695617676,1.9341714341258864e-10,19.944904327392578,1.0,1.9341714341258864e-10,0.6044144630432129,1.0
count1-offset2,1,2,5,mean,cutoff-3,8,2.2090299129486084,4.216093202558113e-06,4128,-12.37659740447998,5.235210418701172,1.9341714341258864e-10,19.957969665527344,1.0,1.9341714341258864e-10,0.6008013486862183,1.0
count1-offset3,1,3,5,mean,cutoff-3,8,1.8487566709518433,6.512880190712167e-06,3789,-11.941722869873047,5.501152038574219,1.9341714341258864e-10,19.751386642456055,1.0,1.9341714341258864e-10,0.6110411286354065,1.0
count2-offset0,2,0,5,mean,cutoff-3,8,1.5660619735717773,6.585508799616946e-06,3947,-11.930632591247559,5.42000675201416,1.9341714341258864e-10,19.581438064575195,1.0,1.9341714341258864e-10,0.6925120949745178,1.0
count2-offset1,2,1,5,mean,cutoff-3,8,1.628814458847046,6.936866157047916e-06,3882,-11.878653526306152,5.434514045715332,1.9341714341258864e-10,19.57832145690918,1.0,1.9341714341258864e-10,0.6025912165641785,1.0
count2-offset2,2,2,5,mean,cutoff-3,8,1.649131178855896,6.95763401381555e-06,3874,-11.875663757324219,5.479230880737305,1.9341714341258864e-10,19.553268432617188,1.0,1.9341714341258864e-10,0.600875198841095,1.0
count2-offset3,2,3,5,mean,cutoff-3,8,2.0610077381134033,1.3014825526624918e-05,2880,-11.249408721923828,5.631269931793213,1.9341714341258864e-10,18.46954345703125,1.0,1.9341714341258864e-10,0.6416897177696228,1.0
count4-offset0,4,0,5,mean,cutoff-3,8,1.917236089706421,1.3172882972867228e-05,3161,-11.237337112426758,5.585305213928223,1.9341714341258864e-10,18.777511596679688,1.0,1.9341714341258864e-10,0.6933590173721313,1.0
count4-offset1,4,1,5,mean,cutoff-3,8,2.537933349609375,2.5489132895017974e-05,2113,-10.577232360839844,5.491497039794922,1.9341714341258864e-10,18.365455627441406,1.0,1.9341714341258864e-10,0.6430433988571167,1.0
count4-offset2,4,2,5,mean,cutoff-3,8,1.917236089706421,1.3172884791856632e-05,3161,-11.237337112426758,5.585305690765381,1.9341714341258864e-10,18.777511596679688,1.0,1.9341714341258864e-10,0.6933590173721313,1.0
count4-offset3,4,3,5,mean,cutoff-3,8,2.537933349609375,2.5489132895017974e-05,2113,-10.577232360839844,5.491497039794922,1.9341714341258864e-10,18.365455627441406,1.0,1.9341714341258864e-10,0.6430433988571167,1.0
count8,8,0,5,mean,cutoff-3,8,3.9788756370544434,8.298943430418149e-05,967,-9.396713256835938,5.733987808227539,1.9341714341258864e-10,18.730255126953125,1.0,1.9341714341258864e-10,0.7400749921798706,1.0
count0,0,0,5,mean,cutoff-4,16,1.2912418842315674,2.8175518309581093e-06,6163,-12.77963924407959,6.151752948760986,4.1446529541744326e-10,18.41733169555664,1.0,4.1446529541744326e-10,0.3106840252876282,1.0
count1-offset0,1,0,5,mean,cutoff-4,16,1.2181826829910278,3.7649742807843722e-06,5597,-12.489766120910645,6.1776275634765625,4.1446529541744326e-10,18.36939811706543,1.0,4.1446529541744326e-10,0.3518490791320801,1.0
count1-offset1,1,1,5,mean,cutoff-4,16,1.3703738451004028,4.0001896195462905e-06,5512,-12.42916488647461,6.223948001861572,4.1446529541744326e-10,18.375215530395508,1.0,4.1446529541744326e-10,0.310690313577652,1.0
count1-offset2,1,2,5,mean,cutoff-4,16,1.3767716884613037,3.9305814425460994e-06,5559,-12.4467191696167,6.2406229972839355,4.1446529541744326e-10,18.386096954345703,1.0,4.1446529541744326e-10,0.3105393946170807,1.0
count1-offset3,1,3,5,mean,cutoff-4,16,1.3007210493087769,5.787936970591545e-06,4747,-12.059728622436523,6.09137487411499,4.1446529541744326e-10,17.99152946472168,1.0,4.1446529541744326e-10,0.31079337000846863,1.0
count2-offset0,2,0,5,mean,cutoff-4,16,1.0904476642608643,5.625097855954664e-06,4805,-12.088266372680664,5.967538356781006,4.1446529541744326e-10,17.79149055480957,1.0,4.1446529541744326e-10,0.35072535276412964,1.0
count2-offset1,2,1,5,mean,cutoff-4,16,1.2033852338790894,6.145207862573443e-06,4692,-11.999832153320312,6.0128278732299805,4.1446529541744326e-10,17.713624954223633,1.0,4.1446529541744326e-10,0.3106980323791504,1.0
count2-offset2,2,2,5,mean,cutoff-4,16,1.2200825214385986,6.229392056411598e-06,4667,-11.986226081848145,6.040563583374023,4.1446529541744326e-10,17.70829963684082,1.0,4.1446529541744326e-10,0.31054502725601196,1.0
count2-offset3,2,3,5,mean,cutoff-4,16,1.369888186454773,1.0534263310546521e-05,3686,-11.460866928100586,5.951979637145996,4.1446529541744326e-10,16.577287673950195,1.0,4.1446529541744326e-10,0.315449982881546,1.0
count4-offset0,4,0,5,mean,cutoff-4,16,1.4467499256134033,1.2803753634216264e-05,3542,-11.265759468078613,6.239783763885498,4.1446529541744326e-10,16.85135269165039,1.0,4.1446529541744326e-10,0.35145390033721924,1.0
count4-offset1,4,1,5,mean,cutoff-4,16,1.7720983028411865,2.4399205358349718e-05,2464,-10.620935440063477,6.228410720825195,4.1446529541744326e-10,16.333330154418945,1.0,4.1446529541744326e-10,0.3157528042793274,1.0
count4-offset2,4,2,5,mean,cutoff-4,16,1.4467499256134033,1.2803753634216264e-05,3542,-11.265759468078613,6.239784240722656,4.1446529541744326e-10,16.85135269165039,1.0,4.1446529541744326e-10,0.35145390033721924,1.0
count4-offset3,4,3,5,mean,cutoff-4,16,1.7720983028411865,2.4399203539360315e-05,2464,-10.620935440063477,6.228410720825195,4.1446529541744326e-10,16.333330154418945,1.0,4.1446529541744326e-10,0.3157528042793274,1.0
count8,8,0,5,mean,cutoff-4,16,2.1184887886047363,4.0732753404881805e-05,1775,-10.108436584472656,6.436166763305664,4.1446529541744326e-10,16.601171493530273,1.0,4.1446529541744326e-10,0.38417139649391174,1.0
count0,0,0,5,mean,cutoff-5,32,0.35091865062713623,2.043825134023791e-06,5671,-13.100685119628906,5.917320251464844,0.6683012843132019,16.710765838623047,0.6109942197799683,0.6931471824645996,0.5302810072898865,0.5000001192092896
count1-offset0,1,0,5,mean,cutoff-5,32,0.6537930369377136,2.200453764089616e-06,5265,-13.02684497833252,5.407916069030762,0.6682454347610474,17.005054473876953,0.6111177206039429,0.6931471824645996,0.5279452800750732,0.5000024437904358
count1-offset1,1,1,5,mean,cutoff-5,32,0.6702482104301453,2.2359822651196737e-06,5223,-13.010828018188477,5.41792631149292,0.6685507893562317,17.018295288085938,0.610440194606781,0.6931471824645996,0.5302874445915222,0.5000001788139343
count1-offset2,1,2,5,mean,cutoff-5,32,0.6582202315330505,2.282185960211791e-06,5242,-12.990374565124512,5.506039619445801,0.6692901849746704,16.96784210205078,0.6087812185287476,0.6931471824645996,0.5303150415420532,0.5000001788139343
count1-offset3,1,3,5,mean,cutoff-5,32,0.9865317344665527,2.7360829335520975e-06,4380,-12.808980941772461,4.536145210266113,0.6703755855560303,17.1867618560791,0.6062971949577332,0.6931471824645996,0.530316174030304,0.5000002980232239
count2-offset0,2,0,5,mean,cutoff-5,32,0.9979684948921204,2.703860218389309e-06,4315,-12.82082748413086,4.2816667556762695,0.6710985898971558,17.17015266418457,0.604608952999115,0.6931471824645996,0.5279537439346313,0.500002384185791
count2-offset1,2,1,5,mean,cutoff-5,32,1.0469168424606323,2.6815578166861087e-06,4223,-12.829110145568848,4.140336990356445,0.6699371337890625,17.2091121673584,0.6073077321052551,0.6931471824645996,0.5302732586860657,0.5000001192092896
count2-offset2,2,2,5,mean,cutoff-5,32,1.029393196105957,2.799867843350512e-06,4248,-12.785935401916504,4.270693778991699,0.6714441776275635,17.148557662963867,0.6037918925285339,0.6931471824645996,0.5303135514259338,0.5000001788139343
count2-offset3,2,3,5,mean,cutoff-5,32,1.355438470840454,5.850077286595479e-06,3489,-12.049050331115723,4.749841690063477,0.6734746098518372,16.08856964111328,0.5988515019416809,0.6931471824645996,0.5302392840385437,0.5000008344650269
count4-offset0,4,0,5,mean,cutoff-5,32,1.7213938236236572,8.012489161046688e-06,2842,-11.734500885009766,4.3973259925842285,0.6652363538742065,16.67938995361328,0.6175800561904907,0.6931471824645996,0.527897298336029,0.5000024437904358
count4-offset1,4,1,5,mean,cutoff-5,32,2.082296848297119,1.4328470570035279e-05,2201,-11.153247833251953,4.551814556121826,0.6711529493331909,16.162931442260742,0.6044809222221375,0.6931471824645996,0.5302324891090393,0.5000008344650269
count4-offset2,4,2,5,mean,cutoff-5,32,1.7213938236236572,8.01249007054139e-06,2842,-11.734500885009766,4.397326469421387,0.6652363538742065,16.67938995361328,0.6175800561904907,0.6931471824645996,0.527897298336029,0.5000024437904358
count4-offset3,4,3,5,mean,cutoff-5,32,2.082296848297119,1.4328467841551173e-05,2201,-11.153247833251953,4.551814079284668,0.6711529493331909,16.162931442260742,0.6044809222221375,0.6931471824645996,0.5302324891090393,0.5000008344650269
count8,8,0,5,mean,cutoff-5,32,3.1283016204833984,8.561636786907911e-05,900,-9.365548133850098,5.992264747619629,0.6417828798294067,16.53816795349121,0.6588689088821411,0.6931471824645996,0.5288111567497253,0.5000017881393433
count0,0,0,5,mean,full,-1,0.35091865062713623,2.043825134023791e-06,5671,-13.100685119628906,5.917320251464844,,,,,,
count1-offset0,1,0,5,mean,full,-1,0.6537930369377136,2.200453764089616e-06,5265,-13.02684497833252,5.407916069030762,,,,,,
count1-offset1,1,1,5,mean,full,-1,0.6702482104301453,2.2359822651196737e-06,5223,-13.010828018188477,5.41792631149292,,,,,,
count1-offset2,1,2,5,mean,full,-1,0.6582202315330505,2.282185960211791e-06,5242,-12.990374565124512,5.506039619445801,,,,,,
count1-offset3,1,3,5,mean,full,-1,0.9865317344665527,2.7360829335520975e-06,4380,-12.808980941772461,4.536145210266113,,,,,,
count2-offset0,2,0,5,mean,full,-1,0.9979684948921204,2.703860218389309e-06,4315,-12.82082748413086,4.2816667556762695,,,,,,
count2-offset1,2,1,5,mean,full,-1,1.0469168424606323,2.6815578166861087e-06,4223,-12.829110145568848,4.140336990356445,,,,,,
count2-offset2,2,2,5,mean,full,-1,1.029393196105957,2.799867843350512e-06,4248,-12.785935401916504,4.270693778991699,,,,,,
count2-offset3,2,3,5,mean,full,-1,1.355438470840454,5.850077286595479e-06,3489,-12.049050331115723,4.749841690063477,,,,,,
count4-offset0,4,0,5,mean,full,-1,1.7213938236236572,8.012489161046688e-06,2842,-11.734500885009766,4.3973259925842285,,,,,,
count4-offset1,4,1,5,mean,full,-1,2.082296848297119,1.4328470570035279e-05,2201,-11.153247833251953,4.551814556121826,,,,,,
count4-offset2,4,2,5,mean,full,-1,1.7213938236236572,8.01249007054139e-06,2842,-11.734500885009766,4.397326469421387,,,,,,
count4-offset3,4,3,5,mean,full,-1,2.082296848297119,1.4328467841551173e-05,2201,-11.153247833251953,4.551814079284668,,,,,,
count8,8,0,5,mean,full,-1,3.1283016204833984,8.561636786907911e-05,900,-9.365548133850098,5.992264747619629,,,,,,
count0,0,0,6,native,cutoff-0,1,4.437286853790283,1.3125101361310954e-07,10613,-15.846153259277344,4.214630603790283,-0.0,33.708805084228516,1.0,-0.0,1.1142842769622803,1.0
count1-offset0,1,0,6,native,cutoff-0,1,4.833385944366455,2.733165160861972e-07,9426,-15.112634658813477,4.62916374206543,-0.0,32.80732345581055,1.0,-0.0,1.18772292137146,1.0
count1-offset1,1,1,6,native,cutoff-0,1,6.019843101501465,7.05422507962794e-07,6423,-14.164467811584473,4.943300247192383,-0.0,34.81564712524414,1.0,-0.0,1.3780442476272583,1.0
count1-offset2,1,2,6,native,cutoff-0,1,5.9530134201049805,6.36591494185268e-07,6717,-14.267136573791504,5.0136284828186035,-0.0,34.95881271362305,1.0,-0.0,1.3660169839859009,1.0
count1-offset3,1,3,6,native,cutoff-0,1,4.778071403503418,7.750236363790464e-07,7927,-14.0703706741333,5.518838882446289,-0.0,32.43869400024414,1.0,-0.0,1.3629047870635986,1.0
count2-offset0,2,0,6,native,cutoff-0,1,5.014276504516602,1.4774914234294556e-06,7052,-13.425163269042969,5.73197603225708,-0.0,31.148508071899414,1.0,-0.0,1.4165493249893188,1.0
count2-offset1,2,1,6,native,cutoff-0,1,7.1084747314453125,3.9782833027857123e-07,5402,-14.737245559692383,3.8953635692596436,-0.0,36.589412689208984,1.0,-0.0,1.544534683227539,1.0
count2-offset2,2,2,6,native,cutoff-0,1,6.96688175201416,3.935021481993317e-07,5718,-14.74817943572998,4.065029621124268,-0.0,36.64254379272461,1.0,-0.0,1.5401304960250854,1.0
count2-offset3,2,3,6,native,cutoff-0,1,6.2534027099609375,4.876570983469719e-06,3733,-12.231063842773438,5.4486541748046875,-0.0,31.956396102905273,1.0,-0.0,1.382208228111267,1.0
count4-offset0,4,0,6,native,cutoff-0,1,7.265767574310303,1.1647937299130717e-06,4333,-13.662965774536133,3.743420124053955,-0.0,34.40095520019531,1.0,-0.0,1.5768587589263916,1.0
count4-offset1,4,1,6,native,cutoff-0,1,8.807231903076172,3.4355362004134804e-06,2165,-12.581335067749023,3.46640682220459,-0.0,35.59769058227539,1.0,-0.0,1.561891794204712,1.0
count4-offset2,4,2,6,native,cutoff-0,1,7.265767574310303,1.1647937299130717e-06,4333,-13.662965774536133,3.743420362472534,-0.0,34.40095520019531,1.0,-0.0,1.5768587589263916,1.0
count4-offset3,4,3,6,native,cutoff-0,1,8.807231903076172,3.4355362004134804e-06,2165,-12.581335067749023,3.46640682220459,-0.0,35.59769058227539,1.0,-0.0,1.561891794204712,1.0
count8,8,0,6,native,cutoff-0,1,10.201443672180176,2.81139887192694e-06,923,-12.781825065612793,0.9748938083648682,-0.0,36.0174674987793,1.0,-0.0,1.5926671028137207,1.0
count0,0,0,6,native,cutoff-1,2,3.2535295486450195,9.550137036740125e-08,10532,-16.16412353515625,3.891555070877075,2.7631020735330303e-11,33.41397476196289,1.0,2.7631020735330303e-11,1.0979619026184082,1.0
count1-offset0,1,0,6,native,cutoff-1,2,3.5532634258270264,2.8649415639847575e-07,8892,-15.065546989440918,4.646585464477539,2.7631020735330303e-11,32.491737365722656,1.0,2.7631020735330303e-11,1.1696902513504028,1.0
count1-offset1,1,1,6,native,cutoff-1,2,4.338377475738525,5.489322916218953e-07,6622,-14.415290832519531,4.645190715789795,2.7631020735330303e-11,34.30752182006836,1.0,2.7631020735330303e-11,1.3682842254638672,1.0
count1-offset2,1,2,6,native,cutoff-1,2,4.284879684448242,4.959214265909395e-07,6891,-14.516847610473633,4.671623706817627,2.7631020735330303e-11,34.43208312988281,1.0,2.7631020735330303e-11,1.3551055192947388,1.0
count1-offset3,1,3,6,native,cutoff-1,2,3.5153284072875977,5.909787432756275e-07,7897,-14.341485023498535,5.047700881958008,2.7631020735330303e-11,32.034027099609375,1.0,2.7631020735330303e-11,1.350154995918274,1.0
count2-offset0,2,0,6,native,cutoff-1,2,3.6952013969421387,1.538979176984867e-06,6556,-13.384387969970703,5.514638900756836,2.7631020735330303e-11,30.706932067871094,1.0,2.7631020735330303e-11,1.407379150390625,1.0
count2-offset1,2,1,6,native,cutoff-1,2,5.002549171447754,3.6264916047912266e-07,5703,-14.829829216003418,3.8532705307006836,2.7631020735330303e-11,36.18482971191406,1.0,2.7631020735330303e-11,1.5443480014801025,1.0
count2-offset2,2,2,6,native,cutoff-1,2,4.866542816162109,3.5601740933088877e-07,6042,-14.848285675048828,4.002027988433838,2.7631020735330303e-11,36.197452545166016,1.0,2.7631020735330303e-11,1.5398766994476318,1.0
count2-offset3,2,3,6,native,cutoff-1,2,5.08815336227417,4.899282885162393e-06,3385,-12.226417541503906,5.215630531311035,2.7631020735330303e-11,31.398202896118164,1.0,2.7631020735330303e-11,1.3709120750427246,1.0
count4-offset0,4,0,6,native,cutoff-1,2,5.240345478057861,1.1797196748375427e-06,4274,-13.650232315063477,3.6570961475372314,2.7631020735330303e-11,34.17654037475586,1.0,2.7631020735330303e-11,1.5768345594406128,1.0
count4-offset1,4,1,6,native,cutoff-1,2,6.885728359222412,3.903718152287183e-06,2077,-12.453577041625977,3.553886651992798,2.7631020735330303e-11,35.29433822631836,1.0,2.7631020735330303e-11,1.5618312358856201,1.0
count4-offset2,4,2,6,native,cutoff-1,2,5.240345478057861,1.1797196748375427e-06,4274,-13.650232315063477,3.6570961475372314,2.7631020735330303e-11,34.17654037475586,1.0,2.7631020735330303e-11,1.5768345594406128,1.0
count4-offset3,4,3,6,native,cutoff-1,2,6.885728359222412,3.9037176975398324e-06,2077,-12.453577041625977,3.5538864135742188,2.7631020735330303e-11,35.29433822631836,1.0,2.7631020735330303e-11,1.5618312358856201,1.0
count8,8,0,6,native,cutoff-1,2,7.964638710021973,2.59690227721876e-06,983,-12.861187934875488,0.8229475021362305,2.7631020735330303e-11,35.649532318115234,1.0,2.7631020735330303e-11,1.5926767587661743,1.0
count0,0,0,6,native,cutoff-2,4,2.8006644248962402,6.386145656733788e-08,11444,-16.56654930114746,3.841796636581421,8.289306047126743e-11,32.47776794433594,1.0,8.289306047126743e-11,1.020459532737732,1.0
count1-offset0,1,0,6,native,cutoff-2,4,3.1701321601867676,1.9568022935345653e-07,9334,-15.446783065795898,4.158960819244385,8.289306047126743e-11,31.210538864135742,1.0,8.289306047126743e-11,1.087905764579773,1.0
count1-offset1,1,1,6,native,cutoff-2,4,2.055881977081299,1.7389444906257268e-07,9154,-15.564817428588867,3.0280075073242188,8.289306047126743e-11,33.29820251464844,1.0,8.289306047126743e-11,1.317558765411377,1.0
count1-offset2,1,2,6,native,cutoff-2,4,2.0741395950317383,1.5348761905897845e-07,9329,-15.68964672088623,2.826094150543213,8.289306047126743e-11,33.35447692871094,1.0,8.289306047126743e-11,1.3001619577407837,1.0
count1-offset3,1,3,6,native,cutoff-2,4,2.333261489868164,2.5077332566070254e-07,9426,-15.198715209960938,3.668160915374756,8.289306047126743e-11,30.99367904663086,1.0,8.289306047126743e-11,1.288749098777771,1.0
count2-offset0,2,0,6,native,cutoff-2,4,2.68552827835083,9.439511359232711e-07,7373,-13.873189926147461,4.7523393630981445,8.289306047126743e-11,29.233379364013672,1.0,8.289306047126743e-11,1.3557981252670288,1.0
count2-offset1,2,1,6,native,cutoff-2,4,2.8225202560424805,1.590831999465081e-07,7335,-15.653838157653809,3.4144644737243652,8.289306047126743e-11,35.809608459472656,1.0,8.289306047126743e-11,1.54151451587677,1.0
count2-offset2,2,2,6,native,cutoff-2,4,2.732081174850464,1.5377254669601825e-07,7549,-15.687790870666504,3.3157196044921875,8.289306047126743e-11,35.7224235534668,1.0,8.289306047126743e-11,1.536338448524475,1.0
count2-offset3,2,3,6,native,cutoff-2,4,3.7140767574310303,2.7874916668224614e-06,4305,-12.790365219116211,4.671854019165039,8.289306047126743e-11,30.37602996826172,1.0,8.289306047126743e-11,1.3138887882232666,1.0
count4-offset0,4,0,6,native,cutoff-2,4,3.4558236598968506,1.5894944453975768e-06,4322,-13.352092742919922,4.375866889953613,8.289306047126743e-11,33.55280303955078,1.0,8.289306047126743e-11,1.5759687423706055,1.0
count4-offset1,4,1,6,native,cutoff-2,4,5.690927505493164,4.720116521639284e-06,1951,-12.263671875,3.7093775272369385,8.289306047126743e-11,35.002742767333984,1.0,8.289306047126743e-11,1.560500144958496,1.0
count4-offset2,4,2,6,native,cutoff-2,4,3.4558236598968506,1.5894944453975768e-06,4322,-13.352092742919922,4.3758673667907715,8.289306047126743e-11,33.55280303955078,1.0,8.289306047126743e-11,1.5759687423706055,1.0
count4-offset3,4,3,6,native,cutoff-2,4,5.690927505493164,4.720116066891933e-06,1951,-12.263671875,3.7093770503997803,8.289306047126743e-11,35.002742767333984,1.0,8.289306047126743e-11,1.560500144958496,1.0
count8,8,0,6,native,cutoff-2,4,6.646799087524414,4.593805442709709e-06,822,-12.290796279907227,0.8576838970184326,8.289306047126743e-11,34.960575103759766,1.0,8.289306047126743e-11,1.592474341392517,1.0
count0,0,0,6,native,cutoff-3,8,1.3053505420684814,2.2196745419478248e-07,8829,-15.320734977722168,4.930925369262695,1.9341714341258864e-10,29.591903686523438,1.0,1.9341714341258864e-10,0.7502639889717102,1.0
count1-offset0,1,0,6,native,cutoff-3,8,2.2205307483673096,6.329232178359234e-07,6576,-14.272915840148926,5.2257513999938965,1.9341714341258864e-10,28.19274139404297,1.0,1.9341714341258864e-10,0.7581812143325806,1.0
count1-offset1,1,1,6,native,cutoff-3,8,1.5549324750900269,9.803156899579335e-07,4790,-13.835390090942383,4.253618240356445,1.9341714341258864e-10,29.90342903137207,1.0,1.9341714341258864e-10,1.002164602279663,1.0
count1-offset2,1,2,6,native,cutoff-3,8,1.5197508335113525,8.652071983306087e-07,5077,-13.960296630859375,4.258910655975342,1.9341714341258864e-10,29.889860153198242,1.0,1.9341714341258864e-10,0.9721330404281616,1.0
count1-offset3,1,3,6,native,cutoff-3,8,1.0784237384796143,4.4176906044413045e-07,7518,-14.632477760314941,4.894455909729004,1.9341714341258864e-10,29.0544376373291,1.0,1.9341714341258864e-10,0.9458725452423096,1.0
count2-offset0,2,0,6,native,cutoff-3,8,2.2098748683929443,2.1705150174966548e-06,4909,-13.040543556213379,5.553104877471924,1.9341714341258864e-10,26.946792602539062,1.0,1.9341714341258864e-10,1.0200716257095337,1.0
count2-offset1,2,1,6,native,cutoff-3,8,1.9999158382415771,6.879938609927194e-07,3913,-14.189485549926758,3.3507094383239746,1.9341714341258864e-10,33.45246505737305,1.0,1.9341714341258864e-10,1.476733922958374,1.0
count2-offset2,2,2,6,native,cutoff-3,8,1.9331070184707642,6.988652216932678e-07,4055,-14.173807144165039,3.419471025466919,1.9341714341258864e-10,33.246036529541016,1.0,1.9341714341258864e-10,1.4637540578842163,1.0
count2-offset3,2,3,6,native,cutoff-3,8,2.932652235031128,7.719732820987701e-06,2486,-11.771723747253418,5.428679466247559,1.9341714341258864e-10,28.169410705566406,1.0,1.9341714341258864e-10,0.9790008664131165,1.0
count4-offset0,4,0,6,native,cutoff-3,8,2.37624192237854,4.9987074817181565e-06,2491,-12.206326484680176,4.537751197814941,1.9341714341258864e-10,30.846519470214844,1.0,1.9341714341258864e-10,1.53372061252594,1.0
count4-offset1,4,1,6,native,cutoff-3,8,4.020785808563232,1.821594560169615e-05,1111,-10.91319465637207,4.43370246887207,1.9341714341258864e-10,32.90016174316406,1.0,1.9341714341258864e-10,1.5148636102676392,1.0
count4-offset2,4,2,6,native,cutoff-3,8,2.37624192237854,4.9987074817181565e-06,2491,-12.206326484680176,4.537751197814941,1.9341714341258864e-10,30.846519470214844,1.0,1.9341714341258864e-10,1.53372061252594,1.0
count4-offset3,4,3,6,native,cutoff-3,8,4.020785808563232,1.821594560169615e-05,1111,-10.91319465637207,4.43370246887207,1.9341714341258864e-10,32.90016174316406,1.0,1.9341714341258864e-10,1.5148636102676392,1.0
count8,8,0,6,native,cutoff-3,8,5.285843849182129,2.5613229809096083e-05,469,-10.572376251220703,2.1588966846466064,1.9341714341258864e-10,32.228702545166016,1.0,1.9341714341258864e-10,1.5640466213226318,1.0
count0,0,0,6,native,cutoff-4,16,-0.4968390166759491,1.6513951095475932e-07,12481,-15.616475105285645,5.179446697235107,0.6250801682472229,21.121318817138672,0.6823568344116211,0.6931471824645996,0.5017203688621521,0.500003457069397
count1-offset0,1,0,6,native,cutoff-4,16,-0.7463150024414062,2.1153203988433233e-07,11398,-15.368888854980469,4.726095199584961,0.6021791100502014,20.030803680419922,0.7099693417549133,0.6931471824645996,0.48660609126091003,0.5000131726264954
count1-offset1,1,1,6,native,cutoff-4,16,1.8756699562072754,3.5191474125895184e-06,4082,-12.557289123535156,5.343920707702637,0.6359702348709106,22.666624069213867,0.6674494743347168,0.6931471824645996,0.6216562390327454,0.5000381469726562
count1-offset2,1,2,6,native,cutoff-4,16,2.092078685760498,4.2415622374392115e-06,3806,-12.370574951171875,5.436859130859375,0.6429533958435059,22.615917205810547,0.657079815864563,0.6931471824645996,0.6082391738891602,0.5000372529029846
count1-offset3,1,3,6,native,cutoff-4,16,-0.09953221678733826,4.406161338010861e-07,10474,-14.635091781616211,5.720419883728027,0.5959504842758179,20.215368270874023,0.716799795627594,0.6931471824645996,0.5042178630828857,0.5000342726707458
count2-offset0,2,0,6,native,cutoff-4,16,-0.2880120575428009,5.166937171452446e-07,9718,-14.475814819335938,5.365901947021484,0.5807660818099976,19.1112003326416,0.7324904203414917,0.6931471824645996,0.5669397115707397,0.5000442266464233
count2-offset1,2,1,6,native,cutoff-4,16,2.319627046585083,3.985316652688198e-06,3223,-12.432889938354492,4.817234992980957,0.618353009223938,24.11063003540039,0.6909318566322327,0.6931471824645996,0.8295912742614746,0.5000098943710327
count2-offset2,2,2,6,native,cutoff-4,16,2.4186878204345703,4.525965323409764e-06,3147,-12.305675506591797,4.941486358642578,0.6185258626937866,24.015989303588867,0.6907169222831726,0.6931471824645996,0.8139598965644836,0.5000089406967163
count2-offset3,2,3,6,native,cutoff-4,16,1.0468906164169312,1.7049336520358338e-06,6401,-13.281982421875,5.773801803588867,0.6179627180099487,20.024028778076172,0.6914163827896118,0.6931471824645996,0.5155097842216492,0.500033438205719
count4-offset0,4,0,6,native,cutoff-4,16,3.0027947425842285,1.7869679140858352e-05,2108,-10.93238639831543,5.409215927124023,0.6293296217918396,21.462608337402344,0.676703155040741,0.6931471824645996,0.9317136406898499,0.5
count4-offset1,4,1,6,native,cutoff-4,16,3.845489263534546,2.764761848084163e-05,1392,-10.495943069458008,4.973712921142578,0.6713148355484009,23.454320907592773,0.6040985584259033,0.6931471824645996,0.8683364987373352,0.5000112056732178
count4-offset2,4,2,6,native,cutoff-4,16,3.0027947425842285,1.7869680959847756e-05,2108,-10.93238639831543,5.409216403961182,0.6293296217918396,21.462608337402344,0.676703155040741,0.6931471824645996,0.9317136406898499,0.5
count4-offset3,4,3,6,native,cutoff-4,16,3.845489263534546,2.7647622118820436e-05,1392,-10.495943069458008,4.973712921142578,0.6713148355484009,23.454320907592773,0.6040985584259033,0.6931471824645996,0.8683364987373352,0.5000112056732178
count8,8,0,6,native,cutoff-4,16,4.41549825668335,0.00012406006862875074,556,-8.994621276855469,5.423276424407959,0.6707849502563477,22.337581634521484,0.6053447127342224,0.6931471824645996,0.9726775288581848,0.5000020265579224
count0,0,0,6,native,cutoff-5,32,-2.011972427368164,1.7299497301337396e-07,11068,-15.570003509521484,4.934164047241211,1.2276508808135986,16.190454483032227,0.4915001690387726,1.3862943649291992,0.5204448103904724,0.2500035762786865
count1-offset0,1,0,6,native,cutoff-5,32,-1.4853317737579346,3.0211572266125586e-07,9651,-15.012454986572266,5.0550947189331055,1.2252923250198364,15.791352272033691,0.4908846318721771,1.3862943649291992,0.5181602239608765,0.2500098645687103
count1-offset1,1,1,6,native,cutoff-5,32,0.41283777356147766,3.382043360034004e-06,5560,-12.597026824951172,6.347500324249268,1.3144137859344482,15.466525077819824,0.3521074652671814,1.3862943649291992,0.4951901137828827,0.2500222325325012
count1-offset2,1,2,6,native,cutoff-5,32,0.38892054557800293,3.2690957141312538e-06,5612,-12.630993843078613,6.374895095825195,1.3207067251205444,15.487259864807129,0.33912670612335205,1.3862943649291992,0.49617913365364075,0.2500218451023102
count1-offset3,1,3,6,native,cutoff-5,32,-1.3748070001602173,6.731240773660829e-07,9146,-14.211335182189941,5.926919460296631,1.22553288936615,14.27104377746582,0.4982874095439911,1.3862943649291992,0.4906138777732849,0.25002026557922363
count2-offset0,2,0,6,native,cutoff-5,32,-0.90696781873703,1.019079832076386e-06,8047,-13.796608924865723,5.949120044708252,1.2267546653747559,14.014023780822754,0.4886273741722107,1.3862943649291992,0.4907180964946747,0.25002315640449524
count2-offset1,2,1,6,native,cutoff-5,32,0.9722813367843628,4.4058124331058934e-06,4472,-12.332581520080566,5.782153129577637,1.3000071048736572,16.535377502441406,0.36153939366340637,1.3862943649291992,0.48503023386001587,0.2500072419643402
count2-offset2,2,2,6,native,cutoff-5,32,0.9526540040969849,4.3686827666533645e-06,4571,-12.341044425964355,5.864871025085449,1.3018524646759033,16.50506591796875,0.35516682267189026,1.3862943649291992,0.485764741897583,0.25000667572021484
count2-offset3,2,3,6,native,cutoff-5,32,-0.5086838603019714,1.824275727813074e-06,6484,-13.214325904846191,6.061825275421143,1.249408483505249,14.233575820922852,0.4855836033821106,1.3862943649291992,0.4914524257183075,0.25001972913742065
count4-offset0,4,0,6,native,cutoff-5,32,1.7386105060577393,1.046477791533107e-05,3480,-11.467484474182129,6.104842662811279,1.3131587505340576,15.254576683044434,0.3389793932437897,1.3862943649291992,0.48971027135849,0.2500021159648895
count4-offset1,4,1,6,native,cutoff-5,32,2.129889488220215,1.544212682347279e-05,2812,-11.07839584350586,6.130506992340088,1.353603482246399,16.215837478637695,0.3220748007297516,1.3862943649291992,0.4872497618198395,0.25000715255737305
count4-offset2,4,2,6,native,cutoff-5,32,1.7386105060577393,1.046477791533107e-05,3480,-11.467484474182129,6.1048431396484375,1.3131587505340576,15.254576683044434,0.3389793932437897,1.3862943649291992,0.48971027135849,0.2500021159648895
count4-offset3,4,3,6,native,cutoff-5,32,2.129889488220215,1.544212682347279e-05,2812,-11.07839584350586,6.130506992340088,1.353603482246399,16.215837478637695,0.3220748007297516,1.3862943649291992,0.4872497618198395,0.25000715255737305
count8,8,0,6,native,cutoff-5,32,3.105170249938965,4.5602460886584595e-05,1395,-9.995503425598145,5.992886543273926,1.354867935180664,16.03826904296875,0.31729215383529663,1.3862943649291992,0.49251532554626465,0.250002384185791
count0,0,0,6,native,full,-1,-2.011972427368164,1.7299497301337396e-07,11068,-15.570003509521484,4.934164047241211,,,,,,
count1-offset0,1,0,6,native,full,-1,-1.4853317737579346,3.0211572266125586e-07,9651,-15.012454986572266,5.0550947189331055,,,,,,
count1-offset1,1,1,6,native,full,-1,0.41283777356147766,3.382043360034004e-06,5560,-12.597026824951172,6.347500324249268,,,,,,
count1-offset2,1,2,6,native,full,-1,0.38892054557800293,3.2690957141312538e-06,5612,-12.630993843078613,6.374895095825195,,,,,,
count1-offset3,1,3,6,native,full,-1,-1.3748070001602173,6.731240773660829e-07,9146,-14.211335182189941,5.926919460296631,,,,,,
count2-offset0,2,0,6,native,full,-1,-0.90696781873703,1.019079832076386e-06,8047,-13.796608924865723,5.949120044708252,,,,,,
count2-offset1,2,1,6,native,full,-1,0.9722813367843628,4.4058124331058934e-06,4472,-12.332581520080566,5.782153129577637,,,,,,
count2-offset2,2,2,6,native,full,-1,0.9526540040969849,4.3686827666533645e-06,4571,-12.341044425964355,5.864871025085449,,,,,,
count2-offset3,2,3,6,native,full,-1,-0.5086838603019714,1.824275727813074e-06,6484,-13.214325904846191,6.061825275421143,,,,,,
count4-offset0,4,0,6,native,full,-1,1.7386105060577393,1.046477791533107e-05,3480,-11.467484474182129,6.104842662811279,,,,,,
count4-offset1,4,1,6,native,full,-1,2.129889488220215,1.544212682347279e-05,2812,-11.07839584350586,6.130506992340088,,,,,,
count4-offset2,4,2,6,native,full,-1,1.7386105060577393,1.046477791533107e-05,3480,-11.467484474182129,6.1048431396484375,,,,,,
count4-offset3,4,3,6,native,full,-1,2.129889488220215,1.544212682347279e-05,2812,-11.07839584350586,6.130506992340088,,,,,,
count8,8,0,6,native,full,-1,3.105170249938965,4.5602460886584595e-05,1395,-9.995503425598145,5.992886543273926,,,,,,
count0,0,0,6,mean,cutoff-0,1,0.0059844255447387695,7.660672736164997e-07,16709,-14.081995010375977,6.903720855712891,-0.0,21.357179641723633,1.0,-0.0,0.6123868227005005,1.0
count1-offset0,1,0,6,mean,cutoff-0,1,0.15693077445030212,9.878054925138713e-07,16005,-13.827778816223145,7.10458517074585,-0.0,21.18453025817871,1.0,-0.0,0.6729487180709839,1.0
count1-offset1,1,1,6,mean,cutoff-0,1,1.4980573654174805,4.314973011787515e-06,8862,-12.353415489196777,7.041675567626953,-0.0,21.785419464111328,1.0,-0.0,0.826664388179779,1.0
count1-offset2,1,2,6,mean,cutoff-0,1,1.4929474592208862,4.07931293011643e-06,9103,-12.409577369689941,7.040864944458008,-0.0,21.854991912841797,1.0,-0.0,0.816295862197876,1.0
count1-offset3,1,3,6,mean,cutoff-0,1,0.4671022295951843,2.1679304609278915e-06,12684,-13.041735649108887,7.137933731079102,-0.0,20.76554298400879,1.0,-0.0,0.8140278458595276,1.0
count2-offset0,2,0,6,mean,cutoff-0,1,0.6558194756507874,2.808721092151245e-06,11995,-12.7827787399292,7.250351428985596,-0.0,20.389427185058594,1.0,-0.0,0.8589956164360046,1.0
count2-offset1,2,1,6,mean,cutoff-0,1,1.5652856826782227,3.558751132004545e-06,9007,-12.546097755432129,6.8576860427856445,-0.0,22.502901077270508,1.0,-0.0,0.9849879145622253,1.0
count2-offset2,2,2,6,mean,cutoff-0,1,1.5134882926940918,3.3073345093725948e-06,9375,-12.619363784790039,6.884742736816406,-0.0,22.545711517333984,1.0,-0.0,0.9795628786087036,1.0
count2-offset3,2,3,6,mean,cutoff-0,1,1.5671143531799316,6.969148671487346e-06,7749,-11.874011993408203,7.254515647888184,-0.0,20.65915298461914,1.0,-0.0,0.8298097252845764,1.0
count4-offset0,4,0,6,mean,cutoff-0,1,1.5816067457199097,5.709536708309315e-06,8072,-12.07336711883545,7.006237030029297,-0.0,21.61353302001953,1.0,-0.0,1.018090844154358,1.0
count4-offset1,4,1,6,mean,cutoff-0,1,2.539712429046631,1.2443892046576366e-05,5086,-11.294267654418945,6.9207563400268555,-0.0,22.074874877929688,1.0,-0.0,1.0030059814453125,1.0
count4-offset2,4,2,6,mean,cutoff-0,1,1.5816067457199097,5.709535798814613e-06,8072,-12.07336711883545,7.0062360763549805,-0.0,21.61353302001953,1.0,-0.0,1.018090844154358,1.0
count4-offset3,4,3,6,mean,cutoff-0,1,2.539712429046631,1.2443892046576366e-05,5086,-11.294267654418945,6.9207563400268555,-0.0,22.074874877929688,1.0,-0.0,1.0030059814453125,1.0
count8,8,0,6,mean,cutoff-0,1,2.634577751159668,1.4218587239156477e-05,4321,-11.160945892333984,6.22336483001709,-0.0,22.160228729248047,1.0,-0.0,1.034614086151123,1.0
count0,0,0,6,mean,cutoff-1,2,0.12370315194129944,1.5490170426346594e-06,11706,-13.377888679504395,6.314126014709473,2.7631020735330303e-11,21.207693099975586,1.0,2.7631020735330303e-11,0.5859382152557373,1.0
count1-offset0,1,0,6,mean,cutoff-1,2,0.24470552802085876,1.9610272374848137e-06,11221,-13.142040252685547,6.537369728088379,2.7631020735330303e-11,20.8317813873291,1.0,2.7631020735330303e-11,0.6462869048118591,1.0
count1-offset1,1,1,6,mean,cutoff-1,2,1.153352975845337,8.040628927119542e-06,6552,-11.730995178222656,6.992077827453613,2.7631020735330303e-11,21.470489501953125,1.0,2.7631020735330303e-11,0.8122734427452087,1.0
count1-offset2,1,2,6,mean,cutoff-1,2,1.1678991317749023,7.706341420998797e-06,6724,-11.773459434509277,6.980391979217529,2.7631020735330303e-11,21.50408935546875,1.0,2.7631020735330303e-11,0.8006742000579834,1.0
count1-offset3,1,3,6,mean,cutoff-1,2,0.18736448884010315,4.002307377959369e-06,9401,-12.428635597229004,6.930412292480469,2.7631020735330303e-11,20.77869987487793,1.0,2.7631020735330303e-11,0.7934593558311462,1.0
count2-offset0,2,0,6,mean,cutoff-1,2,0.4595097303390503,5.286494342726655e-06,8714,-12.150349617004395,7.050036907196045,2.7631020735330303e-11,20.169757843017578,1.0,2.7631020735330303e-11,0.8413694500923157,1.0
count2-offset1,2,1,6,mean,cutoff-1,2,0.7813711166381836,5.934681666985853e-06,7089,-12.034690856933594,6.80035400390625,2.7631020735330303e-11,22.401334762573242,1.0,2.7631020735330303e-11,0.984321117401123,1.0
count2-offset2,2,2,6,mean,cutoff-1,2,0.717326819896698,5.567699645325774e-06,7371,-12.098523139953613,6.814337730407715,2.7631020735330303e-11,22.42073631286621,1.0,2.7631020735330303e-11,0.9785398244857788,1.0
count2-offset3,2,3,6,mean,cutoff-1,2,1.3458802700042725,1.3127360034559388e-05,5034,-11.240798950195312,6.969186305999756,2.7631020735330303e-11,20.546005249023438,1.0,2.7631020735330303e-11,0.8104707598686218,1.0
count4-offset0,4,0,6,mean,cutoff-1,2,0.44601619243621826,6.641784693783848e-06,7675,-11.922122955322266,7.127155303955078,2.7631020735330303e-11,21.32013511657715,1.0,2.7631020735330303e-11,1.0184000730514526,1.0
count4-offset1,4,1,6,mean,cutoff-1,2,1.891364574432373,2.3217824491439387e-05,3377,-10.67056655883789,6.921474456787109,2.7631020735330303e-11,21.81513214111328,1.0,2.7631020735330303e-11,1.0030841827392578,1.0
count4-offset2,4,2,6,mean,cutoff-1,2,0.44601619243621826,6.641784693783848e-06,7675,-11.922122955322266,7.127155303955078,2.7631020735330303e-11,21.32013511657715,1.0,2.7631020735330303e-11,1.0184000730514526,1.0
count4-offset3,4,3,6,mean,cutoff-1,2,1.891364574432373,2.3217824491439387e-05,3377,-10.67056655883789,6.921474456787109,2.7631020735330303e-11,21.81513214111328,1.0,2.7631020735330303e-11,1.0030841827392578,1.0
count8,8,0,6,mean,cutoff-1,2,1.6763842105865479,2.2769096176489256e-05,3407,-10.690083503723145,6.735811233520508,2.7631020735330303e-11,21.420835494995117,1.0,2.7631020735330303e-11,1.0352911949157715,1.0
count0,0,0,6,mean,cutoff-2,4,0.6461197137832642,2.1638177258864744e-06,9913,-13.043634414672852,6.17836856842041,8.289306047126743e-11,19.884254455566406,1.0,8.289306047126743e-11,0.513039767742157,1.0
count1-offset0,1,0,6,mean,cutoff-2,4,1.1315407752990723,4.2758874769788235e-06,7034,-12.36251449584961,6.37744140625,8.289306047126743e-11,18.928478240966797,1.0,8.289306047126743e-11,0.5692946910858154,1.0
count1-offset1,1,1,6,mean,cutoff-2,4,-0.05788999795913696,3.4178672194684623e-06,9963,-12.586490631103516,6.700892925262451,8.289306047126743e-11,19.227697372436523,1.0,8.289306047126743e-11,0.7656674385070801,1.0
count1-offset2,1,2,6,mean,cutoff-2,4,0.10772329568862915,3.7685986171709374e-06,9380,-12.48880386352539,6.687077522277832,8.289306047126743e-11,19.22578239440918,1.0,8.289306047126743e-11,0.7508808970451355,1.0
count1-offset3,1,3,6,mean,cutoff-2,4,0.1355837881565094,2.508234956621891e-06,10090,-12.895928382873535,6.4505414962768555,8.289306047126743e-11,19.352710723876953,1.0,8.289306047126743e-11,0.7286241054534912,1.0
count2-offset0,2,0,6,mean,cutoff-2,4,0.5684138536453247,3.423674570512958e-06,8269,-12.584793090820312,6.440406799316406,8.289306047126743e-11,18.107215881347656,1.0,8.289306047126743e-11,0.7826868891716003,1.0
count2-offset1,2,1,6,mean,cutoff-2,4,-0.7785154581069946,2.0371132904983824e-06,11883,-13.103974342346191,6.601332664489746,8.289306047126743e-11,20.85807991027832,1.0,8.289306047126743e-11,0.9805494546890259,1.0
count2-offset2,2,2,6,mean,cutoff-2,4,-0.7577430605888367,2.1078885765746236e-06,11802,-13.06982135772705,6.634997367858887,8.289306047126743e-11,20.82320213317871,1.0,8.289306047126743e-11,0.9732721447944641,1.0
count2-offset3,2,3,6,mean,cutoff-2,4,0.9719529151916504,6.404694886441575e-06,6387,-11.958473205566406,6.4348015785217285,8.289306047126743e-11,18.912616729736328,1.0,8.289306047126743e-11,0.7484307289123535,1.0
count4-offset0,4,0,6,mean,cutoff-2,4,-0.6834869980812073,3.6812220969295595e-06,10120,-12.512262344360352,6.937027931213379,8.289306047126743e-11,19.487884521484375,1.0,8.289306047126743e-11,1.0190651416778564,1.0
count4-offset1,4,1,6,mean,cutoff-2,4,0.4249867796897888,9.329727618023753e-06,6120,-11.582295417785645,6.948498249053955,8.289306047126743e-11,20.659101486206055,1.0,8.289306047126743e-11,1.00265371799469,1.0
count4-offset2,4,2,6,mean,cutoff-2,4,-0.6834869980812073,3.6812220969295595e-06,10120,-12.512262344360352,6.937027931213379,8.289306047126743e-11,19.487884521484375,1.0,8.289306047126743e-11,1.0190651416778564,1.0
count4-offset3,4,3,6,mean,cutoff-2,4,0.4249867796897888,9.329726708529051e-06,6120,-11.582295417785645,6.948497772216797,8.289306047126743e-11,20.659101486206055,1.0,8.289306047126743e-11,1.00265371799469,1.0
count8,8,0,6,mean,cutoff-2,4,0.6316180229187012,1.535354931547772e-05,4280,-11.084148406982422,6.793011665344238,8.289306047126743e-11,20.0645751953125,1.0,8.289306047126743e-11,1.038079857826233,1.0
count0,0,0,6,mean,cutoff-3,8,0.6435762643814087,2.4771300104475813e-06,7878,-12.908407211303711,6.177671432495117,1.9341714341258864e-10,18.527271270751953,1.0,1.9341714341258864e-10,0.38223153352737427,1.0
count1-offset0,1,0,6,mean,cutoff-3,8,1.2135809659957886,4.213223292026669e-06,6921,-12.377278327941895,6.578662872314453,1.9341714341258864e-10,17.983539581298828,1.0,1.9341714341258864e-10,0.3598719835281372,1.0
count1-offset1,1,1,6,mean,cutoff-3,8,0.3235551416873932,5.982771199342096e-06,4318,-12.026620864868164,5.735917091369629,1.9341714341258864e-10,17.13546371459961,1.0,1.9341714341258864e-10,0.5570092797279358,1.0
count1-offset2,1,2,6,mean,cutoff-3,8,0.27845707535743713,4.972434453520691e-06,4875,-12.211596488952637,5.818894863128662,1.9341714341258864e-10,17.073938369750977,1.0,1.9341714341258864e-10,0.5321234464645386,1.0
count1-offset3,1,3,6,mean,cutoff-3,8,0.36701637506484985,2.3625193534826394e-06,7344,-12.955779075622559,5.741067886352539,1.9341714341258864e-10,18.12006187438965,1.0,1.9341714341258864e-10,0.4818609356880188,1.0
count2-offset0,2,0,6,mean,cutoff-3,8,1.4265531301498413,5.596618848358048e-06,5431,-12.093342781066895,6.221836090087891,1.9341714341258864e-10,17.177270889282227,1.0,1.9341714341258864e-10,0.5361936092376709,1.0
count2-offset1,2,1,6,mean,cutoff-3,8,0.6517536044120789,6.057980499463156e-06,3610,-12.014128684997559,5.129674911499023,1.9341714341258864e-10,19.081815719604492,1.0,1.9341714341258864e-10,0.9346492290496826,1.0
count2-offset2,2,2,6,mean,cutoff-3,8,0.6267340183258057,5.70068505112431e-06,3803,-12.074918746948242,5.156134128570557,1.9341714341258864e-10,18.96135711669922,1.0,1.9341714341258864e-10,0.920221745967865,1.0
count2-offset3,2,3,6,mean,cutoff-3,8,1.3061606884002686,8.227113539760467e-06,4045,-11.708066940307617,5.885225296020508,1.9341714341258864e-10,17.864856719970703,1.0,1.9341714341258864e-10,0.5050921440124512,1.0
count4-offset0,4,0,6,mean,cutoff-3,8,0.6705143451690674,7.959135473356582e-06,3349,-11.741182327270508,4.896237850189209,1.9341714341258864e-10,17.500717163085938,1.0,1.9341714341258864e-10,0.9932628273963928,1.0
count4-offset1,4,1,6,mean,cutoff-3,8,1.7301609516143799,2.3997685275389813e-05,1773,-10.637529373168945,4.971881866455078,1.9341714341258864e-10,18.950990676879883,1.0,1.9341714341258864e-10,0.9741729497909546,1.0
count4-offset2,4,2,6,mean,cutoff-3,8,0.6705143451690674,7.959136382851284e-06,3349,-11.741182327270508,4.896238327026367,1.9341714341258864e-10,17.500717163085938,1.0,1.9341714341258864e-10,0.9932628273963928,1.0
count4-offset3,4,3,6,mean,cutoff-3,8,1.7301609516143799,2.3997685275389813e-05,1773,-10.637529373168945,4.971882343292236,1.9341714341258864e-10,18.950990676879883,1.0,1.9341714341258864e-10,0.9741729497909546,1.0
count8,8,0,6,mean,cutoff-3,8,2.0303573608398438,3.180249404977076e-05,1230,-10.355934143066406,4.7201151847839355,1.9341714341258864e-10,18.479372024536133,1.0,1.9341714341258864e-10,1.0266077518463135,1.0
count0,0,0,6,mean,cutoff-4,16,-0.9075421094894409,5.116521037962229e-07,12469,-14.485620498657227,5.884589195251465,0.6461896896362305,16.353538513183594,0.6520161032676697,0.6931471824645996,0.3887873589992523,0.5000032782554626
count1-offset0,1,0,6,mean,cutoff-4,16,-1.3462269306182861,6.495157549579744e-07,11856,-14.247037887573242,5.658594131469727,0.6153761148452759,15.473302841186523,0.6945931911468506,0.6931471824645996,0.3445102870464325,0.50001060962677
count1-offset1,1,1,6,mean,cutoff-4,16,1.2636529207229614,6.229327482287772e-06,4564,-11.986235618591309,6.155595302581787,0.6540820002555847,17.67715835571289,0.6388412714004517,0.6931471824645996,0.40684375166893005,0.5000317096710205
count1-offset2,1,2,6,mean,cutoff-4,16,1.5545917749404907,7.795842975610867e-06,4163,-11.76191234588623,6.235441207885742,0.6572126746177673,17.670724868774414,0.633232831954956,0.6931471824645996,0.394859254360199,0.5000307559967041
count1-offset3,1,3,6,mean,cutoff-4,16,-0.40385788679122925,1.042528310790658e-06,10037,-13.773860931396484,6.161365985870361,0.6449577808380127,15.665517807006836,0.6539645791053772,0.6931471824645996,0.30987071990966797,0.500024676322937
count2-offset0,2,0,6,mean,cutoff-4,16,-0.8795498013496399,1.1522527074703248e-06,9901,-13.67379093170166,5.914961814880371,0.615483283996582,14.829483032226562,0.6944627165794373,0.6931471824645996,0.34568312764167786,0.500033438205719
count2-offset1,2,1,6,mean,cutoff-4,16,1.8705871105194092,7.13459485268686e-06,3677,-11.85054874420166,5.728198051452637,0.6612333059310913,18.661603927612305,0.6256441473960876,0.6931471824645996,0.5776403546333313,0.5000122785568237
count2-offset2,2,2,6,mean,cutoff-4,16,1.9946303367614746,7.938864655443467e-06,3546,-11.743732452392578,5.8229780197143555,0.6612805128097534,18.618839263916016,0.6255521178245544,0.6931471824645996,0.5627685189247131,0.5000113248825073
count2-offset3,2,3,6,mean,cutoff-4,16,0.3276011645793915,2.3426871393894544e-06,7338,-12.96420955657959,6.177323341369629,0.6519588828086853,15.567098617553711,0.6425124406814575,0.6931471824645996,0.3152153789997101,0.5000243186950684
count4-offset0,4,0,6,mean,cutoff-4,16,2.2281250953674316,2.0989415133954026e-05,2521,-10.77147102355957,6.004349708557129,0.6578903198242188,16.62122344970703,0.6319857835769653,0.6931471824645996,0.6742656826972961,0.5000036358833313
count4-offset1,4,1,6,mean,cutoff-4,16,3.172682762145996,3.474253026070073e-05,1715,-10.267511367797852,5.883266925811768,0.6845601797103882,18.143661499023438,0.5654309391975403,0.6931471824645996,0.611998975276947,0.5000134110450745
count4-offset2,4,2,6,mean,cutoff-4,16,2.2281250953674316,2.0989415133954026e-05,2521,-10.77147102355957,6.004350185394287,0.6578903198242188,16.62122344970703,0.6319857835769653,0.6931471824645996,0.6742656826972961,0.5000036358833313
count4-offset3,4,3,6,mean,cutoff-4,16,3.172682762145996,3.474253026070073e-05,1715,-10.267511367797852,5.883266925811768,0.6845601797103882,18.143661499023438,0.5654309391975403,0.6931471824645996,0.611998975276947,0.5000134110450745
count8,8,0,6,mean,cutoff-4,16,2.993934392929077,9.515842975815758e-05,931,-9.259872436523438,6.000702857971191,0.6715086698532104,16.827959060668945,0.603638768196106,0.6931471824645996,0.7123429179191589,0.500005304813385
count0,0,0,6,mean,cutoff-5,32,-1.7199915647506714,3.158298511607427e-07,10595,-14.968061447143555,5.5748162269592285,1.2841129302978516,15.61956787109375,0.44408679008483887,1.3862943649291992,0.5204447507858276,0.2500019967556
count1-offset0,1,0,6,mean,cutoff-5,32,-1.5294040441513062,4.977345611223427e-07,9766,-14.513198852539062,5.695889472961426,1.2727253437042236,15.099836349487305,0.4444330334663391,1.3862943649291992,0.5181602239608765,0.2500064969062805
count1-offset1,1,1,6,mean,cutoff-5,32,0.2595585882663727,2.9744448966084747e-06,5918,-12.725449562072754,6.365065574645996,1.3400146961212158,15.466055870056152,0.33212071657180786,1.3862943649291992,0.49519047141075134,0.25001752376556396
count1-offset2,1,2,6,mean,cutoff-5,32,0.2552485167980194,3.0029491426830646e-06,5924,-12.715912818908691,6.417170524597168,1.3427700996398926,15.49081039428711,0.32380008697509766,1.3862943649291992,0.4961794316768646,0.25001707673072815
count1-offset3,1,3,6,mean,cutoff-5,32,-0.8932121992111206,1.1116405858047074e-06,8252,-13.709671974182129,6.319366455078125,1.299318790435791,13.893312454223633,0.43396592140197754,1.3862943649291992,0.4906143546104431,0.25001341104507446
count2-offset0,2,0,6,mean,cutoff-5,32,-0.9098485112190247,1.4045969010112458e-06,7972,-13.47575855255127,6.316079616546631,1.2853291034698486,13.519927024841309,0.43210476636886597,1.3862943649291992,0.49071839451789856,0.25001686811447144
count2-offset1,2,1,6,mean,cutoff-5,32,0.8950021862983704,3.5799505440081703e-06,4874,-12.54015827178955,5.683470726013184,1.3495283126831055,16.585567474365234,0.32130029797554016,1.3862943649291992,0.48503026366233826,0.2500080168247223
count2-offset2,2,2,6,mean,cutoff-5,32,0.8635815978050232,3.6134099445916945e-06,4922,-12.530855178833008,5.776302337646484,1.3502864837646484,16.555953979492188,0.31743964552879333,1.3862943649291992,0.4857647716999054,0.2500075101852417
count2-offset3,2,3,6,mean,cutoff-5,32,-0.39166268706321716,2.10116650123382e-06,6539,-13.073015213012695,6.299725532531738,1.3043605089187622,13.897926330566406,0.43287393450737,1.3862943649291992,0.4914528429508209,0.2500132620334625
count4-offset0,4,0,6,mean,cutoff-5,32,1.3030266761779785,9.127797056862619e-06,3768,-11.604177474975586,6.049971580505371,1.3467679023742676,15.284770965576172,0.32507047057151794,1.3862944841384888,0.4897102415561676,0.2500036656856537
count4-offset1,4,1,6,mean,cutoff-5,32,1.8847724199295044,1.3774377293884754e-05,2944,-11.192687034606934,5.967979431152344,1.3733766078948975,16.187849044799805,0.29501843452453613,1.3862943649291992,0.48724979162216187,0.2500079870223999
count4-offset2,4,2,6,mean,cutoff-5,32,1.3030266761779785,9.127797056862619e-06,3768,-11.604177474975586,6.0499725341796875,1.3467679023742676,15.284770965576172,0.32507047057151794,1.3862944841384888,0.4897102415561676,0.2500036656856537
count4-offset3,4,3,6,mean,cutoff-5,32,1.8847724199295044,1.3774377293884754e-05,2944,-11.192687034606934,5.967979431152344,1.3733766078948975,16.187849044799805,0.29501843452453613,1.3862943649291992,0.48724979162216187,0.2500079870223999
count8,8,0,6,mean,cutoff-5,32,2.4276201725006104,4.223471842124127e-05,1614,-10.072225570678711,6.272668838500977,1.3597674369812012,15.970420837402344,0.3026527166366577,1.3862943649291992,0.49251532554626465,0.2500038743019104
count0,0,0,6,mean,full,-1,-1.7199915647506714,3.158298511607427e-07,10595,-14.968061447143555,5.5748162269592285,,,,,,
count1-offset0,1,0,6,mean,full,-1,-1.5294040441513062,4.977345611223427e-07,9766,-14.513198852539062,5.695889472961426,,,,,,
count1-offset1,1,1,6,mean,full,-1,0.2595585882663727,2.9744448966084747e-06,5918,-12.725449562072754,6.365065574645996,,,,,,
count1-offset2,1,2,6,mean,full,-1,0.2552485167980194,3.0029491426830646e-06,5924,-12.715912818908691,6.417170524597168,,,,,,
count1-offset3,1,3,6,mean,full,-1,-0.8932121992111206,1.1116405858047074e-06,8252,-13.709671974182129,6.319366455078125,,,,,,
count2-offset0,2,0,6,mean,full,-1,-0.9098485112190247,1.4045969010112458e-06,7972,-13.47575855255127,6.316079616546631,,,,,,
count2-offset1,2,1,6,mean,full,-1,0.8950021862983704,3.5799505440081703e-06,4874,-12.54015827178955,5.683470726013184,,,,,,
count2-offset2,2,2,6,mean,full,-1,0.8635815978050232,3.6134099445916945e-06,4922,-12.530855178833008,5.776302337646484,,,,,,
count2-offset3,2,3,6,mean,full,-1,-0.39166268706321716,2.10116650123382e-06,6539,-13.073015213012695,6.299725532531738,,,,,,
count4-offset0,4,0,6,mean,full,-1,1.3030266761779785,9.127797056862619e-06,3768,-11.604177474975586,6.049971580505371,,,,,,
count4-offset1,4,1,6,mean,full,-1,1.8847724199295044,1.3774377293884754e-05,2944,-11.192687034606934,5.967979431152344,,,,,,
count4-offset2,4,2,6,mean,full,-1,1.3030266761779785,9.127797056862619e-06,3768,-11.604177474975586,6.0499725341796875,,,,,,
count4-offset3,4,3,6,mean,full,-1,1.8847724199295044,1.3774377293884754e-05,2944,-11.192687034606934,5.967979431152344,,,,,,
count8,8,0,6,mean,full,-1,2.4276201725006104,4.223471842124127e-05,1614,-10.072225570678711,6.272668838500977,,,,,,
count0,0,0,7,native,cutoff-0,1,8.371846199035645,2.3304345120322978e-08,6545,-17.574626922607422,3.4584476947784424,-0.0,44.67997741699219,1.0,-0.0,1.4133894443511963,1.0
count1-offset0,1,0,7,native,cutoff-0,1,9.984678268432617,2.3722275699356032e-08,4987,-17.556852340698242,2.928246021270752,-0.0,46.624114990234375,1.0,-0.0,1.500067949295044,1.0
count1-offset1,1,1,7,native,cutoff-0,1,10.600787162780762,1.0139643080719907e-07,3863,-16.104228973388672,3.252964973449707,-0.0,44.819705963134766,1.0,-0.0,1.4971330165863037,1.0
count1-offset2,1,2,7,native,cutoff-0,1,9.876253128051758,2.749123950707144e-07,4037,-15.106813430786133,3.800665855407715,-0.0,42.30528259277344,1.0,-0.0,1.4971964359283447,1.0
count1-offset3,1,3,7,native,cutoff-0,1,9.737849235534668,4.070895442964684e-07,3751,-14.714232444763184,3.961398124694824,-0.0,41.13374328613281,1.0,-0.0,1.4721089601516724,1.0
count2-offset0,2,0,7,native,cutoff-0,1,11.47770881652832,3.491389009013801e-07,2587,-14.867795944213867,2.8770227432250977,-0.0,44.326629638671875,1.0,-0.0,1.6297712326049805,1.0
count2-offset1,2,1,7,native,cutoff-0,1,11.540042877197266,2.5024453975674987e-07,2731,-15.200826644897461,2.9118852615356445,-0.0,44.1484489440918,1.0,-0.0,1.6139861345291138,1.0
count2-offset2,2,2,7,native,cutoff-0,1,10.91353988647461,1.5991719237717916e-06,2137,-13.346023559570312,3.7885475158691406,-0.0,41.540287017822266,1.0,-0.0,1.613357424736023,1.0
count2-offset3,2,3,7,native,cutoff-0,1,11.372961044311523,1.8194942867921782e-06,2071,-13.216949462890625,3.5078327655792236,-0.0,40.35419845581055,1.0,-0.0,1.4814873933792114,1.0
count4-offset0,4,0,7,native,cutoff-0,1,13.53102970123291,4.263341395471798e-07,660,-14.668042182922363,0.29493439197540283,-0.0,44.57282257080078,1.0,-0.0,1.9098737239837646,1.0
count4-offset1,4,1,7,native,cutoff-0,1,14.349123001098633,4.1395543348698993e-07,557,-14.697507858276367,0.3054017126560211,-0.0,42.32374954223633,1.0,-0.0,1.791411280632019,1.0
count4-offset2,4,2,7,native,cutoff-0,1,13.53102970123291,4.263342532340175e-07,660,-14.668042182922363,0.2949342131614685,-0.0,44.57282257080078,1.0,-0.0,1.9098737239837646,1.0
count4-offset3,4,3,7,native,cutoff-0,1,14.349123001098633,4.1395534822186164e-07,557,-14.697507858276367,0.30540183186531067,-0.0,42.32374954223633,1.0,-0.0,1.791411280632019,1.0
count8,8,0,7,native,cutoff-0,1,18.457866668701172,1.9383188387678274e-09,260,-20.061443328857422,0.003271560650318861,-0.0,54.602779388427734,1.0,-0.0,2.0426368713378906,1.0
count0,0,0,7,native,cutoff-1,2,6.6459574699401855,6.9092398469194904e-09,7318,-18.7904052734375,2.463472604751587,2.7631020735330303e-11,44.00143814086914,1.0,2.7631020735330303e-11,1.3581767082214355,1.0
count1-offset0,1,0,7,native,cutoff-1,2,6.936069011688232,5.320587970203405e-09,6740,-19.051681518554688,2.503340244293213,2.7631020735330303e-11,45.9743766784668,1.0,2.7631020735330303e-11,1.4035519361495972,1.0
count1-offset1,1,1,7,native,cutoff-1,2,7.434950828552246,2.3774099133788695e-08,5530,-17.554668426513672,3.020341634750366,2.7631020735330303e-11,44.167198181152344,1.0,2.7631020735330303e-11,1.4054309129714966,1.0
count1-offset2,1,2,7,native,cutoff-1,2,7.916029453277588,1.0509836556593655e-07,4581,-16.068368911743164,2.7561328411102295,2.7631020735330303e-11,41.44972610473633,1.0,2.7631020735330303e-11,1.4065039157867432,1.0
count1-offset3,1,3,7,native,cutoff-1,2,7.410365581512451,1.336405119900519e-07,4733,-15.82811164855957,3.141246795654297,2.7631020735330303e-11,40.52332305908203,1.0,2.7631020735330303e-11,1.3899403810501099,1.0
count2-offset0,2,0,7,native,cutoff-1,2,8.432421684265137,8.890035729791634e-08,3567,-16.235748291015625,2.17726993560791,2.7631020735330303e-11,43.95720291137695,1.0,2.7631020735330303e-11,1.5292643308639526,1.0
count2-offset1,2,1,7,native,cutoff-1,2,8.231986045837402,5.332042718464436e-08,4043,-16.746944427490234,2.4977898597717285,2.7631020735330303e-11,43.72398376464844,1.0,2.7631020735330303e-11,1.511865258216858,1.0
count2-offset2,2,2,7,native,cutoff-1,2,8.697829246520996,3.863015365368483e-07,2944,-14.766646385192871,2.652799129486084,2.7631020735330303e-11,40.781803131103516,1.0,2.7631020735330303e-11,1.5123755931854248,1.0
count2-offset3,2,3,7,native,cutoff-1,2,8.93185806274414,9.617592695576604e-07,2540,-13.854499816894531,3.2878317832946777,2.7631020735330303e-11,39.835365295410156,1.0,2.7631020735330303e-11,1.3972575664520264,1.0
count4-offset0,4,0,7,native,cutoff-1,2,10.919218063354492,2.5820921223385085e-07,1070,-15.16949462890625,0.5632697343826294,2.7631020735330303e-11,44.58042907714844,1.0,2.7631020735330303e-11,1.9081536531448364,1.0
count4-offset1,4,1,7,native,cutoff-1,2,11.50825023651123,1.4074980470013543e-07,883,-15.77628231048584,0.3388458490371704,2.7631020735330303e-11,42.473628997802734,1.0,2.7631020735330303e-11,1.7358143329620361,1.0
count4-offset2,4,2,7,native,cutoff-1,2,10.919218063354492,2.582091838121414e-07,1070,-15.16949462890625,0.5632697939872742,2.7631020735330303e-11,44.58042907714844,1.0,2.7631020735330303e-11,1.9081536531448364,1.0
count4-offset3,4,3,7,native,cutoff-1,2,11.50825023651123,1.4074981891099014e-07,883,-15.77628231048584,0.33884578943252563,2.7631020735330303e-11,42.473628997802734,1.0,2.7631020735330303e-11,1.7358143329620361,1.0
count8,8,0,7,native,cutoff-1,2,16.617109298706055,1.6761926291408713e-09,252,-20.20673942565918,0.002513139508664608,2.7631020735330303e-11,54.08225631713867,1.0,2.7631020735330303e-11,2.0427181720733643,1.0
count0,0,0,7,native,cutoff-2,4,4.870063781738281,2.804303234071881e-09,8122,-19.692110061645508,1.074242115020752,8.289306047126743e-11,42.523563385009766,1.0,8.289306047126743e-11,1.2150205373764038,1.0
count1-offset0,1,0,7,native,cutoff-2,4,6.306713581085205,2.706396529106314e-08,4243,-17.42506217956543,2.371246814727783,8.289306047126743e-11,44.1420783996582,1.0,8.289306047126743e-11,1.085272192955017,1.0
count1-offset1,1,1,7,native,cutoff-2,4,6.827152252197266,5.620770693326449e-08,3848,-16.694211959838867,2.498673915863037,8.289306047126743e-11,42.37562942504883,1.0,8.289306047126743e-11,1.1163681745529175,1.0
count1-offset2,1,2,7,native,cutoff-2,4,6.968238353729248,3.363354892371717e-07,4160,-14.905157089233398,3.531611442565918,8.289306047126743e-11,39.34639358520508,1.0,8.289306047126743e-11,1.117641806602478,1.0
count1-offset3,1,3,7,native,cutoff-2,4,6.05328369140625,6.818255116058936e-08,4679,-16.50107765197754,1.6555150747299194,8.289306047126743e-11,39.16727066040039,1.0,8.289306047126743e-11,1.0957001447677612,1.0
count2-offset0,2,0,7,native,cutoff-2,4,6.9290337562561035,4.875171839557879e-07,2359,-14.533939361572266,2.600257158279419,8.289306047126743e-11,41.49164581298828,1.0,8.289306047126743e-11,1.072070837020874,1.0
count2-offset1,2,1,7,native,cutoff-2,4,7.326345920562744,1.2536395388451638e-07,2803,-15.892044067382812,2.110274314880371,8.289306047126743e-11,41.70193099975586,1.0,8.289306047126743e-11,1.0781350135803223,1.0
count2-offset2,2,2,7,native,cutoff-2,4,7.389492034912109,3.658821015051217e-07,2790,-14.820953369140625,1.538224220275879,8.289306047126743e-11,38.595829010009766,1.0,8.289306047126743e-11,1.0802417993545532,1.0
count2-offset3,2,3,7,native,cutoff-2,4,6.972011089324951,9.913607073031017e-07,2446,-13.824186325073242,2.795020580291748,8.289306047126743e-11,37.91328430175781,1.0,8.289306047126743e-11,1.0924042463302612,1.0
count4-offset0,4,0,7,native,cutoff-2,4,8.701632499694824,1.459909242385038e-07,904,-15.739720344543457,0.14268024265766144,8.289306047126743e-11,42.09162521362305,1.0,8.289306047126743e-11,1.7662999629974365,1.0
count4-offset1,4,1,7,native,cutoff-2,4,8.668153762817383,2.652740249686758e-07,796,-15.142501831054688,0.2593572735786438,8.289306047126743e-11,39.88099670410156,1.0,8.289306047126743e-11,1.2944127321243286,1.0
count4-offset2,4,2,7,native,cutoff-2,4,8.701632499694824,1.4599095266021322e-07,904,-15.73972225189209,0.14268004894256592,8.289306047126743e-11,42.09162521362305,1.0,8.289306047126743e-11,1.7662999629974365,1.0
count4-offset3,4,3,7,native,cutoff-2,4,8.668153762817383,2.652740249686758e-07,796,-15.142501831054688,0.2593572735786438,8.289306047126743e-11,39.88099670410156,1.0,8.289306047126743e-11,1.2944127321243286,1.0
count8,8,0,7,native,cutoff-2,4,13.922008514404297,1.0205600808887993e-08,268,-18.40032958984375,0.006449714303016663,8.289306047126743e-11,51.31589889526367,1.0,8.289306047126743e-11,2.037917137145996,1.0
count0,0,0,7,native,cutoff-3,8,2.659456253051758,7.043070127110695e-07,5519,-14.166051864624023,5.187154769897461,0.6475285887718201,28.40775489807129,0.6498675346374512,0.6931471824645996,0.8510680794715881,0.5
count1-offset0,1,0,7,native,cutoff-3,8,3.414930820465088,3.847854713967536e-06,2974,-12.46799087524414,5.062443256378174,0.6306016445159912,28.43232536315918,0.6749718189239502,0.6931471824645996,0.7395236492156982,0.5000088214874268
count1-offset1,1,1,7,native,cutoff-3,8,2.477536201477051,2.104660097757005e-06,4318,-13.071354866027832,5.414350509643555,0.6293798685073853,27.40743064880371,0.6766350865364075,0.6931471824645996,0.7608045339584351,0.5000171065330505
count1-offset2,1,2,7,native,cutoff-3,8,3.9460830688476562,8.418010111199692e-06,2605,-11.685129165649414,5.373472213745117,0.6361183524131775,26.482437133789062,0.6672366857528687,0.6931471824645996,0.7657821178436279,0.5000174641609192
count1-offset3,1,3,7,native,cutoff-3,8,3.6400370597839355,4.208864538668422e-06,3235,-12.378313064575195,5.408568859100342,0.6657963991165161,26.610231399536133,0.6164054870605469,0.6931471824645996,0.7654016613960266,0.5000101923942566
count2-offset0,2,0,7,native,cutoff-3,8,3.7559807300567627,6.897015282447683e-06,2287,-11.884414672851562,4.504728317260742,0.6447983980178833,27.996976852416992,0.6542147397994995,0.6931471824645996,0.7710521221160889,0.5000129342079163
count2-offset1,2,1,7,native,cutoff-3,8,3.1850509643554688,3.7613117456203327e-06,3170,-12.490738868713379,5.091521263122559,0.6507365703582764,27.663440704345703,0.6445813775062561,0.6931471824645996,0.7799336314201355,0.5000011324882507
count2-offset2,2,2,7,native,cutoff-3,8,4.734977722167969,1.7620228391024284e-05,1657,-10.94644546508789,4.752298355102539,0.6489050388336182,26.407133102416992,0.6476240158081055,0.6931471824645996,0.7796133160591125,0.5000005960464478
count2-offset3,2,3,7,native,cutoff-3,8,4.504268646240234,1.36612352434895e-05,1911,-11.200934410095215,5.228368759155273,0.6682037115097046,26.317630767822266,0.6112101078033447,0.6931471824645996,0.7617366909980774,0.5000101327896118
count4-offset0,4,0,7,native,cutoff-3,8,5.401205539703369,3.180572821293026e-05,613,-10.355831146240234,2.394378185272217,0.6500500440597534,28.752134323120117,0.6457298398017883,0.6931471824645996,1.3562064170837402,0.5000092387199402
count4-offset1,4,1,7,native,cutoff-3,8,4.5868754386901855,6.051638592907693e-06,1217,-12.015174865722656,1.6632819175720215,0.682694673538208,27.917423248291016,0.5721665024757385,0.6931471824645996,0.9518550634384155,0.5000266432762146
count4-offset2,4,2,7,native,cutoff-3,8,5.401205539703369,3.1805724574951455e-05,613,-10.355831146240234,2.3943779468536377,0.6500500440597534,28.752134323120117,0.6457298398017883,0.6931471824645996,1.3562064170837402,0.5000092387199402
count4-offset3,4,3,7,native,cutoff-3,8,4.5868754386901855,6.05163677391829e-06,1217,-12.015174865722656,1.6632816791534424,0.682694673538208,27.917423248291016,0.5721665024757385,0.6931471824645996,0.9518550634384155,0.5000266432762146
count8,8,0,7,native,cutoff-3,8,7.2716383934021,1.6185861113626743e-06,335,-13.333955764770508,0.13177832961082458,0.6919812560081482,36.34626007080078,0.524139940738678,0.6931471824645996,1.620104432106018,0.500002384185791
count0,0,0,7,native,cutoff-4,16,1.0705815553665161,2.2993112906988245e-06,5017,-12.982898712158203,5.531354904174805,1.3297041654586792,21.060354232788086,0.36579588055610657,1.3862943649291992,0.5926507711410522,0.25000765919685364
count1-offset0,1,0,7,native,cutoff-4,16,2.2191224098205566,7.0704704739910085e-06,3141,-11.859575271606445,5.749756813049316,1.3124535083770752,21.77378273010254,0.38164424896240234,1.3862943649291992,0.5133040547370911,0.2500365078449249
count1-offset1,1,1,7,native,cutoff-4,16,3.217021942138672,1.3963308447273448e-05,2173,-11.17906379699707,5.551781177520752,1.3071284294128418,21.191858291625977,0.3987812399864197,1.3862943649291992,0.5227457880973816,0.2500113248825073
count1-offset2,1,2,7,native,cutoff-4,16,1.7160069942474365,5.7988540902442764e-06,3503,-12.057844161987305,5.582365036010742,1.321568489074707,20.256715774536133,0.3569082021713257,1.3862943649291992,0.51116943359375,0.2500213086605072
count1-offset3,1,3,7,native,cutoff-4,16,2.1160848140716553,9.127694283961318e-06,3216,-11.604188919067383,5.929770469665527,1.3379030227661133,19.355131149291992,0.3552532196044922,1.3862943649291992,0.5248523950576782,0.25001266598701477
count2-offset0,2,0,7,native,cutoff-4,16,2.4280946254730225,1.2171618436696008e-05,2632,-11.316390991210938,5.812845706939697,1.3134400844573975,21.257055282592773,0.38605019450187683,1.3862943649291992,0.5671702027320862,0.2500278055667877
count2-offset1,2,1,7,native,cutoff-4,16,3.6454358100891113,2.1300496882759035e-05,1724,-10.756759643554688,5.574520111083984,1.3317047357559204,21.415861129760742,0.38320401310920715,1.3862943649291992,0.4882833957672119,0.25002536177635193
count2-offset2,2,2,7,native,cutoff-4,16,2.3581113815307617,1.1848233953060117e-05,2516,-11.3433198928833,5.627425193786621,1.3379645347595215,20.169036865234375,0.3513880670070648,1.3862943649291992,0.504386842250824,0.2500249445438385
count2-offset3,2,3,7,native,cutoff-4,16,2.359844446182251,1.532759051769972e-05,2534,-11.085840225219727,5.94678258895874,1.337001085281372,19.08983039855957,0.3674829602241516,1.3862943649291992,0.520595133304596,0.25001242756843567
count4-offset0,4,0,7,native,cutoff-4,16,3.163727283477783,2.1226340322755277e-05,1680,-10.760246276855469,5.233689308166504,1.3365740776062012,21.707046508789062,0.3361583948135376,1.3862943649291992,0.8383675217628479,0.2500072121620178
count4-offset1,4,1,7,native,cutoff-4,16,4.902252674102783,5.700078691006638e-05,856,-9.772388458251953,4.890254974365234,1.3682304620742798,21.26016616821289,0.32797107100486755,1.3862943649291992,0.5006954669952393,0.25002580881118774
count4-offset2,4,2,7,native,cutoff-4,16,3.163727283477783,2.1226340322755277e-05,1680,-10.760246276855469,5.233689308166504,1.3365740776062012,21.707046508789062,0.3361583948135376,1.3862943649291992,0.8383675217628479,0.2500072121620178
count4-offset3,4,3,7,native,cutoff-4,16,4.902252674102783,5.700078691006638e-05,856,-9.772388458251953,4.890254497528076,1.3682304620742798,21.26016616821289,0.32797107100486755,1.3862943649291992,0.5006954669952393,0.25002580881118774
count8,8,0,7,native,cutoff-4,16,6.752495288848877,9.110716928262264e-05,310,-9.303384780883789,2.792598247528076,1.3585314750671387,27.52596664428711,0.3407299518585205,1.3862943649291992,1.1119012832641602,0.25001150369644165
count0,0,0,7,native,cutoff-5,32,-1.4907221794128418,1.396286620547471e-06,6573,-13.481693267822266,5.842337608337402,1.9569001197814941,13.720044136047363,0.2793545722961426,2.079441547393799,0.5212988257408142,0.1250043660402298
count1-offset0,1,0,7,native,cutoff-5,32,0.40045568346977234,9.998171663028188e-06,3322,-11.513097763061523,6.31544303894043,1.9655537605285645,14.197626113891602,0.2671300768852234,2.079441547393799,0.49779048562049866,0.1250198781490326
count1-offset1,1,1,7,native,cutoff-5,32,0.08413901925086975,6.480792762886267e-06,4004,-11.946660995483398,6.320475101470947,1.9633138179779053,13.579110145568848,0.20564840734004974,2.079441547393799,0.5044346451759338,0.12500880658626556
count1-offset2,1,2,7,native,cutoff-5,32,-0.7811775207519531,3.424979240662651e-06,4857,-12.58441162109375,5.943500518798828,1.9493181705474854,13.637801170349121,0.23768576979637146,2.079441785812378,0.5056300163269043,0.12501387298107147
count1-offset3,1,3,7,native,cutoff-5,32,-0.43170174956321716,5.212112228036858e-06,4613,-12.164520263671875,6.325068473815918,1.9733703136444092,12.409555435180664,0.26704806089401245,2.079441547393799,0.5014011263847351,0.1250092089176178
count2-offset0,2,0,7,native,cutoff-5,32,0.7035790681838989,1.5669271306251176e-05,2925,-11.063793182373047,6.5361409187316895,1.9588384628295898,14.142622947692871,0.27755188941955566,2.079441547393799,0.4832826256752014,0.12501738965511322
count2-offset1,2,1,7,native,cutoff-5,32,0.5007403492927551,9.527959264232777e-06,3477,-11.561270713806152,6.409951686859131,1.988915205001831,13.783260345458984,0.19635790586471558,2.079441547393799,0.4889366030693054,0.1250147819519043
count2-offset2,2,2,7,native,cutoff-5,32,0.00393328070640564,7.751015800749883e-06,3643,-11.767679214477539,6.146939277648926,1.9750676155090332,13.417222023010254,0.22445599734783173,2.079441785812378,0.49022814631462097,0.12501482665538788
count2-offset3,2,3,7,native,cutoff-5,32,-0.1700741946697235,7.074216682667611e-06,4119,-11.859046936035156,6.375515937805176,1.968356728553772,12.362083435058594,0.27813512086868286,2.079441547393799,0.5012615323066711,0.12500926852226257
count4-offset0,4,0,7,native,cutoff-5,32,1.856093406677246,4.333956530899741e-05,1574,-10.046401023864746,6.388674736022949,1.9871511459350586,14.870699882507324,0.22543267905712128,2.079441547393799,0.4783099591732025,0.1250048726797104
count4-offset1,4,1,7,native,cutoff-5,32,1.5418516397476196,2.653957562870346e-05,2185,-10.536847114562988,6.524910926818848,2.0288853645324707,13.768159866333008,0.1790008842945099,2.079441547393799,0.48115164041519165,0.12501496076583862
count4-offset2,4,2,7,native,cutoff-5,32,1.856093406677246,4.333956530899741e-05,1574,-10.046401023864746,6.388674736022949,1.9871511459350586,14.870699882507324,0.22543267905712128,2.079441547393799,0.4783099591732025,0.1250048726797104
count4-offset3,4,3,7,native,cutoff-5,32,1.5418516397476196,2.653957562870346e-05,2185,-10.536847114562988,6.524911403656006,2.0288853645324707,13.768159866333008,0.1790008842945099,2.079441547393799,0.48115164041519165,0.12501496076583862
count8,8,0,7,native,cutoff-5,32,4.191732406616211,0.00010386671056039631,638,-9.172298431396484,5.322431564331055,2.0190322399139404,19.31545639038086,0.17890915274620056,2.079441547393799,0.500463604927063,0.1250057965517044
count0,0,0,7,native,full,-1,-1.4907221794128418,1.396286620547471e-06,6573,-13.481693267822266,5.842337608337402,,,,,,
count1-offset0,1,0,7,native,full,-1,0.40045568346977234,9.998171663028188e-06,3322,-11.513097763061523,6.31544303894043,,,,,,
count1-offset1,1,1,7,native,full,-1,0.08413901925086975,6.480792762886267e-06,4004,-11.946660995483398,6.320475101470947,,,,,,
count1-offset2,1,2,7,native,full,-1,-0.7811775207519531,3.424979240662651e-06,4857,-12.58441162109375,5.943500518798828,,,,,,
count1-offset3,1,3,7,native,full,-1,-0.43170174956321716,5.212112228036858e-06,4613,-12.164520263671875,6.325068473815918,,,,,,
count2-offset0,2,0,7,native,full,-1,0.7035790681838989,1.5669271306251176e-05,2925,-11.063793182373047,6.5361409187316895,,,,,,
count2-offset1,2,1,7,native,full,-1,0.5007403492927551,9.527959264232777e-06,3477,-11.561270713806152,6.409951686859131,,,,,,
count2-offset2,2,2,7,native,full,-1,0.00393328070640564,7.751015800749883e-06,3643,-11.767679214477539,6.146939277648926,,,,,,
count2-offset3,2,3,7,native,full,-1,-0.1700741946697235,7.074216682667611e-06,4119,-11.859046936035156,6.375515937805176,,,,,,
count4-offset0,4,0,7,native,full,-1,1.856093406677246,4.333956530899741e-05,1574,-10.046401023864746,6.388674736022949,,,,,,
count4-offset1,4,1,7,native,full,-1,1.5418516397476196,2.653957562870346e-05,2185,-10.536847114562988,6.524910926818848,,,,,,
count4-offset2,4,2,7,native,full,-1,1.856093406677246,4.333956530899741e-05,1574,-10.046401023864746,6.388674736022949,,,,,,
count4-offset3,4,3,7,native,full,-1,1.5418516397476196,2.653957562870346e-05,2185,-10.536847114562988,6.524911403656006,,,,,,
count8,8,0,7,native,full,-1,4.191732406616211,0.00010386671056039631,638,-9.172298431396484,5.322431564331055,,,,,,
count0,0,0,7,mean,cutoff-0,1,1.466301441192627,5.585921826423146e-06,7461,-12.095254898071289,6.754536151885986,-0.0,20.868484497070312,1.0,-0.0,0.5027754306793213,1.0
count1-offset0,1,0,7,mean,cutoff-0,1,1.7916678190231323,6.900907010276569e-06,6514,-11.883851051330566,6.69923210144043,-0.0,21.60783576965332,1.0,-0.0,0.5887918472290039,1.0
count1-offset1,1,1,7,mean,cutoff-0,1,2.179591417312622,1.022646847559372e-05,5611,-11.490521430969238,6.864734172821045,-0.0,21.06707763671875,1.0,-0.0,0.5785680413246155,1.0
count1-offset2,1,2,7,mean,cutoff-0,1,2.3094468116760254,1.4470424503087997e-05,4910,-11.143390655517578,7.080752372741699,-0.0,20.273452758789062,1.0,-0.0,0.5784709453582764,1.0
count1-offset3,1,3,7,mean,cutoff-0,1,1.9483907222747803,1.3278890946821775e-05,5365,-11.229321479797363,7.150757789611816,-0.0,19.910003662109375,1.0,-0.0,0.5630584955215454,1.0
count2-offset0,2,0,7,mean,cutoff-0,1,2.331653118133545,1.4502155863738153e-05,4761,-11.141199111938477,6.954960823059082,-0.0,21.036109924316406,1.0,-0.0,0.6901425123214722,1.0
count2-offset1,2,1,7,mean,cutoff-0,1,2.495072841644287,1.5103463738341816e-05,4598,-11.10057258605957,6.907315254211426,-0.0,20.950927734375,1.0,-0.0,0.672641932964325,1.0
count2-offset2,2,2,7,mean,cutoff-0,1,2.744917869567871,2.162184682674706e-05,3898,-10.74178409576416,7.143905162811279,-0.0,20.13675308227539,1.0,-0.0,0.6727222800254822,1.0
count2-offset3,2,3,7,mean,cutoff-0,1,2.446147918701172,2.2565525796380825e-05,3984,-10.699064254760742,7.231176376342773,-0.0,19.7403507232666,1.0,-0.0,0.5703701376914978,1.0
count4-offset0,4,0,7,mean,cutoff-0,1,3.0762124061584473,3.6676417948910967e-05,2654,-10.213340759277344,6.984136581420898,-0.0,21.026416778564453,1.0,-0.0,0.9359029531478882,1.0
count4-offset1,4,1,7,mean,cutoff-0,1,3.176239490509033,3.9400492823915556e-05,2508,-10.141693115234375,6.783497333526611,-0.0,20.415283203125,1.0,-0.0,0.8043016791343689,1.0
count4-offset2,4,2,7,mean,cutoff-0,1,3.0762124061584473,3.6676417948910967e-05,2654,-10.213340759277344,6.984136581420898,-0.0,21.026416778564453,1.0,-0.0,0.9359029531478882,1.0
count4-offset3,4,3,7,mean,cutoff-0,1,3.176239490509033,3.940048918593675e-05,2508,-10.141693115234375,6.783496856689453,-0.0,20.415283203125,1.0,-0.0,0.8043016791343689,1.0
count8,8,0,7,mean,cutoff-0,1,3.7109594345092773,3.2795964216347784e-05,2108,-10.325172424316406,5.741796016693115,-0.0,22.88003158569336,1.0,-0.0,1.0794874429702759,1.0
count0,0,0,7,mean,cutoff-1,2,0.9088264107704163,3.787867399296374e-06,8843,-12.48370361328125,6.631813049316406,2.7631020735330303e-11,19.64685821533203,1.0,2.7631020735330303e-11,0.45495203137397766,1.0
count1-offset0,1,0,7,mean,cutoff-1,2,0.8773688673973083,6.8947529143770225e-06,6736,-11.884742736816406,6.627954959869385,2.7631020735330303e-11,20.078983306884766,1.0,2.7631020735330303e-11,0.5099777579307556,1.0
count1-offset1,1,1,7,mean,cutoff-1,2,0.7993945479393005,5.857654286955949e-06,7559,-12.047755241394043,6.577823638916016,2.7631020735330303e-11,19.390817642211914,1.0,2.7631020735330303e-11,0.5019433498382568,1.0
count1-offset2,1,2,7,mean,cutoff-1,2,1.5794992446899414,9.34196577873081e-06,6179,-11.580985069274902,6.872493743896484,2.7631020735330303e-11,18.842933654785156,1.0,2.7631020735330303e-11,0.5024248361587524,1.0
count1-offset3,1,3,7,mean,cutoff-1,2,1.3868324756622314,8.818539754429366e-06,6571,-11.638646125793457,6.912016868591309,2.7631020735330303e-11,18.622364044189453,1.0,2.7631020735330303e-11,0.4893406629562378,1.0
count2-offset0,2,0,7,mean,cutoff-1,2,1.0449031591415405,1.1492378689581528e-05,5729,-11.373815536499023,6.936666965484619,2.7631020735330303e-11,19.23689842224121,1.0,2.7631020735330303e-11,0.6136633157730103,1.0
count2-offset1,2,1,7,mean,cutoff-1,2,0.76472407579422,5.786300334875705e-06,8096,-12.060011863708496,6.753034591674805,2.7631020735330303e-11,19.33915138244629,1.0,2.7631020735330303e-11,0.5943329334259033,1.0
count2-offset2,2,2,7,mean,cutoff-1,2,1.699552297592163,1.0061602552013937e-05,5911,-11.506773948669434,6.734917640686035,2.7631020735330303e-11,18.70231056213379,1.0,2.7631020735330303e-11,0.59588623046875,1.0
count2-offset3,2,3,7,mean,cutoff-1,2,1.6347671747207642,1.3141313502273988e-05,5478,-11.239736557006836,6.988059043884277,2.7631020735330303e-11,18.269941329956055,1.0,2.7631020735330303e-11,0.4949509799480438,1.0
count4-offset0,4,0,7,mean,cutoff-1,2,1.1168628931045532,1.3473553735821042e-05,5130,-11.214768409729004,7.029934406280518,2.7631020735330303e-11,19.407438278198242,1.0,2.7631020735330303e-11,0.9277090430259705,1.0
count4-offset1,4,1,7,mean,cutoff-1,2,1.51987886428833,1.9423307094257325e-05,4432,-10.849018096923828,7.185943603515625,2.7631020735330303e-11,18.82999038696289,1.0,2.7631020735330303e-11,0.7455871105194092,1.0
count4-offset2,4,2,7,mean,cutoff-1,2,1.1168628931045532,1.3473553735821042e-05,5130,-11.214768409729004,7.029934883117676,2.7631020735330303e-11,19.407438278198242,1.0,2.7631020735330303e-11,0.9277090430259705,1.0
count4-offset3,4,3,7,mean,cutoff-1,2,1.51987886428833,1.9423307094257325e-05,4432,-10.849018096923828,7.185943126678467,2.7631020735330303e-11,18.82999038696289,1.0,2.7631020735330303e-11,0.7455871105194092,1.0
count8,8,0,7,mean,cutoff-1,2,2.3580307960510254,3.832720540231094e-05,1938,-10.1693115234375,5.8362836837768555,2.7631020735330303e-11,22.029661178588867,1.0,2.7631020735330303e-11,1.0858145952224731,1.0
count0,0,0,7,mean,cutoff-2,4,1.3890551328659058,8.687710760568734e-06,4705,-11.653592109680176,6.626171112060547,8.289306047126743e-11,18.49007797241211,1.0,8.289306047126743e-11,0.5139580965042114,1.0
count1-offset0,1,0,7,mean,cutoff-2,4,1.7333848476409912,2.2641341274720617e-05,2746,-10.695710182189941,6.522592544555664,8.289306047126743e-11,19.0580997467041,1.0,8.289306047126743e-11,0.3796527683734894,1.0
count1-offset1,1,1,7,mean,cutoff-2,4,1.9585134983062744,1.4252371329348534e-05,3005,-11.158573150634766,5.775897026062012,8.289306047126743e-11,18.931148529052734,1.0,8.289306047126743e-11,0.40762457251548767,1.0
count1-offset2,1,2,7,mean,cutoff-2,4,2.387327194213867,2.503598625480663e-05,2721,-10.595170974731445,6.6015214920043945,8.289306047126743e-11,17.723474502563477,1.0,8.289306047126743e-11,0.4011698067188263,1.0
count1-offset3,1,3,7,mean,cutoff-2,4,1.3343794345855713,1.2122884072596207e-05,4207,-11.320404052734375,6.695870876312256,8.289306047126743e-11,17.788089752197266,1.0,8.289306047126743e-11,0.40462052822113037,1.0
count2-offset0,2,0,7,mean,cutoff-2,4,1.7417545318603516,4.77958055853378e-05,1779,-9.948524475097656,6.5872802734375,8.289306047126743e-11,17.899978637695312,1.0,8.289306047126743e-11,0.35893434286117554,1.0
count2-offset1,2,1,7,mean,cutoff-2,4,1.886453628540039,1.8477901903679594e-05,2494,-10.898916244506836,5.634427070617676,8.289306047126743e-11,18.552003860473633,1.0,8.289306047126743e-11,0.3575207591056824,1.0
count2-offset2,2,2,7,mean,cutoff-2,4,2.237147092819214,3.0068047635722905e-05,2343,-10.412017822265625,6.416993141174316,8.289306047126743e-11,17.526588439941406,1.0,8.289306047126743e-11,0.35914838314056396,1.0
count2-offset3,2,3,7,mean,cutoff-2,4,1.612431526184082,1.971514939214103e-05,3391,-10.83410358428955,6.799108982086182,8.289306047126743e-11,17.579715728759766,1.0,8.289306047126743e-11,0.39855608344078064,1.0
count4-offset0,4,0,7,mean,cutoff-2,4,1.2673673629760742,3.109439421677962e-05,2049,-10.37845230102539,5.929316520690918,8.289306047126743e-11,18.153287887573242,1.0,8.289306047126743e-11,0.8195517063140869,1.0
count4-offset1,4,1,7,mean,cutoff-2,4,1.8659707307815552,3.410956560401246e-05,1819,-10.285898208618164,5.901051998138428,8.289306047126743e-11,18.027877807617188,1.0,8.289306047126743e-11,0.487079381942749,1.0
count4-offset2,4,2,7,mean,cutoff-2,4,1.2673673629760742,3.109439057880081e-05,2049,-10.37845230102539,5.929316520690918,8.289306047126743e-11,18.153287887573242,1.0,8.289306047126743e-11,0.8195517063140869,1.0
count4-offset3,4,3,7,mean,cutoff-2,4,1.8659707307815552,3.410956560401246e-05,1819,-10.285898208618164,5.9010515213012695,8.289306047126743e-11,18.027877807617188,1.0,8.289306047126743e-11,0.487079381942749,1.0
count8,8,0,7,mean,cutoff-2,4,2.2786121368408203,5.403437535278499e-05,1128,-9.825836181640625,5.610398292541504,8.289306047126743e-11,21.218036651611328,1.0,8.289306047126743e-11,1.0921857357025146,1.0
count0,0,0,7,mean,cutoff-3,8,1.0136628150939941,3.7209665606496856e-06,5765,-12.501523971557617,6.3311967849731445,0.6367474794387817,16.621763229370117,0.6663298010826111,0.6931471824645996,0.5046159625053406,0.5000014901161194
count1-offset0,1,0,7,mean,cutoff-3,8,1.0955579280853271,1.2728416550089605e-05,3192,-11.271660804748535,6.148555755615234,0.6031593084335327,15.990180015563965,0.7088712453842163,0.6931471824645996,0.36213910579681396,0.5000044703483582
count1-offset1,1,1,7,mean,cutoff-3,8,-0.2449694722890854,4.056713351019425e-06,6478,-12.415133476257324,6.425626754760742,0.6299002170562744,15.803996086120605,0.6759288311004639,0.6931471824645996,0.38267412781715393,0.5000073909759521
count1-offset2,1,2,7,mean,cutoff-3,8,1.3196967840194702,1.4479802302957978e-05,3399,-11.142742156982422,6.563794136047363,0.6163559556007385,15.655258178710938,0.6933966279029846,0.6931471824645996,0.3842725455760956,0.5000079274177551
count1-offset3,1,3,7,mean,cutoff-3,8,1.5953158140182495,9.194244739774149e-06,3842,-11.596923828125,6.322864532470703,0.6494016647338867,15.931394577026367,0.6468057036399841,0.6931471824645996,0.4140625596046448,0.5000057220458984
count2-offset0,2,0,7,mean,cutoff-3,8,1.3850109577178955,1.7610540453461e-05,2645,-10.946995735168457,6.029548645019531,0.6266793012619019,16.029088973999023,0.6802520155906677,0.6931471824645996,0.37687355279922485,0.5000078678131104
count2-offset1,2,1,7,mean,cutoff-3,8,0.14432987570762634,5.9075623539683875e-06,5270,-12.039271354675293,6.306962966918945,0.6376768350601196,15.824219703674316,0.6649800539016724,0.6931471824645996,0.3682137131690979,0.5000025629997253
count2-offset2,2,2,7,mean,cutoff-3,8,1.533977746963501,2.0190618670312688e-05,2783,-10.810272216796875,6.460912704467773,0.6232382655143738,15.556930541992188,0.6847484707832336,0.6931471824645996,0.36920005083084106,0.5000019073486328
count2-offset3,2,3,7,mean,cutoff-3,8,2.2062981128692627,2.0035991838085465e-05,2495,-10.817959785461426,6.268064022064209,0.6607321500778198,15.989189147949219,0.6266160607337952,0.6931471824645996,0.4079798460006714,0.5000057220458984
count4-offset0,4,0,7,mean,cutoff-3,8,2.2855095863342285,5.004674676456489e-05,1220,-9.902503967285156,5.54742431640625,0.626569390296936,16.39702606201172,0.680397629737854,0.6931471824645996,0.8318266272544861,0.5000063180923462
count4-offset1,4,1,7,mean,cutoff-3,8,1.0091285705566406,1.6882702766451985e-05,2865,-10.989204406738281,6.1086344718933105,0.6646647453308105,15.96683406829834,0.6187665462493896,0.6931471824645996,0.46496349573135376,0.5000143051147461
count4-offset2,4,2,7,mean,cutoff-3,8,2.2855095863342285,5.004674676456489e-05,1220,-9.902503967285156,5.547423839569092,0.626569390296936,16.39702606201172,0.680397629737854,0.6931471824645996,0.8318266272544861,0.5000063180923462
count4-offset3,4,3,7,mean,cutoff-3,8,1.0091285705566406,1.6882704585441388e-05,2865,-10.989204406738281,6.108634948730469,0.6646647453308105,15.96683406829834,0.6187665462493896,0.6931471824645996,0.46496349573135376,0.5000143051147461
count8,8,0,7,mean,cutoff-3,8,2.519599676132202,5.2657454943982884e-05,1003,-9.85165023803711,5.195428848266602,0.6768652200698853,19.596691131591797,0.5899816155433655,0.6931471824645996,1.0925331115722656,0.5000028014183044
count0,0,0,7,mean,cutoff-4,16,0.3659740090370178,4.712414920504671e-06,5837,-12.265305519104004,6.404989719390869,1.2997384071350098,15.583710670471191,0.43223658204078674,1.3862943649291992,0.49099481105804443,0.2500033974647522
count1-offset0,1,0,7,mean,cutoff-4,16,0.7559328079223633,1.0195819413638674e-05,4214,-11.493522644042969,6.5898942947387695,1.2704585790634155,16.48040199279785,0.44907838106155396,1.3862943649291992,0.34862667322158813,0.25002387166023254
count1-offset1,1,1,7,mean,cutoff-4,16,1.6904879808425903,1.5712408639956266e-05,3315,-11.061043739318848,6.631545066833496,1.3209612369537354,15.34498405456543,0.36349329352378845,1.3862943649291992,0.4150434732437134,0.2500038146972656
count1-offset2,1,2,7,mean,cutoff-4,16,0.529627799987793,7.746692062937655e-06,4659,-11.768237113952637,6.374078750610352,1.3044612407684326,15.200202941894531,0.38698500394821167,1.3862943649291992,0.36885929107666016,0.2500135004520416
count1-offset3,1,3,7,mean,cutoff-4,16,0.744522213935852,8.49885600473499e-06,4679,-11.675570487976074,6.5733466148376465,1.3010504245758057,14.402837753295898,0.43079861998558044,1.3862943649291992,0.42133256793022156,0.25000497698783875
count2-offset0,2,0,7,mean,cutoff-4,16,1.0553874969482422,1.3577480785897933e-05,3616,-11.207084655761719,6.543998718261719,1.2906641960144043,16.30564308166504,0.43220022320747375,1.3862943649291992,0.3667455315589905,0.25001975893974304
count2-offset1,2,1,7,mean,cutoff-4,16,1.9101510047912598,2.1163376004551537e-05,2849,-10.76321792602539,6.646149158477783,1.3277819156646729,15.215680122375488,0.3608225882053375,1.3862943649291992,0.3522191047668457,0.25001510977745056
count2-offset2,2,2,7,mean,cutoff-4,16,0.8055649399757385,1.1128517144243233e-05,3754,-11.405988693237305,6.325778007507324,1.3115296363830566,15.058743476867676,0.38194403052330017,1.3862943649291992,0.3328057527542114,0.25001469254493713
count2-offset3,2,3,7,mean,cutoff-4,16,1.0876920223236084,1.407919353368925e-05,3623,-11.170798301696777,6.582400321960449,1.3069701194763184,14.307697296142578,0.4294402599334717,1.3862943649291992,0.4149149954319,0.2500048875808716
count4-offset0,4,0,7,mean,cutoff-4,16,1.547300100326538,1.8766844732454047e-05,2628,-10.883399963378906,6.1300153732299805,1.3165770769119263,16.566198348999023,0.3688925802707672,1.3862943649291992,0.6064626574516296,0.25000420212745667
count4-offset1,4,1,7,mean,cutoff-4,16,2.6436593532562256,4.569263546727598e-05,1853,-9.99352741241455,6.734707832336426,1.3511390686035156,14.890926361083984,0.354538232088089,1.3862943649291992,0.33331191539764404,0.2500157058238983
count4-offset2,4,2,7,mean,cutoff-4,16,1.547300100326538,1.8766848370432854e-05,2628,-10.883399963378906,6.1300153732299805,1.3165770769119263,16.566198348999023,0.3688925802707672,1.3862943649291992,0.6064626574516296,0.25000420212745667
count4-offset3,4,3,7,mean,cutoff-4,16,2.6436593532562256,4.569263182929717e-05,1853,-9.99352741241455,6.734706878662109,1.3511390686035156,14.890926361083984,0.354538232088089,1.3862943649291992,0.33331191539764404,0.2500157058238983
count8,8,0,7,mean,cutoff-4,16,3.9088759422302246,0.00010648191528161988,704,-9.147428512573242,5.742099761962891,1.3669793605804443,19.828027725219727,0.3218086063861847,1.3862943649291992,0.8554526567459106,0.25001245737075806
count0,0,0,7,mean,cutoff-5,32,-0.8751444816589355,1.8806297248374904e-06,7075,-13.183900833129883,6.335725784301758,1.9291454553604126,13.472753524780273,0.3200705647468567,2.079441785812378,0.5212989449501038,0.12500235438346863
count1-offset0,1,0,7,mean,cutoff-5,32,0.6071909666061401,1.571386746945791e-05,3395,-11.060951232910156,6.8903961181640625,1.9267652034759521,13.837028503417969,0.30623286962509155,2.079441547393799,0.49779197573661804,0.1250132918357849
count1-offset1,1,1,7,mean,cutoff-5,32,0.1940174102783203,6.11225186730735e-06,5030,-12.005208969116211,6.812958717346191,1.9770832061767578,12.762948036193848,0.2581142783164978,2.079441547393799,0.5044355392456055,0.12500254809856415
count1-offset2,1,2,7,mean,cutoff-5,32,-0.38374996185302734,3.986576757597504e-06,5449,-12.432573318481445,6.428491592407227,1.9406744241714478,13.428240776062012,0.2854863405227661,2.079441547393799,0.5056309103965759,0.12500707805156708
count1-offset3,1,3,7,mean,cutoff-5,32,-0.27884215116500854,4.355475539341569e-06,5625,-12.344072341918945,6.639657974243164,1.9330909252166748,12.35927963256836,0.3172522783279419,2.079441547393799,0.5014021992683411,0.125003844499588
count2-offset0,2,0,7,mean,cutoff-5,32,0.8878774642944336,2.1863912479602732e-05,2957,-10.730650901794434,6.955049514770508,1.945704698562622,13.89583969116211,0.29597869515419006,2.079441547393799,0.4832838475704193,0.12501008808612823
count2-offset1,2,1,7,mean,cutoff-5,32,0.5140403509140015,8.735292794881389e-06,4439,-11.648130416870117,6.894824028015137,1.9831844568252563,12.743212699890137,0.2561976909637451,2.079441547393799,0.48893776535987854,0.1250080168247223
count2-offset2,2,2,7,mean,cutoff-5,32,0.008091241121292114,6.1079640545358416e-06,4597,-12.005910873413086,6.485383987426758,1.9488866329193115,13.297368049621582,0.28150516748428345,2.079441547393799,0.49022918939590454,0.1250074803829193
count2-offset3,2,3,7,mean,cutoff-5,32,0.05794265866279602,6.840891273895977e-06,4751,-11.892585754394531,6.66695499420166,1.9404796361923218,12.398646354675293,0.31530532240867615,2.079441547393799,0.5012626051902771,0.1250036209821701
count4-offset0,4,0,7,mean,cutoff-5,32,1.6908509731292725,3.7632344174198806e-05,2023,-10.18760871887207,6.748241424560547,1.9777599573135376,14.505311012268066,0.2520790696144104,2.079441547393799,0.4783097803592682,0.125004380941391
count4-offset1,4,1,7,mean,cutoff-5,32,1.2822959423065186,2.2403060938813724e-05,2887,-10.706290245056152,6.9434709548950195,2.0078580379486084,12.654672622680664,0.25035813450813293,2.079441547393799,0.48115214705467224,0.12500809133052826
count4-offset2,4,2,7,mean,cutoff-5,32,1.6908509731292725,3.7632344174198806e-05,2023,-10.18760871887207,6.748240947723389,1.9777599573135376,14.505311012268066,0.2520790696144104,2.079441547393799,0.4783097803592682,0.125004380941391
count4-offset3,4,3,7,mean,cutoff-5,32,1.2822959423065186,2.2403060938813724e-05,2887,-10.706290245056152,6.9434709548950195,2.0078580379486084,12.654672622680664,0.25035813450813293,2.079441547393799,0.48115214705467224,0.12500809133052826
count8,8,0,7,mean,cutoff-5,32,3.2991793155670166,0.00010071616998175159,830,-9.203104019165039,5.969686508178711,2.0358428955078125,18.59492301940918,0.18339404463768005,2.079441547393799,0.5004635453224182,0.12500639259815216
count0,0,0,7,mean,full,-1,-0.8751444816589355,1.8806297248374904e-06,7075,-13.183900833129883,6.335725784301758,,,,,,
count1-offset0,1,0,7,mean,full,-1,0.6071909666061401,1.571386746945791e-05,3395,-11.060951232910156,6.8903961181640625,,,,,,
count1-offset1,1,1,7,mean,full,-1,0.1940174102783203,6.11225186730735e-06,5030,-12.005208969116211,6.812958717346191,,,,,,
count1-offset2,1,2,7,mean,full,-1,-0.38374996185302734,3.986576757597504e-06,5449,-12.432573318481445,6.428491592407227,,,,,,
count1-offset3,1,3,7,mean,full,-1,-0.27884215116500854,4.355475539341569e-06,5625,-12.344072341918945,6.639657974243164,,,,,,
count2-offset0,2,0,7,mean,full,-1,0.8878774642944336,2.1863912479602732e-05,2957,-10.730650901794434,6.955049514770508,,,,,,
count2-offset1,2,1,7,mean,full,-1,0.5140403509140015,8.735292794881389e-06,4439,-11.648130416870117,6.894824028015137,,,,,,
count2-offset2,2,2,7,mean,full,-1,0.008091241121292114,6.1079640545358416e-06,4597,-12.005910873413086,6.485383987426758,,,,,,
count2-offset3,2,3,7,mean,full,-1,0.05794265866279602,6.840891273895977e-06,4751,-11.892585754394531,6.66695499420166,,,,,,
count4-offset0,4,0,7,mean,full,-1,1.6908509731292725,3.7632344174198806e-05,2023,-10.18760871887207,6.748241424560547,,,,,,
count4-offset1,4,1,7,mean,full,-1,1.2822959423065186,2.2403060938813724e-05,2887,-10.706290245056152,6.9434709548950195,,,,,,
count4-offset2,4,2,7,mean,full,-1,1.6908509731292725,3.7632344174198806e-05,2023,-10.18760871887207,6.748240947723389,,,,,,
count4-offset3,4,3,7,mean,full,-1,1.2822959423065186,2.2403060938813724e-05,2887,-10.706290245056152,6.9434709548950195,,,,,,
count8,8,0,7,mean,full,-1,3.2991793155670166,0.00010071616998175159,830,-9.203104019165039,5.969686508178711,,,,,,
